filename,MEANf,VARf,SKEWf,KURTf,NBPEAKS,LEQf,ENRf,BGNf,SNRf,Hf,EAS,ECU,ECV,EPS,EPS_KURT,EPS_SKEW,ACI,NDSI,rBA,AnthroEnergy,BioEnergy,BI,ROU,ADI,AEI,LFC,MFC,HFC,ACTspFract,ACTspCount,ACTspMean,EVNspFract,EVNspMean,EVNspCount,TFSD,H_Havrda,H_Renyi,H_pairedShannon,H_gamma,H_GiniSimpson,RAOQ,AGI,nROI,aROI,ZCR,MEANt,VARt,SKEWt,KURTt,LEQt,BGNt,SNRt,MED,Ht,ACTtFraction,ACTtCount,ACTtMean,EVNtFraction,EVNtMean,EVNtCount
EF_03.09.2024_20240903_203741.WAV,0.001776916570449402,2.4041471600315964e-05,9.787304086597258,110.94357907440111,43.0,68.41761375391783,-18.561786332802537,-34.59614173603234,16.0343554032298,0.37492738748002963,0.026689877647198212,0.14579405753696073,0.06629966700526069,0.05949212322597097,55.08762318671176,6.021906374737103,336.98958052698276,-0.9100390708523135,0.04709899945007067,32.319074667147454,1.522196079974771,4.740930347323522,38.16291955239397,1.8471111841652688,0.46371325861704393,0.3396214430894309,0.24854240005028916,0.2526427513106907,0.20283247784870428,532.232421875,19.51806879377652,0.07938143102134147,0.040222588766747946,1.7202001376048421,0.6236297484577497,0.3158037313970384,1.472625999604436,3.232512950739041,5698.752404120364,0.8081962356700643,0.12736878995559936,2.028363071705702,1080.4115853658536,2.5719619378810976,9793.0,-3.806478941571965e-19,0.02169627728941974,-0.10536976357612941,19.968462834477037,70.36385222726024,-21.403659232892696,10.051337746010109,0.08507795422417777,0.8027649939342024,0.37333333333333335,980.0,14.165342886054521,0.3337142857142857,0.064,5.216272865853659
EF_03.09.2024_20240903_203800.WAV,0.0023911562353509976,2.8929015144638172e-05,7.579371011461007,68.85013237162903,24.0,69.46871134345511,-17.51068874326526,-44.290674603737216,26.779985860471957,0.4696903954503437,0.058743065455076016,0.25079883057831465,0.12414174004356271,0.025757132200998734,31.271137069774472,4.56027804056308,347.8645537703537,-0.7697094299113398,0.1301290292046403,156.13379301722009,20.3175389113691,3.7777475248181016,198.8411560442242,1.8732836447433943,0.43647896058415475,0.2940064009310445,0.16857084866827238,0.16305787213909106,0.15741001721462516,1623.0546875,28.125892350497004,0.03753178492629231,0.05822144946405924,0.6104818024066441,0.6195874509807284,0.32690100618746837,1.9739032987502751,3.8697273709496995,8833.548288160335,0.8864460704337296,0.1292222022044149,2.4390161833194295,199.66540587721852,0.6043871532829017,28236.29090909091,6.945496366591552e-18,0.019689620255101712,0.0010281907074336444,32.35112923721537,69.94237340175486,-32.178296058442875,19.204808871058752,0.024608503104701186,0.7323764107520202,0.3057602792862684,3153.0,24.31821863059438,0.26415826221877425,0.11439370078740158,2.309426825720105
EF_03.09.2024_20240903_203900.WAV,0.00039922240170922314,6.143432251814949e-08,1.8318081147747367,7.165382967639617,20.0,47.51234309944547,-39.46705698727491,-45.24750216306796,5.780445175793055,0.8961377276890252,0.039442004837739186,0.2639416786503014,0.17988007227244163,0.012171260743046086,27.638944507880343,4.134396755783625,305.45940685459993,-0.0366602028522389,0.9292724795427219,0.2005991223801301,0.18641124384827742,1.506734378121466,1.9900071406760387,2.2873179457572865,0.09117558651737116,0.1707803963404778,0.13932873210173902,0.14330218068535827,0.13806837812772765,1423.623046875,11.536590143780938,0.012285120259916594,0.030852357210609672,0.347456390943259,0.6226815798365418,0.3333069754779107,4.7225659601166345,6.587268388779507,56809.43939809961,0.9937672822179284,0.6665188993237791,1.306655138481615,273.8580157113762,0.7152934366210842,39460.90909090909,-1.9519318821203273e-19,0.00011408236334191238,0.42508401258702383,567.5723951794984,47.57218509489907,-33.57116683379915,5.48141905535341,0.02096243158976237,0.7056433787967069,0.09590768037238169,989.0,14.343343273625216,0.057117920868890615,0.048328205128205126,1.181990107652022
EF_03.09.2024_20240903_204000.WAV,0.00027799165622240763,7.89728733520965e-09,2.2617566710543358,12.312385826020718,14.0,43.375305160585526,-43.60409492613485,-45.54595493312205,1.9418600069871985,0.9657921996930815,0.0037128818905118877,0.6210347663885583,0.5634446726002065,0.005948787584316162,10.346264254663541,1.8691510653384538,297.6403953611715,0.08579921861568951,1.1877032274808816,0.06200940930103573,0.07364877556102314,0.8489946555938909,0.5944279192793404,2.3024469898913025,0.008556108068614598,0.14462709727475512,0.1269607975468097,0.12876095486446287,0.12982115580448067,1338.5859375,5.912353032902847,0.001984000703132577,0.02202912436970038,0.08741465734117362,0.6271100042205366,0.33332598138832364,5.360966681954162,7.023284525159135,77037.32246829188,0.9967259212919257,0.8687414225816771,1.2102960118887491,16.366016875181845,0.055273191252060906,41510.52727272727,2.5526718785889015e-19,4.392939259840635e-05,0.03797324977390532,10.5377013542115,43.42755198417059,-33.86413610172816,0.5138776682553612,0.020267173946265017,0.9813866194815288,0.025989138867339022,268.0,6.5315409387733645,0.00126066718386346,0.017333333333333333,0.07273785277858598
EF_03.09.2024_20240903_204100.WAV,0.0002755013145838154,6.778752665587143e-09,1.9073889209364292,10.246995223844367,12.0,43.24609003625283,-43.733310050467544,-45.61940990059594,1.8860998501283959,0.9705874402678094,0.0015370947474900865,0.4669370012983852,0.43168453887446656,0.005815003735853974,14.60395664526525,2.2039405123218163,298.0265285044658,0.174468195461385,1.422680736228919,0.049588719547486566,0.07054891603446758,0.7724296090798483,0.5773764196052654,2.302457827931189,0.00809231416259788,0.14089322083212102,0.1273747284203538,0.12958305121923144,0.1302825865580448,1343.34375,5.882253833586313,0.0018010195422364468,0.021836309217589348,0.07991994271338507,0.624510400698671,0.33332780779113924,5.503758446013678,7.053338348778009,78159.30776671473,0.9970031915528982,0.852905447540718,1.2104867891765516,14.183881291824266,0.054098778004073325,41938.38181818181,1.8083703726387315e-19,4.238185597187623e-05,0.082224600941004,7.831782331682209,43.27179971268011,-33.98563573092103,0.47378664060862263,0.019985647051262132,0.9845618070591653,0.02608611326609775,269.0,6.179406617472759,0.0011636927851047323,0.016,0.07273785277858598
EF_03.09.2024_20240903_204200.WAV,0.00027363914569186043,6.426230449763573e-09,1.8786859515275192,9.937943998125071,12.0,43.17325153969261,-43.806148547027774,-45.59971563219914,1.793567085171368,0.9717140111225903,0.0007002601393785168,0.5737410774957385,0.5446403790775711,0.005593934892290209,16.784374863269562,2.459471630877839,297.3789429476895,0.17723656211417843,1.4308323728375842,0.04620457308044582,0.06611099893664187,0.8128898299687825,0.5492163230430775,2.3025402992485007,0.004812416328974933,0.1388888888888889,0.1265548653374886,0.12827512945525013,0.1298425604330327,1338.806640625,5.648402577395876,0.001790980203181069,0.0217686552977482,0.07988442273884579,0.6245611697939618,0.3333281348791322,5.534268478458127,7.060393329625942,78486.73393363785,0.99705699406134,0.8486889812019793,1.2074210280879067,5.4553389583939484,0.03235319076714189,42093.81818181818,-3.837418598372937e-19,4.173791421710067e-05,0.04828308835568942,4.378765607498836,43.20530742126721,-33.998937940792764,0.3822083733031931,0.019955062987587667,0.9916170548201791,0.0224010861132661,231.0,5.1570024146998525,0.0004848719937936385,0.026666666666666665,0.018184463194646495
EF_03.09.2024_20240903_204300.WAV,0.0002719629912331513,6.221601545432618e-09,1.8997632847416672,10.25920651473644,14.0,43.11305649563775,-43.866343591082625,-45.63489388019767,1.7685502891150477,0.9722236136410645,0.00035178426423643216,0.526393835831495,0.505828271067654,0.005137890627458286,23.116037889283863,2.934559110313504,297.0132916172102,0.19081207896147218,1.4716137599201435,0.04366492050787395,0.06425789784520657,0.6953499260257604,0.5370607001378045,2.3025731881869396,0.0025450886773171534,0.13947887369475961,0.12690480689724815,0.12845187563957192,0.12975561596838328,1337.91015625,5.593854374309445,0.0018436393778488993,0.021653327132393915,0.08212218113482056,0.6250508808916438,0.3333281491739963,5.5356452872016355,7.0635797164097704,78649.32146682423,0.9970716218571752,0.8457111608789828,1.2059720031928949,3.273203375036369,0.031519736204053926,42141.109090909085,-1.984733926029707e-19,4.1145410556306115e-05,0.0547341037223549,3.6117541314073707,43.143214001502756,-34.039145072501896,0.3391631334263252,0.01986290412671638,0.9933706978291451,0.02143134212567882,221.0,4.7736478767123325,0.0002909231962761831,0.016,0.018184463194646495
EF_03.09.2024_20240903_204400.WAV,0.0002724589189928891,6.379332971794274e-09,1.9851508930107649,11.024635872813088,12.0,43.13616106594026,-43.84323902078012,-45.62028622178487,1.7770472010047556,0.9715143195722501,0.00030165171460538875,0.5409217382591938,0.5171678158678512,0.004586772527907401,9.498879063534144,1.4857682787105209,297.01203527561216,0.18148822860487568,1.4434590556847715,0.04433282306780416,0.06399261492129264,0.7275449260518092,0.538087007133939,2.302567409729717,0.00304955797636417,0.14153977952348623,0.12673983444764722,0.12847362901610385,0.12956013298904084,1335.89453125,5.592010158370801,0.0018006406992532248,0.02185738355972731,0.07977786281522793,0.6239806328377112,0.3333277764569887,5.5009310637152575,7.0591311823794145,78488.05351000447,0.99702454361141,0.8454973555845053,1.2063926130756752,3.273203375036369,0.029966479972844535,42186.181818181816,-1.58101646252965e-19,4.1379069137244315e-05,0.05313852146905028,3.5636308867598365,43.167807165591654,-33.995968480237664,0.34930065047313974,0.01996188622676965,0.9929948074501289,0.020655546935609,213.0,5.027343895697635,0.0002909231962761831,0.016,0.018184463194646495
EF_03.09.2024_20240903_204500.WAV,0.0002723968624315775,6.4336784265381005e-09,2.0425255720798434,11.424862206239077,14.0,43.1372671484188,-43.842132938301575,-45.61301818200184,1.7708852437002633,0.9711710813685566,0.00037309660616202667,0.4874228387410684,0.469057631728638,0.004872445286272953,16.972555323166205,2.482994515712318,297.1199995744394,0.1782726309533866,1.4338972697482926,0.04506083444971143,0.06461260749002103,0.7478643477450256,0.5404722746667903,2.3025729455587585,0.002601220407190219,0.140020366598778,0.1264428840383656,0.12794701602589378,0.1294411762923092,1334.66796875,5.601399031393772,0.0017959051619629524,0.021938230175391316,0.07974234284068865,0.6271560267107852,0.3333275986556688,5.485183362626095,7.0569773850157125,78423.33371450582,0.9969995908921934,0.8481520298277073,1.2074094680314877,12.001745708466686,0.03650152143342062,42054.72727272727,-5.208901491955812e-19,4.1392798928738066e-05,0.059027045902280494,3.4306149354371076,43.16924793837531,-33.999066466783376,0.3534176785215166,0.019954767712679775,0.9931411631168128,0.021625290923196275,223.0,4.9337518055250404,0.0,0.0,0.0
EF_03.09.2024_20240903_204600.WAV,0.00027152028875669003,6.102761459768797e-09,1.815995852637685,9.557611762568705,13.0,43.09354493366872,-43.88585515305166,-45.64046919799978,1.75461404494812,0.9727738122084257,0.00024056521716797619,0.45142848925009205,0.43957516242354777,0.005779121381320085,17.164376952839667,2.7148078724675733,297.1247788334165,0.20979681096717642,1.530994594501597,0.04110272734480774,0.06292805338417362,0.7110593615747167,0.5325655350530693,2.3025784286317217,0.0018714378698666324,0.13944654576019136,0.12605094949143492,0.1288751600912554,0.1295197862113277,1335.478515625,5.563406624938569,0.0017991253273203374,0.021781875172680692,0.08006202261154219,0.6247951399330728,0.33332843819120034,5.564327478689976,7.06703144006941,78766.60725679008,0.9971101429575695,0.8400729190553438,1.205581777618814,8.728542333430317,0.033717025506740377,42288.50909090909,-3.595608659297382e-19,4.0974850794553526e-05,0.061047615329177955,3.232298754994408,43.125173808094665,-34.03891452643147,0.36416745303629483,0.019863431346777715,0.9938217958029492,0.025892164468580295,267.0,4.57826410637058,0.0002909231962761831,0.016,0.018184463194646495
EF_03.09.2024_20240903_204700.WAV,0.00027171985962009463,6.105514739754419e-09,1.8210592820424445,9.633468417328507,12.0,43.09958884485446,-43.879811241865916,-45.63823513761135,1.7584238957454374,0.972795487356902,0.0002977724934015713,0.44617495827875986,0.4319183166235988,0.005584616327979575,15.239328815401576,2.334759470510871,297.12643578527985,0.21167770158146237,1.5370333986647629,0.04110645992449474,0.06318200180482303,0.7284370224723783,0.5328792677937579,2.302578028770871,0.0019398832180426596,0.13886464293796266,0.1271777613138606,0.12912985587481657,0.12977266390262826,1338.0859375,5.580517493619308,0.0018101117738337697,0.021758975059602538,0.08052378228055286,0.628331945247684,0.33332842445239724,5.5629261343646705,7.067166344610826,78774.5428465754,0.9971095327066455,0.8406527071866746,1.2067347563480169,8.728542333430317,0.03754333963728057,42242.01818181818,2.305815471219596e-19,4.1040461398599496e-05,0.061310193696935175,3.3195415526715495,43.13212234699748,-34.0090806235068,0.37033395537458347,0.019931774671149975,0.9926790231065753,0.0252133436772692,260.0,4.853159934772396,0.0,0.0,0.0
EF_03.09.2024_20240903_204800.WAV,0.00027140134973421896,6.000400937494907e-09,1.7978502896057893,9.381105736535586,13.0,43.084453299989406,-43.89494678673097,-45.63373625822262,1.7387894714916499,0.9732113822576828,0.0001881260931724249,0.09439747564730494,0.07843328016401774,0.005192194407838802,28.877795913277815,3.749226636856061,297.2413253288204,0.22288294220967972,1.5736148498488305,0.039585929018784244,0.06229300574902063,0.6668894542370712,0.5294019975269487,2.3025807820297044,0.0015252309163216182,0.13704619661849804,0.12607594531713204,0.129276691166407,0.12968401464455434,1337.171875,5.530562735698475,0.0018320846668606343,0.02179033375569368,0.08151834156765277,0.6251998997422236,0.3333285696637717,5.577939990878582,7.069771819809029,78890.49667345027,0.9971313618210425,0.8382289103400303,1.2061893794918652,10.910677916787897,0.033906446998351276,42359.21818181818,-1.8773913400313846e-19,4.0874795222927827e-05,0.056858666282582904,3.0483813436834732,43.11455589918489,-34.00920686400476,0.32839289238501834,0.019931484985351564,0.9943658627209737,0.02230411171450737,230.0,4.608772064057707,0.0005818463925523662,0.016,0.03636892638929299
EF_03.09.2024_20240903_204900.WAV,0.0002710577389620196,5.942939298670783e-09,1.7701116458243742,9.218153069091512,12.0,43.071138067757005,-43.908262018963356,-45.65604748269156,1.7477854637282064,0.9734403821749142,0.0001766289037805624,0.3237918393791923,0.3099261222038051,0.005076890831018144,12.067031069161455,2.0258742312590323,297.02280431027134,0.22493444641322696,1.5804268951762783,0.03972401223624323,0.06278089732247037,0.7011738091431434,0.527246840786864,2.3025805546296225,0.0015524029872103994,0.1382504121811657,0.12603595199601664,0.12938545804906654,0.1297823243987004,1338.185546875,5.558560932192455,0.0018076492944428281,0.021901899285512103,0.08009754258608148,0.6258760973344857,0.3333286546167223,5.586937212690599,7.071207022022969,78940.71640500608,0.9971445289228743,0.8388738238057273,1.2065894922610527,7.637474541751527,0.028204860100863156,42314.81818181818,1.2133602203786867e-19,4.0788397940031245e-05,0.0637333931896382,3.2267689956744996,43.10536647717981,-34.03893292348852,0.33636169978557007,0.01986338927529075,0.9938507852721395,0.02191621411947246,226.0,4.726711734173755,0.0,0.0,0.0
EF_03.09.2024_20240903_205000.WAV,0.00027129663277782707,5.9516226089206836e-09,1.7649790688760807,9.23777062164778,14.0,43.07869182275394,-43.900708263966436,-45.64583781649783,1.7451295525313952,0.9734603625149035,0.00024117180325056164,0.20675146652738707,0.1650758988674127,0.005832063358990003,12.19351062668526,2.1713560831629866,297.45707343473885,0.23067295125475692,1.5996746159672401,0.0393691209612447,0.06297778345464694,0.7331216180101393,0.5292326508396266,2.302583833967631,0.0008584103194214876,0.1370138686839298,0.12721375530286444,0.1293501088122022,0.13008634589273593,1341.3203125,5.548740491553946,0.0018038608646106101,0.021701605564574317,0.08016858253516004,0.62412105120204,0.3333286512305394,5.586575472664943,7.071332100782985,78941.61856395002,0.9971454022348881,0.8385232820405731,1.2053043632068805,6.546406750072738,0.03693719086412569,42289.23636363636,4.1370526533143856e-19,4.0837518618863e-05,0.05991171000921025,3.0615674541076463,43.11059345489434,-34.02594028002071,0.3414083847874849,0.019893123829003535,0.9938349168119186,0.024243599689681924,250.0,4.761920100521451,0.0002909231962761831,0.016,0.018184463194646495
EF_03.09.2024_20240903_205100.WAV,0.0002732028623091934,6.306702814687716e-09,1.8393849335078971,9.722480471075446,14.0,43.154080813517275,-43.825319273203085,-45.620096897826876,1.7947776246237908,0.9721984168133612,0.0005564613745557834,0.4865150191479084,0.4570136842434519,0.00650937005536234,19.05783230304398,3.138442906968696,297.344499153596,0.20897818400240578,1.5283752730355578,0.04190358895899762,0.06404440921637777,0.7681833647734934,0.5409136714368963,2.302556276135897,0.003810450778330754,0.1365047037144797,0.12708677650832312,0.1297706740918192,0.13002970886674425,1340.736328125,5.641432373888913,0.0018949726020754537,0.02189698883292633,0.08336538024369544,0.6268706617799861,0.33332827825503963,5.548252464287241,7.063428242985926,78606.78404894167,0.9970829165584062,0.840421369051933,1.2070031824160874,16.366016875181845,0.052412926728736306,42263.65454545454,-1.239749044164758e-19,4.153539895189493e-05,0.0645513384328638,3.441998479913386,43.18418386265669,-33.99565991930037,0.38700675541040397,0.019962595373211486,0.9922536716071476,0.027928626842513578,288.0,4.963229919553326,0.00126066718386346,0.034666666666666665,0.03636892638929299
EF_03.09.2024_20240903_205200.WAV,0.0002736541607704095,6.09344766117533e-09,1.6941472312711574,8.755334207035574,13.0,43.15587996114747,-43.82352012557291,-45.613067605949055,1.789547480376143,0.9734204090181136,0.0007412157410718878,0.31520441057267967,0.28491181724245696,0.008760298923290444,30.853481394860413,4.351223289438414,298.01735196565517,0.24440910933194718,1.646935034158111,0.03993167288029465,0.06576487103909859,0.7309643994124468,0.5450035965077791,2.3025810689108215,0.0014965222851373028,0.13754727960430607,0.1283405671252901,0.1300978811304867,0.13058566094462226,1346.46875,5.6647695550512545,0.0019271742556493067,0.02191602270082714,0.08507033902158098,0.6253365895419456,0.33332875709762083,5.598010752975766,7.071087947109257,78882.85428927667,0.9971554737318051,0.8387323629815039,1.2091310412262275,15.274949083503055,0.07813636528949666,42253.454545454544,-4.0109960807267375e-19,4.15815302809136e-05,0.062033912109343024,3.409083187825886,43.18900468168303,-33.995679708739495,0.45372961433721315,0.01996254989161636,0.9910498802666584,0.0321955003878976,332.0,5.137343941961817,0.0006788207913110938,0.018666666666666665,0.03636892638929299
EF_03.09.2024_20240903_205300.WAV,0.0002731935638256779,6.091975582719955e-09,1.7126588584647742,8.85147091221762,13.0,43.142271631881385,-43.83712845483898,-45.629006093144724,1.791877638305742,0.9733083833971174,0.0008371218450476947,0.4647438159139825,0.44480888057619017,0.008246711775574234,27.533970870588384,3.983013028335594,297.8227611979056,0.24070365145543565,1.634017671537132,0.04015671817670896,0.0656167871316788,0.8142175087604256,0.54381350231944,2.302566960047225,0.0031238563745306534,0.1367067533055313,0.12811560469401612,0.1297045075715346,0.13034225432790225,1343.958984375,5.673758832201214,0.0019199762389680926,0.02204483885729407,0.084821699199806,0.6239588198751186,0.33332871498629263,5.5934307058126285,7.070385576020961,78861.53275617007,0.9971484783589744,0.8398617180710457,1.2102426851627421,22.912423625254583,0.07188545606633692,42268.56363636364,-2.6641147200758964e-20,4.14354317098029e-05,0.06531769773624774,3.3328040648014716,43.173718680550294,-34.01276517256928,0.4163943314085401,0.01992332141760624,0.9920465695702353,0.029771140418929403,307.0,5.05658423720551,0.0008727695888285493,0.024,0.03636892638929299
EF_03.09.2024_20240903_205400.WAV,0.00027442119915583143,7.337115888259985e-09,2.408839576361419,13.91980613665094,14.0,43.24421879013465,-43.735181296585715,-45.64053529585315,1.905353999267433,0.9670452256877647,0.0009166079874801669,0.6781263272806415,0.6134374970969296,0.008301025791558003,34.56332771509429,4.583784377272372,297.5245086193709,0.11236274846081189,1.2531726744590128,0.05202110789025951,0.06519143090315736,0.7560225959631577,0.5437815162209945,2.2929424397029736,0.0685645728048602,0.13744221381695923,0.12767167882963545,0.12937911331424476,0.13015510589419066,1342.029296875,5.848101815920731,0.0019159983876442634,0.022069584078247814,0.08450201942895247,0.6255780695188055,0.3333257438375139,5.345066553523344,7.031109283024953,77488.60231082769,0.9967421136400306,0.8588329098395356,1.2085106498803428,16.366016875181845,0.06546406750072738,42218.23636363636,-5.371334690160914e-19,4.2502241980626286e-05,0.10264463448041261,10.003472720750457,43.28411839559334,-34.03737908671928,0.43195374701626577,0.019866943359375,0.9895494947015293,0.028510473235065944,294.0,5.277002023829716,0.0018425135764158264,0.033777777777777775,0.05455338958393949
EF_03.09.2024_20240903_205500.WAV,0.0002724699528789633,6.001019447006101e-09,1.715367091524781,8.86400624817235,14.0,43.1160573197812,-43.86334276693917,-45.626535561267616,1.7631927943284467,0.973549337340063,0.0004601403848026875,0.5061099535088147,0.49400147678831086,0.007592916187257215,29.13147525034041,3.910192003855319,297.6811716978609,0.23455811101901997,1.6128698060444098,0.04009519636350072,0.06466833158211194,0.7892078574661163,0.5382459520257276,2.302565585235415,0.003160908984125399,0.13778165712992596,0.12742571990477589,0.12975798462217558,0.12998974093201435,1340.32421875,5.60132557034153,0.0017875706163320724,0.021770996410656336,0.07913850327352084,0.6263294029171476,0.3333287595756205,5.598281572811948,7.071893233236823,78937.67916127743,0.997157450015185,0.8393659652689824,1.2065777421260104,20.730288041897005,0.051030149839976724,42283.490909090906,3.877580075210703e-19,4.1168089686125676e-05,0.057703958253469724,3.315128773390885,43.14560714993046,-33.99946542848322,0.3576975116861618,0.019953851168083424,0.9931654119004872,0.024243599689681924,250.0,4.855507097084984,0.0005818463925523662,0.016,0.03636892638929299
EF_03.09.2024_20240903_205600.WAV,0.00027365831112428066,6.568619339166255e-09,1.823799898387785,9.01798201007206,14.0,43.1814099654692,-43.797990121251175,-45.63089944712608,1.8329093258749083,0.9711755077765437,0.0004494643747265936,0.5820548091518283,0.556281004029736,0.00595666136997941,13.889161262482945,2.270924354553366,297.5108696953338,0.18634378413682004,1.4580405839808754,0.04318025813863128,0.0629585687928949,0.7217325621558714,0.5546645027847363,2.3022593867419383,0.012602215101722259,0.1383958878867229,0.1274067230772461,0.1293410449053139,0.12987722456599748,1339.1640625,5.687525545629026,0.0018159838400737078,0.02200943135428588,0.08070138215324928,0.6241732514287877,0.33332828684517174,5.549102840736204,7.05703247540415,78309.16975014469,0.9970538487644112,0.840110710766038,1.2072478298594973,7.637474541751527,0.03871775288526816,42324.65454545454,7.962906428514143e-20,4.1872473067162336e-05,0.22384701131104934,15.26505275950001,43.219286118992066,-34.02571096741961,0.4903898452041844,0.01989364902611935,0.9827757919839044,0.025795190069821568,266.0,6.129388965265356,0.0005818463925523662,0.016,0.03636892638929299
EF_03.09.2024_20240903_205700.WAV,0.00027226691448106543,6.209735887807691e-09,1.8547228469921393,9.80004752383551,13.0,43.12136437840589,-43.858035708314475,-45.6325303718771,1.7744946635626277,0.9723967695644717,0.0002678960836209887,0.19564583891399145,0.1548575296841056,0.007070042203824345,21.21172965259641,3.5465029663164866,297.1538452641113,0.21394067965150293,1.5443372379495557,0.0410451667409935,0.06338757943596486,0.7215083413425012,0.5335902748696432,2.3025185516788276,0.005891176355662253,0.13727249216047585,0.1274717122240586,0.12952232304307984,0.12985979778876927,1338.984375,5.587276416687165,0.0019542615289496654,0.022145983177728666,0.08592281841052377,0.625663265475754,0.33332830176300415,5.550583070610158,7.0646685396674584,78678.34590170158,0.9970887085701522,0.8400306739244013,1.2067744203445927,13.092813500145477,0.04913593492386772,42272.50909090909,-3.0564776299150144e-19,4.1224725958069805e-05,0.05682504310244052,3.2814756979234714,43.151577773476376,-34.01237933442174,0.37831769303747365,0.019924206456271083,0.9930616071094639,0.025504266873545383,263.0,4.883940332482966,0.0008727695888285493,0.024,0.03636892638929299
EF_03.09.2024_20240903_205800.WAV,0.0002748692778959934,6.7543671521848e-09,2.3190971481478804,14.831454574033115,14.0,43.22649312163247,-43.75290696508791,-45.60573964066593,1.8528326755780213,0.9699150157435681,0.0009487128067342532,0.2834844566661612,0.20092003851518558,0.009265713694949884,50.121996716467244,5.6681711573403035,298.25569487154553,0.20211546754319723,1.5066283636827855,0.044362079473976045,0.06683716720744222,0.7780914740254207,0.554318152468529,2.3012512067201363,0.025654192401101384,0.13798370672097762,0.12903145174755815,0.13037070472782447,0.1305032625957715,1345.619140625,5.733863768324704,0.0020103302904664923,0.022299168182253897,0.0880184969083414,0.6267681347300663,0.3333261410661028,5.371945908091672,7.049075885247644,78196.3421930468,0.9968695581045651,0.8455098859493609,1.2124172718251667,21.821355833575794,0.08881973741635146,42148.145454545454,4.0630377850060418e-19,4.223238347256929e-05,0.03657656687097011,4.102449836000318,43.25645592430692,-33.97275874443394,0.4883516433471229,0.020015298103563714,0.9881114944269407,0.03491078355314197,360.0,5.418446066705091,0.0023273855702094647,0.032,0.07273785277858598
EF_03.09.2024_20240903_205900.WAV,0.0002735533595259642,6.025106888294839e-09,1.6562363813721612,8.448155021756936,13.0,43.14925162510279,-43.83014846161757,-45.60470503224988,1.7745565706323134,0.9737421454916901,0.0009844739743409825,0.566717103331959,0.47232256524382255,0.008596258072501861,42.19427742847774,4.95799966863582,297.88514803778884,0.25899071747765934,1.699021519935821,0.03842413070939768,0.0652834249600935,0.7473328203830233,0.5428666533427453,2.302576943529086,0.0021473012346902463,0.13530857013545403,0.1276766779947749,0.1301314175859734,0.13032406986470757,1343.771484375,5.643064483364394,0.0018688324362331492,0.022043597008701173,0.08219322108389912,0.6258806533392042,0.33332888757223045,5.612473594122992,7.073104768928031,78960.36618192421,0.997174792645364,0.8366298604842956,1.2096655171408361,21.821355833575794,0.06682790224032586,42332.30909090909,2.707219970085017e-19,4.1470678298693486e-05,0.052833558989890124,3.186337393709919,43.1774113878747,-33.97268012664239,0.4133997077543512,0.020015479267004765,0.9921153769784329,0.028898370830100852,298.0,5.03573680100684,0.0007757951900698216,0.021333333333333333,0.03636892638929299
EF_03.09.2024_20240903_210000.WAV,0.00027477834161668843,9.186876105004072e-09,4.6927933577073695,43.72143474172956,13.0,43.35042169828405,-43.62897838843631,-45.61736523858988,1.9883868501535744,0.9545029083448751,0.00022794881151932955,0.09537422413365992,0.08163655451074825,0.005957613545186091,23.519982047192133,3.435751603868418,297.26090699875454,0.0034762527489098174,1.0069767584736422,0.06267592486395807,0.06311319965384604,0.7380944720861702,0.5547846326163282,2.246729286168191,0.16477238699672955,0.13553486567743186,0.12739772457999515,0.1292494994457421,0.12992382225293375,1339.64453125,5.694223118750175,0.0018771669818640289,0.022021977762560804,0.0830457004728419,0.6250861297723479,0.3332996269877117,4.5996060761430195,6.952020398360211,75630.24213923611,0.9950770799015866,0.8711521914532007,1.2074278549083206,20.730288041897005,0.04673028198040927,42336.763636363634,3.951805213031286e-19,4.3338428926459526e-05,-0.3330430780330276,22.19563576364962,43.368731635381046,-33.99922228197054,0.4528658557820364,0.01995440974958015,0.9866544204407592,0.026377036462373934,272.0,5.843058938110054,0.0011636927851047323,0.032,0.03636892638929299
EF_03.09.2024_20240903_210100.WAV,0.0002733835763571967,6.153696605044027e-09,1.6118195221245015,7.9106785505112525,12.0,43.15117026917632,-43.828229817544056,-45.61642180685272,1.7881919893086646,0.9732324443272142,0.0002791646104044476,0.25610871932132473,0.23814108416276847,0.0058259696062694655,19.220227331595517,2.8044558231283228,297.6055927602446,0.24451625001422192,1.6473104153962939,0.03797469352054901,0.06255610815788254,0.6611516479784085,0.5424331670747045,2.3025808525373614,0.001504090992029461,0.13679565512559402,0.12754170053601047,0.12974982710597607,0.1303642272209291,1344.185546875,5.631494272436303,0.002028325332169528,0.0220133012391117,0.08816057680649855,0.628184545720509,0.33332892179706136,5.616337639757266,7.069920891887092,78784.0814893141,0.9971663663743563,0.8286327370785656,1.208671055125221,24.00349141693337,0.06137256328193191,42442.81818181818,2.1989985590018724e-19,4.152287440518207e-05,0.059773436083850905,3.903719464196394,43.182874097512986,-33.986083453616295,0.4369652181110695,0.019984616898045395,0.989023657733342,0.024437548487199378,252.0,5.790832113109844,0.0021334367726920096,0.023466666666666667,0.09092231597323247
EF_03.09.2024_20240903_210200.WAV,0.00027121797672591654,5.894441513542442e-09,1.7113240491152886,8.755969712845767,13.0,43.07323726456117,-43.9061628221592,-45.645178519176845,1.739015697017642,0.9737660934047132,0.00019569432752475358,0.08408419554096469,0.06905980752655227,0.005095569206850614,13.566405282518575,2.3346185016722725,297.24319847818185,0.23670588358609107,1.620221952445218,0.03834520460069688,0.06212774226505246,0.7556102638133922,0.527525876809326,2.3025847465575335,0.00044686557679760595,0.13701386868392976,0.12621792160709164,0.12880536800821552,0.12985563051595386,1338.94140625,5.547565336132369,0.0018694007007079819,0.021902292696410343,0.08322330034553832,0.626831955285913,0.3333288230940224,5.605274027445025,7.073250565887786,79005.96397225994,0.9971676619063311,0.8360897193838888,1.2072078822871004,4.364271166715159,0.03703190160993114,42436.25454545454,1.603830704607648e-19,4.0769854202677554e-05,0.05893336371715788,3.0782704248314436,43.10339158371808,-34.039097295681565,0.3464319738368644,0.019863013383113977,0.993481593031867,0.021819239720713732,225.0,4.900750858793654,0.0,0.0,0.0
EF_03.09.2024_20240903_210300.WAV,0.0002718563893492254,5.899600993362945e-09,1.7354616034425563,9.047439335212431,13.0,43.092427785223634,-43.88697230149674,-45.62648267736445,1.7395103758677095,0.9738318155874776,0.0002727576540585419,0.2325746721186186,0.19651206611324867,0.006500787202457614,20.000607971931508,3.2292282733313287,297.06976042990055,0.24269468609604813,1.6409427786659605,0.03842910326827157,0.0630599594986787,0.681607159089499,0.529369743598893,2.302584766267802,0.00044152515375674997,0.1378463129990625,0.1270297860257337,0.1286549071538698,0.12967757431383958,1337.10546875,5.548852369817715,0.0018663699568422073,0.02214273476330768,0.08261946077837051,0.6283630098632199,0.33332876410488815,5.598776954513059,7.073658996226718,79036.87748941139,0.9971645896742412,0.8364048678024438,1.2062202974703364,13.092813500145477,0.04309338934147997,42386.181818181816,-3.231106459830013e-19,4.0985958097904834e-05,0.05575164269192122,3.048233170713568,43.126350917166434,-34.01245712053266,0.337783211311951,0.01992402802669641,0.9941848528326452,0.021625290923196275,223.0,4.707379606153549,0.0008727695888285493,0.048,0.018184463194646495
EF_03.09.2024_20240903_210400.WAV,0.0002721687609085174,5.958011697719246e-09,1.703105145445679,8.77608685181565,12.0,43.10483657529808,-43.87456351142228,-45.63437578909589,1.7598122776736105,0.9736925740777336,0.0003401440412549306,0.1629622954124914,0.1349384372698983,0.006412025833088308,13.595301562227268,2.4352097784931668,297.47055181206696,0.24422654071350136,1.6462956265864845,0.03846118118886669,0.0633184743845816,0.7069220797289539,0.5343850944685389,2.3025848783252876,0.0003604699878152928,0.13662593346911064,0.12682781975410107,0.12937186218873412,0.1298897263844438,1339.29296875,5.594728650780315,0.0018970562384831731,0.022223715537728454,0.08361402006547042,0.6275803573898009,0.333328802698533,5.603018103547462,7.072790639470366,78974.87516977968,0.9971651045444274,0.8355130267046523,1.208289143797045,12.001745708466686,0.0543260837940064,42390.36363636363,2.7167872328919194e-19,4.10487560693069e-05,0.06451298461556415,3.118479508281977,43.13300000909265,-34.025907730168406,0.3955803599079175,0.019893198377435858,0.9928289499052041,0.03064391000775795,316.0,4.744172806451443,0.00126066718386346,0.02311111111111111,0.05455338958393949
EF_03.09.2024_20240903_210500.WAV,0.00027413557231752996,5.94614059735933e-09,1.649705262343058,8.437397867146387,13.0,43.16211826981036,-43.817281816910025,-45.61042987990298,1.7931480629929553,0.9741884356183397,0.0005563123931432434,0.2428675932428198,0.22546424083281058,0.0076773421489927385,18.90437656302199,3.1795955678755625,297.9236446366384,0.2651505037982114,1.721645738804185,0.03845057780602268,0.06619827343429771,0.7321127545425196,0.5456192990868318,2.30258099654943,0.001511049267969611,0.1367067533055313,0.1284845430813054,0.13006434467500003,0.1305830090437397,1346.44140625,5.719935998194413,0.00198665260401513,0.022010080985171564,0.08748569729025218,0.6257600738559954,0.3333289741568421,5.622307553962501,7.07589766026213,79092.0936274708,0.9971922827002563,0.8358503565222793,1.2101416651990442,17.457084666860634,0.07315458006012995,42331.38181818181,1.9489355415709129e-19,4.164051641568998e-05,0.05219566192370766,6.2860024803715575,43.195161068878214,-33.99563531396582,0.493951564807638,0.019962651923208525,0.9842238305790627,0.03035298681148177,313.0,5.794468732216821,0.000969743987587277,0.026666666666666665,0.03636892638929299
EF_03.09.2024_20240903_210600.WAV,0.0002725752275047772,5.966144562436077e-09,1.689090999103207,8.768168090411887,13.0,43.11727518113603,-43.862124905584345,-45.625215846036596,1.7630909404522512,0.9737627565106434,0.00040694355216985834,0.1669620570496776,0.15266297311969124,0.008342046579602802,30.83733401362778,4.2420319121302485,297.64609138113354,0.25208073766367595,1.6740854270185126,0.03843570422471283,0.06434465231978563,0.758368377793366,0.5367474978132544,2.3025847580825327,0.0004243638751828982,0.13620567031972328,0.1282435833215853,0.13010513225599737,0.1301365425880128,1341.837890625,5.6144811346419115,0.0018809554116962469,0.02217077062102142,0.08325882032007759,0.6246543433197936,0.33332881475414095,5.604350331417246,7.073230354838865,78984.04002104225,0.9971688816227134,0.8354008828198369,1.2079756791445804,17.457084666860634,0.06410023276112889,42294.29090909091,1.6618650899857811e-19,4.1198602721395235e-05,0.06909064408117403,3.5992191846791353,43.14882486890461,-34.03550533662708,0.44893007215662806,0.01987122922377153,0.9901821726707478,0.030062063615205584,310.0,5.1922569121976,0.0007757951900698216,0.021333333333333333,0.03636892638929299
EF_03.09.2024_20240903_210700.WAV,0.0002740468878769846,6.137276309914817e-09,1.6302548070413962,8.300927941197898,12.0,43.169743945353225,-43.80965614136714,-45.60591687896923,1.7962607376020898,0.973416701538067,0.0016272017075936729,0.44554837364845956,0.31332329782674717,0.012453517409793058,72.10104922287331,7.184137373030159,298.07507633919107,0.27486796616634995,1.7581183931791557,0.038788211395966,0.06819426789376916,0.8544801962641494,0.5471269947897438,2.3025841346623386,0.0007538211727023736,0.13718359034041314,0.1300132877809406,0.13011057060013032,0.1307604969813791,1348.271484375,5.697957810716261,0.002078900870429639,0.022131011426192004,0.09167705428588749,0.6243469043556301,0.3333288634458326,5.609767514304738,7.0710702748315875,78840.41217419643,0.997166278732924,0.8382132473895434,1.2114719006552075,32.73203375036369,0.08825147294151876,42160.03636363636,2.361326622450854e-20,4.170335771257898e-05,0.0672824329139223,3.23977325151793,43.20171023255267,-33.9729723007755,0.4468276525731554,0.020014806001836603,0.9912784566463082,0.030837858805275408,318.0,5.110000122128955,0.0002909231962761831,0.016,0.018184463194646495
EF_03.09.2024_20240903_210800.WAV,0.0002764229658807413,8.679390920994309e-09,4.1889088255001266,37.98694224826345,12.0,43.370836291552244,-43.60856379516812,-45.59764934041587,1.9890855452477467,0.9584893593045987,0.0018508653144341247,0.5500710365510331,0.42264800468410435,0.012419170388464962,52.050733667496516,6.038791122103457,298.4144198454413,0.08923299659718693,1.195951316338414,0.05777517367868676,0.06909629501270591,0.9394912658467915,0.5652677237883497,2.2803603658429035,0.10462214805325498,0.13540555393915885,0.12974633236249547,0.12998548868507181,0.13074344904713414,1348.095703125,5.802221516914829,0.0019896833478809037,0.021905219258232366,0.08752121726479146,0.6266592183023892,0.3333075429759786,4.733448796584472,6.977141074641231,76243.31016443996,0.9955727971857746,0.8669929222551274,1.211278084550965,22.912423625254583,0.09751418388129182,42070.87272727273,-2.0738881992193027e-19,4.3637563793174746e-05,-0.17381349623908965,14.667177620555929,43.39860496712032,-33.98254835832574,0.5215177237800859,0.01999275215033329,0.9867690474048375,0.032971295577967415,340.0,5.710519351302542,0.001939487975174554,0.021333333333333333,0.09092231597323247
EF_03.09.2024_20240903_210900.WAV,0.00027595198877136326,6.2399943527797295e-09,1.6010563316125783,8.12669212417193,12.0,43.23081807691167,-43.7485820098087,-45.58607244408506,1.8374904342763614,0.973397608192917,0.0023189185972680715,0.4429514003280609,0.32258382281402176,0.012944737133152251,52.97158992256729,6.082447769274036,298.8174994370406,0.2937095267978792,1.8316961305347457,0.03884242969364292,0.07114752817041364,0.8186669213471569,0.5629398350502508,2.302578257840192,0.0019273150644538717,0.13759577150615848,0.13107511045655373,0.13103236993067016,0.1311342255843274,1352.125,5.810661555931346,0.002073786490156144,0.02221809008431653,0.09093113482056257,0.6262459505862736,0.33332889748525846,5.613589724312334,7.070953124179439,78814.55317652745,0.9971701641158498,0.8393958908920507,1.2145348498332393,32.73203375036369,0.12081302734943265,42124.69090909091,-2.9803600664842743e-19,4.225233212838136e-05,0.0666900235580656,3.8217005201335352,43.25850684943342,-33.95927207412232,0.571054631957594,0.02004640020312685,0.9849307463609637,0.037529092319627616,387.0,5.812878413033569,0.0020364623739332816,0.0224,0.09092231597323247
EF_03.09.2024_20240903_211000.WAV,0.00027428052858417373,6.0561149110032136e-09,1.6987294912090944,8.95899143085506,12.0,43.17225312599061,-43.80714696072975,-45.602769302227046,1.7956223414972925,0.9736947564407064,0.0010609132590764236,0.3506370919937527,0.2520248689801672,0.011881269804584038,50.512481912055556,5.639860357936064,298.3230691396933,0.27093964987385616,1.7432571249471394,0.03884671756681725,0.06771981717916337,0.8334248940849766,0.5494995955176465,2.3025828964867605,0.0011256865622836898,0.13899395467623574,0.12944038345596287,0.13030272542616222,0.13062221929250317,1346.845703125,5.69539713081077,0.0019108840073707692,0.021921093657896656,0.08492825912342386,0.6272087102379942,0.3333287541931829,5.5976935144388875,7.07280315206847,78964.19272482445,0.9971629503217354,0.8384526469590565,1.211187183910262,13.092813500145477,0.10046915915042187,42165.90909090909,3.8904065154573194e-19,4.173072822109768e-05,0.06522116128765038,3.4258266387627927,43.20455963423544,-33.96898762782424,0.47379982550855715,0.020023989949081885,0.990066816233294,0.03374709076803724,348.0,5.246235752581244,0.0002909231962761831,0.016,0.018184463194646495
EF_03.09.2024_20240903_211100.WAV,0.00027520990223059097,6.147648945437893e-09,1.6010099177246584,8.122893843470376,13.0,43.20430972269556,-43.775090364024805,-45.58479416886296,1.8097038048381577,0.9736376403190226,0.0018479196652585461,0.3606607104235745,0.2542606194045298,0.013366227827474542,62.47067691057343,6.640079362747576,298.44050858053856,0.2900054700533729,1.8169231108729067,0.03848599102077078,0.0699260865304856,0.8369519511341595,0.5559387177083778,2.30258427934444,0.0006940924823510386,0.13667442537096305,0.1309321343335663,0.13033535549096012,0.13055061796867423,1346.107421875,5.75312368368445,0.0019317203714479684,0.021897697504368444,0.08570969856328806,0.6268071826240805,0.3333289467043454,5.619168610736161,7.072455066692246,78888.63499829081,0.9971792028078196,0.8383012720795352,1.2135642788225893,31.6409659586849,0.11857785374842403,42103.23636363636,-4.280246191149562e-19,4.201934517895337e-05,0.06476358487947971,3.3751753408502085,43.23449280164577,-33.95587911483287,0.5097171216356031,0.02005423243551543,0.9883703745027125,0.035977501939487976,371.0,5.474017064685564,0.0003878975950349108,0.021333333333333333,0.018184463194646495
EF_03.09.2024_20240903_211200.WAV,0.0002747254972583681,6.197468236116348e-09,1.624475512942197,8.213736404678292,11.0,43.19280858377745,-43.786591502942926,-45.59920509436708,1.812613591424153,0.9732994553550994,0.0012805616270896714,0.48949934297794495,0.47005369699088706,0.01080201006379411,38.87337923084527,5.131201389512043,298.22904841736596,0.2717496726228705,1.7463084118385657,0.03881291990519564,0.06777932851845965,0.7874270071102595,0.5514523644375866,2.3025469270322882,0.004490783002622756,0.13662593346911067,0.12937639414217825,0.1303281043654495,0.13066900640093104,1347.328125,5.723632283721973,0.0019529355785083895,0.02181344712000962,0.08688185772308439,0.6283947512468445,0.33332886060869377,5.609450253652592,7.07033748996395,78803.1111816858,0.997163551326045,0.8366052919385153,1.2103109524718332,18.548152458539423,0.08650879521869848,42200.545454545456,-5.056981769362692e-20,4.19917313213887e-05,0.06667993707046124,4.485438723070066,43.23163780992424,-33.982358410928974,0.4907051120832975,0.019993189366658528,0.9885000857540301,0.031031807602792862,320.0,5.630107107383431,0.0011636927851047323,0.016,0.07273785277858598
EF_03.09.2024_20240903_211300.WAV,0.0002731713036211271,5.97881101051467e-09,1.6854854390362823,8.742073972435188,13.0,43.13552404809484,-43.84387603862554,-45.62425644722373,1.780380408598191,0.9738254572097742,0.0012112555680439119,0.5249671083562172,0.40626636219950263,0.010587032625167692,38.531855475417736,4.7288344049398,297.811918036356,0.2687197074900813,1.7349294388004761,0.03853049376775286,0.06684768792919271,0.7811423113945208,0.5407863646057349,2.302578007398728,0.001912893526799131,0.136666343387321,0.12899745742461008,0.13015226457181653,0.13082508971001844,1348.9375,5.658934608742242,0.0019885468189312387,0.02167394151950284,0.08823161675557711,0.6245134655444985,0.3333288358652649,5.606691841163333,7.07362300324937,79000.56507486061,0.9971718624681525,0.8396906503642396,1.209429018385067,12.001745708466686,0.0759390759868102,42203.472727272725,3.024621798810713e-19,4.137598164127862e-05,0.061819731470107206,3.1824108135536826,43.167483105018,-33.98609957871571,0.4163432853873772,0.019984579797224566,0.9919615451551601,0.02957719162141195,305.0,5.035269518216304,0.0,0.0,0.0
EF_03.09.2024_20240903_211400.WAV,0.0002734101162059425,6.1376907724875766e-09,1.8134324528000716,9.750855841227605,11.0,43.15109005798603,-43.82831002873434,-45.6146965309118,1.7863865021774572,0.9730048429285658,0.0007387067796288393,0.2980701931776333,0.2237421272721145,0.009107640209398915,33.13607104611341,4.326666217991632,297.8164019965807,0.24745536404305749,1.6576496654670616,0.03987406573342485,0.06609723172382333,0.7583395646038148,0.543199752860033,2.302564907871973,0.0032799165039525844,0.13770083729350532,0.12896946209982935,0.12883618529163574,0.13022310820967897,1342.73046875,5.661954196016281,0.0019161878091358746,0.022292557685901847,0.08499929907250242,0.6255700120366392,0.33332842853853,5.56334250567069,7.0684760020507404,78827.27495552062,0.9971167877570635,0.8401024231666498,1.2097268882289178,19.639220250218212,0.0698207618077781,42231.94545454545,-4.426173232643853e-20,4.1542934592499246e-05,0.06359907128687843,3.406466747927793,43.18497171840715,-33.997443982996195,0.4745960047898947,0.01995849609375,0.9898222599578913,0.030062063615205584,310.0,5.495324922309617,0.0002909231962761831,0.016,0.018184463194646495
EF_03.09.2024_20240903_211500.WAV,0.00027299283722739543,6.040222559832493e-09,1.7130982238447157,8.973770133737158,10.0,43.13358061529932,-43.84581947142105,-45.630191651350785,1.7843721799297327,0.9734949190403065,0.0008787044289711998,0.2858541635794396,0.21644660862115073,0.008755254963716319,19.214997287906098,3.320669814413429,297.7303491723254,0.2570743543688558,1.6920594433120184,0.038917773832340775,0.06585118672569357,0.7463452771103618,0.5398984600031874,2.302573343019314,0.002522678676235479,0.1373290660459703,0.12770367348652775,0.1305818937583218,0.13032615350111532,1343.79296875,5.655715743457245,0.0019277425201241392,0.02216901403548467,0.0846440993271096,0.6253973115995427,0.3333287172177188,5.593672346959157,7.071552000922694,78914.89318048248,0.9971539863075121,0.8382654837989054,1.2100301624566354,21.821355833575794,0.0812997041993987,42263.50909090909,-1.0501910788807471e-19,4.135990278522834e-05,0.07050462187102921,3.3290761960666835,43.16579509295545,-34.01279806630045,0.4282369402493771,0.0199232459675182,0.991602697954569,0.03200155159038014,330.0,4.904398990943605,0.0005818463925523662,0.016,0.03636892638929299
EF_03.09.2024_20240903_211600.WAV,0.00027231212291646567,5.9208785334508745e-09,1.6652344318922079,8.399855484726398,11.0,43.10705674006048,-43.872343346659896,-45.63314823223277,1.760804885572874,0.9739270505916098,0.0005333601650024944,0.45827503384919943,0.388728603610337,0.007632750547788669,17.078554078321538,2.965420475040957,297.70679122429806,0.253214650732323,1.6781457375419426,0.03812844513812533,0.06398508768764682,0.752015685723232,0.5356386141955856,2.3025798977753733,0.0017150609703765695,0.13739372191510682,0.1281925918371632,0.12927941033847348,0.13018730754776453,1342.361328125,5.610578050973115,0.001783213922025022,0.02172326576301345,0.07935162312075655,0.6252068226852512,0.3333289365847347,5.618016478196282,7.074261817444857,79027.41646812168,0.9971818440985601,0.8361409793859605,1.2087377010437377,24.00349141693337,0.061505158326059545,42380.454545454544,-4.1168142127613226e-19,4.107452834342042e-05,0.060315219799319836,3.1132527000964534,43.13572585155768,-34.012589744799854,0.4029244852000602,0.019923723810369318,0.9925547964519585,0.030256012412723042,312.0,4.909812251082408,0.0005818463925523662,0.016,0.03636892638929299
EF_03.09.2024_20240903_211700.WAV,0.00027249965861403884,5.93917452328448e-09,1.709095073014678,8.755436992087382,12.0,43.11358552789397,-43.865814558826415,-45.61424056463869,1.7484260058122771,0.9738172210322409,0.00042494126616354766,0.2402432525332422,0.19771520430387024,0.007106056579984199,21.7843371579812,3.481297359924618,297.4932777319612,0.24581156839522805,1.6518571701562352,0.038312633717145,0.06328699871323551,0.6903307498087602,0.5352403411466902,2.3025845208148334,0.0005649049681723639,0.13561568551385253,0.12675983110820493,0.12927850394778465,0.1298251336558045,1338.626953125,5.574001441026478,0.0018909947507516245,0.02207805609167196,0.08379161993816682,0.6250143126652485,0.3333288318771947,5.606248669247957,7.073570590041714,79019.8416110368,0.9971697999129769,0.8359573078188332,1.20730625550723,16.366016875181845,0.05091649694501018,42406.67272727272,-3.7355430196928445e-19,4.115217096014655e-05,0.052378140210979765,3.077205929535685,43.143927511191805,-33.999481414907365,0.362043435826223,0.019953814442952474,0.9933693714568826,0.026377036462373934,272.0,4.801510294687617,0.0005818463925523662,0.016,0.03636892638929299
EF_03.09.2024_20240903_211800.WAV,0.000271839353157069,5.9031944642627386e-09,1.7010390893805252,8.681328531179853,13.0,43.092119270419566,-43.8872808163008,-45.632501426462326,1.7452206101615246,0.9738588070656644,0.0002959745802129099,0.09150568027340011,0.06842726146574396,0.007374241922456393,22.60714014284995,3.506091921143853,297.31849370294634,0.2463766618923083,1.6538456266785662,0.03800552697349118,0.06285527457472267,0.6810496578855854,0.5313746326145405,2.302585065273806,0.0001300848411082356,0.135179258397181,0.12679582509720877,0.1291606731582368,0.12985941894578606,1338.98046875,5.5619100609372465,0.001821666484822035,0.02183236598522504,0.08119866179679923,0.6242896437214248,0.33332885582015453,5.608915235501945,7.073831619514768,79028.52187179629,0.9971729803549712,0.8352242293858305,1.2074107800761766,16.366016875181845,0.047753158035108136,42386.72727272727,4.468752808872375e-19,4.096967941957073e-05,0.05488998147371226,3.068826752613012,43.12462565689629,-33.9993929339162,0.3445721703510216,0.019954017708518287,0.9940088470418565,0.02482544608223429,256.0,4.627277599107285,0.0002909231962761831,0.016,0.018184463194646495
EF_03.09.2024_20240903_211900.WAV,0.00027450306121652116,6.253988772373847e-09,1.6756815940647345,8.436096674064315,12.0,43.18931631649366,-43.790083770226715,-45.6114099108092,1.8213261405824852,0.9729310760030451,0.0008073958864930342,0.2725312295025639,0.25827428779782047,0.00838527575872594,16.2523433742263,2.8099208451368867,298.166531094163,0.24079573699433698,1.634337157278425,0.04027280840516981,0.06581934720452388,0.8647944674829943,0.5579894329087631,2.3025103268482714,0.006308412608198211,0.1401173504024828,0.12806261354353823,0.1298323086586596,0.13001929068470564,1340.62890625,5.733313202670009,0.0018483749151391718,0.021965363128216387,0.08180250136396702,0.6280861676398108,0.3333287443223098,5.596616865860692,7.06802886795414,78727.85334131958,0.9971425644044897,0.8380810497685255,1.2096107888871779,19.639220250218212,0.07520033216952769,42302.05454545454,4.198766755156712e-19,4.183922323443191e-05,0.06706645320588508,6.152405493527632,43.21583613045369,-34.012931786874546,0.5486538460015851,0.019922939248518512,0.9801118019949236,0.02938324282389449,303.0,6.371325169272215,0.0007757951900698216,0.021333333333333333,0.03636892638929299
EF_03.09.2024_20240903_212000.WAV,0.00027160768497004053,5.901387994108192e-09,1.7348364930621227,9.002411588721204,12.0,43.08516356918958,-43.894236517530786,-45.63770035609653,1.743463838565745,0.9737760035043885,0.000311054779552733,0.23844119069611636,0.19851811121381213,0.006828868764579776,25.544492142254587,3.737400014374453,297.20876881244186,0.24462284590658884,1.6476839935679028,0.03819085199243666,0.06292645552865873,0.725625293803743,0.5298354689166193,2.302584678692434,0.0005011194120294604,0.13701386868392978,0.1273627304240192,0.12864403046560383,0.12984350754049076,1338.81640625,5.560888153674995,0.0018173097905149842,0.021815430408473092,0.08048826230601358,0.6264628734435458,0.3333287632004048,5.598677988803739,7.073310075772906,79021.21559114137,0.9971630974376245,0.836632808692114,1.2068079760657855,13.092813500145477,0.04275243065658035,42434.454545454544,2.1481133370398862e-19,4.0898304519347876e-05,0.05485715352030747,3.0818245424811783,43.117053042627454,-34.02564348227309,0.3482959456729162,0.019893803590716738,0.9936790732990403,0.02230411171450737,230.0,4.829381522470281,0.0,0.0,0.0
EF_03.09.2024_20240903_212100.WAV,0.00027149947148032963,5.904256882097916e-09,1.7368001445687242,8.966231495744855,10.0,43.082115234888256,-43.897284851832126,-45.633846099819436,1.7365612479873107,0.9737365198338415,0.0002516401825467529,0.08831162491693267,0.07436474429550943,0.007101726746178594,20.79935521114826,3.299609221428552,297.04056561920964,0.23861363424569354,1.626787252774874,0.038270807792330545,0.062258462269960645,0.7302469221026147,0.5284236302564449,2.302584664742271,0.0004998866496144672,0.13585006303947242,0.12749970754883935,0.12845006285819427,0.1298099799364756,1338.470703125,5.540117753702589,0.0018178780549898167,0.021868005275100116,0.08052378228055285,0.625135336386375,0.3333287642977734,5.5987980619406255,7.073063187119678,79012.52504274926,0.9971619428894192,0.8358246679335355,1.2066938862813554,19.639220250218212,0.04178638104936475,42451.836363636365,2.1207783004487364e-19,4.0844450760662354e-05,0.05740301428695694,3.15396950411626,43.111330604343934,-34.03930039005524,0.358999863023989,0.01986254894950173,0.9931142985269332,0.022885958107059737,236.0,4.928519504397339,0.0,0.0,0.0
EF_03.09.2024_20240903_212200.WAV,0.00027201492419605703,6.245782564109986e-09,1.8151171745713608,9.030141321947632,12.0,43.11589531766521,-43.86350476905516,-45.64785500944823,1.784350240393067,0.9722263169188565,0.0003184308775868727,0.08917792903517785,0.06419588737233817,0.005946700856721332,18.73520128299708,2.8261012506979744,297.3833065906168,0.1966660024876659,1.4896244976477455,0.04157476741923193,0.06193079203169522,0.7401719255043566,0.5328649788607134,2.301759953359515,0.019918649580971247,0.1378220670481363,0.12613093613366566,0.1293501088122022,0.12992420109591699,1339.6484375,5.6080663461027,0.001804239707593832,0.02187991668343231,0.07981338278976721,0.62597803292354,0.3333284902712631,5.569675544734609,7.063608990472932,78618.4068605211,0.9970960969510914,0.8408682516856859,1.2076667046045353,13.092813500145477,0.04926852996799535,42407.163636363635,4.745257217467466e-19,4.120096892820823e-05,0.05970326679043686,3.6678253129428686,43.14907429509497,-34.03551717291735,0.40149209487329074,0.019871202145200786,0.991743189324825,0.030256012412723042,312.0,4.861114755759844,0.0003878975950349108,0.021333333333333333,0.018184463194646495
EF_03.09.2024_20240903_212300.WAV,0.0002721842724565148,6.168514683101322e-09,1.9355419637192706,10.74282157202024,11.0,43.116701247528155,-43.86269883919222,-45.622050462435794,1.7593516232435746,0.9724415739642837,0.00033421976741132564,0.1114271103864426,0.08631635211717448,0.007691872331724303,29.541731816151216,4.124206767595899,297.3856289342291,0.21429750370345152,1.5454927398437819,0.040229057842686225,0.06217371682662711,0.677703193611083,0.5343292089026943,2.302575519385709,0.002275523415104885,0.13605211263052405,0.12617792828597624,0.12904374875937774,0.12971792109155272,1337.521484375,5.558950815114008,0.0017388892929880708,0.021832779465828397,0.07686522490300679,0.6234473282314623,0.3333280412263672,5.525340905223793,7.064939235148383,78734.35149086335,0.997071354700683,0.8387253058307499,1.2061667463691146,14.183881291824266,0.0438131910096014,42439.109090909085,-2.494847762723008e-19,4.11769753706738e-05,0.051792750162283095,3.084710061782647,43.146544426203064,-34.02213733302765,0.3484860574295823,0.0199018355514064,0.9943948477268716,0.02453452288595811,253.0,4.483060961603594,0.0005818463925523662,0.032,0.018184463194646495
EF_03.09.2024_20240903_212400.WAV,0.0002724841920017492,5.896562876628572e-09,1.668398458411865,8.489604626391865,11.0,43.11082055679484,-43.868579529925526,-45.628168208183546,1.7595886782580195,0.9740600622375174,0.0005923424155749313,0.38557921722584554,0.3321802598425846,0.007249112155149895,23.7470024930885,3.6972612920990087,297.6409208329875,0.257333433896107,1.6929985693205643,0.037968705005123594,0.06428096325262879,0.719413789418155,0.5369251068113821,2.30258275928117,0.001163817065466688,0.13635114602528045,0.12775466497094987,0.12858058311738577,0.12986566985500922,1339.044921875,5.6175429538157085,0.0018106800383086022,0.021822171599033012,0.08020410250969932,0.6259974668956867,0.33332893787972734,5.618163766968715,7.0750934023295775,79067.97992426742,0.9971854730347944,0.8365585839776659,1.2080258722253658,17.457084666860634,0.06154304262438173,42410.472727272725,-3.2791530433767643e-19,4.1128616497092495e-05,0.056244955028973656,3.1898658331021825,43.14144100761688,-34.01245063728026,0.3856186986727437,0.0199240428982359,0.9923329415861863,0.025892164468580295,267.0,4.991588890244261,0.0002909231962761831,0.016,0.018184463194646495
EF_03.09.2024_20240903_212500.WAV,0.00027122267329371635,5.855601415186811e-09,1.749551415979897,9.052879427709158,10.0,43.07125305967113,-43.90814702704924,-45.64511751528718,1.7369704882379438,0.9738720102424038,0.0002485333996707917,0.0841338025339774,0.06679668060302546,0.006609319538713021,22.6415638742986,3.403032531830059,297.02195359428595,0.24010748094146983,1.6319511639328976,0.038180231828952374,0.06230827377248669,0.6632234852313539,0.5263701353577153,2.3025850681637205,0.00011669021833693449,0.13774124721171566,0.12668884296322513,0.12890416459329795,0.12972284605033457,1337.572265625,5.534497202980906,0.0017762053268354184,0.021843961695972473,0.07878330352812804,0.6247173937124143,0.3333287729755864,5.599748597785771,7.073910023402612,79061.82472932799,0.9971651404121599,0.8369302819061493,1.2057267128444817,9.819610125109106,0.04034677771312191,42434.6,4.219793706380673e-19,4.07652843943071e-05,0.0522587325731312,3.0401484625557176,43.10290476476005,-34.026087316123224,0.31834743377383745,0.01989278707793265,0.9946551982087217,0.020655546935609,213.0,4.5199872629135704,0.0,0.0,0.0
EF_03.09.2024_20240903_212600.WAV,0.0002710015092365805,5.8629411666449555e-09,1.7145247756599968,8.775252538640531,10.0,43.06509220288126,-43.914307883839115,-45.65457139820979,1.7402635143706746,0.9738544001445596,0.0002620085428821639,0.16806032437035623,0.14255437471822852,0.006357274131008062,19.28773459909877,2.8237637802345077,297.0422984152756,0.24431575572600284,1.646608044503356,0.03788016594273074,0.06237378596842249,0.6998209554955866,0.5266267317302548,2.3025845647514105,0.0005472398027421832,0.1388565609543206,0.12709177567346253,0.1287265120182873,0.12955994356754924,1335.892578125,5.549291646963248,0.0018084069804092718,0.022008108091052213,0.08034618240785646,0.6256844813177911,0.33332883542676844,5.606643094279442,7.073802919131499,79035.29566636572,0.9971705837574204,0.8358828695444065,1.2060381495330963,13.092813500145477,0.041256000872854234,42452.145454545454,-5.1137545376673877e-20,4.0707689943820705e-05,0.05862111132263094,3.0545912141533034,43.09676457989403,-34.02631432185858,0.3317111468962537,0.01989226718671394,0.994346062836837,0.02434057408844065,251.0,4.480726501637801,0.0006788207913110938,0.018666666666666665,0.03636892638929299
EF_03.09.2024_20240903_212700.WAV,0.000272645836048883,5.947427173199927e-09,1.6823486423161742,8.596315665247033,12.0,43.11834531184256,-43.861054774877815,-45.641357625769544,1.7803028508917293,0.9738555068095547,0.0005923616526178899,0.3045919366214439,0.28751606355030557,0.007710972163249563,21.641398566788723,3.5113117891850387,297.66672229672184,0.25856649942532406,1.6974772497463693,0.03818533662949297,0.06481874020247103,0.7034280752508576,0.5402075750714834,2.3025822885116902,0.0012722092306583833,0.13789480490091488,0.12746971255800282,0.12901565064802403,0.1300047052298516,1340.478515625,5.67670179286687,0.0019042542551643876,0.02192139155514195,0.08475065925072744,0.6243566274736102,0.3333288766646861,5.611248361218635,7.0738121743956786,79012.98947844449,0.9971752451982948,0.8362917120127445,1.2099134975856143,15.274949083503055,0.07127930729318203,42366.090909090904,-3.8111349093429853e-19,4.125722261367492e-05,0.05084870161880306,5.8869537217664245,43.15499988441925,-34.01282306803849,0.4612246990004607,0.01992318861990264,0.9835129734528141,0.025019394879751744,258.0,6.088655213484047,0.0,0.0,0.0
EF_03.09.2024_20240903_212800.WAV,0.00027197241224496754,5.978376353869742e-09,1.7291437040132014,8.863635609450986,11.0,43.10014147746518,-43.879258609255196,-45.62938808470352,1.7501294754483254,0.9735196727413814,0.00038527281270139824,0.10538438569490671,0.07862146944114567,0.007375217064319983,19.22323239678543,3.1877977711293766,297.48784636930424,0.2381477745912491,1.6251810171282954,0.03840557509046332,0.062416011588916305,0.7990763455797376,0.5328023814354097,2.30258505080643,0.00016360880073573725,0.13450037177124752,0.1270747785119885,0.12926490808745222,0.12986851117738338,1339.07421875,5.570690869573608,0.0017572631776743286,0.022067028396070516,0.07821498393549951,0.6260447903539922,0.3333287488015864,5.597105147983591,7.071707176775678,78942.87651551569,0.997155462806759,0.8352569997321068,1.2065175597647828,10.910677916787897,0.04923064566967316,42424.90909090909,3.8416239886177293e-19,4.101827442559144e-05,0.05768129930299541,3.1701748665700804,43.129773863295995,-34.02209355957646,0.3757920539277251,0.019901935849045264,0.9928457593297579,0.028801396431342125,297.0,4.739223328911614,0.0005818463925523662,0.016,0.03636892638929299
EF_03.09.2024_20240903_212900.WAV,0.00027229918259630574,6.056090907941906e-09,1.6969275319173247,8.661236306611327,12.0,43.11400235150643,-43.86539773521393,-45.63605932660966,1.7706615913957293,0.9733093132921822,0.0005298248544438611,0.3927275367901,0.32252874909756746,0.007038544824327642,15.54569890140433,2.714190568410286,297.8270965388473,0.24733424232444232,1.6572219867907358,0.03843419907868947,0.06369399975789643,0.7468288194640584,0.5373891437613398,2.302582742166799,0.0011437758314780666,0.13641580189441693,0.12753370187178742,0.13014954539975002,0.13040589994908347,1344.615234375,5.612510371078274,0.0019044436766559986,0.02196817286044,0.08492825912342387,0.6231277927790219,0.33332875580217797,5.597869232775285,7.070393358518047,78856.12337816159,0.9971524002200962,0.8349913690156692,1.2088493736302097,15.274949083503055,0.056959042527397925,42313.72727272727,-7.370997751559633e-20,4.115407945152798e-05,0.06407016024986449,3.145876766342713,43.1441289168619,-34.00899781003147,0.41385288241745855,0.01993196470665209,0.9921972259968106,0.03268037238169123,337.0,4.868521962730126,0.0,0.0,0.0
EF_03.09.2024_20240903_213000.WAV,0.000272565337183251,5.963316876813481e-09,1.683929823341089,8.58476642473894,12.0,43.11683042301162,-43.86256966370874,-45.62096020177904,1.7583905380703015,0.9737692212769649,0.0004125571401798478,0.21615110967665774,0.17043805019103442,0.008253957128068645,21.697823600258328,3.4887561827775566,297.6223600103961,0.2521070966634324,1.6741796734230512,0.038235858276455065,0.06401369672232561,0.7447839887165577,0.5367379207244553,2.3025845910311262,0.000518495048674339,0.13602786667959785,0.12792063725357866,0.12953773168478996,0.13036290127048783,1344.171875,5.595085986987441,0.0018601190476190477,0.021720035170071556,0.08240634093113483,0.6261924402700083,0.3333288614916384,5.609548966615201,7.073272279414157,78988.78388454123,0.9971720248636793,0.8359198506681047,1.2081236394780108,21.821355833575794,0.06343725754049073,42340.490909090906,-1.0486140575389499e-19,4.117938626168039e-05,0.05994531686417833,3.179745708877492,43.146798695974134,-34.012578594849515,0.43618224308420395,0.01992374938618053,0.9913888497760281,0.026667959658650115,275.0,5.416769166916351,0.0,0.0,0.0
EF_03.09.2024_20240903_213100.WAV,0.0002729137873604155,5.997589180659513e-09,1.6644083283060824,8.492839284800935,12.0,43.12895371475076,-43.85044637196961,-45.623027949444335,1.7725815774747247,0.9737254846718163,0.00047697619412989667,0.18505976249511324,0.14359998585496658,0.007052548973588313,15.893219573300076,2.9093965762843683,297.7490906724728,0.25798742983880885,1.6953721276790903,0.03832825197435593,0.0649806500999841,0.7562302621883116,0.5399743855072551,2.3025846502399463,0.0005079150757783424,0.13655319561633208,0.1283825601124612,0.1298350278307261,0.13010566688488023,1341.51953125,5.631681584478102,0.0019106945858791582,0.022126316513780574,0.08460857935257032,0.6261136730174901,0.3333288735164583,5.61089528175666,7.072999911526994,78960.78613069835,0.9971729632545315,0.835929997848056,1.210262836000922,18.548152458539423,0.07012383619435554,42306.96363636363,-1.7150632765824034e-19,4.131790515995475e-05,0.062416490970789495,3.4625456994711348,43.16138294441609,-33.99566600525855,0.43110717897037887,0.01996258138598818,0.9903137803123386,0.026861908456167573,277.0,5.360240874700114,0.0005818463925523662,0.016,0.03636892638929299
EF_03.09.2024_20240903_213200.WAV,0.0002730240407178543,6.066281009194759e-09,1.7883542490427538,9.697247272408857,12.0,43.13590312681256,-43.84349695990782,-45.614719804901924,1.7712228449941065,0.9732795856459774,0.0006273384285584438,0.21900058430187253,0.16420803432843367,0.010159170868624945,24.532219443018942,3.9885434620296496,297.7976480948935,0.2523736683152925,1.6751331717987823,0.0390902378349144,0.06548135409076893,0.7757876252525658,0.5393302423432187,2.302584539786598,0.00056130514448256,0.13845246177221734,0.1283975576078795,0.12972988651082185,0.13005054523082143,1340.951171875,5.626310997388665,0.0018089752448841043,0.022104002849752453,0.07956474296799224,0.6269970350127216,0.33332848049902686,5.568667670974726,7.070196745172734,78892.01519213965,0.9971303535211956,0.8384933476544806,1.2087858528480135,13.092813500145477,0.07162026597808166,42027.472727272725,-2.3979135175805465e-19,4.176733027972441e-05,0.06331942198173209,3.140733253089798,43.20836716542633,-33.98222863539023,0.42390172854214114,0.01999348808635365,0.9920843045515447,0.028704422032583398,296.0,5.085162643251774,0.0002909231962761831,0.016,0.018184463194646495
EF_03.09.2024_20240903_213300.WAV,0.00027343306544866803,6.290699770110002e-09,1.9863286685944397,11.629724217433477,12.0,43.15996965089475,-43.81943043582563,-45.608070495263604,1.7886400594379737,0.9721161646170974,0.0006420488342202546,0.25119893796932424,0.22011794111948457,0.008686984022513333,22.620292338733186,3.6943214689869492,297.95844769592884,0.23206417570277443,1.6043842945213485,0.04062681961215852,0.06518103132209903,0.7635548352925222,0.5433117612543432,2.302577843469437,0.0020140263537761884,0.1391151844308667,0.12850653940791887,0.13009153639566493,0.13039680771748619,1344.521484375,5.6458250180045155,0.001997449629036951,0.022038111818446456,0.08823161675557711,0.6248190577643598,0.33332768561532955,5.492823349429319,7.0628939829443835,78652.05447872846,0.9970412290601663,0.840230254598006,1.209583268793901,19.639220250218212,0.07387438172825138,42041.763636363634,-1.4672606564080195e-19,4.2133447280111255e-05,0.05882732303714947,3.288159233282567,43.246269937454535,-33.97304557096605,0.44089721014785965,0.020014637166803535,0.9915637185636601,0.03403801396431342,351.0,4.940866524948068,0.0016485647788983709,0.022666666666666665,0.07273785277858598
EF_03.09.2024_20240903_213400.WAV,0.00028940454103555793,2.6926436662613135e-08,8.379893175428636,102.56010198060106,13.0,44.51284711738446,-42.46655296933591,-45.64113792767784,3.1745849583419314,0.8694852570397862,0.018030419785460827,0.6896639699112378,0.6162079042490753,0.006764573569172261,30.047568472878897,4.116169004112969,297.8805959331132,-0.38451863101268213,0.44454538581191555,0.1872036288418368,0.08322050940888498,0.7569073756311221,0.7393382493381083,0.5990891670813866,0.8322175437153092,0.13786247696634663,0.12715876448633076,0.12968728614844685,0.12993954423673748,1339.806640625,7.070491451526518,0.0018633392129764328,0.02179465526274737,0.08212218113482056,0.6244001818437437,0.33263147349402544,3.0815822721552246,6.412794538478984,62636.272260504076,0.9780716713993081,0.9157778805932926,1.2117087601693077,17.457084666860634,0.055557323489477256,42273.01818181818,4.551020755536123e-19,5.623315131635384e-05,-3.168536882616212,602.5502756721311,44.499924221356565,-34.03909023647202,1.165154826453481,0.019863029526219222,0.905666973149674,0.029771140418929403,307.0,10.03150449051693,0.0016485647788983709,0.030222222222222223,0.05455338958393949
EF_03.09.2024_20240903_213500.WAV,0.0002720057382618832,5.999332415052012e-09,1.7933567419355023,9.415273306622577,11.0,43.10226413839188,-43.87713594832849,-45.629314471117866,1.7521785227893787,0.9733392932318958,0.00028069051096724085,0.06788746088766928,0.05090641308618837,0.006601650530638992,18.99184879977931,2.9231496906585623,297.33629790512066,0.23354960870377858,1.609431768463969,0.03873673939616336,0.06234413899089509,0.6930737900991484,0.5330916758150201,2.302583247403073,0.0010510451570008073,0.13637539197620666,0.12654186750812615,0.12909813220070754,0.12979387910968868,1338.3046875,5.563840055374129,0.001874704502473087,0.021944633670446426,0.08301018049830262,0.6277986064648567,0.33332857834712376,5.578852236746242,7.070572262905865,78925.50651144651,0.9971363391107206,0.8364909352274844,1.20686274389357,12.001745708466686,0.04589682741732131,42423.27272727273,4.054206465491978e-19,4.1082666596892354e-05,0.05542764380005837,3.2055590188503382,43.13658625059864,-34.012647021753395,0.3650177658327607,0.019923592428727585,0.9927390781618801,0.024728471683475563,255.0,4.9442891884856515,0.0002909231962761831,0.016,0.018184463194646495
EF_03.09.2024_20240903_213600.WAV,0.00027174287961116727,5.8930751875311334e-09,1.7429451022834896,9.013382019768649,10.0,43.08871320152632,-43.89068688519406,-45.63719503598705,1.746508150792991,0.9738194831296746,0.0003143721209470929,0.09330034433049184,0.07685429420826129,0.008265740543105471,23.874407912682724,3.6062654395712124,297.0057342439579,0.2429199547278112,1.641728589321029,0.03820106886729938,0.06271578690206689,0.734369206069693,0.5297775739550298,2.3025838863890504,0.0008328772839702126,0.13574499725212558,0.12681682159079433,0.12877001877135116,0.12989067349190186,1339.302734375,5.552775959880832,0.0018483749151391718,0.021917037637500095,0.08176698138942773,0.6264207827597373,0.3333287716418661,5.599602389372961,7.073581814841921,79041.43805940014,0.9971640869701089,0.8368285592250726,1.206878303731859,22.912423625254583,0.05343580278343517,42424.799999999996,3.5850951836854013e-19,4.093883258462719e-05,0.05237993753200824,3.0714136954210245,43.121354541231824,-34.03556435149484,0.34616270505352986,0.019871094212387547,0.9936434533645313,0.02453452288595811,253.0,4.797658414617007,0.0,0.0,0.0
EF_03.09.2024_20240903_213700.WAV,0.00027076307518698965,5.867360528213076e-09,1.7195812714850205,8.83012183509936,11.0,43.05825485783629,-43.92114522888407,-45.66183152245535,1.7406862935712795,0.9737852341658316,0.00027424430255251764,0.1148879362698505,0.09510410107427081,0.006241298251710825,24.006419223427162,3.325694291446272,297.24021304631725,0.24479334716440806,1.6482817550541347,0.03792163415309163,0.06250553769637869,0.7202871620157087,0.5264500053816796,2.3025850069008253,0.00022980520276725259,0.13572883328484145,0.12726374695425863,0.12866306467006927,0.12963552274270196,1336.671875,5.5576587008865275,0.0017623775579478228,0.021795070800525965,0.07849914373181377,0.6258550833807184,0.3333288091390283,5.603729381065706,7.073369542904241,79016.39648376168,0.9971668174887675,0.8356970356213728,1.2073713865711957,13.092813500145477,0.04570740592571041,42389.07272727272,4.089952282572712e-19,4.061695810532439e-05,0.06517487988803931,3.060512283934603,43.087073950032995,-34.039432107967016,0.34311843415818544,0.019862247744473545,0.9940575531575734,0.023855702094647012,246.0,4.689206213014599,0.0,0.0,0.0
EF_03.09.2024_20240903_213800.WAV,0.00027232161814248773,5.9472845569466785e-09,1.7250555744244973,8.90163036286068,10.0,43.1087690404768,-43.870631046243574,-45.62997744353658,1.7593463972930081,0.9737283358724971,0.00030252250431617167,0.16012354305796472,0.14820199841095516,0.006884327837757387,18.726374436299956,3.046983695576511,297.9071909794284,0.24694773486593105,1.6558581556672323,0.03836966504250741,0.0635347227908558,0.773327011284232,0.5374069304052511,2.3025846462536776,0.000520092075286449,0.137417967866033,0.12764168383879892,0.13019577132488033,0.1299713670473281,1340.134765625,5.5949987118361575,0.0019002764038405589,0.02193160623833043,0.0842533796071775,0.6222704756589752,0.33332878252067133,5.600796222625843,7.07301279086915,79000.72955251134,0.9971632403170477,0.8359837048814458,1.2088701768984664,18.548152458539423,0.060406513674716326,42391.0,3.588880034905714e-19,4.107216880390473e-05,0.056893539212313056,3.1746751016351165,43.13547636252711,-34.01265437447753,0.3951134837803352,0.019923575563141793,0.9923673412763804,0.028413498836307213,293.0,4.890267137355345,0.0006788207913110938,0.018666666666666665,0.03636892638929299
EF_03.09.2024_20240903_213900.WAV,0.0002731945042439608,5.9728839533828645e-09,1.7020845790725796,8.845539476751101,12.0,43.1358876793341,-43.84351240738628,-45.613172193295426,1.7696597859091483,0.9738264002181988,0.00054884611664896,0.19587322614176106,0.15220158684545004,0.008574354705835008,20.710556979637158,3.533864655098142,297.8514297866039,0.2589635345887849,1.6989225137391348,0.03852878566869497,0.06545742139957561,0.7765296368297487,0.5408365629561814,2.3025849830418323,0.00025708342976429324,0.1373775579478227,0.13016526240117898,0.1292096182554336,0.13048810887644263,1345.462890625,5.634701430163089,0.001874515080981476,0.021653043688337807,0.08301018049830261,0.6270943930829784,0.33332881134724757,5.603973486228111,7.0736276189011065,79012.01080350405,0.9971693529597382,0.8373995853568799,1.2097436170530522,15.274949083503055,0.07086258001163806,42304.69090909091,4.2401898490679155e-19,4.136578335899399e-05,0.05928577075755301,3.141041093749899,43.166412531349785,-33.9688514456709,0.3969910171211737,0.020024303898666843,0.992554709267039,0.030449961210240496,314.0,4.787210048570954,0.0,0.0,0.0
EF_03.09.2024_20240903_214000.WAV,0.0002750994371603843,6.1145366454246465e-09,1.5666318187483312,7.840255125561969,13.0,43.199326750343864,-43.78007333637651,-45.58609856064896,1.806025224272453,0.9738055091454849,0.0011966862830820046,0.27132994193034576,0.19375120786729316,0.010219934488422844,20.71944236275462,3.77746324687654,298.8938575626079,0.2862491588624071,1.8020982739752052,0.038399414750566026,0.06919951904365307,0.8588016408075861,0.5555020952702956,2.302584891513384,0.0003569793388665587,0.13667442537096305,0.13152203582001804,0.13119098830121537,0.13118328575065463,1352.630859375,5.719525377342331,0.002027378224711473,0.022137470555514405,0.0896524157371484,0.6235574693118205,0.3333290459647334,5.630612552255567,7.073508665174417,78920.05897325961,0.9971918591017028,0.8366137746460933,1.2121780584535466,22.912423625254583,0.10719362210260885,42085.98181818182,-2.0560152906789358e-19,4.1941712303000814e-05,0.06491976721683439,3.2147832715697793,43.2264615690101,-33.94642742242834,0.489114803005279,0.020076066652933756,0.9910831616186426,0.04266873545384019,440.0,4.799115395008361,0.0014546159813809156,0.016,0.09092231597323247
EF_03.09.2024_20240903_214100.WAV,0.00027545594286925465,6.172292431054588e-09,1.6279848882932253,8.22422658024888,12.0,43.21279392110358,-43.76660616561679,-45.583472895645215,1.8168667300284227,0.9735306652853521,0.0011654835632557425,0.36216397328111105,0.2727814889317983,0.009273208338787309,17.713413816804415,3.283034130006573,298.61627306685455,0.2665611071933982,1.7268802072204448,0.03961180193710639,0.0684048367375255,0.7358666375824845,0.5576784682880707,2.30252388749919,0.005554142903846681,0.13730482009504416,0.13107011129141433,0.13139311342482443,0.13109672012898843,1351.73828125,5.745544731944055,0.002026052274270197,0.022254897758482314,0.08933273596629485,0.6233230637069052,0.33332890457077485,5.61438902821303,7.071784014372706,78876.62793255325,0.9971718305929805,0.8389307462749169,1.213520052238139,25.09455920861216,0.11329299413247987,42196.01818181818,1.8301858345335915e-19,4.2111003249851875e-05,0.06154848866050262,3.305474307998512,43.243955881475145,-33.95979900166227,0.49883721573544193,0.020045184129657168,0.9904377700511748,0.03694724592707525,381.0,5.178379872832438,0.0008727695888285493,0.016,0.05455338958393949
EF_03.09.2024_20240903_214200.WAV,0.0002746054944796823,6.04955598528986e-09,1.6261206337343994,8.300050380333923,12.0,43.18142292095898,-43.79797716576139,-45.59917843933181,1.8012012735704204,0.9738883553293742,0.0007435502914538983,0.22545139816484094,0.17253445362683595,0.008991085734226023,20.334845875198425,3.552466486575438,298.45135531891634,0.27469532784542205,1.7574619008848147,0.038563628492311826,0.06777410783511414,0.8231546704348528,0.5510292566792365,2.3025843431664414,0.0006736073842876777,0.13766850935893707,0.13028924169663667,0.13045409267119681,0.1309495396300068,1350.220703125,5.699158849250922,0.0020118456623993797,0.02204742796257421,0.08862233647550921,0.6255150813889542,0.33332895250994016,5.6198307866343065,7.074021706861064,78982.42023591934,0.9971843941179979,0.8364792509232722,1.2122606451102915,30.54989816700611,0.10052598559790514,42184.2,2.0081789766444237e-19,4.1793284120313625e-05,0.0650160607431645,3.2590824932624325,43.21106499386991,-33.972858903889026,0.4692600370410389,0.020015067302819455,0.9907862126000366,0.0332622187742436,343.0,5.1291569264285695,0.0002909231962761831,0.016,0.018184463194646495
EF_03.09.2024_20240903_214300.WAV,0.0002752086474219514,6.167823765466595e-09,1.6313100272719414,8.309914771946577,11.0,43.205342943429486,-43.77405714329089,-45.57830576701412,1.8042486237232325,0.9735015793109595,0.000568356646339252,0.31338974589171475,0.2987713456019363,0.008672296196914231,14.8842471164113,2.9047893494833628,298.3704253150137,0.2692261904647857,1.736824957194398,0.03854090413033897,0.06693880416640938,0.8168114497026226,0.556385344234496,2.302569799366186,0.00282619842178633,0.1370300326512139,0.12930940532931,0.1302800656589415,0.1304024903622345,1344.580078125,5.707377299256296,0.0019158089661526529,0.02189914247716982,0.08507033902158098,0.6267143556145178,0.33332887323718313,5.610863972580814,7.071601310600705,78868.32351186818,0.9971693502755474,0.8340104834363176,1.2116699415959833,20.730288041897005,0.08433044806517312,42217.50909090909,4.23230474235893e-19,4.2076871435237035e-05,0.07105749983114605,6.232818141522767,43.24043441009648,-33.93343988375387,0.5542193808936346,0.020106107758030747,0.9799862132067103,0.031419705197827774,324.0,6.277077932433172,0.0,0.0,0.0
EF_03.09.2024_20240903_214400.WAV,0.00027428582672446366,6.094660094159298e-09,1.6042708235752892,8.122159645294397,13.0,43.17446723595574,-43.80493285076462,-45.60069762419481,1.7957647734301858,0.9736780032289226,0.0005932703742835832,0.17604767429386858,0.14165501280583936,0.009198996361703626,15.913188183182886,3.043710724282681,298.25337889430205,0.2734344559587279,1.752676639296277,0.03830156558315986,0.06713025924607857,0.8010811823112741,0.5496001220867832,2.3025844779171893,0.0005860807920520017,0.13849287169042768,0.13022725204890784,0.13073054183128988,0.1309842037629716,1350.578125,5.677768558400411,0.0019643008680050433,0.021735026171924816,0.08709497757032009,0.623567375363074,0.33332895264224655,5.6198458874933355,7.072707525098974,78904.65579902676,0.9971805197971286,0.8341705599303474,1.2116643450370275,20.730288041897005,0.08859243162641839,42134.545454545456,-1.7921270528182214e-19,4.1749905437026214e-05,0.06834825446981309,4.1649918531020775,43.2065549614958,-33.933407229259736,0.4709628681960467,0.02010618334683505,0.987998486977171,0.03268037238169123,337.0,5.353531811573518,0.0,0.0,0.0
EF_03.09.2024_20240903_214500.WAV,0.00027652846425564115,6.257971878572394e-09,1.5833903286296602,8.073140799654277,11.0,43.24851803279572,-43.73088205392464,-45.54396003004524,1.8130779761206028,0.9734665210073756,0.0009592318077253914,0.3690523976920129,0.29351066370080914,0.011123058194464908,25.07919145996074,4.067342765079154,298.8022553713938,0.28804321729576476,1.8091592756562729,0.03887715687640664,0.07033496897409512,0.8254618340251209,0.562418965712211,2.3025809401213952,0.0015417149288944997,0.13637539197620666,0.1317919907375468,0.13110578757646538,0.13113668806371837,1352.150390625,5.749582059615285,0.0020133610343322666,0.022122698723394084,0.08897753622090204,0.625170760574952,0.3333289246023538,5.616655690497279,7.071385329460008,78820.69431073108,0.997174746309729,0.8348223344002818,1.2131302815116336,14.183881291824266,0.09687015080981476,42027.61818181818,-5.904367903688332e-20,4.247555412442426e-05,0.07504839915827369,3.833385475780286,43.28139053264685,-33.92025850137107,0.5835282953699803,0.02013664320165461,0.9859533996116946,0.039371605896043445,406.0,5.731202744386329,0.0005818463925523662,0.016,0.03636892638929299
EF_03.09.2024_20240903_214600.WAV,0.0002779640117708503,6.124428904072199e-09,1.5790352596788504,8.256347752328285,12.0,43.283157186525536,-43.69624290019484,-45.556254058559546,1.8600111583647063,0.9742849512645682,0.0010797073947002023,0.3527366545946431,0.3289594196494945,0.011489651621400476,21.685879210618243,3.841102589114849,299.40652807415375,0.30993354963665404,1.8982716069545544,0.038851765917390944,0.0737512041210279,0.8395626824025739,0.5767620210411957,2.3025723643694924,0.002654692572214401,0.1376280994407267,0.1326178528185793,0.13159614493912228,0.1314604093928814,1355.48828125,5.923748178271429,0.0021054198792551646,0.022219434607227397,0.09277817349660523,0.625258273817017,0.33332903432058736,5.629256433456992,7.076505176564227,79062.49490362676,0.9972030628432303,0.8343109761623377,1.216883971433917,28.36776258364853,0.12151388686839298,42022.96363636363,-1.2902137271022653e-19,4.281283748761106e-05,0.08601239528513635,11.281297022672772,43.315740123326634,-33.903078084027115,0.7591006034964991,0.020176512267372826,0.9690925990254795,0.041214119472459274,425.0,6.844273809927057,0.0014546159813809156,0.016,0.09092231597323247
EF_03.09.2024_20240903_214700.WAV,0.00028194677655575843,6.8744276501265726e-09,1.4173285124789172,6.881757654545244,11.0,43.43564906542546,-43.54375102129492,-45.461423247258104,1.9176722259631802,0.9723416206496768,0.00181574122396988,0.3239237625670398,0.2841348879196445,0.013894110944584925,24.402115117837333,4.122448592588474,300.45445826901835,0.33013247036082266,1.9856649434512754,0.039361251139219185,0.07815825651752911,1.0864472046265723,0.6073675633517793,2.3025536287328836,0.00419163901464259,0.13861410144505867,0.13587930815553803,0.13402255281311945,0.1329291836388323,1370.6328125,5.942291526955078,0.0021529646736495006,0.022180053620801752,0.0950514518671193,0.6232355703185959,0.33332903446039724,5.629272694422373,7.0643624419245,78353.23202092595,0.9971638470306335,0.830733580466858,1.2208236392051102,33.82310154204248,0.17301759043739695,41667.90909090909,3.086756439677519e-19,4.437321125064348e-05,0.09246200352934306,6.655946428329263,43.471208593672024,-33.78908664841758,0.809493985719925,0.02044304890488133,0.97478820675029,0.051008533747090766,526.0,6.3830290121177855,0.0018425135764158264,0.016888888888888887,0.10910677916787898
EF_03.09.2024_20240903_214800.WAV,0.00028078160991294667,6.7875775510146366e-09,1.490870414349548,7.417519983223323,10.0,43.39815068334254,-43.581249403377825,-45.4883842295709,1.9071348261930723,0.9723268107331998,0.0013266359311819853,0.2540582204005729,0.23804417080491136,0.014228368625044285,25.113893676308507,4.243631227731939,299.99081767344774,0.3090900849721371,1.8947333892571858,0.03998832662318473,0.07576721763347016,1.0397151418267814,0.6066033017336634,2.3025616158519764,0.003650955640544673,0.13993954676235734,0.13455752889267492,0.13291494339136953,0.1322165799873921,1363.28515625,5.905159207928482,0.00212133128455048,0.022041763092222645,0.0936661728600873,0.6217884010903869,0.3333288856574927,5.612258296275816,7.064262621664402,78400.89453626532,0.9971491349249095,0.8319134495093324,1.2186257884767684,36.00523712540006,0.14259649888468626,41780.545454545456,9.970980270402448e-20,4.386049249760424e-05,0.08280172163717699,11.625638836948246,43.42073503944127,-33.78931110964875,0.8168918931284495,0.020442520621328644,0.9674302170309022,0.04441427463149728,458.0,6.864380671437035,0.0014546159813809156,0.016,0.09092231597323247
EF_03.09.2024_20240903_214900.WAV,0.00028233895544350706,6.800249578231828e-09,1.4420781397373355,7.166120464186523,12.0,43.4430406909274,-43.53635939579298,-45.44450664713353,1.9081472513405515,0.9726619585356827,0.0014718493280418965,0.20150456399920447,0.18070654566778555,0.01428562927218846,25.546261958938334,4.3076895969381175,300.4521294499009,0.3293804643898657,1.9823169379943368,0.04000945773333445,0.07931142574475739,1.0917250694388279,0.6085301352139623,2.30258265563561,0.0011961937405414957,0.1366340154527527,0.1361192680822303,0.13392194344665934,0.13252628412617593,1366.478515625,5.950109526446367,0.002166034756570653,0.022179482638217438,0.09561977145974782,0.6209574784626538,0.3333290150512012,5.627020300365376,7.066363372058754,78466.03947688182,0.9971689836009202,0.8329663037432912,1.2216291208748264,34.91416933372127,0.16578168945786054,41652.01818181818,3.0879129219948365e-19,4.435778595371793e-05,0.08846206912445344,5.050388970546451,43.469698609198716,-33.76341108723848,0.8292381310456705,0.020503568129106,0.976341960659401,0.05430566330488751,560.0,6.328679282976609,0.0015515903801396431,0.017066666666666667,0.09092231597323247
EF_03.09.2024_20240903_215000.WAV,0.0002813229311322942,6.815739217954067e-09,1.4190218836327377,6.8082162921421,11.0,43.41497943104078,-43.5644206556796,-45.46956032244786,1.9051396667682639,0.9724375081436869,0.0015698916014306175,0.2442700651639712,0.21042711925677737,0.013894321582017088,24.985210974805486,4.369991333308357,300.2918191296814,0.3262542466231303,1.9684788215374034,0.039184158430889064,0.07713318601097141,1.0880509724424512,0.6067055531338678,2.3025712157992535,0.0027705162828691953,0.13524391426631752,0.13462551753857105,0.1335693574687046,0.13255318197798469,1366.755859375,5.9150424026253035,0.0020785220274464164,0.021974578240742976,0.09217433392943744,0.6217748103344791,0.3333290701908637,5.633445856014043,7.064962877752195,78389.37096761209,0.997168327971318,0.8305701846517982,1.2198451639188654,27.276694791969742,0.16235316045970322,41721.763636363634,-4.0363335569516107e-19,4.41268204811132e-05,0.08985870338596393,8.413300259653694,43.447026358710694,-33.76347552723339,0.8439869925258279,0.02050341601516261,0.970542833066688,0.05188130333591932,535.0,6.538525303302498,0.0017455391776570986,0.016,0.10910677916787898
EF_03.09.2024_20240903_215100.WAV,0.00027298962352197424,6.124094931571766e-09,1.7925903815399158,9.626299482042494,12.0,43.138004990979645,-43.84139509574072,-45.59418855693476,1.7527934611940381,0.9730146830603188,0.0003207022475905097,0.09348179904016252,0.07297498440412686,0.007912548235635475,16.57480705629375,2.909140214791304,297.51476346195295,0.24200568639711603,1.6385422213705516,0.03889523283450027,0.06373148120936689,0.7275866347176788,0.5375690067058337,2.302580445291379,0.001604127211860984,0.13753111563702194,0.12805461487931516,0.12883165333819163,0.12988802159101928,1339.275390625,5.575460518040714,0.0018801977257298032,0.021884346551811214,0.08350746014185256,0.6246394424436198,0.3333284418552723,5.564701874752998,7.0685392859346186,78818.55821239034,0.9971205705791258,0.834710871630247,1.2075661102650042,24.00349141693337,0.06050122442052177,42133.763636363634,1.196433524643398e-19,4.172263098093518e-05,0.05583059908642534,3.089328432742408,43.20371686726574,-33.95973088964715,0.39500701553767215,0.020045341318303888,0.9933880424912841,0.030546935608999223,315.0,4.619200069166613,0.0006788207913110938,0.018666666666666665,0.03636892638929299
EF_03.09.2024_20240903_215200.WAV,0.00027196381495499743,5.98713666177487e-09,1.7002336232652417,8.730223187256405,11.0,43.10036332130654,-43.87903676541384,-45.653282355033866,1.7742455896200298,0.9735339901999858,0.000392957884851608,0.28756525014612133,0.2745971447954476,0.007361439690553473,24.231928468279452,3.5349523213219407,297.5593078027921,0.24389144371882804,1.6451228244747778,0.03844727360434062,0.06325048734532741,0.7161740808757295,0.535939862901974,2.3025797718260748,0.0017070682144085581,0.1393738079074128,0.12729974094326246,0.13005890633086706,0.1302166678789642,1342.6640625,5.634408427718961,0.0019097474784211038,0.02208763400269821,0.08507033902158098,0.6245195979863514,0.3333287800219051,5.600521757303806,7.07179871381911,78925.90251258582,0.9971598715396566,0.835249376888263,1.208658624863709,16.366016875181845,0.05908056323344001,42349.98181818182,1.0641740014446813e-19,4.1132052632680066e-05,0.06568269982300236,4.233642763585012,43.14180382857164,-34.00888370257207,0.438289269800471,0.019932226556720157,0.9879390306145327,0.02899534522885958,299.0,5.56506063161406,0.0008727695888285493,0.016,0.05455338958393949
EF_03.09.2024_20240903_215300.WAV,0.0002711226322536224,5.955418039552844e-09,1.7759440367217953,9.252844668752559,12.0,43.07374378928149,-43.90565629743888,-45.64187255335146,1.7362162559125807,0.9733858866303658,0.00024632760524323505,0.061260344717740445,0.04245636209012793,0.006569953405900941,25.13799678189203,3.4330490434460983,297.08131761359596,0.22970458387220583,1.5964064670848235,0.03851582066535013,0.06148690519524423,0.68389261091108,0.5281405226452243,2.3025850582685172,0.00014089502602931958,0.13613293246694472,0.12649287568975978,0.12880264883614903,0.12941200538260111,1334.3671875,5.536147955197295,0.0017530959048588889,0.021726182301461908,0.07810842401188167,0.6245392938992365,0.33332862586532525,5.583874041859315,7.070865603585837,78930.22103818214,0.9971416430119646,0.8359260349576123,1.2058117267239763,18.548152458539423,0.03945649670255067,42427.63636363636,-4.1777398039327506e-19,4.0886901394655994e-05,0.05660697926748341,3.0796756820063664,43.11584198884165,-34.00892621563647,0.35025484756967984,0.01993212899872751,0.9937204383091657,0.02307990690457719,238.0,4.815242987531681,0.0,0.0,0.0
EF_03.09.2024_20240903_215400.WAV,0.00027126644958159937,5.973431063799617e-09,1.8732692641984126,10.237628821553011,14.0,43.07898836281752,-43.90041172390284,-45.643904926712565,1.7434932028097236,0.9731969014837125,0.00021705438213359685,0.0466864165520684,0.03356249843891801,0.006694473491324904,19.708696079961726,3.020559967489682,296.99750061345844,0.22525920613270842,1.5815085714236805,0.03893810918840026,0.06158095343648618,0.6797942854728024,0.526970226000081,2.3025832489357714,0.001043832292547009,0.13801603465554585,0.12636989622733003,0.12932201070084848,0.12967056571865,1337.033203125,5.532729737327411,0.0018667487998254293,0.021842444133998305,0.08233530098205626,0.6232323697336584,0.3333283327376317,5.553670611813351,7.069672609077634,78925.11163729297,0.9971138518744265,0.8378155091748682,1.205311853580498,15.274949083503055,0.03494826520221123,42364.74545454545,5.499283688358718e-19,4.1029539523252154e-05,0.05531733822744404,3.2414456037655777,43.13096642883734,-34.025892651486885,0.3533353835706805,0.0198932329120058,0.9923630683734681,0.022982932505818465,237.0,5.034381007676211,0.0005818463925523662,0.032,0.018184463194646495
EF_03.09.2024_20240903_215500.WAV,0.0002703828770199098,5.92371211970503e-09,1.8088917872773973,9.642232071390891,11.0,43.05005316382352,-43.929346922896855,-45.66211330806016,1.732766385163302,0.9733402503247404,0.00022423374372471105,0.062047831282942556,0.04985855054003685,0.005975071438321988,21.4511803978059,2.986108502699972,297.111662318611,0.22983003116417827,1.596829376537717,0.03846934577345315,0.06142898142723706,0.7701968281159001,0.524242602020095,2.302585037828368,0.0001775596563247106,0.13650470371447967,0.1267238371192011,0.12906550213590964,0.129569793485113,1335.994140625,5.530918569713568,0.0018165521045485403,0.021872056531100165,0.08059482222963142,0.6225130930731533,0.33332851626064175,5.572365925562516,7.070576123669188,78931.7226651938,0.9971321822403556,0.8363435976799315,1.2057614898691902,13.092813500145477,0.034815670158083595,42384.07272727272,-1.551053057035505e-19,4.0659404777780865e-05,0.06092364877536668,3.046073767690639,43.09161016613446,-34.04866708563641,0.33724501558659625,0.01984114110542066,0.9941662151071249,0.026280062063615207,271.0,4.477582317485749,0.0,0.0,0.0
EF_03.09.2024_20240903_215600.WAV,0.0002725827877467196,5.985811719998662e-09,1.756340268561115,9.259390435653303,12.0,43.118562164195815,-43.86083792252456,-45.62877177851462,1.7679338559900586,0.9735732316076251,0.00048292845873565415,0.47991727958452757,0.46217237432435854,0.006866431519175431,21.273927229599675,3.159257670983118,297.3400591233177,0.2434338936304944,1.6435231279356353,0.03866301946619369,0.063543566688515,0.6656019150541228,0.5393621859414047,2.30256479104489,0.003297906547199503,0.1374907057188116,0.12663485197971938,0.12858511507082993,0.12963628042866843,1336.6796875,5.645991192143269,0.0018044291290854428,0.021635049035423605,0.08016858253516004,0.6270443661330942,0.3333286603112707,5.587546142140629,7.072038608404952,78968.47026007604,0.9971501804474922,0.8348079815023179,1.2066668964789047,16.366016875181845,0.042847141402385804,42429.81818181818,-6.442657855021741e-20,4.130598794085679e-05,0.06209826357888848,5.144116861782683,43.16013013912321,-34.01285123224746,0.41914186464554604,0.01992312401858243,0.9885681704494136,0.023273855702094646,240.0,5.731756927986874,0.0002909231962761831,0.016,0.018184463194646495
EF_03.09.2024_20240903_215700.WAV,0.00027143745022122567,5.959016495196532e-09,1.752368074768925,9.203063286686255,11.0,43.083265291122636,-43.89613479559774,-45.6532283455289,1.757093549931163,0.9734781599364797,0.0002600362792106736,0.30800328933195487,0.29821476908560596,0.006795102590665403,21.87873699612034,3.2964092184671987,297.4155375987217,0.23835274603805412,1.6258874952891589,0.038435407340402926,0.062491648171106265,0.7173508314598049,0.5325736490090855,2.3025831977320745,0.0009983269992698495,0.1355995215465684,0.12682981942015686,0.13011147699081918,0.13027482027688875,1343.263671875,5.583456404727627,0.0018836073125787995,0.02187163506035703,0.0838626598872454,0.6249190940199257,0.33332865553875346,5.587035757025059,7.071444185303702,78938.04359306955,0.9971475148782529,0.8353165770289159,1.207848419027091,13.092813500145477,0.047052298516147804,42398.181818181816,3.4084687934041265e-20,4.087294867718875e-05,0.06622163079921625,3.4652748780849563,43.114359699366545,-34.039376360207974,0.4123690692423665,0.019862375224720348,0.990893418854303,0.02560124127230411,264.0,5.3136016704934255,0.0002909231962761831,0.016,0.018184463194646495
EF_03.09.2024_20240903_215800.WAV,0.0002709271736713768,5.905361782886018e-09,1.7324733340874021,8.91077860824149,12.0,43.0652091767508,-43.91419090996956,-45.6549014478733,1.7407105379037375,0.9736308714607043,0.00033039016854818914,0.08569531222722637,0.05918339640086989,0.006418925759804184,31.041416724631652,4.050857561518011,297.27184692395576,0.23622340714709922,1.618566762473682,0.037923440760612874,0.06138162073376765,0.6730458503252582,0.5282803879564335,2.302585068297554,0.00011394801207469385,0.13768467332622117,0.12613193596669356,0.12927306560365165,0.1295872202623412,1336.173828125,5.5484016810032175,0.0018029137571525557,0.021611456069448254,0.08027514245877788,0.6238319073985958,0.333328757249064,5.598027299943734,7.072402600113886,78978.55243385064,0.9971589136199792,0.8346824150291933,1.2067724336582848,15.274949083503055,0.04099081078459897,42504.836363636365,2.56444697127432e-19,4.06921719040058e-05,0.05998157331786104,3.0826099369212145,43.095108705058315,-34.039228411495024,0.37584125629661713,0.0198627135479089,0.993299024792556,0.02948021722265322,304.0,4.633564843792687,0.0005818463925523662,0.016,0.03636892638929299
EF_03.09.2024_20240903_215900.WAV,0.00027098072412583285,5.910046460067724e-09,1.7282980839339324,8.810303961736366,11.0,43.06705446288896,-43.912345623831406,-45.64747234807917,1.7351267242477633,0.9736218172888895,0.000288238618504022,0.07615514263994205,0.05202490202675458,0.0064107049781537695,22.662378798475412,3.363726957201492,296.9242739951435,0.23354878465608003,1.6094289629413208,0.037891031779090666,0.06098292398099852,0.6269522952979266,0.5267677282834615,2.3025850704958732,0.00011564570347033509,0.13774124721171566,0.12569900826561964,0.1284264967002847,0.12943890323440987,1334.64453125,5.526921253348069,0.0018053762365434973,0.02163694366467804,0.0798489027643065,0.6254739972949919,0.33332878080366923,5.60060761034852,7.072346797345717,78976.09596201874,0.997160249957821,0.8345435413377664,1.2060149658409012,18.548152458539423,0.037562281786441665,42500.92727272727,-3.950964134982328e-19,4.073123064325432e-05,0.05465562319530411,3.0490955458394895,43.09927531949499,-34.03922172372173,0.33162787764614876,0.019862728841377027,0.9942396184857961,0.0224010861132661,231.0,4.616637203305947,0.0,0.0,0.0
EF_03.09.2024_20240903_220000.WAV,0.00027051538348852434,5.915798284317048e-09,1.7318687292489905,8.91954319773568,11.0,43.05355546246357,-43.925844624256804,-45.66427544660769,1.7384308223508853,0.9735112701604031,0.0002360276799752148,0.07863078503124865,0.06592676321829982,0.0065927245169545845,23.177144813652664,3.1716760155889836,297.2056044435437,0.23677244277639517,1.6204504555304657,0.03785805219456596,0.061347097924180555,0.7158674404743195,0.526056274716961,2.302585005068052,0.0002366449105428714,0.13519542236446516,0.12613393563274933,0.1288597514495453,0.12968458290902918,1337.177734375,5.540700325346628,0.0018246972286878093,0.0218282566851832,0.08087898202594569,0.62397587019338,0.33332872927888213,5.594980475785979,7.071654127203552,78941.39121064763,0.9971542195150545,0.834052322963297,1.2068449462580815,13.092813500145477,0.03547864537872175,42449.43636363636,4.691638491846365e-20,4.057606876204008e-05,0.06174217140096889,3.0708984537041077,43.082699678413015,-34.04860687343453,0.3393227060718047,0.019841278648376464,0.9941445491502132,0.02317688130333592,239.0,4.647990011137701,0.0,0.0,0.0
EF_03.09.2024_20240903_220100.WAV,0.000270841685600052,5.903429889234785e-09,1.7307528647612613,8.814049795215379,11.0,43.06256632483433,-43.91683376188605,-45.65275325923857,1.7359194973525192,0.9736190992295769,0.0002598439965234567,0.06352385685707729,0.04419199069218949,0.006371454330500348,23.08373913904125,3.4422636264600164,297.1468267886396,0.23391687113899867,1.610682737490335,0.0378921787524645,0.06103227820249263,0.6753046349293546,0.5262077381729323,2.3025850570667044,0.00014827213072656775,0.13465392946044677,0.12551903832060046,0.12973260568288836,0.12979179547328096,1338.283203125,5.528084063229159,0.0018148473111240424,0.02186348154322488,0.08045274233147429,0.6266010750272664,0.3333287789900891,5.600408466232628,7.072329678368287,78977.35600008561,0.9971599261176449,0.8347099801487029,1.206343480580411,9.819610125109106,0.0288867774706624,42521.98181818182,4.00416232157895e-19,4.068341455702552e-05,0.05253397338689047,3.033458169056879,43.09417396095392,-34.06606311630712,0.3250199560362148,0.019801443192453097,0.9947537726027941,0.022885958107059737,236.0,4.398458288498347,0.0,0.0,0.0
EF_03.09.2024_20240903_220200.WAV,0.0002701890284384497,5.9040871459214255e-09,1.7474430153859482,8.952351339550424,11.0,43.04321088868498,-43.93618919803539,-45.67510287613199,1.7389136780965941,0.9734694487753754,0.00028537777903014927,0.06328693945810993,0.042806822902104136,0.006423639158763761,26.742325354992676,3.9195956676844204,297.3658185098599,0.22925429913351322,1.594889595558642,0.03814116277563757,0.06083094367337293,0.6679289357395417,0.5237612788903258,2.302584645511169,0.0005283063032790025,0.1372159182749814,0.12594396735745134,0.1293682366259788,0.12994427977402775,1339.85546875,5.528492160429275,0.0018218559063136455,0.02173947994774475,0.08073690212778854,0.6241356326428461,0.33332871758767807,5.593712421146402,7.071391639900551,78941.23504940605,0.9971510473621681,0.835352818608763,1.2056133445185013,13.092813500145477,0.03621738919600427,42458.63636363636,-3.271688475692258e-19,4.049949523589013e-05,0.06167620192647143,3.0369155913323103,43.07449610433591,-34.066188745095,0.32892729373221385,0.01980115679538611,0.9947376643093445,0.022013188518231187,227.0,4.4436178005464235,0.0,0.0,0.0
EF_03.09.2024_20240903_220300.WAV,0.00027050195319510686,5.876600552542666e-09,1.7383319270443365,8.935451831892568,12.0,43.05100346277116,-43.928396623949205,-45.66293292491804,1.7345363009688342,0.9736635431915293,0.0002665913834545286,0.06593548097425961,0.04912509907182483,0.0068853527962193795,21.701545370305276,3.2780173555514267,296.9002464785091,0.23424418132131958,1.6117986324296179,0.03792432969186189,0.06112638273315294,0.6422191788176436,0.524231235400056,2.3025849568120442,0.00029068961387519466,0.13745837778424336,0.12611793830430318,0.12900568035044688,0.1294639068713025,1334.90234375,5.527601164939204,0.0017862446658907965,0.021900237174288635,0.07967130289161009,0.6252645949639608,0.33332875707425696,5.59800820023753,7.072606684841305,78993.05059492592,0.9971594495546192,0.8349245704643378,1.205405884381936,16.366016875181845,0.03665305862670934,42481.58181818182,-2.339668862690174e-19,4.058737423052553e-05,0.06031607739071532,3.0377844889964916,43.08390955873087,-34.04405390382125,0.3215142399738653,0.0198516845703125,0.9945943174879897,0.022498060512024826,232.0,4.452356274429128,0.0,0.0,0.0
EF_03.09.2024_20240903_220400.WAV,0.00027099504725865066,5.8957969381271385e-09,1.7245562591983834,8.819628301596966,11.0,43.06669937776675,-43.91270070895362,-45.65250641981671,1.739805710863088,0.9736937065903253,0.00039277250400227004,0.11164542704421809,0.07459449122453554,0.0069356572755514545,29.568098307098403,4.1085962163415175,297.2346178005785,0.23585517357516023,1.6173049019480827,0.037809203648105104,0.06114901039883372,0.6449871778089805,0.5281850451418246,2.302585075388027,0.00010675681392218195,0.13718359034041314,0.12661985448430113,0.12957489370303196,0.129733832496848,1337.685546875,5.544636648630288,0.0018353048322180196,0.02169264704300225,0.08155386154219205,0.6269818026017685,0.3333287903936568,5.601661980469923,7.072796726482699,78994.44249823294,0.9971631610318162,0.8345454131854472,1.2068314688147115,17.457084666860634,0.04292290999903016,42514.72727272727,2.5837917664003643e-19,4.071689722136941e-05,0.06260921439312243,3.0627148390384256,43.09774675738832,-34.05275206281924,0.3758314425903251,0.01983181200316458,0.9935420703192221,0.02957719162141195,305.0,4.620060481963161,0.0002909231962761831,0.016,0.018184463194646495
EF_03.09.2024_20240903_220500.WAV,0.0002706128777339461,5.90201634642091e-09,1.7319707706959597,8.892238684939684,11.0,43.055694987441264,-43.923705099279104,-45.664622625644206,1.7409175263651022,0.9735856911841587,0.0004051468275990677,0.11538773320353202,0.07575378122550713,0.007453218627817004,33.907367635807475,4.35346035059107,297.1067041395906,0.23430842660393414,1.6120177751590181,0.03784001884417846,0.06099878298916788,0.6868349905918409,0.5271304984348798,2.3025850703022672,0.00011036342671282285,0.13605211263052405,0.12613993463091663,0.12936370467253464,0.1296044576180778,1336.3515625,5.542752748962133,0.0018796294612549705,0.02186667673091284,0.0836495400400097,0.62686561774309,0.3333287506586872,5.597307728876059,7.072120031722752,78965.41562100868,0.9971574819721402,0.8344161514917621,1.2071460828243057,22.912423625254583,0.040687736398021535,42508.181818181816,3.115353093342106e-19,4.061221946263539e-05,0.05830853261012472,3.0533736481717497,43.086567243838125,-34.05255099014412,0.3340682392457097,0.0198322711019805,0.9941728312393908,0.023370830100853376,241.0,4.60973754454719,0.0002909231962761831,0.016,0.018184463194646495
EF_03.09.2024_20240903_220600.WAV,0.0002705752297102208,5.879752596739103e-09,1.7226548892834497,8.789830016784853,11.0,43.05335430316977,-43.926045783550606,-45.66868237378124,1.7426365902306316,0.9736856848906263,0.00028826124646152973,0.06926498606720066,0.04637995429063213,0.007037769112567149,28.835168715772472,4.039797235689109,297.0338248919871,0.23713579187443143,1.6216985653504365,0.037690233829569667,0.06112219812913562,0.6421588992195459,0.5256449137864685,2.3025850647680106,0.00012329839277960274,0.13742604984967513,0.12598596034462245,0.1296029918143857,0.1299992120065949,1340.421875,5.529612311685018,0.0018711054941324798,0.021654967585783558,0.08308122044738118,0.6228548423839497,0.33332879519194186,5.602190363098923,7.072746810210032,78991.67131382374,0.9971634075723811,0.8342587614849557,1.2060657361463356,10.910677916787897,0.03460730651731161,42516.30909090909,-7.011436885629895e-20,4.058591302873758e-05,0.05755950298511682,3.053801721657772,43.08375320387697,-34.02583420196979,0.32235742743520746,0.0198933667789806,0.9940999212102742,0.02269200930954228,234.0,4.656583455343958,0.0002909231962761831,0.016,0.018184463194646495
EF_03.09.2024_20240903_220700.WAV,0.0002706807981542608,5.8891239431206114e-09,1.7415965128570432,8.92084462730418,12.0,43.057004944366504,-43.922395142353864,-45.65857676936339,1.736181627009529,0.9736355645853478,0.00026650405786710074,0.06276658051536288,0.043990376073825166,0.006475173637957465,25.820467870974234,3.75377090095479,297.0718557232491,0.23210429726286902,1.6045203702418005,0.0381030933253367,0.06113718940972712,0.6819552518681445,0.5254864439989729,2.30258389656992,0.0007883357712648476,0.13709468852035042,0.12602295416665418,0.1288715345285001,0.12984994787120552,1338.8828125,5.530198944006708,0.001813900203665988,0.021865586324863094,0.08041722235693502,0.6266822947748357,0.33332875849088267,5.598163004085581,7.072431583517363,78987.74750030362,0.9971583246411876,0.8353479661499605,1.206088553567533,16.366016875181845,0.03250472796043061,42483.98181818182,-3.829007817883352e-20,4.060844115071967e-05,0.05474194511523519,3.048920128543829,43.086163184081734,-34.039552999637294,0.3218708413185567,0.019861971300298518,0.9945446652517408,0.022885958107059737,236.0,4.495395361642717,0.0,0.0,0.0
EF_03.09.2024_20240903_220800.WAV,0.0002707667395653011,5.880462909205309e-09,1.7436011352647733,8.980679754969323,12.0,43.05908227237788,-43.92031781434249,-45.646789061058676,1.7264712467161871,0.9736883313910903,0.00023997604838876807,0.06977537272921697,0.05568568742914337,0.006627592773575053,23.383879106293342,3.563199806268147,296.5328249116887,0.23305850507653822,1.607760843869314,0.03797625954839943,0.06105674309853476,0.7070401144720196,0.5230761272332727,2.3025850427286847,0.00017167295378133217,0.13720783629133934,0.12618192761808777,0.12846365871852672,0.1292070513286781,1332.25390625,5.518353078651359,0.0017659765662884296,0.02186251377865961,0.0782505039100388,0.6246726420347053,0.33332875180243277,5.5974325346307365,7.072761308017085,79003.61999810471,0.9971594275620106,0.8352805695853646,1.2049570591175947,14.183881291824266,0.03426634783241199,42506.58181818182,2.96648227867646e-19,4.065717229853701e-05,0.05409068781738403,3.036761424741678,43.091371702231605,-34.035253344949886,0.31265724138444995,0.01987180572856556,0.9944317227240407,0.020558572536850273,212.0,4.707835101462443,0.0,0.0,0.0
EF_03.09.2024_20240903_220900.WAV,0.00027089849763138087,6.038277927309719e-09,1.7768578607067624,9.1750892915943,11.0,43.0716322307996,-43.907767855920774,-45.65323008592366,1.745462230002886,0.9729831481067522,0.0002474639075586982,0.17406622608180777,0.16551018235443016,0.006459466189747132,23.228962208174725,3.3487173847169767,297.1441726361419,0.21853117739876604,1.559283162881285,0.03909900763794639,0.06096642429521657,0.6481207179012618,0.528900677190426,2.302573559420468,0.002393807167128692,0.13679565512559402,0.12574800008398598,0.128978488629782,0.12962302092425565,1336.54296875,5.541953985266992,0.0017758264838521967,0.021738825777353737,0.0786412236299709,0.6252965929384441,0.333328568145499,5.577780656686299,7.0683457538277565,78811.12975100926,0.9971268287927403,0.8359899624917817,1.2060872893168604,20.730288041897005,0.03439894287653962,42432.36363636363,1.7292564686585772e-19,4.075847742651467e-05,0.06025049648946666,3.1646420066229557,43.10217952134842,-34.02614497742554,0.3322725327522704,0.019892655020049124,0.993795767796729,0.022595034910783553,233.0,4.749972202090606,0.0,0.0,0.0
EF_03.09.2024_20240903_221000.WAV,0.0002706290661109185,5.911650852946438e-09,1.710415872529399,8.621089181088148,11.0,43.05670448580487,-43.922695600915496,-45.667137594311654,1.7444419933961584,0.9735742799616021,0.0003992897036962928,0.11181141343331857,0.07474858309226518,0.007344039516673839,25.82099774835116,3.6232002519366335,297.29670315776616,0.23478102867514078,1.6136309670123663,0.03772193800673824,0.060869287303393554,0.6779026885802403,0.5281764806731296,2.302585028416564,0.0001958172319460161,0.13585814502311447,0.1258939757060571,0.12967097111604792,0.1296258622466298,1336.572265625,5.547747742809576,0.0018034820216273884,0.02178181363149005,0.07995546268792436,0.6248244827060091,0.33332881854804913,5.6047703198336,7.072051266218713,78952.29886231564,0.9971622560683278,0.833769645927638,1.2069828689477438,20.730288041897005,0.04191897609349239,42524.92727272727,2.605659795673284e-19,4.0612830912529296e-05,0.059428296026221454,3.0632710069597318,43.08663262990157,-34.05269913558248,0.3601772095994349,0.01983193284815008,0.9939929524975071,0.02899534522885958,299.0,4.4464979853655,0.0,0.0,0.0
EF_03.09.2024_20240903_221100.WAV,0.00027630122610158646,6.206608528290602e-09,1.722048215984015,9.169975279243813,11.0,43.239216603493645,-43.74018348322672,-45.64114261458546,1.9009591313587393,0.9734169329185995,0.007462900235712833,0.6785439161664532,0.5585300127614503,0.006989337643984683,29.418386648105088,4.19099664558975,297.95949302140605,0.30239755207558733,1.866962416703999,0.03948030200870859,0.07370824005038235,0.7047313093394919,0.5871921497842088,2.2999363108632034,0.03550510198245309,0.13858177351049042,0.1274137219084413,0.12926309530607452,0.13022216110222093,1342.720703125,6.144432787131121,0.0020544654980118324,0.02219685155037289,0.08972345568622696,0.6272262765734562,0.3333286592540885,5.587433039463225,7.071062186391511,78888.84529752513,0.9971474212422436,0.8438923081639622,1.2125966723734667,16.366016875181845,0.06470638153428378,42425.23636363636,3.376297558031466e-19,4.2173606014537506e-05,0.13296098601138887,20.813561892440056,43.25040736543927,-34.01260839107646,0.6040687222120553,0.019923681039521187,0.9700423952287635,0.02569821567106284,265.0,7.25041034941702,0.0030062063615205587,0.020666666666666667,0.14547570555717196
EF_03.09.2024_20240903_221200.WAV,0.00028180688720468104,6.592433538692943e-09,1.4060186603731224,6.932818996302121,15.0,43.41746572565008,-43.561934361070286,-45.651299677007344,2.0893653159370587,0.973421748066172,0.017872034598937603,0.5146759330682696,0.39520803639782953,0.006919729167626509,18.672698129131433,2.833558732605251,298.00223127351444,0.4047442703143718,2.359900460019525,0.03797265020868182,0.08961167469562872,0.7322082768824585,0.6259232603249207,2.297843221001179,0.046811098285178154,0.1368845569456567,0.12686181407704913,0.12997008004336172,0.13012328308360005,1341.701171875,6.852999013379767,0.0020385540927165165,0.022032744122215023,0.09004313545708051,0.6230742747715786,0.33332921066968896,5.650199399609263,7.071120030263667,78678.58545135956,0.9972024752417569,0.8456084233450827,1.2141644004545857,22.912423625254583,0.06811596838327999,42437.4,2.931157000620205e-20,4.429860232227148e-05,-0.3512801650624213,232.6914219462905,43.463900238912245,-34.0355486749604,0.7489890414967704,0.01987113007632169,0.9437107201218569,0.026764934057408846,276.0,8.25985499911183,0.0020364623739332816,0.016,0.12729124236252545
EF_03.09.2024_20240903_221300.WAV,0.0002726734562446923,5.986762782829526e-09,1.656959421979632,8.390583293665049,11.0,43.12128696241281,-43.85811312430755,-45.63060766541551,1.7724945411079602,0.9737335580221582,0.0004956432725622406,0.25535433380948225,0.2198301710858852,0.006103069408033623,14.14305620779038,2.4631238904174597,297.52727371446707,0.25332830499001047,1.6785533901526057,0.03773530746131912,0.06334072826764812,0.7054610424782569,0.5361200605565217,2.3025847248375437,0.00046749264569747597,0.1362784081725019,0.12764168383879892,0.1304966930335718,0.12992003382310152,1339.60546875,5.638281194778414,0.0019754767360100865,0.021904632974602763,0.087840897035645,0.6231262111174634,0.33332889709330643,5.613545546207785,7.073051430689095,78961.24909387321,0.9971752494214706,0.8332005941797647,1.208600334144382,26.185627000290953,0.07658310905828727,42428.69090909091,3.135538966517109e-19,4.1221134618495845e-05,0.05647424662390107,3.119573120585762,43.151199416346095,-34.03559394118861,0.4155372065141876,0.019871026518850615,0.9930385485988807,0.03064391000775795,316.0,4.735090975558379,0.00126066718386346,0.017333333333333333,0.07273785277858598
EF_03.09.2024_20240903_221400.WAV,0.00027241694865292617,5.937821050001858e-09,1.715356295621785,8.970787156478295,12.0,43.111070751443606,-43.86832933527677,-45.63990123160167,1.7715718963249003,0.9738109322516981,0.0012618915040755185,0.4082738925670094,0.3248312218187561,0.006971564135911601,21.071056139571287,3.3453673986637638,297.2747767947893,0.258898305740326,1.698684965223169,0.038172267724249045,0.06484265727165549,0.7436260526819354,0.5323978597105746,2.302584476350833,0.0006192189856825791,0.1369653767820774,0.128263579982143,0.12866578384213576,0.1301922325065464,1342.412109375,5.6648202516299495,0.002054465498011832,0.021622526816354938,0.09057593507516974,0.6238530743067358,0.3333287750640554,5.599977631061802,7.073529522239382,79015.20749167471,0.9971661847523401,0.8379647579858518,1.207637949525663,30.54989816700611,0.0809208612161769,42360.163636363635,3.124604951880649e-20,4.1145655857331646e-05,0.058108829504288834,3.0668419086063983,43.14323989322744,-34.039517165946414,0.35128468734745155,0.019862053241151752,0.9942829582532202,0.02404965089216447,248.0,4.511867184131137,0.0002909231962761831,0.016,0.018184463194646495
EF_03.09.2024_20240903_221500.WAV,0.0002706783160897946,5.885522394990116e-09,1.7408267758878864,8.96770682684962,11.0,43.0567336164963,-43.92266647022407,-45.664878342326006,1.742211872101933,0.9736550363114005,0.00032907506167900724,0.09029830423906282,0.06445583500601648,0.0069156719673375555,24.08876657227646,3.62387041582914,297.46176222646466,0.23547269638675966,1.6159955184697519,0.0378971103072303,0.061241560419438006,0.67572247501298,0.5273017068942745,2.3025850585944614,0.00013205646852938458,0.13797562473733554,0.12657386216501845,0.12955314032650006,0.1300388010983416,1340.830078125,5.548896141432859,0.001867127642808651,0.021826029792779117,0.08290362057468478,0.6266310317048209,0.33332874696175574,5.596904531904212,7.072553143597231,78991.62453295445,0.9971585146530925,0.8351160487003598,1.2066528352783585,17.457084666860634,0.03629315779264863,42481.763636363634,-2.791117505468623e-19,4.0614854229100834e-05,0.057787269680633996,3.0487292505894694,43.0868489884549,-34.06625903067015,0.3538342956872711,0.019800996566541267,0.9941486527391177,0.025795190069821568,266.0,4.563567073202232,0.0,0.0,0.0
EF_03.09.2024_20240903_221600.WAV,0.00027075175097492966,5.89651398611182e-09,1.7431745152124014,8.981807290106595,11.0,43.0595173659459,-43.91988272077448,-45.65640073121734,1.7365180104428575,0.9736177414078573,0.0003029763330113511,0.0877569241362407,0.060392978815409615,0.006251389131880947,25.620517887301997,3.5358782183356934,297.2224949854332,0.23243497380176503,1.6056424299398322,0.037946003152880846,0.06092771270889614,0.6640647258211921,0.5261709761711169,2.30258504671371,0.00016358847755046924,0.13567225939934693,0.12588897654091766,0.1287953977106384,0.12956562621229756,1335.951171875,5.533164796959084,0.00182697028658714,0.021686964023035563,0.08084346205140641,0.6262909759427242,0.3333287359306,5.5957033742230795,7.072319580040359,78981.83098126961,0.9971567141043335,0.834841575995364,1.2059788002016518,12.001745708466686,0.033906446998351276,42521.74545454545,1.3202822673525298e-19,4.0642091978332755e-05,0.05935606538846485,3.0482510087599595,43.08976054375843,-34.05269465748929,0.3470075619793036,0.01983194307269472,0.9942554655537967,0.025019394879751744,258.0,4.529447140841352,0.0,0.0,0.0
EF_03.09.2024_20240903_221700.WAV,0.00027107151064979915,5.887726868295255e-09,1.7082685427362243,8.616621969710625,11.0,43.06852619717833,-43.910873889542046,-45.651369631404066,1.74049574186202,0.9737614367808978,0.0003399956220050404,0.09202697857752518,0.06160722508821448,0.006635350650274319,40.88030723043433,4.9555500917746045,297.2441760894675,0.23411663074875239,1.61136366227049,0.037849581514054216,0.06098944028389184,0.6400689261495991,0.5283120715508218,2.302585073811842,9.859988458185142e-05,0.13605211263052405,0.12647687836131366,0.12905099988488838,0.12960995084133448,1336.408203125,5.54024994881023,0.0018474278076811173,0.022050234683548827,0.08190906128758486,0.625960225351301,0.33332885289942554,5.6085891865707955,7.073222539000141,79008.401810222,0.9971696770713879,0.8347847143087406,1.206389982950114,15.274949083503055,0.03799795121714673,42513.65454545454,-4.151981788683398e-19,4.071635653954755e-05,0.050647307037348786,3.051989000266861,43.09768908681251,-34.04405403951404,0.32195182892367313,0.0198516845703125,0.9943718286791181,0.024243599689681924,250.0,4.45524834835183,0.0,0.0,0.0
EF_03.09.2024_20240903_221800.WAV,0.000270551904245577,6.002842265445536e-09,1.82736507219158,9.820972736572212,12.0,43.059415951784395,-43.91998413493597,-45.714334403035686,1.7943502680997128,0.9730071864478268,0.0003718762078182003,0.5013116124310946,0.48518803936514365,0.00658247646254706,17.63038875407457,2.8771254727238413,297.1514464850059,0.22588015832543643,1.5835793017184938,0.039003906025244034,0.061765778267749705,0.6601439789496829,0.5332483763851481,2.3025598926723196,0.003613206288418702,0.14041638379723917,0.12804961571417572,0.13076679745884306,0.13173241865483465,1358.29296875,5.649271597727024,0.0020283253321695277,0.02258744787035017,0.08840921662827352,0.6252233330137696,0.333328406366621,5.561087370961198,7.068489744138776,78840.04548863824,0.9971150551329027,0.8369323409441434,1.208773870867226,33.82310154204248,0.08732330763262536,42154.23636363636,-5.2567378059903245e-22,4.065925294872435e-05,0.07888637560513759,5.761016221725136,43.09159394881773,-34.060286203542084,0.37907376540352544,0.019814617347717285,0.9854933982625639,0.022013188518231187,227.0,5.774146111520393,0.0,0.0,0.0
EF_03.09.2024_20240903_221900.WAV,0.0002700791511343686,5.866789540176138e-09,1.7201537271354213,8.766188288060059,11.0,43.037887480157096,-43.941512606563265,-45.67772690726551,1.736214300702244,0.9736535087768546,0.00023055138959748867,0.22446302280367392,0.21934456745379016,0.0060683421153889805,22.666974823855373,3.2798602690165346,297.1575625490274,0.2363687198796392,1.6190650541250318,0.03772167477789877,0.061073845415965514,0.6379045193618961,0.5236133710440591,2.30258461141746,0.0005260815949226227,0.13579348915397793,0.1260389514951003,0.12873557592517562,0.12956164836097372,1335.91015625,5.544511748849546,0.001842502848899234,0.021816993128399378,0.08158938151673134,0.6281455934164933,0.3333287967601952,5.60236317882574,7.07254569627455,78979.85356021814,0.9971626281580284,0.8345219812557693,1.2061347783910028,7.637474541751527,0.0330919345844244,42505.98181818182,1.5307620491043826e-19,4.0436208052010926e-05,0.06349417507628384,3.0917161532588238,43.06770422406076,-34.05073180257865,0.3342384955692239,0.01983642578125,0.9940848842167875,0.023467804499612104,242.0,4.653829307662397,0.0,0.0,0.0
EF_03.09.2024_20240903_222000.WAV,0.0002701332001650478,5.862742566584097e-09,1.7377772241062384,8.936366690578451,12.0,43.039273250174304,-43.94012683654607,-45.68069854720568,1.7405717106596086,0.9736560707637971,0.00029777635542926895,0.5737935749252527,0.5544923811017684,0.006877259475004727,37.22115120422086,4.638295561089572,296.8326601952705,0.23595893289968384,1.6176603406808843,0.038028895650486075,0.061517836293683105,0.7250634058688292,0.5236569955688382,2.3025752969397244,0.0022532929970427774,0.13561568551385253,0.12540205785633798,0.12893951383016233,0.12946523282174377,1334.916015625,5.560144871822362,0.001849890287072059,0.02200540207284999,0.08215770110935984,0.6266842183177741,0.33332875672760504,5.597970326638604,7.072559927742656,78989.93043679623,0.9971591665411215,0.8361843376713496,1.20509626815262,8.728542333430317,0.031993289933081176,42473.65454545454,-3.588880034905714e-19,4.0456587689869676e-05,0.07023263853556833,3.1963304443122738,43.069892494195656,-34.06208752904239,0.33678714370384455,0.019810508514173104,0.9934150565883672,0.02230411171450737,230.0,4.842332830573494,0.0006788207913110938,0.018666666666666665,0.03636892638929299
EF_03.09.2024_20240903_222100.WAV,0.00027070607182649875,5.8965233756078905e-09,1.752448099914621,9.032651090450752,11.0,43.05816146467711,-43.921238622043255,-45.65196676869269,1.730728146649433,0.97359254342315,0.0002277626631933538,0.07186702780396381,0.060058565184178514,0.006608918206061576,23.65838757217706,3.3391374125894098,296.77580747566503,0.23131168686060524,1.6018347954736212,0.03808905082374732,0.06101236693604165,0.6680543543309184,0.5246383163124171,2.3025848015100796,0.0004053856501780473,0.13586622700675652,0.1265118725172896,0.12809475770817302,0.12932884934778394,1333.509765625,5.529609630396683,0.0017436248302783435,0.021734721819878067,0.07761114436833172,0.6267100150090499,0.33332871876803855,5.593840299875891,7.072161230876686,78980.92216172142,0.9971544195154555,0.8359049705673314,1.205773310537316,12.001745708466686,0.03288357094365241,42541.545454545456,1.3949279441975925e-19,4.064115512767534e-05,0.05892772301207262,3.062289708735791,43.089660432336856,-34.048686264968936,0.3289649332845386,0.01984109729420055,0.9942445278905475,0.022110162916989914,228.0,4.687272007210759,0.0002909231962761831,0.016,0.018184463194646495
EF_03.09.2024_20240903_222200.WAV,0.00027029585400145266,5.8930307977911524e-09,1.7347753964531525,8.87904755533462,11.0,43.04577943422409,-43.93362065249629,-45.67572803572904,1.7421073832327494,0.9735579098528463,0.00037923684989804585,0.1057880252022696,0.0711240177962662,0.00666475327359739,25.931696434386726,3.830334828310504,297.0456358616817,0.2324017810949772,1.6055297559874433,0.03782824524886422,0.060734373363842124,0.6389096594128364,0.5253626599556016,2.302585073168914,0.00011276807620745899,0.13686031099473053,0.1257270035904004,0.1297489207152873,0.12963135546988652,1336.62890625,5.543368935816875,0.0018262126006206964,0.021926892148905017,0.0810210619241028,0.6241279118491586,0.3333287500240566,5.597238491287782,7.071946179479221,78959.99670049764,0.9971563959948797,0.8345239636211679,1.2064443428815907,16.366016875181845,0.04019524051983319,42506.30909090909,2.1120521156907926e-19,4.050078066583021e-05,0.06079313601928235,3.050951695007162,43.07463394463922,-34.06600693369117,0.3626887405822501,0.01980157127380371,0.9942622167023282,0.02744375484871994,283.0,4.424709450100383,0.0,0.0,0.0
EF_03.09.2024_20240903_222300.WAV,0.00027062605925532286,5.948778387017379e-09,1.727933212692546,8.846957805498507,12.0,43.058651887403094,-43.92074819931728,-45.663576469513636,1.7428282701963553,0.9733941839456328,0.00036743540324779556,0.10568792186365017,0.07059504476215583,0.007064973838623034,29.754147570464312,4.1176245786127454,297.2377312833722,0.23119429778018102,1.6014375208525113,0.03800523815349914,0.06086301436794894,0.7026842495955944,0.5273414636083685,2.3025846187509047,0.0005433363802680446,0.13867067533055313,0.12620892310984066,0.12902018260146816,0.12957415017942003,1336.0390625,5.541714910770759,0.0018207193773639805,0.022111633323895978,0.08095002197502424,0.6244311315376195,0.3333287236732769,5.594372077741814,7.070922080504864,78904.8729912457,0.9971509753541069,0.8340097369785261,1.2056321143553634,24.00349141693337,0.037183438803219865,42515.545454545456,3.5628066153880025e-19,4.063461694782465e-05,0.06324374025805544,3.056154296876865,43.08896170124776,-34.02612169884951,0.31759860804734075,0.01989270833333333,0.9943345206863706,0.02143134212567882,221.0,4.677429498947994,0.0,0.0,0.0
EF_03.09.2024_20240903_222400.WAV,0.00027095521672285036,5.888469795316249e-09,1.7110445423091118,8.663021574453257,11.0,43.06511630331486,-43.91428378340551,-45.64794373190705,1.7336599485015398,0.9737350684428235,0.0003050503180233033,0.09203869951431143,0.07057063101893302,0.005926649162708575,24.84817049298198,3.5202105316768817,297.0405927792225,0.23522982956055483,1.6151647610036601,0.03786025687164337,0.06115055274162504,0.646140433652754,0.5268986882261583,2.3025850282404563,0.00020029840013151555,0.1349206349206349,0.12617192928780893,0.1290056803504469,0.12943587249054408,1334.61328125,5.533911584013218,0.001825265493162642,0.021663528274088618,0.08123418177133851,0.6275447570072349,0.33332883751779474,5.606875592721571,7.07305710509972,79000.59813733494,0.9971678133063886,0.834465156389883,1.206409144639251,30.54989816700611,0.040365719862282996,42535.145454545454,-3.223957296413866e-19,4.0671634519316346e-05,0.05715566857545795,3.0524695349605935,43.0929162626383,-34.03551072295824,0.33682532874182414,0.019871216901143393,0.9943628567353537,0.025989138867339022,268.0,4.448653793096165,0.0,0.0,0.0
EF_03.09.2024_20240903_222500.WAV,0.0002710388998128848,5.9381561242429185e-09,1.7648743544757255,9.095050540517592,11.0,43.07031792109515,-43.90908216562523,-45.65129765647991,1.742215490854683,0.9734562422398171,0.0002446269862235173,0.06489651872153701,0.05346584462408066,0.005713839978143009,23.71560033919993,3.163432018188603,296.9374043554363,0.23081006355660272,1.600138022147895,0.038232411973093225,0.06117713607656889,0.6424280705079721,0.5263806734903367,2.302583164736969,0.0009997373938077203,0.13829890408301812,0.12595896485286956,0.12864403046560383,0.12968003679323054,1337.130859375,5.537369996749138,0.001754232433808554,0.0218128720099834,0.0778597841901067,0.6247246384994014,0.3333286827587186,5.589953742129577,7.071307379810573,78947.34447197347,0.9971473356349406,0.8352869673614326,1.2061732231696456,20.730288041897005,0.03589537266026573,42526.89090909091,3.893875962409273e-19,4.07643127959162e-05,0.05928408826868288,3.237358633710943,43.10280125392857,-34.021923540670606,0.358572981140199,0.019902325416333747,0.9920566855341045,0.020849495733126455,215.0,5.139189268151847,0.0,0.0,0.0
EF_03.09.2024_20240903_222600.WAV,0.00027184960754764994,6.015805521523635e-09,1.7232270994059027,8.831987032597326,11.0,43.098546560859454,-43.880853525860914,-45.646034198181894,1.7651806723209802,0.9733481703541251,0.0003345342533118689,0.2522142785176149,0.24135968218998327,0.0065007620479969885,24.72746894354419,3.452071386435125,297.14076234041784,0.2344743435509481,1.6125838933696224,0.03819507812216915,0.061592767785804414,0.660851008053804,0.5397055661185621,2.302578425888637,0.0019052745740520294,0.13525199624995957,0.1266518491411934,0.12953138694996816,0.1297315594389487,1337.662109375,5.60459258617877,0.0018015878067112793,0.021861901608813288,0.08013306256062075,0.6243346068255388,0.33332871871632735,5.593834696868529,7.070634405646603,78886.9860213818,0.9971497260559802,0.8330180753454823,1.2073317171571938,17.457084666860634,0.03983533968577247,42512.34545454545,9.327555562949231e-20,4.0967211516200296e-05,0.06523382330237999,4.772075287301166,43.124364041693724,-34.03965144763156,0.41342324624032756,0.019861746181141247,0.9882204812127715,0.023370830100853376,241.0,5.740115655962878,0.0,0.0,0.0
EF_03.09.2024_20240903_222700.WAV,0.00027017528830847106,5.850666603067138e-09,1.7433356102920108,8.956378930422554,10.0,43.039860716356785,-43.939539370363576,-45.67013951158262,1.7306001412190426,0.9737050051885308,0.0002496144599086758,0.06003832452529467,0.03988357518512897,0.007396546741330279,24.172836123784748,3.5378586558630523,297.03858149508625,0.23386542832373722,1.6105074407804147,0.03784780212259004,0.06095416693561604,0.6382082892516998,0.5222829411880573,2.302585076323769,0.00010364604573744884,0.13757152555523228,0.1264228873778079,0.12818267760498947,0.1296639359664436,1336.96484375,5.516109587940955,0.0018411768984579577,0.02195626530587468,0.08169594144034917,0.6236983163725447,0.33332876204024137,5.598551076065108,7.072865824096523,79009.24756445663,0.9971604162403475,0.8353978169053906,1.2055537052140797,12.001745708466686,0.03133031471244302,42525.32727272727,-1.8436430833169266e-19,4.048859981122853e-05,0.060969631311709856,3.029217436943881,43.073327581274754,-34.07544319693683,0.3276534518217389,0.019780070726799243,0.9944692017688226,0.020558572536850273,212.0,4.6884807431840825,0.0,0.0,0.0
EF_03.09.2024_20240903_222800.WAV,0.0002708788673619979,5.962668322826129e-09,1.7185706357653117,8.718756408607822,10.0,43.066913772939756,-43.91248631378062,-45.66036028930676,1.74787397552614,0.9733937336718486,0.00042471227103424436,0.1178308748059308,0.07849426037308904,0.007012389921855933,37.88144831526524,4.720783368835239,297.5211630012461,0.23441714732402347,1.6123887088240145,0.037828625920758176,0.06099444930495792,0.6356685847972852,0.529819410906446,2.3025850800623475,8.804138702966924e-05,0.13451653573853167,0.12664185081091459,0.1296727838974256,0.13022822258995248,1342.783203125,5.552642370737759,0.0018042397075938319,0.02187001274931355,0.08038170238239573,0.6263326016375673,0.3333287584845188,5.598162308560736,7.070920490164088,78900.6263326349,0.9971533773306863,0.833247434700319,1.2072728649310744,13.092813500145477,0.04089610003879352,42475.29090909091,2.03204456628362e-19,4.070354899376651e-05,0.06111144055476769,3.069804371726116,43.096322775596875,-34.03948849303396,0.36330582423492075,0.019862118807705966,0.9939217758886422,0.03035298681148177,313.0,4.448051519301929,0.0,0.0,0.0
EF_03.09.2024_20240903_222900.WAV,0.0002710970964366115,5.915142410053998e-09,1.7154263213875094,8.698735771885547,11.0,43.07078483063111,-43.908615256089256,-45.646734702677264,1.7381194465880085,0.9736411107432619,0.00040532292376893597,0.1152601627558324,0.07653839739299806,0.007016767721218065,29.205943381972318,3.881898019548292,297.1413801785325,0.2356189038501576,1.6164958946184325,0.03787981185053947,0.061232560345315705,0.672873470325753,0.5286168525152151,2.3025850686729696,0.00011711919449535202,0.13689263892929882,0.12500412431124,0.1290083995225134,0.12951069397973036,1335.384765625,5.547127916661783,0.0017798043351760255,0.02175739416860309,0.07896090340082443,0.6249918962782991,0.3333288100245379,5.603827254432828,7.072468754240363,78974.51381714852,0.9971634166000559,0.834366328712619,1.2069410312153153,21.821355833575794,0.041634843856076034,42519.43636363636,-1.9513010735836084e-20,4.073082167758445e-05,0.05897283931225597,3.06568039968206,43.09923171353893,-34.035451791826226,0.3525207046822132,0.01987135172179251,0.9939889084915513,0.024243599689681924,250.0,4.677276218351942,0.0,0.0,0.0
EF_03.09.2024_20240903_223000.WAV,0.0002700101970235184,5.903342657903442e-09,1.739387368143103,8.967059253306727,13.0,43.037849551987264,-43.941550534733096,-45.678143522783515,1.7365929880504183,0.9734571293673822,0.00030152651697989974,0.08142655509349839,0.05517242092087249,0.006495117600301303,32.22328881959762,4.093061071161346,297.1146496312489,0.2326071572429483,1.6062270698466476,0.03791639398088438,0.06090233840306698,0.6554844921888874,0.5239975305813754,2.3025850672699315,0.00012578123924935624,0.13890505285617302,0.1260919426455782,0.1288262149940586,0.12952414290563474,1335.5234375,5.533556543938818,0.0018243183857045873,0.021604049642534696,0.08102106192410281,0.6255924581086626,0.3333287058328861,5.592440703591579,7.071314731255372,78929.98069870709,0.9971509469978714,0.8341500953486992,1.2063012419140482,12.001745708466686,0.03530816603627194,42473.05454545454,-1.5566251991098549e-19,4.04492307744943e-05,0.06322481701831634,3.045451263490043,43.06910267021988,-34.07948094168381,0.33892708431459795,0.019770877849694453,0.9943194986488116,0.021625290923196275,223.0,4.673875546678228,0.0,0.0,0.0
EF_03.09.2024_20240903_223100.WAV,0.0002703492095447207,5.892778996855784e-09,1.7503749585256463,9.05064676699143,11.0,43.04735204730693,-43.932048039413445,-45.66689180871278,1.7348437692993386,0.9735483336538364,0.00024181556801050608,0.051681652482730156,0.0368217547999673,0.006752117121268997,18.58135406665804,2.6587903010831058,297.11819708903784,0.2339091008780538,1.6106562580136334,0.03787110040258173,0.0609973248612809,0.7034246536616724,0.5243933699272052,2.302585060230018,0.00014166879900656681,0.13508227459347624,0.1260979416437455,0.1288479683705905,0.12967435414848222,1337.072265625,5.536586373246134,0.0018097329308505482,0.021734992073646965,0.0806303422041707,0.6245923820735729,0.3333287049688091,5.59234734905629,7.071884507347407,78964.5934790983,0.997152576187115,0.834649019162549,1.2063129214305923,12.001745708466686,0.034891438754727964,42491.67272727272,-5.0191332571595616e-20,4.056913238179214e-05,0.05908369238120283,3.0657219305697194,43.0819571990967,-34.026097105495396,0.30164027026641094,0.019892764657916444,0.9942981790217409,0.020849495733126455,215.0,4.709481942521198,0.0,0.0,0.0
EF_03.09.2024_20240903_223200.WAV,0.00027006488931373554,5.915120578608686e-09,1.7793946167006987,9.30039901946558,11.0,43.0401257621087,-43.93927432461168,-45.67443642661243,1.73516210200075,0.973354914250396,0.0002486819116187533,0.059567594732324425,0.04076607318625469,0.00653878409086639,27.963181767456025,3.8999364100140457,297.0105878873281,0.23038557377737387,1.5987038858097764,0.03805426000141361,0.06083749333587549,0.680534796397608,0.52263808079686,2.3025850739051448,8.700468639570858e-05,0.13770891927714737,0.12664585014302612,0.12892591796982986,0.1299889832460479,1340.31640625,5.521019101912199,0.0018705372296576473,0.02184505753687989,0.0830457004728419,0.6263178227372428,0.3333286040829819,5.581565783715398,7.070671337415261,78922.71540930752,0.997139564260354,0.8353346927446967,1.2060180643264464,9.819610125109106,0.032088000678886626,42429.23636363636,-3.544302898310916e-19,4.057462686458809e-05,0.06246764751146178,3.0442297187321543,43.082545346253056,-34.039540568916465,0.32507122107556796,0.019861999725572992,0.9947063511267865,0.021625290923196275,223.0,4.403392990386744,0.0,0.0,0.0
EF_03.09.2024_20240903_223300.WAV,0.000270457564325807,5.9967496471853735e-09,1.813511300350941,9.607031052448471,11.0,43.05628205781042,-43.92311802890995,-45.668312374917505,1.7451943460075583,0.9730277308899127,0.00028466834996598855,0.07979699346639624,0.05571035988697204,0.0058423871886601475,19.401234660523276,2.8476200328445653,297.2231763019377,0.2210912096761355,1.567694735051603,0.038775490809582536,0.060788132791224365,0.6388482533231182,0.526040481994613,2.30258481596797,0.00039720491390582424,0.1375472796043061,0.1261859269501993,0.1284754417974815,0.12956941464212976,1335.990234375,5.5429584485964245,0.0018860697919697413,0.021795937917626237,0.08347194016731328,0.6252019413581221,0.33332846009924294,5.566570234171057,7.068620378329015,78842.71856746005,0.9971199434836238,0.8361085410194065,1.2057980206346601,19.639220250218212,0.04127494302201532,42387.89090909091,2.2670207462113874e-19,4.07305915327889e-05,0.06310801587765182,3.146049832798128,43.09920717416236,-34.035398257461004,0.35001352413956965,0.019871474196694112,0.9934404354975239,0.02434057408844065,251.0,4.772852792162626,0.0,0.0,0.0
EF_03.09.2024_20240903_223400.WAV,0.0002705304423121326,6.033161440049015e-09,1.7773662660304237,9.189058258784879,13.0,43.0604415894728,-43.91895849724757,-45.66703614030211,1.7480776430545362,0.9729341518982636,0.00037197509384334637,0.10841844572388515,0.07316913013266058,0.006398820424401208,24.817504905698385,3.5450836055734807,297.2907520533621,0.22267069620320404,1.572912136762602,0.038693792129361256,0.06086193525764156,0.6984704530792105,0.5282747469696351,2.3025609655627797,0.0035569391279674178,0.13649662173083763,0.12638889305485984,0.12889056873296553,0.1296999260498497,1337.3359375,5.549256324881427,0.0018370096256425177,0.021959824131308505,0.08123418177133851,0.623901205250663,0.3333285501465956,5.575895631702407,7.068039023707775,78796.57646217337,0.9971246953180308,0.8352167942578751,1.2066412339854504,14.183881291824266,0.03716449665405877,42447.2,-1.4821897917770318e-19,4.0655008240524836e-05,0.06465100904312797,3.077084437631669,43.09114053429411,-34.0756517826363,0.3704803448051024,0.01977959572763154,0.9939873558855798,0.02647401086113266,273.0,4.561201718783795,0.0002909231962761831,0.016,0.018184463194646495
EF_03.09.2024_20240903_223500.WAV,0.00027049366391433455,5.89987641034626e-09,1.7167661642395502,8.72099791225549,11.0,43.052035751772415,-43.92736433494795,-45.66455857934272,1.7371942443947646,0.9735926794251882,0.00036469437266217763,0.11542736786320362,0.0938470453167829,0.006893049002362206,26.73091705991346,3.8620957064217336,297.18118168156315,0.2380218477612526,1.6247471717185775,0.03766136269392202,0.06119019252001735,0.6385826294379423,0.5268165436357729,2.302585039491424,0.00016989957520312514,0.1363592280089225,0.12595296585470225,0.12855339139672087,0.12921481760983416,1332.333984375,5.5470250685985505,0.0017038463170400543,0.02183697052368927,0.07565754576867119,0.6253794489384603,0.33332879522210385,5.602193686274662,7.072165487995745,78960.17587729062,0.9971611596089225,0.8337927498285106,1.2068278275053494,12.001745708466686,0.038319967752885264,42524.25454545454,-4.3065298801795134e-19,4.05751375569431e-05,0.06356541025689043,3.0748549845151447,43.08260000836411,-34.0527494225252,0.35891551446768233,0.019831818031542228,0.9935225344901866,0.0252133436772692,260.0,4.773154740058258,0.0005818463925523662,0.016,0.03636892638929299
EF_03.09.2024_20240903_223600.WAV,0.0002710205991285276,5.938452050161707e-09,1.734070942135499,8.779194574163919,11.0,43.069791479172956,-43.90960860754741,-45.65259647145786,1.7429878639104501,0.973494075906025,0.00028998020885306897,0.06835510934976297,0.04477600883936694,0.007133819554648535,47.958015889188786,5.5219122080518535,296.8332180562563,0.2249714861556629,1.5805502175390878,0.03857309365153175,0.06096671156208411,0.672099494017397,0.5270294592323087,2.3025817719982453,0.0013025912365145942,0.13858985549413247,0.12632490374107525,0.12902562094560113,0.12952868902143344,1335.5703125,5.52949876207145,0.001827349129570362,0.022157461796971853,0.08116314182225995,0.6270735250811436,0.3333287664697121,5.599035798662533,7.071547434962107,78943.08856782924,0.9971553239768652,0.8362967044706198,1.2059626876420078,13.092813500145477,0.035459703229560664,42522.89090909091,3.587933822100636e-19,4.0762950926087656e-05,0.053931797315817306,3.0636310291346858,43.10265616073528,-34.025902210989386,0.32158257614369745,0.019893211017955433,0.9942960798780307,0.02317688130333592,239.0,4.602823017667565,0.0,0.0,0.0
EF_03.09.2024_20240903_223700.WAV,0.0002712095285238624,6.007562726774223e-09,1.749974855968931,8.824441613773875,11.0,43.07916595270055,-43.900234134019826,-45.647091489614986,1.7468573555951608,0.9732050659704539,0.00022665665487997533,0.05179101761243343,0.036525856353263886,0.006362241755792031,18.43851490005915,2.752144188212186,297.0992307200824,0.21541543257336596,1.5491197291323457,0.03934870517590497,0.06095585550380644,0.6586790460811741,0.5273313354210784,2.3025240511811016,0.005537590292321681,0.13589047295768275,0.1260919426455782,0.12933923212393625,0.1296711339831248,1337.0390625,5.543577728186568,0.0018224241707884784,0.021737146315339247,0.08087898202594568,0.626716549117436,0.33332870308029255,5.592143375125318,7.069737983288892,78867.23908733952,0.9971423600491283,0.8375702643250907,1.2054731936992285,10.910677916787897,0.03133031471244302,42485.836363636365,6.135664367151906e-20,4.0842336425654926e-05,0.05707090793893241,3.1215911842226967,43.11110578364564,-34.048690384229516,0.33133156560229793,0.019841087884613962,0.9940400375345665,0.022595034910783553,233.0,4.729647415690894,0.0,0.0,0.0
EF_03.09.2024_20240903_223800.WAV,0.0002707855293134266,5.862815504166028e-09,1.7317965291012953,8.829224263706887,12.0,43.058672511693146,-43.92072757502723,-45.64738995745568,1.7266623824284508,0.9737808324327889,0.000251882999928843,0.0588292569127723,0.039674313860084576,0.007058365876408179,23.456494167251435,3.4109688049511164,296.81499660226575,0.23511789727934362,1.6147820597266906,0.037810332440364955,0.06105544649700343,0.6386867793215331,0.5241969210253361,2.3025850420447433,0.0001660054054166693,0.13578540717033588,0.1257380017537071,0.12834401514760121,0.129188109179517,1332.05859375,5.51905302617187,0.0017930638395887888,0.02173138743618372,0.07942266306983511,0.6260084089435987,0.3333288069105769,5.603483160126373,7.073341616976273,79027.0780786118,0.9971658867573925,0.8351564551538584,1.2053577426695252,13.092813500145477,0.03627421564348753,42549.63636363636,8.734069864652925e-20,4.0659491153046725e-05,0.054440891417251114,3.034411155453076,43.091619392108555,-34.05262604093569,0.309584595966065,0.019832099741155452,0.9948263278046826,0.02191621411947246,226.0,4.3805340421749435,0.0,0.0,0.0
EF_03.09.2024_20240903_223900.WAV,0.0002701415679595802,5.890126254725488e-09,1.7244299819046034,8.7621249002933,12.0,43.04103049529332,-43.93836959142705,-45.6756654148831,1.7372958234560514,0.9735556257519427,0.000326513823860064,0.08552956962940317,0.05769301946438876,0.007659008703372883,31.741448378513212,4.158516091716608,297.1635406492112,0.2327263773785682,1.606632029349441,0.03786705182095448,0.060838418312580536,0.6510703977504934,0.5244943888450282,2.3025850639040417,0.00012982332419060328,0.1348721430187825,0.12542205451689567,0.12956945535889897,0.12987779283047232,1339.169921875,5.5342490723707485,0.0017951474759965087,0.021752852486973687,0.07931610314621726,0.6246935262283111,0.3333287796585526,5.600481859095849,7.071933056300946,78953.98722120155,0.997158617583425,0.8348145815941503,1.2059824505563874,12.001745708466686,0.03816843055959655,42511.43636363636,4.44425641069646e-19,4.048149040365861e-05,0.06410314606799421,3.0450601227313023,43.07256493509837,-34.09290368026348,0.3525771571667491,0.01974034852114591,0.9942614375668095,0.025407292474786656,262.0,4.492189031433719,0.0,0.0,0.0
EF_03.09.2024_20240903_224000.WAV,0.0003066286185623199,1.1964121582963487e-08,1.357434582563111,4.78692928571416,12.0,44.324553216120194,-42.654846870600174,-45.652661627269055,2.9978147566688804,0.9604343220057715,0.031069966988698794,0.34161438967382796,0.2001119187642867,0.006758588437203672,25.184423585283675,3.5166141015748527,300.0679117791268,0.47107463320384835,2.7812518089547438,0.04151487033621342,0.11546330822111521,0.6974309167479059,1.0742232937498637,2.2911321552253394,0.07328853925631602,0.13764426340801086,0.12635989789705118,0.12960117903300802,0.12977095910920375,1338.068359375,8.762240579363237,0.002020559051013481,0.022229163626944062,0.08933273596629486,0.6252884357965207,0.3333281151032213,5.532369991949863,6.9898946648517795,74646.31239164219,0.9967924013624904,0.7859558114343869,1.2266776017409013,18.548152458539423,0.05908056323344001,42460.181818181816,2.420517490146305e-19,5.3636608432695515e-05,-1.6197511992824907,2487.9403581835672,44.29461308599155,-34.04883001769171,2.0700023143137827,0.019840768923903955,0.7734556286177104,0.027637703646237393,285.0,13.381843146705508,0.00126066718386346,0.017333333333333333,0.07273785277858598
EF_03.09.2024_20240903_224100.WAV,0.00026974647999450146,5.873554459818101e-09,1.7138486791661616,8.694916286971559,12.0,43.02835348645844,-43.951046600261925,-45.685984055413336,1.7349374551514103,0.9735703476168673,0.00027575766235943266,0.0755286483874571,0.05236170305667309,0.005734075331586208,21.325317138383998,3.151065006479594,297.03702319701057,0.23563461382390644,1.6165496713625942,0.03747979276775591,0.06058794668145395,0.6628448128675664,0.5219870514761042,2.302585068749043,0.00011937387413070155,0.13652086768176383,0.12602595366573782,0.12870929059519956,0.1295582387741247,1335.875,5.5296415759859,0.001821287641838813,0.021927105120523753,0.08087898202594569,0.6244279048658111,0.33332879678560107,5.6023659789481,7.0720260268641315,78951.6403778761,0.9971608619024518,0.8335054888528819,1.2061117046649918,17.457084666860634,0.03549758752788284,42510.89090909091,3.875897919112786e-19,4.036054565105457e-05,0.06607632415697366,3.0582036702116566,43.05957029012845,-34.075659313256985,0.3598270127840024,0.019779578578833376,0.9940041253760948,0.02317688130333592,239.0,4.739837643414656,0.0,0.0,0.0
EF_03.09.2024_20240903_224200.WAV,0.00027007031192890693,5.8592861415758396e-09,1.7325903325391192,8.883207668754562,11.0,43.037210831651095,-43.942189255069266,-45.67276410945661,1.730574854387342,0.9736660508941549,0.00024372097476688115,0.05872908191948656,0.04000480440782739,0.005809314343360739,20.157957886601704,3.128729796518209,296.93648830340817,0.23387421112526663,1.6105373674178893,0.0377602856770405,0.06081435108724823,0.6683575468450311,0.5222676500058185,2.3025850735358646,0.00010659664239707212,0.13332040215950605,0.1252150890801236,0.1291606731582368,0.12939666224178062,1334.208984375,5.520473417490735,0.001787191773348851,0.021965091545329628,0.07960026294253153,0.6254352531718338,0.3333287709360656,5.599525033654061,7.072622935564302,78990.49395159392,0.997160649249699,0.8349212971726324,1.205241298928068,15.274949083503055,0.031292430414120845,42547.163636363635,1.8638289564919295e-19,4.045195123416066e-05,0.061283323510919196,3.0381165216206427,43.069394750160484,-34.04864154530868,0.3056190364768838,0.019841199447169448,0.9947492385530926,0.022013188518231187,227.0,4.407019496347555,0.0,0.0,0.0
EF_03.09.2024_20240903_224300.WAV,0.0002701665532129564,5.8818799588282405e-09,1.6991043120034146,8.555582593904491,13.0,43.04131977668301,-43.938080310037364,-45.676146151955585,1.738065841918221,0.9736341729967634,0.00025789067954729017,0.46757499950441506,0.44692923563270426,0.00645833951017416,19.69548690997078,2.894578526440258,297.13093781147074,0.23760801012557645,1.6233224201757779,0.0374849661357958,0.060850185947767116,0.693035419682579,0.5244036292337972,2.3025588377940958,0.0036535501520846836,0.13435489606569034,0.12590097453725227,0.12937186218873412,0.1296188536514402,1336.5,5.533604292174379,0.0017707121035787025,0.02186283937127687,0.07892538342628516,0.6279609953780922,0.33332884301238397,5.607487044583695,7.07242691548398,78963.20403188225,0.9971662655706127,0.8333633462908342,1.2054627470375823,12.001745708466686,0.031140893220832123,42500.72727272727,-1.59195047716611e-19,4.049239484092268e-05,0.06600671736666473,3.0621510949324144,43.07373462998121,-34.048747251985446,0.3219908003740457,0.01984095798261238,0.9943811659437569,0.02269200930954228,234.0,4.533163935911618,0.0,0.0,0.0
EF_03.09.2024_20240903_224400.WAV,0.0002708555341738621,5.884844562617781e-09,1.7258389915494532,8.754757716931252,11.0,43.06195896149572,-43.917441125224656,-45.65456175751932,1.737120632294662,0.9737069592960316,0.000246463202428715,0.059266746352811706,0.042289960229497825,0.005797631154838778,23.760698568726013,3.444177953896708,296.7648572263762,0.23483873482261697,1.613828079151852,0.037927508288364366,0.061208477848027014,0.6931686124418787,0.5243127616108404,2.302585013892422,0.0002211614921067806,0.13756344357159023,0.12556303097382734,0.1289866461459815,0.12960824604791,1336.390625,5.527245574967784,0.0018563306177868297,0.021621498769269346,0.0822642610329777,0.6269406843809999,0.33332881067082715,5.603898699412317,7.072880063837276,79001.99874550918,0.9971644658458825,0.8349876456373361,1.2057408921208905,9.819610125109106,0.035175570992144314,42491.07272727272,3.229739708000455e-19,4.069364377912866e-05,0.05580096208691441,3.044394461078753,43.09526579072209,-34.03556648633533,0.3235693969090576,0.019871089328419078,0.9944242855256994,0.019976726144297904,206.0,4.7231443926565495,0.0,0.0,0.0
EF_03.09.2024_20240903_224500.WAV,0.0002708235141959374,5.922607915650658e-09,1.7491870342034734,8.954541169269573,12.0,43.06307781363316,-43.91632227308722,-45.650829284269996,1.734507011182778,0.9735051445735269,0.0002865568808767538,0.0940702003881092,0.07820695578311077,0.006860756369634791,35.067827295200594,4.358415949861559,297.0098576374586,0.23403811619080703,1.6110959856825142,0.037863500449205806,0.061001733577603544,0.660730134826817,0.5263840237601938,2.302585004933353,0.00022718552497114075,0.13496104483884525,0.1263419009025493,0.12891413489087508,0.12959517596498882,1336.255859375,5.533492096848879,0.0018053762365434975,0.021712665160321408,0.08027514245877787,0.6248101505549346,0.33332872434524313,5.59444496979333,7.071614945171913,78953.66784284629,0.9971522871305837,0.8343900278925824,1.205579958920349,17.457084666860634,0.03742968674231403,42565.94545454545,3.027880976250427e-19,4.067120943175137e-05,0.05809753920312252,3.0634083675145765,43.09287087126155,-34.04870138833263,0.3567180852646743,0.01984106274807092,0.9938049771419518,0.02453452288595811,253.0,4.74025937757747,0.0,0.0,0.0
EF_03.09.2024_20240903_224600.WAV,0.000271555818184738,6.0482824305465265e-09,1.70153041452745,8.49400456310826,11.0,43.09163033028404,-43.887769756436334,-45.6521726343075,1.764402877871163,0.9731786172246196,0.0006807636134158468,0.6544317970521867,0.5886181196701523,0.00800283928978096,32.6794146711358,4.292837241437877,297.12848443518965,0.23465006447656325,1.6131837309585237,0.03802922914318558,0.061348133754680734,0.735465730686561,0.529940124053782,2.3025295782129453,0.005342279516270665,0.13613293246694466,0.12643188587505888,0.12914435812583783,0.1296408265444671,1336.7265625,5.60124232094267,0.0018709160726408688,0.022135698953115353,0.082051141185742,0.6255551317217443,0.33332877473665207,5.599941719234085,7.069576576116859,78827.50792328105,0.9971494651117414,0.8325834034915407,1.2063379880037508,10.910677916787897,0.046124133207254385,42527.163636363635,3.2791530433767645e-20,4.09269110966923e-05,0.0608074548381293,3.1574516067341514,43.12008968093007,-34.04905274511081,0.38347943365690185,0.019840260164665453,0.9934237572135867,0.028704422032583398,296.0,4.686198815263756,0.0013576415826221876,0.02488888888888889,0.05455338958393949
EF_03.09.2024_20240903_224700.WAV,0.00027003406083511683,6.001772086245649e-09,1.8290056901262974,9.687385902851464,11.0,43.04397960255977,-43.93542048416059,-45.68268462300183,1.7472641388412455,0.9728985830978808,0.0003373718526679115,0.09070517105974663,0.0648604379617036,0.00666527615082535,26.75422613538637,3.6398504078975464,297.1571491905071,0.22077000921537265,1.5666363251575404,0.03867400105768489,0.06058809489615029,0.6789385371673178,0.5252219216932634,2.3025850678187556,0.0001222329854769555,0.13875957715061585,0.12673883461461935,0.1293174787474043,0.12969253861167684,1337.259765625,5.54559038948269,0.0018012089637280575,0.021734109410809777,0.07938714309529582,0.624714302043746,0.33332841933146967,5.562404807972779,7.0678109825320705,78813.95928632098,0.9971125245954597,0.8360040325199662,1.2071694694800397,15.274949083503055,0.04119917442537096,42466.03636363636,-2.2507248590128175e-19,4.050017205733045e-05,0.06450006520751261,3.0615690924212933,43.074568682366554,-34.05741682609564,0.3391187633746853,0.0198211669921875,0.9939747438501341,0.023467804499612104,242.0,4.679704158057127,0.0008727695888285493,0.024,0.03636892638929299
EF_03.09.2024_20240903_224800.WAV,0.0002708286851159963,5.961884255104804e-09,1.8027996357335463,9.473829428990447,11.0,43.06538253209677,-43.914017554623605,-45.65428014399336,1.740262589369756,0.9732608926822156,0.0002819798049816802,0.06457741864250344,0.0424378968419562,0.0067693986366276215,31.938103937303897,4.398246133204874,297.0880628708385,0.22763013787065375,1.5894329880844917,0.038390101136098045,0.06101849316161416,0.630003362260323,0.5258446923750825,2.3025850678621675,0.00012024066972156078,0.13718359034041316,0.12696779637800487,0.12907728521486445,0.12998652076665695,1340.291015625,5.528355464827253,0.0018256443361458637,0.021792755926943755,0.08073690212778856,0.6245486093595761,0.3333285451664542,5.575375314298879,7.070080893180432,78908.54221255177,0.9971318093588734,0.8355348763662591,1.2055337004607043,18.548152458539423,0.03786535617301911,42488.96363636363,-3.1553043006676326e-19,4.0669327341923634e-05,0.05635119805697919,3.0488990062969865,43.092669893677886,-34.039073358084494,0.31523018550653603,0.01986306812401974,0.994555095725675,0.024631497284716836,254.0,4.361724395746857,0.0007757951900698216,0.021333333333333333,0.03636892638929299
EF_03.09.2024_20240903_224900.WAV,0.00027135252077932053,5.953057573795502e-09,1.7346581599289477,8.874459960151762,13.0,43.080425441767225,-43.89897464495314,-45.6404393722332,1.7414647272800607,0.973498403670605,0.00029559551058100375,0.0719851138020775,0.049968704483942306,0.006256024472156674,19.496315795073627,2.971488712635145,297.1682782285388,0.23232059914144096,1.6052542217014492,0.037965159503880186,0.06094373257117256,0.6734042256937018,0.5280415376971951,2.3025850623470925,0.00013520230024894887,0.13716742637312904,0.12539905835725434,0.1291189791865506,0.12956581563378913,1335.953125,5.537774615976482,0.001836630782659296,0.02197574889001084,0.08073690212778856,0.6232670549812123,0.33332873680624625,5.595798616004765,7.0715738491637765,78942.2208162585,0.9971541865032162,0.8339128571158911,1.2059813205859728,17.457084666860634,0.04159695955775385,42520.090909090904,2.8794307006092603e-19,4.084105330266228e-05,0.05411622039756846,3.059403316786708,43.110969341405124,-34.03946066695262,0.3347939761472105,0.019862182438012327,0.9942253565778139,0.022982932505818465,237.0,4.6270373218975545,0.0008727695888285493,0.024,0.03636892638929299
EF_03.09.2024_20240903_225000.WAV,0.0002704644137687131,5.97225290565683e-09,1.8157520843431094,9.599245622981448,11.0,43.055140984102984,-43.924259102617384,-45.664833199215096,1.7405740965977117,0.9731291358426104,0.00024277294416508166,0.05312850052373874,0.03603637279223337,0.006331897002520792,25.488084175844705,3.543087623276835,296.9495372951954,0.22700825836614627,1.5873497636244456,0.038374863924340946,0.06091433117942287,0.6585359735102787,0.5244009099176377,2.302583490501248,0.0009175875938247202,0.13835547796851258,0.126715838454978,0.12940630503490966,0.1299268529967995,1339.67578125,5.526404381277418,0.0018665593783338185,0.022360172893170424,0.0820866611602813,0.6276441296304806,0.3333284858865895,5.569223073767055,7.069254975492523,78875.43111775997,0.9971239177350635,0.8353302909107082,1.2059834326004828,17.457084666860634,0.03557335612452721,42358.61818181818,-2.0087046504250228e-19,4.0834437633438754e-05,0.06237908424145929,3.04051602220448,43.11026578918616,-34.05290689228019,0.3506539172653902,0.019831458496324943,0.9941114640798269,0.025116369278510475,259.0,4.5887302183304355,0.0006788207913110938,0.03733333333333333,0.018184463194646495
EF_03.09.2024_20240903_225100.WAV,0.0002707475782816354,6.112832078248281e-09,1.8637533862740454,10.000312649963947,10.0,43.07123902197577,-43.908161064744604,-45.661314720660144,1.7531536559155398,0.972505852511398,0.000354594117195961,0.08945367117017256,0.06035914860167302,0.008016216739200166,30.585336774796893,4.302919775941623,297.24182888857854,0.21699334875443033,1.5542567190438232,0.03911505165549928,0.06079483185130598,0.6460778078226589,0.527607999746966,2.3025848422111115,0.0003883400181123875,0.1386949212814793,0.12594496719047918,0.1297987722031729,0.1298444546479488,1338.826171875,5.550281705746389,0.001919218553001649,0.0222371264530214,0.08396921981086325,0.6272307532160455,0.33332825451560205,5.54590988243032,7.065349534034228,78715.25342927848,0.997089755774045,0.8353265455505965,1.2066797067033646,26.185627000290953,0.04638932329550965,42395.109090909085,1.1879176093976935e-19,4.087973523696796e-05,0.06056631888766764,3.0638550741256294,43.115080743699004,-34.02234480649677,0.34601897189245534,0.019901360176548814,0.9941844343546163,0.027831652443754847,287.0,4.416046286500083,0.0014546159813809156,0.026666666666666665,0.05455338958393949
EF_03.09.2024_20240903_225200.WAV,0.00037604178394723636,3.079389933517766e-08,0.8645110273152959,3.0302155390410306,19.0,46.43246452420308,-40.546935562517284,-45.54713461316151,5.000199050644227,0.9402557914495673,0.026431989972454772,0.17903371157119496,0.11180874273012953,0.006307295370368227,25.24982753936818,3.703528567340057,308.9243164588602,0.6304714474409656,4.412301664241462,0.05532749687935138,0.2441216065590764,0.9911745806832711,2.1248077128225473,2.2881263909555636,0.08214227149123747,0.14722141402385802,0.12966034672209742,0.13246446721902116,0.13174719353118028,1358.4453125,12.096322253193392,0.0034311808990398606,0.024980843897045482,0.134656223478419,0.6263536892477609,0.33332677541968375,5.418112879076419,6.8637732060306975,66998.59581738967,0.9963112775525201,0.6869632887559944,1.297135296940947,56.73552516729706,0.23886050092134614,41346.12727272727,-1.3722188368757143e-19,0.00010406585633619956,0.7410408556898717,2425.3429127366185,47.17308262295457,-33.90703477418613,5.699489725557932,0.02016732333790172,0.6020746018134338,0.03888673390224981,401.0,18.44861725559211,0.008242823894491854,0.022666666666666665,0.3636892638929299
EF_03.09.2024_20240903_225300.WAV,0.000375947115583395,3.4501075068659796e-08,1.8744338755751007,9.183025338693643,23.0,46.52320997837246,-40.45619010834791,-45.60189417258129,5.145704064233378,0.9278728170456036,0.03831587744339915,0.3565260924746242,0.16062400458333415,0.007607642547697302,26.686595611256465,3.8141433348120732,307.87442672332463,0.6814459348392371,5.278369101931477,0.045912559899204286,0.24234343756253807,0.9160111492219033,2.105483491722896,1.8307202782973113,0.4650990613873548,0.13903436459444607,0.1296793435496272,0.13096439062900794,0.1311408553365338,1352.193359375,12.22836633972701,0.002633526997866356,0.022875671527609272,0.1116392799769641,0.6267516272903889,0.33331421269736367,4.883065050107904,6.785893169025564,65547.3427664816,0.9950619548527573,0.6744411498002801,1.281855773008335,57.82659295897585,0.18646651634177092,42141.34545454545,-3.7929465965342586e-19,9.261913952678817e-05,0.24144263707788452,3022.680002703797,46.66700741886727,-33.959663256517445,4.484485487382628,0.02004549740300034,0.6421296154216832,0.03481380915438324,359.0,17.164758778013788,0.006012412723041117,0.022044444444444446,0.2727669479196974
EF_03.09.2024_20240903_225400.WAV,0.00033821651235612976,2.673629818228938e-08,2.560001125117963,12.349431385366394,19.0,45.56819178897274,-41.41120829774763,-45.606654026970645,4.195445729223017,0.9256567262270876,0.047150258822337365,0.3820898296991877,0.21947078193645597,0.0069747596123497235,26.887043839958693,3.591786239157604,303.37738372819297,0.5143572949112653,3.1182539736380224,0.04099079034032809,0.12781969486129113,0.8634209001304383,2.101437294423227,1.9549462740087376,0.40260400847554295,0.137167426373129,0.12858952554923328,0.13003987212640164,0.13030455945107167,1343.5703125,10.43096121129798,0.002366632116186597,0.023241827198410232,0.10048600797162949,0.6240937814330929,0.33331026080877085,4.789127886280352,6.771821226953564,66700.61007591433,0.9945714380702192,0.6813201487641906,1.243920673760719,34.91416933372127,0.10024185336048881,42299.181818181816,3.8353159032505406e-20,6.862159326771358e-05,1.7654647480791112,3942.191303397522,45.364607973596655,-33.96874082776144,2.3624331792352535,0.020024558916958896,0.7636510376645284,0.03132273079906905,323.0,13.606862243154392,0.0034910783553141972,0.024,0.14547570555717196
EF_03.09.2024_20240903_225500.WAV,0.00027591991898782926,6.950851006626115e-09,2.5455956634149874,17.94771677187267,12.0,43.26720324084845,-43.71219684587192,-45.588044850576814,1.875848004704892,0.9689721478648365,0.0004826033911885519,0.40258789178955445,0.3845005456004754,0.00846033514270672,15.163941692020176,2.805643372144275,298.6170443725172,0.1974052859930382,1.4919177326934796,0.04564244737327203,0.06809477659971347,0.7864138555222805,0.5644179747312846,2.301698795121489,0.020829239740907647,0.13926066013642388,0.12945538095138112,0.1313559514065824,0.13112986889002037,1352.080078125,5.810909640866521,0.002002942852293667,0.02209043325467344,0.08848025657735209,0.6217612337648966,0.33332456611563505,5.272939382719046,7.043136871399833,78040.41612628294,0.9967569640297965,0.8442908727755962,1.2140077408521317,19.639220250218212,0.08171643148094268,41836.70909090909,1.7204251491445133e-19,4.3778293879668396e-05,0.1788398789205266,7.761532833499206,43.4125883230995,-33.90659366644301,0.5957630994298455,0.020168347549438477,0.9828242170354499,0.03655934833204034,377.0,6.008940592253548,0.0020364623739332816,0.03733333333333333,0.05455338958393949
EF_03.09.2024_20240903_225600.WAV,0.0003068327595765665,1.1096291627896065e-08,1.178503367896348,4.926287009402002,19.0,44.294016785738634,-42.685383300981734,-45.529229306537964,2.8438460055562302,0.9637827980668376,0.034223929353206395,0.3575427996911803,0.24607459401225307,0.009578202916463274,15.314424135478783,2.84734804302407,301.30799348802503,0.563653935349515,3.583517904766733,0.04089734645618295,0.14655637328317989,0.9425262389843121,1.138559337071459,2.285266656062683,0.09271816682346845,0.1380079526719038,0.13202395200001601,0.13258048522719135,0.13172541005964505,1358.220703125,8.624794293047936,0.00233784004946174,0.022722032649366185,0.10183576700412221,0.6237257178911347,0.3333284752493693,5.568127077599351,7.0108512364090325,75398.98667664683,0.9969274229662335,0.8182622561644061,1.228646854724544,31.6409659586849,0.14028555668703327,41980.63636363636,3.408153389135767e-19,5.2261903197163036e-05,1.7421352676518425,1646.8112136654966,44.18185221177295,-33.863989411227664,2.0597351302954863,0.020267516228646944,0.8070110762231884,0.04198991466252909,433.0,11.652974184435795,0.0037820015515903803,0.0208,0.18184463194646494
EF_03.09.2024_20240903_225700.WAV,0.0002770610284216442,6.372034984903788e-09,1.6101674298961905,8.250239286057116,11.0,43.269930791024095,-43.70946929569627,-45.55177566126172,1.8423063655654488,0.9730616543498016,0.0006121090227807491,0.18250571617351075,0.16889468643098304,0.008181753787308454,17.453196279161666,3.1909371996741203,299.35142493712505,0.2788990946036374,1.7735369419633076,0.03926593584884647,0.06963958778869057,0.848377479506015,0.5707176267466749,2.3025842560759275,0.0007245859794167587,0.1364077199107749,0.1308691448528096,0.1328623727314174,0.1312329141814567,1353.142578125,5.813317243536598,0.0021164063257685965,0.022358923697084237,0.09295577336930165,0.6238223869218879,0.3333288090052035,5.603714591385688,7.068849689691175,78712.42623352686,0.9971549625578714,0.8313674356886377,1.2169421444147464,39.278440500436425,0.11908929177577345,42058.109090909085,-4.45498015582068e-19,4.266236555226353e-05,0.09927428164311476,5.89764636354466,43.30044932637365,-33.90683310110041,0.7320637561065624,0.02016779159777092,0.9739350961352228,0.04625678820791311,477.0,6.306964692298927,0.002909231962761831,0.02,0.14547570555717196
EF_03.09.2024_20240903_225800.WAV,0.0002774998085689595,6.8852951234890424e-09,2.1021561780523816,12.381019270948478,11.0,43.30927612989243,-43.670123956827936,-45.535772641615225,1.8656486847872884,0.9702502394119126,0.0005492052861292285,0.20375100083225417,0.19539894142755898,0.008646697059934927,15.78140969252484,2.748526721330533,299.12403239713376,0.21604403949551287,1.5511637142384513,0.04485220946997151,0.06957311983324205,0.7746198128363452,0.5778918279200455,2.302583042285645,0.0010895856104465196,0.14131348398150842,0.13028424253149723,0.1316423708642526,0.13119692409805062,1352.771484375,5.861921884603989,0.0020967064906410628,0.022318759303834732,0.09181913418404462,0.6247430372534409,0.3333270400895962,5.438710817012991,7.051202613683649,78170.90383890462,0.9969396355789847,0.8397438497197393,1.21644430455615,33.82310154204248,0.1126679032101639,41788.70909090909,1.6743761259640381e-19,4.301570218419349e-05,0.09309736752714978,10.334271572755021,43.33627016676029,-33.86757573791972,0.737355924288849,0.020259149678548177,0.9695642365157887,0.03995345228859581,412.0,6.781977744817435,0.00126066718386346,0.02311111111111111,0.05455338958393949
EF_03.09.2024_20240903_225900.WAV,0.00027428412532454216,6.140842736889181e-09,1.631679080816838,8.197996202741022,13.0,43.17688291198199,-43.802517174738384,-45.603082487977,1.8005653132386144,0.9734342728366545,0.0004284086794440478,0.1415945382219782,0.12634407748891885,0.008424146409596323,21.981571111906362,3.502101626281046,298.4383721033161,0.26690306344088455,1.728152172326973,0.03830333605333842,0.06619399340794685,0.757614295814762,0.5497953994644791,2.3025841319166482,0.0007515611728845073,0.13545404584101123,0.1292644128430552,0.13098614400553985,0.13067904573998643,1347.431640625,5.703354250051625,0.001984190124624188,0.022161564591384044,0.08727257744301649,0.624119128408007,0.3333288942722738,5.61322769415067,7.071180915563146,78851.32158373966,0.9971682980593495,0.832265911958359,1.2123367810412733,29.45883037532732,0.09550631607021627,42258.25454545454,1.8318679906315083e-19,4.182496260213242e-05,0.08607250786318617,4.903502343301701,43.21435561309393,-33.959331835498304,0.5641589492086041,0.02004626227870132,0.9821954921368458,0.03578355314197052,369.0,5.976925578643652,0.002230411171450737,0.01752380952380952,0.12729124236252545
EF_03.09.2024_20240903_230000.WAV,0.00027261820512294264,5.9767057455179905e-09,1.7107247498870166,8.699273093779938,11.0,43.11911406941178,-43.860286017308596,-45.60722278146304,1.7469367641544409,0.9736734397324869,0.0002852499891571325,0.19363693809061266,0.1844055437718487,0.008094361099873937,33.22112225443188,4.140908119028615,297.3769976154124,0.24623320441336877,1.653340544728383,0.0381683813438067,0.06310533240237003,0.6785032540789936,0.5358733993050464,2.3025847735431277,0.00043495487205671426,0.13745837778424339,0.12773766780947582,0.12844553090475014,0.12968590885947046,1337.19140625,5.5809193971125834,0.0018663699568422076,0.022097714316933064,0.08272602070198837,0.6234934528566052,0.3333288184335184,5.604757636033469,7.072671196244639,78979.43845401431,0.9971649346406741,0.8346107083638902,1.208206582245207,18.548152458539423,0.053587339976723894,42441.12727272727,3.625046391010928e-19,4.121188883820253e-05,0.05400864175562689,3.0949147698118056,43.15022519722596,-34.01257026452308,0.3782961069114137,0.019923768494345927,0.9938249534878627,0.027831652443754847,287.0,4.489154807138686,0.0007757951900698216,0.021333333333333333,0.03636892638929299
EF_03.09.2024_20240903_230100.WAV,0.00027549441748172165,6.120989468889952e-09,1.6319473086407705,8.313902452184017,12.0,43.211200104267185,-43.76819998245318,-45.600620249127516,1.8324202666743332,0.9737452469196864,0.000497584687812247,0.30337422417595117,0.2803111241592168,0.006162850958238764,15.675033814513732,2.437289215001486,298.1478048310849,0.2712894708048019,1.7445740384852657,0.038585576910823684,0.0673153957385995,0.769636354584243,0.5575688552033422,2.302575179893119,0.0023009898649760884,0.13845246177221737,0.12860952220979097,0.12973623124564368,0.13038241168412376,1344.373046875,5.811627600065527,0.0019485788842013383,0.022076707454934355,0.08613593825775946,0.6226886030993467,0.33332892200414405,5.616361110894222,7.0731259376238915,78943.03284383628,0.9971783998261496,0.8316069127412192,1.2118346050552533,8.728542333430317,0.06923355518378431,42383.30909090909,2.0002938699354382e-19,4.23162849296621e-05,0.04716900469120772,64.29290634191698,43.26507532718773,-33.95967187686337,0.7565430873373842,0.020045477508776114,0.9479306163406932,0.03209852598913887,331.0,7.678753948467235,0.0003878975950349108,0.021333333333333333,0.018184463194646495
EF_03.09.2024_20240903_230200.WAV,0.0002725531812844829,5.992986316973048e-09,1.6501999102281544,8.300358672626627,12.0,43.11807719940555,-43.86132288731481,-45.627966118147455,1.766643230832642,0.9736947160422493,0.00028384155362570773,0.07861055233470571,0.07040989604444947,0.008000600900152088,22.079669498447142,3.4917189340029116,297.84142206775323,0.2587707304091545,1.6982204859557004,0.037834959596505686,0.06425210347209218,0.7473182131654927,0.5381099659323638,2.3025850415273657,0.0001747292315604554,0.13735331199689652,0.12779265862600947,0.12984771730036973,0.13034717928668413,1344.009765625,5.617781393879163,0.001888342849869072,0.021917813968689547,0.08393369983632396,0.6244766877961656,0.3333289167165165,5.615762146171477,7.072809227144751,78945.6251208297,0.9971754401461581,0.832333928016774,1.2096055133658439,20.730288041897005,0.0623575550383086,42326.92727272727,1.361547659129554e-19,4.120684033844028e-05,0.061708568361853705,3.243582666159545,43.149693149325365,-33.96885337614418,0.42673695037046144,0.020024299448186702,0.9912152286147823,0.02957719162141195,305.0,5.195228184835123,0.0,0.0,0.0
EF_03.09.2024_20240903_230300.WAV,0.000273148516088869,6.062556907370708e-09,1.7244174228877096,8.912316624984186,10.0,43.13936393812342,-43.840036148596965,-45.61310298045641,1.7730668318594454,0.9733994257768666,0.00038084964932716403,0.2897859406362937,0.27722538789158646,0.007109964972480731,19.960299413287707,3.043063215937335,297.7593797119566,0.24812389030648904,1.6600126991869242,0.038600695563524856,0.06407764483289963,0.7344403245466317,0.5427146350673537,2.3025827530127203,0.001155245300533636,0.1383554779685126,0.12740372357816243,0.1290355912431783,0.13004789332993888,1340.923828125,5.633430949613429,0.0018688324362331492,0.02213612275252231,0.08276154067652763,0.6243757263325187,0.33332871220803323,5.5931300112045275,7.070954495209341,78899.23717211658,0.9971504158330017,0.8348300408110959,1.209249690988163,19.639220250218212,0.06440330714770633,42402.34545454545,1.6574494302287493e-19,4.1389837891273725e-05,0.0629075669212837,3.3671399941614606,43.16893725432817,-34.00857212108055,0.46503944022079935,0.019932941581263686,0.991106698675611,0.0350077579519007,361.0,4.985758605636713,0.0002909231962761831,0.016,0.018184463194646495
EF_03.09.2024_20240903_230400.WAV,0.0002726066859106132,6.026155345993545e-09,1.701344605604807,8.736040657141547,11.0,43.12144827197345,-43.85795181474691,-45.622061464933836,1.7641096501869242,0.9734875414431384,0.000389894680507874,0.3477152729021533,0.3256437518854042,0.007637779132131706,21.4495758020094,3.3335735969737006,297.63804343107904,0.2507280608270382,1.6692578427634408,0.03814660451397433,0.06367651875974692,0.7169485656184864,0.538415433502743,2.3025836922963747,0.0008944960984049288,0.1368926389292988,0.1277946582920652,0.12930297649638303,0.12981774621763165,1338.55078125,5.62536548278624,0.001830758716419358,0.02187653036427613,0.0810565818986421,0.6229949792953648,0.3333287695100388,5.599368777641962,7.071507968098565,78912.23566422953,0.9971579155466483,0.8335040662198846,1.208641867047239,20.730288041897005,0.06463061293763941,42403.01818181818,1.8547873674656262e-19,4.123872215040634e-05,0.06519949705350711,3.3008940729936143,43.15305199491562,-33.98637546599357,0.42410447257983463,0.019983945043159253,0.991483015708564,0.03074088440651668,317.0,4.985665067423032,0.0005818463925523662,0.016,0.03636892638929299
EF_03.09.2024_20240903_230500.WAV,0.0002732510006719174,6.081277727857928e-09,1.66229265267003,8.410422057251735,13.0,43.14338447547334,-43.836015611247035,-45.61159396832779,1.7755783570807537,0.9734366401490229,0.0003689162301898641,0.20986310242040984,0.18816223116559305,0.006195057059672271,10.97619274568536,1.8943707909350993,297.84550722768233,0.252102242901622,1.6741623183353405,0.03819064759560936,0.06393734311739337,0.7135822824196704,0.5427696349887323,2.3025847539130893,0.0004616200725083175,0.13836355995215466,0.12755669803142874,0.13002265070331387,0.13000641002327612,1340.49609375,5.6449796886544945,0.0018866380564445738,0.02212155416580968,0.08340090021823474,0.6227888768802311,0.3333288379049017,5.606918646493827,7.071193155314565,78873.63225307917,0.9971632984481603,0.8329287632172225,1.2096831765532419,24.00349141693337,0.06364562118126273,42406.32727272727,-2.5396351688300456e-19,4.144394300313585e-05,0.06253732413537,3.401996584246167,43.174610677565035,-33.99080689975054,0.47254578017435733,0.0199737548828125,0.9894611465564527,0.03190457719162141,329.0,5.423891290792629,0.000969743987587277,0.017777777777777778,0.05455338958393949
EF_03.09.2024_20240903_230600.WAV,0.0002718330284724001,5.970641577324117e-09,1.6435931471772518,8.209758581842825,10.0,43.09560141075419,-43.883798675966176,-45.65885411409572,1.7750554381295416,0.9736617637634322,0.0002400690434097852,0.19562877779887344,0.18962099348059203,0.006255957539232027,14.310002655869228,2.27174220485996,297.5803352355193,0.25189905806983887,1.6734360136478879,0.037423028605782546,0.06262504380869162,0.7397389751792636,0.5413451633740034,2.3025840601946967,0.0007735998774009544,0.13727249216047585,0.1273497325946567,0.12919330322303463,0.13002629927989526,1340.701171875,5.643022683497936,0.0018015878067112793,0.021455622551653175,0.07995546268792433,0.6243149399424182,0.33332892894672544,5.617148634336091,7.072603929010176,78933.7568922242,0.9971759655776815,0.830826359999524,1.2098231617279893,7.637474541751527,0.04678710842789254,42482.87272727273,-2.90676573720041e-19,4.0945223806429134e-05,0.09100625171032845,5.232872033292634,43.12203249307964,-34.01287745122498,0.5006062040840504,0.019923063879302053,0.9811051051209368,0.02482544608223429,256.0,6.545363713080007,0.0,0.0,0.0
EF_03.09.2024_20240903_230700.WAV,0.0002724588942481043,5.999608527892927e-09,1.6789755907295296,8.428251996508775,12.0,43.11565477751795,-43.86374530920243,-45.6207276409943,1.7569823317918747,0.9735960801610366,0.00025254172054445245,0.12429644203985957,0.11118093007121943,0.006687669106949623,19.20414636877206,2.7659484294168646,297.39262408525906,0.24641505165181776,1.653980821118963,0.037968750838455544,0.06279958568865002,0.6877706603961877,0.5345175693220057,2.3025848830330875,0.0003324486091180745,0.13821000226295543,0.1277256698131412,0.13006343828431116,0.13013862622442052,1341.859375,5.57917170781372,0.0018682641717583165,0.02179514357587567,0.08315226039645976,0.6243638427662459,0.33332886807114326,5.610285167756918,7.072190125176488,78937.19568495196,0.9971679305611055,0.8331620184401193,1.2082408951817694,12.001745708466686,0.04434357118611192,42451.30909090909,3.8941913666776324e-19,4.118547570828384e-05,0.05669641105276919,3.1504723965609314,43.14744086619071,-34.00866068303457,0.3897737872011291,0.019932738344597092,0.9926686907878601,0.02647401086113266,273.0,5.048703269103374,0.0,0.0,0.0
EF_03.09.2024_20240903_230800.WAV,0.00027962590185552313,6.506619229889034e-09,1.5527427912738028,7.844998892812387,13.0,43.350793521859,-43.62860656486138,-45.585558692444295,1.956952127582916,0.9730971986572191,0.0009672934352642493,0.1967221316137847,0.17682236405802765,0.00758967183767989,15.678490759046442,2.8479101666399513,299.83272960055183,0.29528347318891834,1.8380205712646132,0.039327596093634544,0.07228493063848614,0.7433184070360538,0.6211848290268795,2.302568650323363,0.0029377543634131697,0.13919600426728737,0.13065218108575868,0.13123540144496804,0.13106357136795654,1351.396484375,6.143559164440737,0.0021020102924061684,0.022290142821757005,0.09181913418404461,0.6236880697176493,0.3333289191169377,5.616033968909118,7.06907719785819,78684.00545649468,0.9971663938256319,0.8290572479943619,1.2199545006981887,31.6409659586849,0.10626545679371545,42280.36363636363,-2.4465909096640167e-19,4.331983506997689e-05,0.1823115133300007,36.78886262094071,43.366867944829394,-33.95998018132086,1.070547938522438,0.020044766009937633,0.9343325270592542,0.03529868114817688,364.0,9.01018727051538,0.0024243599689681926,0.022222222222222223,0.10910677916787898
EF_03.09.2024_20240903_230900.WAV,0.00027366823981991856,6.0753893053756655e-09,1.6400576948647798,8.252125374544693,10.0,43.15532471890408,-43.824075367816285,-45.59905101340234,1.7749756455860535,0.9735749985480594,0.0003402139942998428,0.07223914193725167,0.054829173464641556,0.007689699699106822,15.692681453143754,2.6684664951025217,298.0287600540225,0.26117367790655954,1.706996137242464,0.03795999292165185,0.06479756128701099,0.7299400072211311,0.5429676167468428,2.3025850573181095,0.000144860947992953,0.13714318042220283,0.12870250668138422,0.13096529701969678,0.130741554832218,1348.076171875,5.622956850121243,0.001884175577053632,0.021980889483932245,0.08404025975994181,0.6225054881712666,0.33332890307561275,5.614220255363048,7.072060822988568,78901.49732584768,0.9971723188044214,0.8314482309920643,1.2106924018296281,16.366016875181845,0.06851375351566288,42334.56363636364,-2.5110385151654583e-19,4.156943512579204e-05,0.0640666629905314,3.270774874102638,43.18774123052804,-33.946741011312696,0.46998151357223605,0.020075341854673443,0.990532620434756,0.03617145073700543,373.0,5.082058455062674,0.0,0.0,0.0
EF_03.09.2024_20240903_231000.WAV,0.0002735632338109121,6.080482317425661e-09,1.6429674837655788,8.230261308065304,12.0,43.15251488018565,-43.82688520653471,-45.61085760161084,1.7839723950761268,0.9735275115624096,0.00042086381277572915,0.11546656889852547,0.1006825155258606,0.008657172414441638,22.73081322549628,3.5322881957203256,298.4100971185177,0.2588120762032943,1.698371001182911,0.038320774284548005,0.06508289178775215,0.7783555880927258,0.5464637644213618,2.3025849218276067,0.0003216922817015799,0.136423883878059,0.12894146677504859,0.13076045272402126,0.13067809863252838,1347.421875,5.658141545180535,0.001939865495587237,0.02183851249088005,0.08638457807953444,0.6217423028673216,0.3333289035650309,5.614275494270181,7.071763716985204,78889.78515328742,0.9971705846680893,0.8336836152797922,1.2110570922247135,15.274949083503055,0.07768175370963049,42315.90909090909,4.286133737492271e-19,4.152128263228681e-05,0.07116985671390054,3.351783082330683,43.1827076082115,-33.97280856566732,0.49231062858083874,0.02001518329851555,0.9891012283627851,0.035395655546935606,365.0,5.326705972208881,0.0011636927851047323,0.016,0.07273785277858598
EF_03.09.2024_20240903_231100.WAV,0.0002757710791921618,6.230019919967971e-09,1.5600630845273036,7.737417499161107,13.0,43.22502711623243,-43.75437297048795,-45.57512254527921,1.8207495747912574,0.973464721263771,0.0004835951365552704,0.12248364381667831,0.11036485045776612,0.008245759927962393,15.651350104951696,2.9317637048284486,298.8101975554986,0.27163634141870496,1.7458810944735974,0.03818858235349434,0.0666727239557138,0.7768435846424266,0.5637743088536011,2.3025844938386424,0.0006132754317830447,0.13634306404163837,0.12965134822484645,0.13084746623014892,0.130960147233537,1350.330078125,5.739327092307592,0.0019315309499563574,0.021946917328241625,0.0854610587415131,0.625458529597443,0.333329007199347,5.626111984954739,7.0713773658523165,78812.57817534353,0.9971811903584691,0.8300936257861485,1.213624136684118,21.821355833575794,0.09317643172340219,42236.43636363636,-1.5316031271533409e-19,4.219210075046417e-05,0.07515019395096321,4.809400513538214,43.252311495018425,-33.90689346114291,0.5921392253594888,0.020167651448105322,0.9810874821123338,0.03461986035686579,357.0,6.372708486306617,0.0005818463925523662,0.016,0.03636892638929299
EF_03.09.2024_20240903_231200.WAV,0.00027657664426276494,6.226826771683836e-09,1.5996402712028137,8.096507250621752,12.0,43.24828196933777,-43.73111811738261,-45.53415109959901,1.8030329822164006,0.9735670314866764,0.0005785494614179987,0.15764877610699501,0.12413930113937044,0.008633970429089755,15.668324522262136,3.0092176231848837,298.6249060656645,0.27965871947453735,1.7764617328901005,0.03880528048337664,0.06893609581278566,0.879952741221802,0.5584855830304563,2.3025849634603106,0.0002835312983611615,0.13672291727281544,0.13108310912077684,0.13172485241693607,0.1313702447628746,1354.55859375,5.704988175575846,0.0020389329356997384,0.021965079994056266,0.0902562553043162,0.6224269101303869,0.3333289424621869,5.618685311537924,7.0720134767688645,78865.92920996337,0.9971769888101132,0.8338849217042497,1.2133981735249373,28.36776258364853,0.1004312748520997,42141.56363636364,-2.1039567394695674e-19,4.24443027804009e-05,0.06490757735795452,3.3580419122169736,43.27819403953705,-33.88051618208339,0.5459061208129441,0.020228989589575565,0.9888949160489883,0.039371605896043445,406.0,5.393341381256529,0.0014546159813809156,0.016,0.09092231597323247
EF_03.09.2024_20240903_231300.WAV,0.00027438569599645365,6.064403270600891e-09,1.6374865179972407,8.392261462564694,13.0,43.17577741866262,-43.80362266805775,-45.592062382615794,1.788439714558045,0.9737688490831579,0.0004489131698851567,0.1526071257570939,0.1298115007816707,0.008613188415670492,18.989031922728003,3.1995784784254706,298.47187546641726,0.2737064775839499,1.7537076103155986,0.038122975736452715,0.06685655267689404,0.7854859051878986,0.5503230851287131,2.30258484680986,0.00039569823841105743,0.1360601946141661,0.12950037343763593,0.130229307780367,0.1305401997866356,1346.0,5.687983841598266,0.0019432750824362331,0.022052280111073654,0.08627801815591657,0.6217734551484906,0.33332890390887543,5.614314306444329,7.073272895165033,78952.9495530897,0.9971778573597887,0.8338164038762932,1.211123784751393,29.45883037532732,0.08434939021433421,42243.98181818182,4.654157951289654e-19,4.172992034998057e-05,0.0633440640639959,3.831656750880245,43.204475557733694,-33.94672383378779,0.5292711719648509,0.020075381556424226,0.9852771950741201,0.033553141970519784,346.0,5.801914921329705,0.0006788207913110938,0.018666666666666665,0.03636892638929299
EF_03.09.2024_20240903_231400.WAV,0.0002724981090292375,5.9626401919450406e-09,1.6723141420971992,8.468841587633158,12.0,43.11481039545256,-43.86458969126781,-45.62653035013726,1.7619406588694488,0.973776153655256,0.0003085781694052159,0.13891679935245127,0.11929044255405785,0.0071219497841921164,24.572526086881364,3.5738220505679634,297.7615652533853,0.2542805157952164,1.6819736407085426,0.03790919297424184,0.06376226332320825,0.7363615906478035,0.5366461491569094,2.3025848825040494,0.00036354229715076516,0.1400931044515566,0.12821258849772085,0.12992747968098672,0.13029129994665892,1343.43359375,5.596992202660367,0.0018711054941324798,0.022036005051083177,0.08308122044738118,0.6256841653245464,0.3333288914064621,5.612905003496506,7.0733168668548885,78984.66241989961,0.9971746766460853,0.8341963925070028,1.208871367534191,19.639220250218212,0.06089900955290466,42390.01818181818,1.5814370015541292e-19,4.1148461605721684e-05,0.06410438725184929,3.1662678412217,43.14353603129453,-34.01286085048307,0.4358307167432329,0.01992310195691658,0.9916548429731076,0.03209852598913887,331.0,5.011676930792013,0.0002909231962761831,0.016,0.018184463194646495
EF_03.09.2024_20240903_231500.WAV,0.0002744531471443613,6.108015417822074e-09,1.6436213386283818,8.172379727776732,12.0,43.180079797058575,-43.79932028966179,-45.586108990449205,1.7867887007874117,0.9735711065443169,0.00040653712782212637,0.12842384749778624,0.12138921955286419,0.007346372655592903,15.8972775832331,2.7497637136566477,298.104570649136,0.2506452895662927,1.668963005306861,0.03903264875565067,0.06514404677231785,0.7351636731001572,0.5483462693107486,2.3025525974143846,0.004101419852031896,0.13595512882681926,0.1290344512466418,0.13012054089770747,0.13024716473911357,1342.978515625,5.673603407719967,0.0019249011977499758,0.02192977057017402,0.08517689894519884,0.6251575379529987,0.33332892667503977,5.61689081182086,7.072036894772231,78906.21348869418,0.9971729975849024,0.8345789361547984,1.2109086468932497,19.639220250218212,0.07368496023664048,42325.454545454544,-5.621555409726053e-20,4.180366948753208e-05,0.0695797547238493,4.5392895112199705,43.21214405417153,-33.95988916399809,0.5136801594052116,0.02004497605526086,0.9853103651613075,0.03588052754072925,370.0,5.513271845467997,0.0,0.0,0.0
EF_03.09.2024_20240903_231600.WAV,0.0002745875296739118,6.1248257652995e-09,1.6580697414786105,8.456793216573935,13.0,43.184908537243615,-43.79449154947676,-45.58984029044371,1.7953487409669506,0.9735182456971496,0.0005072476051770636,0.10735882774905581,0.0887666537614833,0.007398180768719564,23.16819505016137,3.2992766125277244,298.4269646123973,0.26140550229299,1.707845788465881,0.03870917843189999,0.06610930735989472,0.7221475569738467,0.552242018421368,2.3025850276841817,0.00019837729889840005,0.13639963792713283,0.12942838545962823,0.13158073629741215,0.13068321301280184,1347.474609375,5.687693287354257,0.0020502982251963922,0.022185012347617265,0.0904338551770126,0.6240045947321832,0.33332884640227356,5.607864653428118,7.0717035713557586,78891.42566539183,0.997165958146302,0.8341108427950934,1.2121715943532234,20.730288041897005,0.09082760522742701,42262.52727272727,-7.785228690671671e-21,4.1844837181930924e-05,0.06487073083496249,3.5791827229921886,43.21641882360028,-33.93328514678422,0.4785512429607408,0.0201064659465443,0.9891146345577644,0.035395655546935606,365.0,5.247696167524136,0.0,0.0,0.0
EF_03.09.2024_20240903_231700.WAV,0.0002753664309292762,6.1012224084482596e-09,1.6358812264360472,8.399493329028195,11.0,43.206417592435244,-43.77298249428513,-45.57708425512915,1.80410176084402,0.9738008680796558,0.0004890522833107536,0.45343291583398104,0.4248919899132897,0.007196792616900427,19.598366538341324,3.1922575727648708,298.3292757078956,0.27859655730987726,1.772373794810258,0.03837996282660812,0.06802364035967207,0.7937917305923954,0.5548374507576069,2.302575243042403,0.002306051784566954,0.13559143956292632,0.12993630063779352,0.13141305401997866,0.13080690524682378,1348.75,5.738272112917583,0.0020103302904664923,0.022102423123660404,0.08940377591537342,0.623222635017998,0.33332891007455895,5.615010782796481,7.07347323752976,78960.45093088325,0.9971790460632094,0.8333870155584945,1.213030847175855,20.730288041897005,0.08917963825041218,42219.61818181818,-2.798476938397009e-19,4.206391601850679e-05,0.07029842957859536,3.913503394699319,43.239097016850835,-33.946447465110914,0.5468141449706323,0.020076020327481358,0.9864254401722425,0.03529868114817688,364.0,5.776045518723364,0.0002909231962761831,0.016,0.018184463194646495
EF_03.09.2024_20240903_231800.WAV,0.0002753784605542439,6.170883987275963e-09,1.6777064173527463,8.787983516913728,15.0,43.21045962671134,-43.768940460009034,-45.571842886513835,1.8029024265048008,0.9734577067246171,0.0006010266715140711,0.44717442459021683,0.4116272542936441,0.007484897208987928,10.489291366002886,2.0529909413683964,298.8407744457954,0.2720130806391802,1.7473021105324547,0.03900851993522245,0.06815966921156151,0.8875858887556374,0.5565289771530286,2.302576683264266,0.0021613447794493366,0.13520350434810716,0.13133906637591522,0.13128072097940952,0.1311169882285908,1351.947265625,5.728845463399038,0.0019565345868489963,0.02210353025072694,0.08691737769762367,0.6244802149109873,0.33332874988656147,5.597223491965383,7.0713216788226765,78877.6124694183,0.9971575942239178,0.8351617014410577,1.2133395965475764,24.00349141693337,0.10035550625545535,42167.94545454545,-2.3180111029294935e-19,4.207189393539246e-05,0.07280862567872678,3.425806958220144,43.23992062936323,-33.94674054117472,0.5277465223265096,0.02007534294128418,0.9895162811420422,0.040244375484871996,415.0,5.169201668319634,0.0002909231962761831,0.016,0.018184463194646495
EF_03.09.2024_20240903_231900.WAV,0.0002741217340218572,6.092118122592118e-09,1.7162568960612816,8.892886678754639,14.0,43.16952316100732,-43.809876925713056,-45.58486628417951,1.7749893584664562,0.9734731087222327,0.00031244028953270053,0.10357887296127433,0.08738134911294426,0.007055413170726776,14.670523866293125,2.570620226153537,298.32049826026054,0.2571884313942527,1.69247287539421,0.03872836806091195,0.06554671245137693,0.7693239755702788,0.5450533087711696,2.302584314420951,0.0006848878513634915,0.1373290660459703,0.12882248664473034,0.13027915926825265,0.13066351317767433,1347.271484375,5.6308014009735805,0.001897435081466395,0.022018036385029388,0.08418233965809893,0.625041915962845,0.333328731755619,5.595249521612545,7.071416001077175,78914.82040630649,0.9971540915937327,0.8351313560779726,1.209412419683812,16.366016875181845,0.07372284453496265,42284.92727272727,2.7934304701032583e-19,4.1726824382829504e-05,0.05980267198530795,3.275757943988204,43.20415334016942,-33.95555448936139,0.4534736446352383,0.020054981954169996,0.9905310064518434,0.03316524437548487,342.0,5.126115201481359,0.0002909231962761831,0.016,0.018184463194646495
EF_03.09.2024_20240903_232000.WAV,0.0002758931370676539,6.1660321813460225e-09,1.5835272414142951,8.057636559142418,14.0,43.225203788124674,-43.7541962985957,-45.57543603665871,1.8212397380630065,0.9737204926108,0.0008689191175258459,0.17946367936375462,0.14809007238596072,0.008516580859761147,12.04409731305103,2.542052706895052,299.0107063627649,0.2876336157934995,1.8075440452286147,0.03840519590257036,0.06941908315952945,0.8316730432557081,0.563376788653279,2.302584101473858,0.0007330781340604275,0.13889697087253094,0.13084714852619614,0.1314746885868191,0.1314047194743478,1354.9140625,5.775911447902154,0.0019771815294345844,0.02205376677637725,0.08769881713748788,0.6225019565923998,0.3333289753695365,5.62244667004466,7.072974568106777,78900.46283225833,0.9971844578090963,0.8344755821036759,1.2149906387362839,25.09455920861216,0.11569864707593831,42132.63636363636,3.2802043909379625e-21,4.2207319067204086e-05,0.07296519388096193,4.207657470048581,43.25387767428125,-33.91612399349453,0.5588821153911709,0.02014623058203495,0.9857914639251617,0.04005042668735454,413.0,5.526648203586189,0.00126066718386346,0.017333333333333333,0.07273785277858598
EF_03.09.2024_20240903_232100.WAV,0.0002788122183527415,6.430855030604185e-09,1.5184782100655831,7.617143236833691,12.0,43.32352375316215,-43.655876333558226,-45.51081865749212,1.8549423239338978,0.9733040073126901,0.0009593567361657618,0.34369889296949174,0.30795006120715906,0.009192151577930963,16.074990577830718,3.0226284918521427,299.48835812729135,0.2974332977989038,1.8467047950523827,0.03896969849853753,0.0719655290789949,0.9620018019774773,0.578819030815985,2.3025803272270022,0.001633278972564156,0.1395354475802541,0.13291280356180518,0.13232760222500786,0.13181576411114346,1359.15234375,5.841505724533072,0.0020864777300940744,0.022274363535956278,0.09242297375121242,0.6227707283479039,0.333329008870286,5.626305143765847,7.070374170342537,78725.92080037204,0.9971799692637734,0.8309265928917187,1.2164771638278828,21.821355833575794,0.13299282926001357,42033.763636363634,3.806929519098193e-19,4.3202875168503115e-05,0.08617310727741716,4.9637854725304775,43.35512650246967,-33.85047707447593,0.7150753359596251,0.020299070236899638,0.9778975596903499,0.04635376260667184,478.0,6.176994426082436,0.0002909231962761831,0.016,0.018184463194646495
EF_03.09.2024_20240903_232200.WAV,0.00027652029514504885,6.255194756934702e-09,1.567092559189812,7.937203732888366,13.0,43.248135041245426,-43.73126504547494,-45.557773243157165,1.826508197682223,0.9735020353247266,0.0006746304933779035,0.18595412492899732,0.15159947398703488,0.00887739702978374,16.617805978638394,3.112243378363751,299.3268413383505,0.28769577991003453,1.807789064828783,0.03839825334099659,0.06941594249837893,0.8349811410543956,0.5649366966323955,2.3025848760537175,0.0003601048994811507,0.13723208224226555,0.13209893947710732,0.13162333665978715,0.1316922612986131,1357.87890625,5.758067466164627,0.0020578750848608282,0.022081794638034356,0.09153497438773035,0.6223822951464847,0.3333289648675703,5.6212432029022965,7.071609108917051,78821.48979593978,0.997179164879017,0.8311869133991948,1.2147643783335993,15.274949083503055,0.10624651464455437,42112.61818181818,3.9745143203531647e-19,4.243741036450076e-05,0.07339167439266059,3.5577411791195646,43.27748874316917,-33.920402166169524,0.6298034462952771,0.020136310143904254,0.9865009508320719,0.04548099301784329,469.0,5.577569801812104,0.0026183087664856477,0.016,0.16366016875181846
EF_03.09.2024_20240903_232300.WAV,0.00029966956845628266,9.629853727013119e-09,1.118137447976931,4.499625649329177,12.0,44.047348517386844,-42.93205156933353,-45.56896780399718,2.6369162346636514,0.966885818537959,0.01600764816828837,0.30123012991425124,0.2005098795215262,0.007052900491144487,15.6249435092996,2.732910281144529,301.2106241147625,0.4242097301297697,2.4734869702656725,0.038742571400949055,0.09582924555483496,0.8027696080006765,1.0593373183957058,2.2973160060155724,0.05074760275594219,0.13739372191510685,0.13025324770763283,0.13103236993067016,0.13110827483997672,1351.857421875,7.878358400031109,0.0019483894627097275,0.021867788897646234,0.08656217795223084,0.6238166850352511,0.33332903192062807,5.6289773822261795,7.030270377580936,76362.14940828276,0.9970498474834377,0.7949573045390903,1.225734408475911,16.366016875181845,0.08620572083212104,42014.36363636363,3.513603549523933e-19,4.949813381031124e-05,0.2442569347104616,1438.229433434119,43.94588825374736,-33.88081876852454,2.16544375773033,0.020228284893613873,0.7802933999417727,0.03917765709852599,404.0,12.228749140276642,0.0013576415826221876,0.018666666666666665,0.07273785277858598
EF_03.09.2024_20240903_232400.WAV,0.00027331601760927717,6.043948639485346e-09,1.6457995342115022,8.226195407020398,13.0,43.143288040439664,-43.83611204628071,-45.59297627549813,1.7568642292174204,0.9736266968940085,0.00023910573067420504,0.09388255903030451,0.07957767580150055,0.0065675909930468235,17.595530030124344,2.9963905619075986,297.42237574331125,0.25426799415420426,1.6819286074916902,0.038204720610993746,0.06425761253685779,0.7472259741259153,0.5380684587905746,2.3025849951961783,0.0002458939628246171,0.13486406103514045,0.12846354658771986,0.130697911766492,0.1302200774658132,1342.69921875,5.581434502131472,0.0018891005358355156,0.02208215051152551,0.08354298011639186,0.623447070389697,0.33332892411429144,5.616600341764554,7.072384283801476,78923.36479184711,0.9971741969584147,0.8327967502513173,1.2087019573132918,17.457084666860634,0.05235610028125304,42300.472727272725,1.4688376777498165e-19,4.146170413742294e-05,0.060329911842317584,3.1703755077216225,43.176471482708536,-33.946734221822524,0.4029129100951252,0.02007535754695083,0.9921859488334528,0.02773467804499612,286.0,5.044327667979393,0.0,0.0,0.0
EF_03.09.2024_20240903_232500.WAV,0.00027717341738832163,6.360944333842045e-09,1.5843379417990802,7.978494961845545,15.0,43.27260460111151,-43.706795485608865,-45.5227495960348,1.8159541104259347,0.9731625054756634,0.000642367324611981,0.16107848556514892,0.12817970559673186,0.009133226980552078,19.629915465337373,3.417307285540256,299.02517110880484,0.2786580848611921,1.7726102670952373,0.03930991257818265,0.06968115463470277,0.8355681250807426,0.5643270368148817,2.302584938052871,0.00030964401374706797,0.13884039698703649,0.1318649785485824,0.1327246013467153,0.1316602490665309,1357.548828125,5.723294753308984,0.001998396736495005,0.022151826364887297,0.08816057680649855,0.6215211902206998,0.3333288965446693,5.613483714202162,7.069483702631151,78730.4524791114,0.9971646159065211,0.8328183235029475,1.212794397876264,14.183881291824266,0.1011889608185433,42055.87272727273,9.525208904454467e-21,4.267688287256967e-05,0.06939582896860498,3.4846692070275487,43.301926909614224,-33.85035009781243,0.5721497826502642,0.020299366985667835,0.9876384191516597,0.04082622187742436,421.0,5.503348341362964,0.0005818463925523662,0.016,0.03636892638929299
EF_03.09.2024_20240903_232600.WAV,0.0002750577776880387,6.1523881147482175e-09,1.6473412380595478,8.41615071695969,13.0,43.200119518244726,-43.77928056847564,-45.569607575068744,1.7903270065931025,0.9735105768127098,0.0003421910069882905,0.1464807184028275,0.14032205755719096,0.007767275387219996,14.826001542466573,2.7448202884425235,298.30049623220197,0.2675675927059332,1.7306273999929842,0.03841577958197524,0.06648340073665739,0.7712557547896814,0.5526849676539876,2.3025847463286353,0.0004478844539828941,0.1378220670481363,0.1290104552539726,0.13101968046102655,0.1307218549970905,1347.873046875,5.668625664212701,0.0019451692973523425,0.021713917102346672,0.08610041828322017,0.6243952523222022,0.33332884998372875,5.608263911324847,7.071656273611725,78881.46124808326,0.9971670411083009,0.8319132365730447,1.2112711901002902,16.366016875181845,0.07868568761516827,42264.490909090906,-3.161086712254222e-19,4.197787798361487e-05,0.06356309323906395,3.500182408424474,43.230204808566846,-33.946826146718465,0.5312007769562257,0.020075145085652668,0.9879673515500611,0.038498836307214894,397.0,5.411599325881374,0.00126066718386346,0.017333333333333333,0.07273785277858598
EF_03.09.2024_20240903_232700.WAV,0.00027579718665555504,6.528846107758985e-09,2.063278407372232,12.005517710799523,13.0,43.24152865192402,-43.737871434796354,-45.54732968125776,1.8094582464614035,0.971441051696296,0.00044665224498474654,0.43222839398436774,0.4069022556121247,0.00738538772255215,11.58389876649309,2.1257971155194983,298.2223250897937,0.22419701888535748,1.5779741102908376,0.04259131533807839,0.06720799292672075,0.7913493937302143,0.5582464450433285,2.3025684104893345,0.003008809879994523,0.13834739598487053,0.12942138662843308,0.13057282985143354,0.1307095426001358,1347.74609375,5.728045422868405,0.001981538223741635,0.02212640381944347,0.08794745695926286,0.6249414158076709,0.3333274654313293,5.4737005546086515,7.058662168046775,78503.59274451951,0.9970009675775905,0.8410152353754393,1.2127140423844762,15.274949083503055,0.07970856366986713,42059.4,3.797257121535171e-19,4.2427255761411865e-05,0.07151650702249407,3.88872322031763,43.27644942060779,-33.90307109469113,0.4988624137559725,0.020176528502955583,0.9887305504005204,0.03520170674941815,363.0,5.373535174747649,0.0,0.0,0.0
EF_03.09.2024_20240903_232800.WAV,0.0002801244647070288,7.036499383571208e-09,1.518559031609054,6.900540997629419,13.0,43.39207652683641,-43.58732355988395,-45.54400058467757,1.9566770247936205,0.9711295664854878,0.003398802220080821,0.5098880736846987,0.4511326141409566,0.00835969358857791,19.845638967063515,3.2825032016324047,298.92437732701194,0.2610598967860996,1.7065793171886645,0.040128784211291006,0.06848295315891627,0.9598999482053348,0.6230581595267384,2.3011079321038164,0.026969142226168863,0.1403436459444606,0.1301712613993463,0.13114204320401857,0.13089631219086412,1349.671875,6.043689105544008,0.002010898554941325,0.02205324604597538,0.08894201624636275,0.6230174198571228,0.3333288436658446,5.607559813120132,7.056774853538492,78078.84305438882,0.9971112364739344,0.8235922046296406,1.2150325728728375,16.366016875181845,0.09177471268548153,42231.63636363636,-1.8301858345335915e-19,4.3657691961145154e-05,0.057632130454245964,39.175572493099644,43.400607722564416,-33.89004706392398,0.8364528330082663,0.02020680483037775,0.9562991595473509,0.040632273079906904,419.0,7.359347236947694,0.00126066718386346,0.017333333333333333,0.07273785277858598
EF_03.09.2024_20240903_232900.WAV,0.000274959694441987,6.202179109016393e-09,1.6155278195907994,8.031583281475328,14.0,43.19989885924422,-43.77950122747614,-45.58306087566883,1.8035596481926888,0.973327468654141,0.00040757691249782013,0.18818173412946693,0.18184089345768606,0.007596292960812878,16.442631071839244,2.9025168061295497,298.5189816247133,0.260829671770712,1.7057363149182132,0.03814941521747904,0.06507284292934751,0.7584938448615062,0.5583462221030673,2.3025805445209295,0.0015646085305496271,0.13580157113762,0.1288114884814236,0.1309807056614069,0.13054588243138396,1346.05859375,5.689083081208835,0.0018792506182717487,0.02190870261007031,0.08343642019277402,0.6233306648256668,0.33332890850102553,5.6148329440457685,7.070514442673565,78811.40401429364,0.9971678962822207,0.8303751089779441,1.2118956648125878,24.00349141693337,0.08277719183396372,42349.36363636363,-2.7082713176462154e-19,4.1921462574696e-05,0.07257986413398587,4.525068284128609,43.224364260997,-33.946508248610854,0.5353496882739606,0.02007587983680494,0.985495287233145,0.03365011636927851,347.0,5.854317268257479,0.0002909231962761831,0.016,0.018184463194646495
EF_03.09.2024_20240903_233000.WAV,0.00027415511001763616,6.13715972500615e-09,1.6651344149428304,8.507723186561876,15.0,43.172908146817754,-43.806491939902614,-45.59201876339367,1.785526823491054,0.9733754127856646,0.0003866824250123857,0.12286712648166975,0.10704000294180316,0.007405575246814178,15.766051657203295,2.8205439466332347,298.15587441749125,0.26356515532539343,1.715786758954486,0.038307556911892096,0.06572759891731986,0.8099137888222606,0.5476041397499052,2.30258479804831,0.0004264045160461194,0.13624608023793358,0.1296093552376753,0.13069519259442552,0.13063396342498304,1346.966796875,5.656289565412658,0.0019042542551643876,0.02200541458668364,0.0842533796071775,0.6251229247813658,0.333328803636443,5.603121621836029,7.070809197750658,78852.52236854717,0.9971593302645637,0.8325505728717165,1.2104455116642385,31.6409659586849,0.08469034889923382,42289.03636363636,-1.4367715771332755e-19,4.168884280704765e-05,0.07218544345410301,3.522935997981917,43.20019840209323,-33.93347540483176,0.44147382748746367,0.02010602553396514,0.9900916265885276,0.03452288595810706,356.0,5.051331580587063,0.0005818463925523662,0.016,0.03636892638929299
EF_03.09.2024_20240903_233100.WAV,0.00027366862989878897,6.220405030875746e-09,1.8406189132956414,9.99285314419754,13.0,43.16310735374774,-43.816292732972634,-45.58956052553516,1.7732677925625282,0.9726636889043959,0.00032322129586948023,0.12836987725412885,0.10812378377996912,0.006944894705532612,18.19739329752995,2.886181431921504,297.9474034301583,0.2380429387957896,1.6248198249375951,0.03967581166585744,0.06446604536517547,0.7630419299504962,0.5430877033831166,2.302584945099044,0.0003015651204671954,0.13760385348980056,0.12934139998620228,0.13031994684925,0.13067809863252836,1347.421875,5.616756165811053,0.0019394866526040151,0.02201630282911702,0.08556761866513093,0.6231547285224495,0.3333282849287657,5.548913001560722,7.066338197199659,78740.77196856322,0.9970977822923208,0.8360071204668044,1.2092668363103487,21.821355833575794,0.06052016656968286,42278.87272727273,3.404894211696053e-19,4.165656397541603e-05,0.06093634601198216,3.1912943329007146,43.19683444486944,-33.95982476545422,0.4386760955487645,0.020045124672398423,0.9914744384917525,0.029189294026377037,301.0,5.24408092305204,0.0002909231962761831,0.016,0.018184463194646495
EF_03.09.2024_20240903_233200.WAV,0.00027448854892255,6.3954913622048595e-09,1.8006883795834903,9.713249585333987,12.0,43.19641706575689,-43.78298302096348,-45.58790417903238,1.8049211580689004,0.9721605007211723,0.0004225853714019401,0.3018019683632258,0.29371333211949113,0.008960087294750285,21.42839906041231,3.5042822593067053,298.243282078266,0.2377870834427234,1.623938740153467,0.04013359033672648,0.06517449212925895,0.7758073531780246,0.5566352630610173,2.3025654494895162,0.003274813312444458,0.13616526040151294,0.13027524403424628,0.13022115026416756,0.13050023185190573,1345.587890625,5.699113648022118,0.001947442355251673,0.02194853789953616,0.0860293783341416,0.6255642921858354,0.3333282372756372,5.544215514623847,7.06319245974882,78561.66662006338,0.9970844579525372,0.8337169267562681,1.2104721449960338,27.276694791969742,0.08004952235476676,42106.6,-3.9782991715734776e-20,4.201273748231657e-05,0.08364518917229644,5.612732489688323,43.23380980389004,-33.94671873480273,0.4879227707716822,0.020075393341526842,0.9869459596616045,0.032292474786656325,333.0,5.582168032862587,0.0002909231962761831,0.016,0.018184463194646495
EF_03.09.2024_20240903_233300.WAV,0.000274209659855212,6.065978163004248e-09,1.6976923819693672,8.85611639803431,12.0,43.170703033802205,-43.808697052918156,-45.58291569699901,1.7742186440808538,0.9736352665172029,0.00042976421453710945,0.150488652495248,0.12401937827902254,0.007281870525319145,20.533489301686185,3.3875832668292865,298.16112698215665,0.26281428573866145,1.713020560909816,0.03846014586733811,0.06588302064634087,0.8054345055946445,0.5463288598702438,2.3025847788767537,0.00044092398362405305,0.13615717841787087,0.12926341301002733,0.13037070472782447,0.1302142053995733,1342.638671875,5.651920971900143,0.0018745150809814763,0.022018122755339948,0.0828325806256062,0.625490742551703,0.33332876864493666,5.599274008397217,7.072431641240679,78948.91657507962,0.997162148896876,0.8345081075891798,1.2098955746624374,27.276694791969742,0.08147018354184851,42233.799999999996,3.1796955640874277e-19,4.1751135533127385e-05,0.05796898788187002,3.3088055780701064,43.2066829177327,-33.92901738123419,0.45323045475780077,0.020116347578800087,0.9909028160093813,0.033553141970519784,346.0,5.100716875870701,0.0011636927851047323,0.016,0.07273785277858598
EF_03.09.2024_20240903_233400.WAV,0.0002741854065109183,6.105010819631656e-09,1.6381794875604392,8.212756469699244,15.0,43.1720781292764,-43.807321957443975,-45.59588038710923,1.7885584296652581,0.9735486061537467,0.0004745963360672789,0.10965227547786183,0.09260145938247988,0.009202033557837552,19.396850402774568,3.2429687585422684,298.26904710663143,0.2582479474510275,1.696318794302163,0.038176847033787126,0.06476010313061188,0.8015266166861126,0.5494779725325196,2.3025845665619387,0.0005785478202627204,0.13528432418452785,0.12923741735130231,0.13084293427670476,0.13079269863495296,1348.603515625,5.651122020174175,0.0019209233464261468,0.021994953383197006,0.08514137897065957,0.6232056492531048,0.3333289085480764,5.614838260761174,7.071896026230663,78893.23539480269,0.9971720083691066,0.8322342309201926,1.2109566205981723,19.639220250218212,0.0765073404616429,42340.36363636363,4.3360727466491793e-19,4.1680933748139926e-05,0.07142690962333456,3.8935118680645564,43.19937439589029,-33.94657975797857,0.5101936173161263,0.02007571455637614,0.9867036314411141,0.03481380915438324,359.0,5.537120479292601,0.0,0.0,0.0
EF_03.09.2024_20240903_233500.WAV,0.0002733152128865198,6.000476176653583e-09,1.618830001739377,8.174495733258965,14.0,43.14092554885762,-43.838474537862744,-45.62367146101081,1.7851969231480638,0.9738619384391568,0.0006049811282267115,0.2279340805392207,0.19326221514655872,0.008579298384279621,15.097149190605531,2.7761191853650695,298.26700726248606,0.2751577964141426,1.7592212347816203,0.037724520089347985,0.0663657768131268,0.8315619411855322,0.5430616885804621,2.3025849297396923,0.00032404016983011985,0.13548637377557948,0.1300392834396656,0.13073326100335636,0.1310067449204733,1350.810546875,5.675807931759541,0.001905580205605664,0.02190960220913346,0.08443097947987391,0.6222221586404276,0.33332897541496603,5.622451882320377,7.073857555707111,78972.93398945387,0.9971856629476158,0.8334366830373202,1.2114550814400569,25.09455920861216,0.09592304335176026,42230.145454545454,2.602926292014169e-19,4.141780099289679e-05,0.0727670679776455,3.21894067617052,43.17187037048921,-33.95574657511422,0.4631316699120589,0.02005453844937411,0.9910970890036855,0.03394103956555469,350.0,5.1525048530737925,0.0005818463925523662,0.016,0.03636892638929299
EF_03.09.2024_20240903_233600.WAV,0.0002722613113074355,5.990890350733053e-09,1.7177711523154713,8.900767868503573,13.0,43.109352553601035,-43.87004753311934,-45.63512771372197,1.7650801806026308,0.973549474777682,0.00033585311631445514,0.18888966250641037,0.16523889617067866,0.007276923823642645,19.755722558412835,3.179754283835582,297.7335201973485,0.252874425345703,1.6769261658930914,0.038255229890996736,0.06415119598646794,0.7681727792183041,0.534942940923468,2.30258473882033,0.00046616651745701176,0.13772508324443153,0.12824458315461318,0.13039789644848934,0.1302911105251673,1343.431640625,5.614965996490744,0.0019290684705654156,0.022065397110756495,0.0852479388942774,0.6280044759806439,0.3333287444216675,5.596627691589512,7.071893774765627,78939.30444446731,0.9971568337369487,0.8350463935585498,1.208505510030577,16.366016875181845,0.05923210042672874,42333.32727272727,3.166974258596931e-19,4.112157049100685e-05,0.06580067951255679,3.162289484780815,43.14069692625197,-33.99527981439495,0.40742828396264485,0.019963468979344222,0.9922972517082761,0.029674166020170676,306.0,4.9151347040622015,0.0002909231962761831,0.016,0.018184463194646495
EF_03.09.2024_20240903_233700.WAV,0.0002729066779791831,5.997633360309579e-09,1.666582277375889,8.492628748614306,14.0,43.12874669204179,-43.850653394678574,-45.62312469230922,1.772471297630645,0.9737188428233585,0.00042180297066229944,0.34228992212532905,0.3059285076504784,0.008418984056842382,36.3277519684342,4.436025049501326,297.83649576560356,0.2611609885511706,1.7069496453335509,0.03782552465305129,0.06456626589108139,0.7188046066791962,0.5388811029878988,2.3025828190026965,0.0011703754165582226,0.13847670772314355,0.12839355827576795,0.13026284423585374,0.13038411647754827,1344.390625,5.639114315440768,0.0018811448331878576,0.02172470326533114,0.08340090021823472,0.6224974063392493,0.3333288711143301,5.61062604632284,7.0729582832551205,78960.96323596453,0.9971725771587838,0.833510204645937,1.209301453302453,19.639220250218212,0.06966922461448938,42354.38181818181,-8.387650843238162e-20,4.130278501549035e-05,0.0707466354487951,3.291005154024801,43.15979336791514,-34.00860809430695,0.4483038906564403,0.01993285902774695,0.9915778130229616,0.03345616757176106,345.0,4.962912983588232,0.0,0.0,0.0
EF_03.09.2024_20240903_233800.WAV,0.00027341492654355394,6.036925730004201e-09,1.6583671514891538,8.47283485540075,14.0,43.14581810980706,-43.83358197691331,-45.60554734696418,1.7719653700508715,0.9736651579682679,0.0003806338830036893,0.1450735843985519,0.12190490511944518,0.008770822498320952,17.23991588921429,3.1017224674771726,298.03949127944304,0.2638094854571322,1.7166880861564557,0.0380064643863291,0.0652452446089408,0.7884984105192271,0.5420318517819174,2.3025849427863507,0.00030708734570641385,0.13633498205799632,0.1283005738041747,0.13097436092658507,0.13049511747163223,1345.53515625,5.630015299194175,0.0019245223547667543,0.021990395405928495,0.08514137897065956,0.6233152739348742,0.33332886528432876,5.609973210125658,7.072622774434155,78937.48615177647,0.9971713725043261,0.8329332851587967,1.20974637916828,19.639220250218212,0.06612704272136553,42301.145454545454,-4.395684153369109e-19,4.146849708230748e-05,0.06940827317375153,3.408691069291657,43.17718295776645,-33.97300304001712,0.45605893933898045,0.020014735169844193,0.9900178499249727,0.030546935608999223,315.0,5.331982135321589,0.0002909231962761831,0.016,0.018184463194646495
EF_03.09.2024_20240903_233900.WAV,0.0002779781275735826,6.53971350990153e-09,1.489839758783701,7.1954060083815135,10.0,43.30513857290586,-43.674261513814514,-45.59703297271123,1.9227714588967189,0.9727524286306204,0.0007221766097741389,0.3045192612321729,0.2801760722424953,0.007805411049863986,20.393746623728155,3.3505751312294945,299.12124163976404,0.27546981331290477,1.7604094856902701,0.038746527499013424,0.06820975454682213,0.8447954875912977,0.5807729376230738,2.3025581738840666,0.003758584973260426,0.13845246177221737,0.12939239147062442,0.1323511683829174,0.13117760310590632,1352.572265625,5.9821183390688395,0.0023031759164969454,0.022802726863194747,0.09917176891367603,0.6241944240367261,0.3333290213726125,5.6277527724976615,7.06692737279902,78543.86152929462,0.997168214958105,0.8245417992646734,1.2169218404789595,48.00698283386674,0.12924228372611773,42256.163636363635,1.9344795126044394e-19,4.306735970078701e-05,0.10137443059533688,7.712879914150564,43.341482476036255,-33.95544314199934,0.7195017150062455,0.020055239047426166,0.9754487636731679,0.041505042668735455,428.0,6.610264247218883,0.002909231962761831,0.032,0.09092231597323247
EF_03.09.2024_20240903_234000.WAV,0.0002743384969572918,6.0378771105311885e-09,1.6153906322036005,8.040315800277837,12.0,43.172977803176025,-43.80642228354435,-45.588332089013605,1.7819098054692546,0.9738889377675499,0.0004295285202903232,0.2178852444623839,0.2058823059175342,0.007701021670500907,19.888040252792468,3.1424765958232794,298.143235555666,0.2644622114423519,1.7190989111815689,0.037904232101774966,0.06516112413533481,0.7537411255249665,0.5485978173152857,2.3025846042532074,0.0005261346525500699,0.1366420974363948,0.128868478964013,0.13072057153371275,0.13065366326011058,1347.169921875,5.656633630774445,0.0018222347492968674,0.022020442581297844,0.0802751424587779,0.6258156177887325,0.3333290120504565,5.626672974448256,7.0740275751288335,78984.26825579627,0.9971888036011354,0.8321550752778996,1.2106200109442087,29.45883037532732,0.07046479487925517,42363.56363636364,2.3337813163474646e-19,4.1721341044230565e-05,0.06717751290805908,3.304975562337021,43.20358259456054,-33.94247569400447,0.4769039286167853,0.020085202529213645,0.9901761685544644,0.03403801396431342,351.0,5.245202454476557,0.0010667183863460048,0.019555555555555555,0.05455338958393949
EF_03.09.2024_20240903_234100.WAV,0.00027645871006125506,6.241985179566011e-09,1.547940180022541,7.670983970786182,12.0,43.245652805441416,-43.733747281278966,-45.56163709582591,1.8278898145469427,0.9735625443959552,0.0006522987183990026,0.2564552054232636,0.24759132431722053,0.008586330416152976,18.58721044109972,2.990834727728536,298.75238176211496,0.27973816635037546,1.7767679843118154,0.03796380275580848,0.06745286929924918,0.8441017924186893,0.5641136739235703,2.3025729224195035,0.00251986854586832,0.13709468852035042,0.1306971735720135,0.1307740485843537,0.1311565773203375,1352.35546875,5.76429169196862,0.0020063524391426635,0.022385045253317554,0.08869337642458777,0.620790834723712,0.3333290374667151,5.629622480238514,7.0719903696162065,78834.70527542617,0.997186662520885,0.8293320529277158,1.2138744197685931,27.276694791969742,0.09993877897391135,42258.472727272725,-4.919255238845746e-20,4.244810749164922e-05,0.07055123654898732,4.635700930864159,43.278583324067,-33.90692613808622,0.5425095585142472,0.020167575576088646,0.986097989607621,0.037238169123351435,384.0,5.647948042317825,0.0008727695888285493,0.016,0.05455338958393949
EF_03.09.2024_20240903_234200.WAV,0.0002894406056409388,7.007340671585549e-09,1.219039109413926,6.315926829552833,15.0,43.65215479964603,-43.32724528707434,-45.47185466901669,2.1446093819423524,0.9736124055010016,0.012691094110834689,0.429553488152599,0.3587733722549129,0.012587573947827835,17.492931963312554,3.4968911254707566,301.4191077827462,0.42424713604230835,2.4737126381831893,0.03944963893394906,0.09758707040267338,0.9797728569322987,0.72404170705418,2.301889419458013,0.01866064615872425,0.13835547796851258,0.13460252137892972,0.13405155731516202,0.13252666296915916,1366.482421875,6.890211129083285,0.002169823186402871,0.022206048908091254,0.0954776915615907,0.6234384579887047,0.3333293892789776,5.672344525386995,7.072324698661656,78578.08539296724,0.9972328663603109,0.8252299667835895,1.2289463173690827,42.5516438754728,0.15170767263117058,41934.41818181818,-2.5537232261500996e-20,4.633960185734438e-05,0.5555309192394099,147.01119730430491,43.6595229807931,-33.81111253147482,1.5292494470205256,0.020391274614045114,0.8926068606692412,0.05382079131109387,555.0,9.164174776552356,0.0027152831652443752,0.016592592592592593,0.16366016875181846
EF_03.09.2024_20240903_234300.WAV,0.00028426501364084926,6.924087702355613e-09,1.3669950149706522,6.697368314874495,13.0,43.50361493364125,-43.47578515307912,-45.39240342292154,1.9166182698424166,0.9726850680124485,0.00199451194953959,0.2841501577509906,0.23826940679246278,0.01655192812240658,17.03567330679455,3.5717961639190166,301.2513520401458,0.3375234364773366,2.0189747232191406,0.03990635306415771,0.08056991813239311,1.1920769813476755,0.6149531240143885,2.302573049022234,0.002600626255229166,0.13757152555523225,0.13794696285720284,0.13537941967429754,0.13346676183202405,1376.17578125,5.966493917567387,0.0023736407113762003,0.022038866241440302,0.10453528506910767,0.626280495125272,0.3333291424216282,5.641989984154558,7.066514594984272,78417.29850755965,0.997182972065303,0.8281417120672074,1.2227923736781816,36.00523712540006,0.18972456599747842,41597.92727272727,2.7675673200977863e-19,4.4989270828655765e-05,0.09058825992210001,4.467393271133323,43.53108954320103,-33.67375169075732,0.8895473312917517,0.020716310680273808,0.978198307461633,0.06778510473235067,699.0,5.871119493649941,0.0030062063615205587,0.016533333333333334,0.18184463194646494
EF_03.09.2024_20240903_234400.WAV,0.00028506895483068417,7.0663981884222025e-09,1.346349404409917,6.751451917529373,14.0,43.53321677163757,-43.44618331508279,-45.37765573476152,1.9314724196787267,0.9723625705787096,0.0023481415134269934,0.26569561714700907,0.1957303107356385,0.019311458869587628,21.848717360733836,4.134901516263787,301.14270818057855,0.35269302632739913,2.0897241669631277,0.04046755840284988,0.08456603477242719,1.3243405514036306,0.621904787412328,2.302583565123794,0.0009710428383975511,0.13652086768176383,0.13973966347619948,0.13453466355230825,0.13372191258122396,1378.806640625,5.993775060825476,0.002276088643196586,0.022124463138745634,0.10055704792070805,0.6246754987614913,0.3333290748512262,5.633992742693583,7.064497389251799,78289.11033372015,0.9971723161666676,0.8299724591556339,1.2242681432703775,39.278440500436425,0.2046699216855785,41366.50909090909,1.8931615534493555e-19,4.531853564647862e-05,0.09329647168473024,4.369401042054062,43.562758682935545,-33.62281324784086,0.8964669266086176,0.02083815852656509,0.9771196275930994,0.0700155159038014,722.0,5.882550772508334,0.0020364623739332816,0.016,0.12729124236252545
EF_03.09.2024_20240903_234500.WAV,0.0002867380129842679,7.378676927407173e-09,1.2475950692721847,5.884022660446084,14.0,43.59505207265853,-43.38434801406184,-45.3765998505806,1.9922518365187543,0.9716995257991902,0.0022519052243477056,0.29953540782781163,0.2738415227201242,0.017139398605113043,19.24485165973336,3.8065036423558274,301.48255759981043,0.3585629681344216,2.1179989627089792,0.039677156107212515,0.08403617547831835,1.2598838912835857,0.6425606094351801,2.3025521338304213,0.004283269729812212,0.1371997543076973,0.1386518451418613,0.13644624151505017,0.1338832996920764,1380.470703125,6.104819253024331,0.0023291266608476387,0.022238489700167598,0.10283032629122213,0.6220863609269073,0.3333292114180727,5.650290172434632,7.0603608608393955,78012.16454025013,0.9971716983120036,0.820491802530254,1.2255356594018656,31.6409659586849,0.2044426158956454,41421.67272727272,3.7045282666375016e-19,4.598265329421405e-05,0.1147195373155017,11.213946183449789,43.62594027346266,-33.6311290086064,0.9943244684108379,0.02081821788441051,0.9712869264113431,0.06817300232738557,703.0,6.353835820720931,0.0017455391776570986,0.016,0.10910677916787898
EF_03.09.2024_20240903_234600.WAV,0.0002823506230100825,6.798467244602863e-09,1.4263353905402676,7.029805999126139,12.0,43.44328194894841,-43.53611813777196,-45.407541289508266,1.871423151736309,0.9726960747836344,0.001047700542337826,0.24291293543747006,0.19214975005843737,0.011736622136570674,16.462575866100106,3.396423419472588,300.1940501737143,0.3110274613868929,1.9028733191978513,0.04010722767451117,0.07631897344882099,1.0237355839675948,0.5970831319341384,2.3025791698803952,0.0017758108252742487,0.13917175831636117,0.13565934488940345,0.13471775447145187,0.13288940512559402,1370.22265625,5.845194393075159,0.002117732276209873,0.022085283893695816,0.09398585263094084,0.6211375199442408,0.333329057406451,5.631948687915519,7.066578500464596,78466.95680932555,0.99717354117805,0.8276886260594201,1.219052358190442,31.6409659586849,0.14801395354475802,41679.27272727273,-1.7521758454926949e-19,4.441120968323796e-05,0.08199078799657412,3.9301797378241448,43.47492602752602,-33.69543628053739,0.766907618466135,0.02066465628074877,0.981901082324907,0.05595422808378588,577.0,5.839474670653226,0.0008727695888285493,0.016,0.05455338958393949
EF_03.09.2024_20240903_234700.WAV,0.00028270890952170866,7.114095816382032e-09,1.61483856508871,7.963960481990447,13.0,43.46920985030142,-43.51019023641895,-45.430754422292516,1.920564185873566,0.9712043350289383,0.0012051734737490438,0.23714712539039173,0.18274813651127908,0.012504620596926364,19.958813035533797,3.5558448392934174,300.2203084854224,0.2629192874149435,1.7134070473580696,0.04457891289952823,0.07638182352561322,1.0298975792854514,0.604545621732938,2.3018925751097767,0.019137210780711556,0.13852519962499596,0.13516842687271224,0.13426365273634816,0.13239634098293085,1365.138671875,5.933142920559593,0.002139136904761905,0.022229405723796603,0.09423449245271581,0.623638574563069,0.3333285902306666,5.580103388340313,7.057229488727021,78144.33388713544,0.997087901518768,0.8363767343249829,1.2202939191992144,27.276694791969742,0.15191603627194258,41700.96363636363,1.4508596344533295e-20,4.462960333241484e-05,0.08539692690307447,4.192254138044031,43.49623026851532,-33.724879957160695,0.7744979009171544,0.0205947252331358,0.9818907070322646,0.05576027928626843,575.0,5.9274714785632545,0.001939487975174554,0.021333333333333333,0.09092231597323247
EF_03.09.2024_20240903_234800.WAV,0.00028109567681513386,6.67107764782648e-09,1.4345827627709777,7.085896573320228,14.0,43.401191152696384,-43.57820893402398,-45.46719930429899,1.8889903702750033,0.9729371637277011,0.0012015960481647214,0.38242583119424156,0.3608443034792793,0.011776545077291978,16.47673397222618,3.1986061575308105,300.1112089932776,0.31281475316520546,1.9104233672246134,0.0393691002500031,0.07521164906421429,1.0562342467593424,0.5997395730526272,2.3025301129377103,0.005408891376002423,0.14017392428797723,0.1350504465754219,0.1336672476630982,0.1324372560251188,1365.560546875,5.896888945109295,0.002146334921443119,0.022161080186798746,0.09490937196896217,0.6226031750287014,0.33332908206817474,5.634840823146325,7.068086112362614,78549.42358559895,0.9971807579933185,0.8273135722874521,1.2182303996491644,29.45883037532732,0.1363645318106876,41724.56363636364,1.263299229535595e-19,4.3943840418056364e-05,0.09462990793032613,5.788788720772714,43.42898008876871,-33.776532841123775,0.7057397035452695,0.0204726168199019,0.9830051618029129,0.05275407292474787,544.0,5.611928690257159,0.0021334367726920096,0.016761904761904763,0.12729124236252545
EF_03.09.2024_20240903_234900.WAV,0.0002836484076771899,7.395006123676727e-09,1.7298982717361082,8.630540099272132,14.0,43.509587815298055,-43.469812271422306,-45.428715039056655,1.9589027676343491,0.9700939942385702,0.0010915383549380264,0.4264128158261423,0.4097066414966286,0.012900282486932091,20.623110657455367,3.6474249996345525,300.3936871463976,0.22723224329742872,1.588099700916708,0.04885723067102274,0.07759015341626982,1.104514872573588,0.6093866648336626,2.300199358281798,0.03506370347918999,0.13781398506449424,0.13575732852613615,0.13420292456019658,0.13273521603142274,1368.6328125,6.011028938202328,0.002217746823780429,0.022234232758041185,0.09743129016125121,0.6243581014534072,0.33332821333888923,5.541872457691726,7.0502706767644545,77890.48434634211,0.9970239896972651,0.8429071558163748,1.2200521480146418,37.09630491707885,0.16263729269711957,41671.490909090906,-1.9300638528474075e-19,4.5041686145644464e-05,0.106027460175568,6.103721088501894,43.53614640059149,-33.72516061765448,0.765435425577671,0.02059405978231719,0.9807252628167337,0.05265709852598914,543.0,6.025791150643265,0.0028122575640031036,0.019333333333333334,0.14547570555717196
EF_03.09.2024_20240903_235000.WAV,0.00028121826945471436,6.5980349897647584e-09,1.4462162615426546,7.169404616105396,12.0,43.40098298103712,-43.57841710568326,-45.438020837094015,1.8596037314107576,0.9732188349921252,0.000749755930233742,0.3031776677526703,0.2876472485317637,0.012489418714577982,17.832792038073574,3.4261560784644502,299.8962186081152,0.3148322302419758,1.9189931112876568,0.03933774511069306,0.07548886188100969,0.9798789775463553,0.5901915005842117,2.3025836579481496,0.000936068920025157,0.13920408625092942,0.1347434978358614,0.13400986334347587,0.1324544933808554,1365.73828125,5.831642363970788,0.0021300446731645816,0.022012392135591863,0.09434105237633365,0.6234619711889658,0.333329108135112,5.637916046653503,7.069847299768277,78646.46624311844,0.9971887930289464,0.8282018534131413,1.2175566263628266,24.00349141693337,0.1375578872078363,41738.90909090909,-3.8689590252088787e-19,4.397094227071011e-05,0.07892799748620083,3.9281034010592712,43.431657723876185,-33.7592936141666,0.7688086939874026,0.020513289977564957,0.9822358201630981,0.05488750969743988,566.0,5.8936445376440085,0.0023273855702094647,0.018285714285714284,0.12729124236252545
EF_03.09.2024_20240903_235100.WAV,0.003217823568372135,3.067903172759854e-05,6.575561852806454,56.547431274169654,25.0,70.2034768772428,-16.77592320947756,-44.383785193215815,27.607861983738253,0.5669587941199781,0.10462236896387223,0.364969850896973,0.1647944689143227,0.023690022774577657,40.48869346819753,5.69445926363135,367.43742689029307,-0.5455534513033247,0.294034831544294,156.48432278844953,46.011841490424686,4.390946830400193,274.17441470281733,2.1484796875702172,0.2752676459376616,0.2782546148126597,0.20806725276878762,0.21717664738773676,0.1837136538041897,1894.271484375,31.227193587186953,0.07274618732421685,0.05462357670236532,1.285752038372939,0.6159103330640594,0.32970209956208213,2.2597852589483223,4.494609963929956,14733.469096008312,0.9193972129539896,0.23466205236764692,3.5604330199565393,444.0645912132674,1.5386328920570265,29534.763636363634,1.2030780412301697e-18,0.022300764253870405,0.03223335094989471,28.56252359836698,70.48319746705168,-32.69630658330388,20.864526836919374,0.02318380262779467,0.7540121329282958,0.3365981380915438,3471.0,25.572790788277583,0.30527540729247477,0.1767298245614035,1.727524003491417
EF_03.09.2024_20240903_235200.WAV,0.007022630295062334,6.337005154133236e-05,4.2922453835758425,29.858370812181644,12.0,74.59085281307938,-12.388547273640981,-39.22734125769609,26.83879398405511,0.735629633129801,0.013151935637112255,0.13769397352428492,0.04817310624408533,0.10740043836113822,157.9146150158271,11.944302957376497,348.09876598400217,-0.30067866654491715,0.5376588018566788,296.91378710935675,159.63831103194576,4.189718320696263,784.1063729636899,2.280867277817659,0.11015345919197586,0.41471890860892896,0.39017983996672556,0.377476372660719,0.31324859373484626,3229.90625,29.016989105821974,0.23867126885122686,0.07779572186860009,2.9823636222417558,0.0,0.3326164878601144,3.071018985223559,5.57322262904541,29089.384685216504,0.9689987035270629,0.48050611028682955,6.148473837751909,1089.976723887111,3.2925811936281644,23232.345454545455,4.4570407970406286e-18,0.06293350302471246,0.009831283478707365,10.433775749315785,74.98881906258228,-23.77988396387005,16.881085407061132,0.0647151548905806,0.8621078977587657,0.4530643910007758,4672.0,20.30369780937729,0.43366951124903025,0.16796244131455398,2.582193773639802
EF_03.09.2024_20240903_235300.WAV,0.0006980104528897619,4.2883408629736395e-07,5.379689464527209,51.395028349530975,61.0,53.69130418627027,-33.28809590045011,-42.03140056782832,8.743304667378212,0.769696485324147,0.041610737349382476,0.18953956233641422,0.1023082223491305,0.17650635517148205,8.947880933545692,2.1552951583795106,344.14569146025633,-0.28219979011539015,0.5598193163173207,0.02821604187005987,0.01579588526887781,4.518451970842659,0.1289142534564046,2.2940954526100352,0.07111751244456244,0.19620253164556964,0.20977423985384316,0.21246894593635396,0.20803253560126583,32.869140625,13.579815708915316,0.07411985759493671,0.028589409722222226,2.2975654359076434,0.6274182050607828,0.33198374547099563,2.7546718658152725,5.78327897990749,39006.05416327416,0.9647760320828745,0.7235596261311121,1.7763798090810208,1210.4430379746836,2.3981408227848102,30622.067682060828,5.437205664455441e-19,0.0004983771024493043,-0.9068071829286377,37.875171019104414,,-29.871810745489018,10.005942143265095,0.0320929369372295,0.6659375531751737,0.3584905660377358,57.0,14.23153693894698,0.2830188679245283,0.048,5.9335443037974684
