filename,MEANf,VARf,SKEWf,KURTf,NBPEAKS,LEQf,ENRf,BGNf,SNRf,Hf,EAS,ECU,ECV,EPS,EPS_KURT,EPS_SKEW,ACI,NDSI,rBA,AnthroEnergy,BioEnergy,BI,ROU,ADI,AEI,LFC,MFC,HFC,ACTspFract,ACTspCount,ACTspMean,EVNspFract,EVNspMean,EVNspCount,TFSD,H_Havrda,H_Renyi,H_pairedShannon,H_gamma,H_GiniSimpson,RAOQ,AGI,nROI,aROI,ZCR,MEANt,VARt,SKEWt,KURTt,LEQt,BGNt,SNRt,MED,Ht,ACTtFraction,ACTtCount,ACTtMean,EVNtFraction,EVNtMean,EVNtCount
FF_04.08.2024_20240904_203340.WAV,0.001339676557643713,4.479656071953292e-05,9.57313192988578,100.82067853206664,23.0,70.75514742097846,-16.22425266574191,-38.78067239480348,22.55641972906157,0.3057859590266475,0.2221659554184542,0.49149838137235524,0.22789738583914898,0.05161228368664528,86.51791508037971,8.022860813019427,314.8615322864508,-0.9668503179120196,0.01685419667479917,64.52817790327862,1.0875706014482878,4.645211404649289,61.00600307750753,1.2867299143990334,0.710161433386553,0.33914383967745754,0.17983474347830872,0.1694278485389508,0.1637512228744219,460.3046875,21.491746898641807,0.0332997042867307,0.03139330982649119,0.8263856066503559,0.6185425010350328,0.31726392981547136,1.5161129644984925,2.8002109671149804,1022.9429333208719,0.8040698379008506,0.01038177180155491,1.6343595192512228,424.22625400213445,0.9366106367840626,16219.199999999999,5.2550556498924074e-18,0.030316073627188876,-0.030000590533459392,16.486828186270667,71.81672953145198,-24.88378698068899,13.905525087616017,0.0569915771484375,0.7781698851964334,0.4057610241820768,1141.0,17.77563568337579,0.38015647226173543,0.0826280193236715,4.602454642475988
FF_04.08.2024_20240904_203400.WAV,0.0003448531021779803,3.603510918315516e-07,9.614087357991187,106.1357195412271,6.0,50.87794522518437,-36.101454861536,-45.46754306462813,9.366088203092133,0.4795204765044365,0.010512874368756364,0.576295182865556,0.4692268876495288,0.012642037187887034,52.12411030030382,6.198059444811025,299.4280106966662,-0.9176434263420477,0.04294676086630435,2.0500477656824145,0.08804291115726419,1.0578179051679688,3.178762134264092,0.40075344083677805,0.8689163847946861,0.18191736979924353,0.13265284697455523,0.13472319281558484,0.13427634928716903,1384.5234375,10.837454204167951,0.005981930705072252,0.02581511285867438,0.20029713642701263,0.624928435183767,0.3227292570934646,1.723952256092877,3.9135331691370423,17136.611221269024,0.8563921483046347,0.3824090336141037,1.2401071436889792,152.74949083503054,0.22107382285908253,38074.41818181818,4.696579825383996e-19,0.00025758464314367947,1.919619190180809,867.719068763396,51.10919967395982,-33.65697330778545,4.989470998945773,0.020756366695057264,0.7329882515192748,0.09212567882079131,950.0,13.81867231164373,0.05876648564778898,0.06215384615384615,0.9455920861216177
FF_04.08.2024_20240904_203500.WAV,0.0003039844461237477,1.1035576566100035e-07,8.06641864196246,75.17524555768281,4.0,47.14197198163553,-39.837428105084854,-45.566959788746175,5.729531683661321,0.6637685954871566,0.0016060287383253824,0.5651563683246524,0.5432756251351132,0.004904806435602316,7.278925779549767,1.6147907404616184,297.3152676593373,-0.8126878768269474,0.10333390848342666,0.6631853324299876,0.06852953244887122,0.8723424276159212,1.4393368049341848,0.22123136522517792,0.8814183480472668,0.15011476416771732,0.1285695288886756,0.13429447001976838,0.13156307584133448,1356.546875,8.88699961453093,0.0038204420643002624,0.022618560782403672,0.1486866134214355,0.6277583896004039,0.3308140952302184,2.4425932372692,5.107569456585082,34837.31341000329,0.9362307498593214,0.7052611783526039,1.2153500303812184,106.92464358452139,0.15229487925516438,41085.90909090909,-2.3815124956258566e-19,0.0001025559071555379,0.6394509325858122,855.2807021277412,47.10960680512951,-33.903166669185126,2.197378918350239,0.020176306493354567,0.8335684229321889,0.04102017067494181,423.0,12.104426956898296,0.017552366175329712,0.026814814814814812,0.6546406750072739
FF_04.08.2024_20240904_203600.WAV,0.0002800407393014912,1.8855996988596927e-08,4.188869432337845,31.918615497655512,6.0,43.9522823079932,-43.02711777872716,-45.52816393492073,2.501046156193567,0.9159373763944025,0.001173822972749039,0.514314206650045,0.47472258402531675,0.00640703460548997,8.386806562019402,1.730756865494867,297.05555967570035,-0.2262388352806623,0.6310036368585886,0.11021210182560154,0.06954423707778366,0.912882004773957,0.6754770858673564,2.2968549434881145,0.053754355178290504,0.1506481750880936,0.1296413498945676,0.13492441154850504,0.13185061766559986,1359.51171875,6.3111032984087885,0.004242851990592571,0.022821215170563576,0.1632853229570805,0.6277943204749108,0.33325326197278377,4.166990012676996,6.709903328879188,66698.11849756983,0.9920591312662229,0.8651610494193167,1.2137991996076127,137.4745417515275,0.20872354160605178,41000.6,-3.6864450885848946e-19,4.9996975283983145e-05,0.5819219083927867,49.47536263118941,43.989437311918145,-33.84137579118486,0.9748228691817502,0.02032035123651678,0.9468418167153652,0.041311093871218,426.0,7.9216791691644515,0.014643134212567884,0.025166666666666667,0.5819028222286878
FF_04.08.2024_20240904_203700.WAV,0.00027197675023873626,1.2862205105266716e-08,3.0859367820315895,19.77986705666604,4.0,43.45897565104455,-43.52042443567582,-45.58490740867677,2.064482973000949,0.940978465166986,0.0007415423560713785,0.5216372076314036,0.5037651879425932,0.006010027599069212,8.020122767418318,1.688301101370893,296.45955847612356,-0.04039049187160938,0.9223551307183729,0.0722846132850003,0.06667208393541349,0.8718271163157927,0.5878595047213726,2.297182472067513,0.05214250500051154,0.14537872175346717,0.12972633570193776,0.13253335291137222,0.13121662393317815,1352.974609375,5.8981799769119725,0.003319043376006207,0.022728179005374577,0.13224086520974782,0.6292997765586463,0.33330690218359543,4.721177520190417,6.867611668516579,71229.57434007165,0.9949918671738692,0.8473876693986359,1.2087380764627345,110.19784695955775,0.1463470444185821,41412.41818181818,2.5750655816424203e-19,4.462057516224996e-05,0.354644404262947,24.42174205858807,43.49535164069322,-33.919543304235,0.5294463107549134,0.0201383013233994,0.9766354451152275,0.025989138867339022,268.0,6.47628330891663,0.004363847944142746,0.024,0.18184463194646494
FF_04.08.2024_20240904_203800.WAV,0.0002729686204923702,1.6793061286367704e-08,5.0019449310427895,44.54361730789637,5.0,43.677041930279756,-43.30235815644062,-45.59571426146893,2.293356105028309,0.9174750563521515,0.0005514144536175047,0.6321608206739622,0.5960976915705996,0.0049709864882599986,5.367540671497341,1.219527181227163,296.7570069179278,-0.19164750403289826,0.678348667060847,0.0962166921971771,0.06526846490095888,0.846843024298053,0.6066275785836706,2.291865761700557,0.07268688711296996,0.1438350628778327,0.12935739731464846,0.13297748434889875,0.13140604542478906,1354.927734375,5.986747714562792,0.003465087346038212,0.02287305576877155,0.13827926088142578,0.6275141520221192,0.33322316906554034,4.007462836929911,6.719062708654182,67871.91561244125,0.9912240302720563,0.8691731384929031,1.2095287326831756,118.92638929298808,0.1488095238095238,41024.72727272727,-2.8010001725438847e-19,4.766702235649263e-05,0.1942290318904094,25.528176262272105,43.78218023449294,-33.906517141244514,0.5639207473422445,0.020168525239193078,0.9774523069748007,0.027928626842513578,288.0,6.600210647253437,0.0071761055081458495,0.03288888888888889,0.21821355833575795
FF_04.08.2024_20240904_203900.WAV,0.00027146172690325614,1.3642320817893391e-08,3.28274597147708,21.29595040621229,4.0,43.48392277127371,-43.49547731544665,-45.6076982045683,2.1122208891216516,0.9366919506310999,0.0008210219955911979,0.629358508804249,0.6009969463436053,0.004458213655134435,8.447772931192418,1.772190066671908,296.93965259123536,-0.09506322787022817,0.8263785588799011,0.07846016265236641,0.06483779614214519,0.7711610600260956,0.6007980180914138,2.296485933327613,0.05399747668119801,0.14283289690621667,0.12800362339489305,0.13257685966443603,0.13083380309863255,1349.02734375,5.930453765641276,0.0030807511395596933,0.022434447597124048,0.12584726979267702,0.6286233157025097,0.3333018805285926,4.634205054590692,6.84067261092646,70430.34919514159,0.994600205780768,0.8552445204408559,1.2077033434355324,89.46755891766075,0.11388020075647368,41472.65454545454,7.03036114173146e-20,4.4981803037121244e-05,0.4055005463098588,28.70598676987333,43.53036859578459,-33.98571897004573,0.5733115329888392,0.019985455524560176,0.9729783177765314,0.026861908456167573,277.0,6.863229076590667,0.0036850271528316527,0.033777777777777775,0.10910677916787898
FF_04.08.2024_20240904_204000.WAV,0.0002704584833994927,1.2422047169089603e-08,3.0128730426285215,19.15094541104815,3.0,43.39530681526011,-43.58409327146026,-45.62609813800699,2.0420048665467263,0.9424822292092792,0.0006268712287520462,0.36820166701357304,0.3398575970901505,0.005421646455136986,14.49988912701417,2.507017933635191,296.90025863432595,-0.012918196203328056,0.9744931105952115,0.0656066825557212,0.06393326015955736,0.7865815164858212,0.571810215445116,2.2892640309283014,0.08044363588249208,0.14172566514725374,0.12857752755289867,0.13141033484791217,0.13041518160217241,1344.7109375,5.870142016454495,0.0028926555983900693,0.022593640876137334,0.11604375681983511,0.6270382489151697,0.33330850118320965,4.752379539870063,6.877062753906536,71531.07880163213,0.9951304797827364,0.8374936795719787,1.2074326492063583,56.73552516729706,0.12151388686839298,41772.109090909085,-2.8764869274379053e-20,4.40024791896958e-05,0.31118030434406835,36.69426207083398,43.43477146215101,-33.98565020985442,0.5455659787619354,0.019985613736239347,0.9705647389416037,0.020655546935609,213.0,7.571540165787716,0.0033941039565554693,0.02074074074074074,0.16366016875181846
FF_04.08.2024_20240904_204100.WAV,0.0002690137320737685,1.1739274591895599e-08,2.8266342943806246,16.77860422726132,4.0,43.32045533685992,-43.65894474986045,-45.625560841965374,1.9666160921049212,0.9453763189118732,0.0006796406664868471,0.6711214611197663,0.6350205273728828,0.0035830604351245743,6.318595985406916,1.1181477885609987,296.56536205428824,0.003748636712234459,1.007525483729053,0.06314448247838203,0.06361967525385256,0.7253184619216686,0.5684340601086169,2.2973703148927247,0.04996364720585653,0.14240455177318723,0.12714576665696828,0.1315481062326143,0.13033657168315393,1343.900390625,5.780825924171423,0.0027060754291533314,0.022397127565961204,0.11032504091901067,0.6258454840852171,0.3333134874276117,4.864450272155525,6.895276076366251,72098.74918403178,0.9954434891680757,0.8388089696650949,1.2059678349688263,46.915915042187954,0.0786099190185239,41675.03636363636,3.4833247397614288e-19,4.3429485340989776e-05,0.32161979282793457,28.262302485816203,43.37784682807025,-34.02230794892591,0.47879321436595035,0.01990144462585449,0.9791590775492095,0.02453452288595811,253.0,6.197813950278035,0.004169899146625291,0.022933333333333333,0.18184463194646494
FF_04.08.2024_20240904_204200.WAV,0.0002702353228910987,1.1417210883105923e-08,2.579537256914429,14.26561632359435,4.0,43.33780518529919,-43.641594901421186,-45.62797280680702,1.9863779053858366,0.9479769824061853,0.0009768234928253516,0.6552471300402791,0.6199668390109688,0.0033621791137726786,5.12987968814625,0.487073361243339,296.47613769372106,0.041497917143759916,1.086589101653489,0.06100531285126342,0.06628770808714436,0.8441273581641644,0.5805762449987235,2.2938691519912284,0.06517040407714987,0.14126499207965604,0.12906344640445044,0.1324689991724653,0.13100750260643973,1350.818359375,5.882519483641147,0.003391023542818349,0.022932653909039036,0.13319990452230845,0.6273936660184665,0.3333174065659504,4.974448546167822,6.911645559978324,72514.21101378057,0.995730901735261,0.8334655079851718,1.2086358969219708,61.09979633401222,0.14140314348753757,41854.05454545454,1.2679251588048663e-20,4.3311857187816996e-05,0.39281058738311797,31.562854803259285,43.36606806429634,-33.99904520289275,0.5097807959784433,0.019954816563924154,0.9788569808667678,0.030546935608999223,315.0,5.912066102427663,0.01347944142746315,0.02471111111111111,0.5455338958393948
FF_04.08.2024_20240904_204300.WAV,0.0002726622308862303,1.1503904526733611e-08,2.3905879225524234,12.819112083730564,4.0,43.4094317002161,-43.56996838650426,-45.58397858126359,2.0140101947593294,0.9491553376605779,0.0020169789537943794,0.6310530719615755,0.5979082205316967,0.008993096708463488,26.26263952151183,4.071871925612334,296.65092990421846,0.08862598787600806,1.1944887317325668,0.0596099271832467,0.07120338631978701,0.8805817029495813,0.5872149313126215,2.2957454574759546,0.058795303416109765,0.13749070571881164,0.12975333119369067,0.136532348630489,0.13191161138589858,1360.140625,5.970981906751941,0.004215575295800601,0.02312012489374335,0.159946445350388,0.6293961669233258,0.3333191713126589,5.033167244107825,6.919069840982871,72588.644856268,0.9958757451218112,0.8255901501504486,1.2089038371756409,124.38172825138203,0.20811739283289693,41697.30909090909,4.414398139958435e-19,4.398882236352873e-05,0.38984309700687164,30.796072837722637,43.433423355193256,-33.946375139126715,0.5828239453606159,0.020076187497919257,0.9779521754920457,0.04160201706749418,429.0,5.6356719497849985,0.02249806051202483,0.02812121212121212,0.8001163805644458
FF_04.08.2024_20240904_204400.WAV,0.00026973251661370923,9.385688568318528e-09,1.6722688056803863,6.280622798852218,3.0,43.2177164244894,-43.76168366223097,-45.565760834024374,1.804077171793402,0.9588501142637159,0.001056264732880119,0.1388350780784695,0.0979950662236222,0.007129580742588182,20.476823295998095,3.270738013507381,296.52974724348843,0.25923743856466597,1.6999204659111176,0.040302114843494344,0.06851038984195627,0.9502747796236296,0.5396637038741046,2.302584189460112,0.0007283582319184134,0.13810493647560856,0.13049920663249237,0.13494888409710346,0.13185099650858306,1359.515625,5.705200222556335,0.0038801098341576957,0.022498788339868465,0.15042709217386036,0.6272543222691099,0.3333269704455247,5.4332079685170145,6.979939023429287,74602.97532477269,0.996647878837675,0.7971301489585644,1.2076845666423726,116.7442537096305,0.1836441361167685,41725.05454545454,4.69405659123712e-19,4.221538463618352e-05,0.06065474479759923,3.215367894929183,43.254707506058296,-33.91976064932764,0.3815363971152692,0.020137797413450297,0.9930784531208925,0.031419705197827774,324.0,4.3737758492929695,0.00921256788207913,0.026666666666666665,0.3455048006982834
FF_04.08.2024_20240904_204500.WAV,0.000275213238494865,1.1606099093428209e-08,2.3561743531620634,12.587130581724635,6.0,43.48465051832113,-43.49474956839924,-45.532242022650294,2.0374924542510513,0.9497435174557557,0.002273819951738365,0.6224577945984462,0.5796164350538617,0.008417448104589775,24.901905651344645,3.835280249739095,296.34863360152343,0.10386665984824035,1.2318107254678206,0.05979522129149026,0.07365639491857949,0.9771558198372653,0.5926918569256933,2.2953142972324323,0.0619639446214558,0.13644004784534317,0.13154803147874305,0.13585799395799966,0.13185914163272233,1359.599609375,6.049908233485633,0.004386622902725245,0.022884099423374146,0.16577172117483024,0.6268401972102169,0.33331965557661436,5.050563676540132,6.922761201869893,72697.88524478013,0.9959194614420129,0.8256353886449629,1.2098361579920751,147.29415187663662,0.23728830254097563,41749.181818181816,-3.566276062339956e-19,4.46092262693274e-05,0.336148107263591,28.91418654071797,43.494246906283976,-33.880176458392285,0.5800905169239314,0.020229780804027212,0.9764965367778179,0.038789759503491075,400.0,5.858498125831094,0.015515903801396431,0.02585858585858586,0.6000872854233343
FF_04.08.2024_20240904_204600.WAV,0.00027320229099144877,1.1449601939031022e-08,2.3653822480248055,12.441748227345476,4.0,43.42158105681349,-43.55781902990688,-45.549520338431755,1.991701308524874,0.9496091432772882,0.0009771408356860078,0.5149333275393861,0.4858569661169787,0.00928956989566887,11.177237718629353,2.5140686299457036,296.67108122865625,0.08587809141163631,1.1878919881578025,0.058391032444488636,0.06936223962107035,0.9357028175351241,0.5645356247108063,2.298247244860923,0.04762687312799389,0.13918792228364532,0.13112810160703164,0.13460808119810347,0.13177087121763165,1358.689453125,5.921029002002172,0.0038391947919697413,0.022874030052131015,0.1511019716901067,0.6268432097780566,0.33331975712332257,5.054289636107933,6.921922571957619,72696.28641186279,0.995918637630024,0.8242701556941467,1.2105275857321172,145.11201629327903,0.2301281701580836,41673.81818181818,-7.587575349166434e-20,4.435531359369467e-05,0.39980041650897336,31.677120116044296,43.469456540705764,-33.903447218036746,0.5303379176291187,0.020175654821684867,0.9770662789993991,0.02860744763382467,295.0,6.172973653872677,0.004945694336695112,0.022666666666666665,0.21821355833575795
FF_04.08.2024_20240904_204700.WAV,0.00026854991014541035,9.39113638607605e-09,1.6679258609154792,5.99627585091549,4.0,43.184218784567335,-43.79518130215303,-45.57436199194935,1.7791806897963198,0.9584651486810856,0.0003898612754460462,0.06428611888830893,0.04942375292030321,0.007664284780296793,9.319875981945234,2.0837491011925096,296.2967573399607,0.24501463894333025,1.6490579859731593,0.03932757187081257,0.06485344646249684,0.9066728774951444,0.5350557303029737,2.302584881758931,0.00037062228596536074,0.13752303365337987,0.1299542976322954,0.13435610458660882,0.1314484758389099,1355.365234375,5.645162866179211,0.0036194658617010964,0.022827505285124665,0.14534773581474297,0.6279688199059192,0.3333270843285663,5.4422380277482505,6.9775350176091395,74505.00911937807,0.9966428318978506,0.7941124839458175,1.2070173314415447,124.38172825138203,0.18508373945301135,41811.181818181816,1.8651957083214868e-19,4.192348623440078e-05,0.06263587254555097,3.111302359097181,43.22457390135238,-33.959420733278016,0.3389750145029282,0.020046057111566717,0.9942374426974334,0.02618308766485648,270.0,4.199333682332222,0.003975950349107835,0.021866666666666663,0.18184463194646494
FF_04.08.2024_20240904_204800.WAV,0.00026994588576713824,9.63763810627852e-09,1.6788326338474795,6.211165718748791,5.0,43.2370823686685,-43.742317718051865,-45.54175504260659,1.7994373245547237,0.9578631613767965,0.0003261318028415783,0.23004391169698724,0.22032271188630337,0.007549749715204723,10.755619562368626,2.395957201452252,296.24552522201924,0.2288563536072416,1.5935505133908103,0.041234317445325824,0.06570896773431861,0.9759220238544202,0.543032005285744,2.3025703326612255,0.002843726330594443,0.13610060453237643,0.1300432827717771,0.1352498058057949,0.1315047340219183,1355.9453125,5.685361614241766,0.0037310351202599168,0.0230165951942862,0.14765653415979632,0.6281771386200394,0.33332683336545127,5.422550516812485,6.97376370459488,74327.98774132821,0.9966112439493633,0.7953094221376649,1.2072299286978452,154.93162641838813,0.20783326059548055,41707.72727272727,-2.327578365736396e-19,4.240709440048548e-05,0.06509085274331372,3.641622145689442,43.27438516999558,-33.92949743516052,0.36672369810992933,0.020115235814181242,0.9924192004209799,0.025504266873545383,263.0,4.513571550160753,0.002909231962761831,0.02,0.14547570555717196
FF_04.08.2024_20240904_204900.WAV,0.0002716246310783654,1.0065047786763337e-08,1.717139679807845,6.488968263651964,5.0,43.30687076529445,-43.67252932142592,-45.511859693095616,1.8393303716696963,0.9565442808356072,0.00037713600766431377,0.06268776801625009,0.057717033691323416,0.0068444825865841,9.531444763190576,2.1152523530906113,296.57436067570416,0.21166329855142604,1.5369870466832085,0.04325814140116464,0.06648720299718068,0.9593876186471408,0.557158791533127,2.302520194567748,0.005944312438189492,0.14042446578088125,0.13001128811488483,0.13523439716408484,0.13191786229512173,1360.205078125,5.723203022076496,0.0039136374381728255,0.02297369019018776,0.15415668950048497,0.6271311206836826,0.33332642768003734,5.392278937446908,6.965502825935875,73979.85156941568,0.9965451055691901,0.7950198629124593,1.2089223291057065,156.02269421006693,0.22560099650858306,41588.799999999996,-2.970267129896773e-19,4.310454781634645e-05,0.07490451940119133,3.9802834759248595,43.345230935330676,-33.87218149760866,0.40597580389955823,0.0202484130859375,0.9894879253304424,0.024922420480993017,257.0,5.24551517205302,0.0026183087664856477,0.02057142857142857,0.12729124236252545
FF_04.08.2024_20240904_205000.WAV,0.0002744188671483878,1.2452943030493223e-08,2.636805099775456,15.237812811051054,5.0,43.50499941464818,-43.47440067207219,-45.4721893848708,1.9977887127986094,0.9451597091552144,0.0009339819958161799,0.6521949607762147,0.6072389240284182,0.006386941727807516,9.91223456917628,2.169435103673877,296.63364590140156,0.04114626073317461,1.0858238520603498,0.06380493180013562,0.06928091682767117,1.0190671756779601,0.6047680475886476,2.296679104295606,0.05570248208671291,0.13951928361296995,0.13056319594627697,0.13507940435629492,0.13179284411065853,1358.916015625,5.886434039594636,0.0038219574362331494,0.022522043823409346,0.1494680528612997,0.6295331918714778,0.33331476132496796,4.89762137435453,6.8939630968330174,71790.02781988362,0.9955187960609653,0.8249120107419228,1.2088783560980805,123.29066045970323,0.21470926074095625,41333.38181818181,-3.861809861792732e-19,4.492970386505167e-05,0.3826168457628271,29.359945953345896,43.525335561359185,-33.84124722800024,0.5463034051211295,0.02032065200805664,0.9762345550864026,0.028801396431342125,297.0,6.240879084499983,0.004169899146625291,0.01911111111111111,0.21821355833575795
FF_04.08.2024_20240904_205100.WAV,0.00027164905010071524,1.4247562046216648e-08,4.622933213583004,44.4950472817451,5.0,43.51893794299856,-43.460462143721806,-45.43878722265838,1.978325078936571,0.9302423404609244,0.0005133704328070809,0.06283982080438555,0.046833860298842844,0.0071889002800737956,8.401923520107617,1.872844965906266,296.67470914106235,-0.05415476097393815,0.8972546290567348,0.07320110444552821,0.06568002981581572,0.9143138384994812,0.5677497946352774,2.302573823066012,0.002482841763739785,0.14811851420812722,0.12945138161926958,0.13433797677283218,0.1316678259261953,1357.626953125,5.7142296755789355,0.004013651985743381,0.022693749104226772,0.15223861087536372,0.6276695011176635,0.3332415808177659,4.098901682554234,6.799415715465128,70006.80946345489,0.992618493838558,0.8408640868455081,1.208299678160587,136.38347395984871,0.21815673188827467,39172.90909090909,2.6544423225128745e-19,4.850691855690847e-05,0.06896177985636091,3.2807438831163473,43.85803686577478,-33.64760270614439,0.410647035301551,0.02077877137733228,0.9928740730715048,0.039080682699767263,403.0,4.149239413226649,0.01047323506594259,0.024,0.4364271166715159
FF_04.08.2024_20240904_205200.WAV,0.00027220544429768445,1.1360240769438387e-08,2.5142400512259937,14.13638027668192,5.0,43.389527573135965,-43.58987251358441,-45.53411104890243,1.9442385353180214,0.9491942742244658,0.0007122575804255904,0.6888398745152622,0.6530922672098693,0.005599152699176546,7.868526857168968,1.728424555305781,296.51246961864615,0.0875497830526672,1.191900404924164,0.05734294468622985,0.0683470789910613,0.9701230445197553,0.5626078774806106,2.295546759509342,0.06113096223869476,0.13826657614844987,0.13089014134639515,0.13394369682319127,0.13150340807147706,1355.931640625,5.794085534119299,0.003596545861216177,0.022723784164555665,0.142328537978904,0.628123907599702,0.3333179022376116,4.990256796508573,6.919278780073869,72729.69802392101,0.9958091196562654,0.8226005735497037,1.20736310045163,82.92115216758802,0.16348968940936862,41702.92727272727,4.810966440042345e-20,4.414773459988248e-05,0.3022580605494681,27.485612591719285,43.449084230661896,-33.91660362441524,0.47710424064386814,0.02014511814695416,0.9802029688012082,0.023370830100853376,241.0,6.1963231348268035,0.00252133436772692,0.02311111111111111,0.10910677916787898
FF_04.08.2024_20240904_205300.WAV,0.00027117178252938933,9.611558610356991e-09,1.631489503347393,6.12126969290016,5.0,43.27049733586378,-43.708902750856595,-45.51120231694752,1.8022995660909231,0.958500148791691,0.0007018645705013649,0.06768028572598361,0.05061752031452227,0.006444602210847528,9.580150700367925,2.13398622017246,296.2751097109379,0.2707719036558365,1.7426260864420782,0.04018169329384606,0.07002166693127086,1.0701889908023077,0.5443114178351093,2.302581283662452,0.001532528920397347,0.13715934438948693,0.13265184714152736,0.1365967023693959,0.13251302462176315,1366.341796875,5.691259281249219,0.00450122290514984,0.022859163714803954,0.17362163554801163,0.6251447789124733,0.33332698911555986,5.434677229038235,6.9777541986191505,74441.21581958511,0.996644606732891,0.79236083652055,1.2074736894598255,187.66366016875182,0.2522147160799147,41552.56363636364,1.4033387246871771e-19,4.280181819916192e-05,0.06782174555038374,3.8790589265319064,43.31462218010629,-33.850817681441626,0.3624538440878027,0.020298274248296565,0.9918438618378493,0.024922420480993017,257.0,4.590820728413366,0.0024243599689681926,0.01904761904761905,0.12729124236252545
FF_04.08.2024_20240904_205400.WAV,0.00027510529996852933,1.1708878669424845e-08,2.454128304374263,13.750618239916523,6.0,43.48680677762982,-43.49259330909055,-45.48652799873976,1.9939346896492083,0.9490165204467675,0.0012393456689400173,0.6670306617201396,0.6250725182198544,0.008066483807192548,9.699595659903421,2.086708834126333,296.18095536908356,0.1088149198737046,1.2442027414962642,0.05911786453955234,0.0735546091315158,1.096232295131582,0.5862561040571055,2.295515796838081,0.06179789147107151,0.13658552355090034,0.13243688304053225,0.13509481299800502,0.13206485337261176,1361.720703125,5.90683590420949,0.004630787205411696,0.022815795653998418,0.1777064326200291,0.6275939856997206,0.3333181163495902,4.997243056846301,6.918175930818525,72595.02365166554,0.9958209742635613,0.8215622299608963,1.2091038586747556,193.11899912714577,0.2830714770633304,41535.27272727273,-2.9465066750136967e-19,4.515310392144232e-05,0.35913680363963424,35.04470459823664,43.546876100121125,-33.85053360147678,0.5644896808710271,0.020298938132777358,0.9726839707718044,0.028122575640031032,290.0,6.513587176766499,0.004266873545384019,0.021333333333333333,0.20002909514111145
FF_04.08.2024_20240904_205500.WAV,0.00028241184887499085,1.3361024039410103e-08,1.6361921105599337,5.39775344692269,8.0,43.76241167303679,-43.21698841368359,-45.43701715510919,2.220028741425601,0.9479711597962013,0.004144969409175414,0.5120466497514223,0.46656461569244567,0.009927231895986877,11.271508696420765,2.4746917911393838,296.8467492025784,0.31794422566502584,1.9323115136002813,0.039775124221681835,0.07685793048843724,1.2060802408542242,0.7863540449051982,2.2923787309952166,0.0763549204308596,0.13842013383764906,0.1338676441034347,0.13863154946581865,0.1329897985161478,1371.2578125,6.267768849177839,0.005099037132673844,0.022674699711399692,0.19358386123908827,0.6273806005678532,0.3333257625654681,5.346301885844894,6.911882323417979,71401.23442141352,0.9962685884175783,0.7463949169238588,1.2123311797064618,209.48501600232763,0.3306162714576666,41381.30909090909,2.62416351275037e-20,4.6938785443221744e-05,0.21858736365556244,351.6810930949714,43.71531847892932,-33.74689869315557,1.322766677943335,0.020542583708329634,0.8731853621912277,0.03287432117920869,339.0,10.230413204613463,0.005721489526764934,0.019666666666666666,0.2909514111143439
FF_04.08.2024_20240904_205600.WAV,0.0002746184592885928,9.912900316761006e-09,1.520607123890529,5.6076126382525775,6.0,43.383025462861475,-43.59637462385889,-45.42049962957337,1.8241250057144782,0.9586665358140277,0.0011992336747096433,0.15164042343625517,0.14272600404472013,0.009195521101471926,19.155307234135417,3.3798739209033077,296.11076857713283,0.31658400673691806,1.9264752650149017,0.039851145434366554,0.0767722459618187,1.2151984061698384,0.5554580206718769,2.3025754463901498,0.0024568419469906287,0.13570458733391524,0.13419658916960867,0.1371903882705794,0.13270168842740762,1368.287109375,5.738524678845341,0.005147339613034624,0.022967693013228135,0.19443634062803106,0.6271790745189805,0.33332729295924984,5.459216162456763,6.978811109007446,74343.34213464636,0.9966821683817544,0.7883253666042428,1.2085449753816118,228.03316846086705,0.3357685360294831,41400.763636363634,1.0557632209550968e-19,4.3886205053255605e-05,0.06637266187570823,3.093024703394595,43.42328027969903,-33.72467705541017,0.42174231411293306,0.020595206330039285,0.9935842748115186,0.038789759503491075,400.0,4.062402061637774,0.009988363072148954,0.02034567901234568,0.49098050625545536
FF_04.08.2024_20240904_205700.WAV,0.00027971432492276694,2.0210441165474972e-08,5.808131769863313,60.392259643922195,5.0,44.0042809310477,-42.97511915567267,-45.35176104179436,2.376641886121689,0.903944716453131,0.0016078117018029081,0.6379614041335366,0.6022439392609887,0.00770153578231636,15.59174588060618,2.6061189163425618,296.4359441773123,-0.21940656404781492,0.6401420649738087,0.11531018997976156,0.07381490312616674,1.00308853487088,0.6430151465286975,2.2947484124128064,0.06408113566452726,0.15666925290143216,0.131971960682566,0.13828440183199686,0.1333099208369702,1374.55859375,6.088106393479201,0.005517090364659103,0.02273198406263808,0.2011496158159554,0.6280533977509754,0.33310451892136267,3.641993511195917,6.633050792191582,65779.51745615598,0.9881384484382022,0.8655020762492123,1.210770948896867,195.30113471050336,0.2726154107264087,38002.67272727272,-3.0089567201488616e-19,5.489865759855691e-05,0.3935109854338489,28.10947219365457,44.3956172505725,-33.44287440208679,0.7323200682356656,0.02127434902191162,0.9735481161436612,0.05983320403413499,617.0,5.340871914487277,0.022304111714507368,0.025034013605442176,0.8910386965376782
FF_04.08.2024_20240904_205800.WAV,0.00027444663245793533,9.956607484773033e-09,1.51449780222284,5.5343779783778615,5.0,43.38044743183879,-43.598952654881586,-45.44621174181557,1.847259086933981,0.9584669466343971,0.0015557985099236005,0.16343770386826084,0.11764164552723888,0.008254727544812268,14.415659645448386,2.593136969093416,295.96327240305476,0.2972704424291585,1.8460450801493173,0.03959020332878735,0.07308530007721901,1.120232274318285,0.5563163325767851,2.302584884637302,0.0003586985221094352,0.13808877250832444,0.13289980573244267,0.13880195091531863,0.13284280743865776,1369.7421875,5.809703004189318,0.005269516475123654,0.02270411616429308,0.19742001848933075,0.6318240313189812,0.33332730452359366,5.460174333908908,6.977563942546798,74278.62170036742,0.9966780277766123,0.7846674396867543,1.2103854874346027,185.48152458539425,0.29581954344874406,41486.81818181818,3.763613999576833e-19,4.388741837088316e-05,0.06428400317758602,3.2441847602118403,43.42340034701081,-33.788907326232376,0.5119152658445856,0.020443470960674864,0.9913518677880232,0.051590380139643136,532.0,4.525138414746326,0.029965089216446857,0.028912280701754386,1.0365144020948502
FF_04.08.2024_20240904_205900.WAV,0.0002779400190647326,1.0723608803461686e-08,1.3916538851149152,4.920911152239665,5.0,43.51565606895733,-43.463744017763055,-45.376820027049185,1.9130760092861294,0.9570278374724815,0.0038667032617017982,0.395986520295567,0.2605513402485372,0.012094136787726417,17.957692621547093,3.304009308538124,295.9285386004733,0.32115080706968524,1.9461624479021866,0.04132389070337357,0.08042300428811992,1.2836398918605494,0.5702731618770548,2.3025835490158904,0.0009826393591735537,0.138654511363269,0.1349664606010796,0.13981529570543028,0.1333758395160508,1375.23828125,5.954890409214242,0.005735493344486471,0.023257269735956945,0.21240944774490786,0.628824799718236,0.3333274135130074,5.469296085602504,6.9685795583761685,73671.8598528796,0.9966644092176541,0.780077450330068,1.2120786246092219,218.21355833575794,0.34097762704878287,41183.63636363636,1.0097141977746216e-19,4.522380782415027e-05,0.07113899961933047,3.381447560264547,43.55367126947719,-33.685822356087634,0.5827726174931982,0.02068754149350253,0.9899247745134324,0.06245151280062063,644.0,4.636788131148683,0.041214119472459274,0.031924882629107976,1.291096886819901
FF_04.08.2024_20240904_210000.WAV,0.00028203685410204044,1.2109391133469574e-08,1.424501777286199,4.914673994513654,6.0,43.69362237419879,-43.28577771252159,-45.2888785875054,2.003100874983808,0.9531844904431345,0.0070018200995410895,0.452243508611063,0.29902219868347535,0.0205616493586942,45.777206069405935,5.798837109399224,295.9189196534302,0.3743659231310116,2.1967568167147844,0.04098279950931316,0.09002924419013901,1.2366124897968893,0.588134509384258,2.30258299293252,0.0011651522885019361,0.14019008825526136,0.13399262323192027,0.14494637339489538,0.13448660714285712,1386.69140625,6.047835836513947,0.0063164490592571045,0.023160754819600417,0.2310219144034918,0.627835023256411,0.33332686501822717,5.424991305527084,6.9445315308274,72553.03563900712,0.9965209977062169,0.7694122527146884,1.2133444193606953,261.8562700029095,0.3713229500048492,40914.2,-4.2167447984531985e-19,4.709563033652207e-05,0.07589316713637101,3.4627317650966183,43.72980613949036,-33.546146725424094,0.6526668849156323,0.02102290189916437,0.9885391846759287,0.0665244375484872,686.0,4.863250138451513,0.04751745539177657,0.036807511737089196,1.291096886819901
FF_04.08.2024_20240904_210100.WAV,0.0002794000985660753,1.1181638856085017e-08,1.5188814046055563,5.437860939715737,8.0,43.57798992278365,-43.401410163936724,-45.36633154077852,1.9649213768417937,0.9553236598086079,0.006266882496627768,0.42143392412296954,0.256361072254097,0.021782450794375907,55.63739179244119,6.4225862569134415,295.8218527526253,0.3732487314516426,2.1910585592148486,0.04003282936639097,0.08771427343281848,1.262465374834908,0.5736331057644698,2.302582426365771,0.00131322788291115,0.1387030032651214,0.13396362807411163,0.14111687273458975,0.13345785902191834,1376.083984375,5.999544938568269,0.005916959133449714,0.023111171661457174,0.21763088400218236,0.6251742321837233,0.3333268888614838,5.426837791790734,6.957897743053148,73336.24851947949,0.9965637329998842,0.7798423837616388,1.2118460091289376,258.58306662787317,0.37352023930753564,41066.472727272725,2.676310351785794e-19,4.5872862230284374e-05,0.07366404964477201,3.5884697942293324,43.61555838715755,-33.686204610969995,0.5550269029750439,0.020686631081321023,0.9901105514149736,0.049166020170674944,507.0,4.79207278636023,0.02724980605120248,0.035682539682539684,0.7637474541751528
FF_04.08.2024_20240904_210200.WAV,0.00028610752807808437,1.5569657588511603e-08,2.656597887866829,15.694744441164815,8.0,43.95890080512799,-43.020499281592386,-45.360205750485406,2.33970646889302,0.9378905769585019,0.007913471693896112,0.6415765567587085,0.6029630123329673,0.02696345506526443,26.61220049725018,4.629394390976772,296.15169811610804,0.1571966143758515,1.373032707407642,0.0723874361403284,0.0993903174260529,1.3382560901974148,0.653115931144087,2.2760543821158077,0.12243085634606814,0.13763618142436881,0.1355673602508381,0.14416415823043532,0.13447486301037725,1386.5703125,6.410595489370412,0.006575388238289206,0.02305620521272351,0.2405767875545587,0.6282618184709237,0.33330928646070174,4.768446658654683,6.848380432982593,69846.18961989216,0.9950534648209715,0.81605561989496,1.2162526623514092,309.86325283677627,0.46281353045291435,40783.90909090909,4.037700308781168e-19,4.979094572106527e-05,0.47708891428895767,51.656751759603345,43.971503752720345,-33.60950400977036,0.7867913578906425,0.020870112950874098,0.9684521521659137,0.052463149728471686,541.0,6.059602302227223,0.027055857253685027,0.03542857142857143,0.7637474541751528
FF_04.08.2024_20240904_210300.WAV,0.00028437596571980687,1.6387615141424916e-08,2.8417177202070856,16.25398696564482,7.0,43.951322008378455,-43.02807807834192,-45.38938433802529,2.361306259683367,0.9332468697417742,0.007323113387718405,0.3209476723682889,0.2694694285315443,0.029877995527503587,25.47459740355744,4.5294602980374785,295.99574147702236,0.1118565227205993,1.251888406731856,0.07537465840422221,0.09436066101761964,1.2515987258335455,0.6022228675116371,2.2277859760499097,0.2046341800396368,0.13671483528917336,0.1338576457731559,0.14315625178445668,0.13414773209436526,1383.197265625,6.3899845702763445,0.005986476820870914,0.022899318709829995,0.2205435219144035,0.626966961595115,0.3333068373307124,4.719952196087982,6.8192388765426575,69002.6604201657,0.9947107178303882,0.8209999386519338,1.2143283430064056,266.22054116962465,0.3998308844922898,40826.74545454545,3.4719701861004895e-19,5.006600858637122e-05,0.32837836837917667,42.08404635940161,43.99542969509354,-33.66046556377976,0.7159341549431204,0.020748023050481623,0.9782426050145049,0.05343289371605896,551.0,5.69247733131605,0.02724980605120248,0.038427350427350425,0.7091940645912133
FF_04.08.2024_20240904_210400.WAV,0.00028013749220521367,1.156426095641323e-08,1.544408824641111,5.566503303554216,8.0,43.61651608094381,-43.362884005776564,-45.3550192032889,1.992135197512333,0.9540766842177557,0.005922928040328457,0.3641161429290479,0.2438409216929509,0.026150951043229953,37.78930492391563,5.236604669424574,296.1123031996974,0.39392672479562163,2.2999310179541665,0.04000902952098795,0.09201800799356412,1.2854928332784357,0.5821099243273107,2.3025791661486585,0.0019422201537047101,0.1373613939805386,0.13387164343554625,0.14176312929572538,0.1339054620065949,1380.69921875,6.033956151367953,0.005969050043642712,0.022878840442833233,0.22057904188894278,0.62961945316988,0.33332659423060934,5.404485740119762,6.950090761066191,72997.3830707807,0.9965081428375031,0.7810354430432819,1.2128646630659214,294.58830375327324,0.4154581575501891,40838.2,-2.5326962749261384e-20,4.6239323174396846e-05,0.08290085281636862,3.7559884644155828,43.65011468496903,-33.647741839409164,0.5639060666686504,0.020778438539216012,0.9887595693976327,0.05081458494957331,524.0,4.787525002188741,0.025989138867339025,0.029777777777777775,0.8728542333430318
FF_04.08.2024_20240904_210500.WAV,0.0002797548299247508,1.1523341461932898e-08,1.456220322393954,5.052285292828404,7.0,43.604191079650406,-43.37520900706997,-45.34526399531856,1.9700549882485916,0.9544277741832399,0.004122654725977504,0.3150935578990762,0.21390456457537332,0.021789469891132285,19.627321376208492,3.7160751808243684,296.1431165641266,0.38836603502278794,2.2699295894637164,0.040622592616991325,0.09221042498203891,1.2540594116513628,0.5813092602839849,2.302583991046557,0.0008404617699286021,0.13938997187469693,0.13368067532722036,0.14194893938693545,0.13382476845116864,1379.8671875,5.960276753613845,0.0058663835951896035,0.02304634103175198,0.2199396823472357,0.6283720223278908,0.3333269803348131,5.4339856799682815,6.952304810873811,72982.11783487441,0.9965554267088995,0.7794003602928002,1.2132723062867548,273.8580157113762,0.3736149500533411,40784.181818181816,-1.2384874270913205e-19,4.613799028316047e-05,0.08781743481720246,3.4154893964498068,43.640586732379006,-33.6223598259633,0.572336742608833,0.02083924635106867,0.9899170475297564,0.05692397207137316,587.0,4.5508070970922105,0.023467804499612104,0.027460992907801417,0.8546697701483853
FF_04.08.2024_20240904_210600.WAV,0.0002876496878561348,1.2981956326299894e-08,1.2887074861860113,4.468369318187185,7.0,43.88232165425406,-43.09707843246631,-45.25074013604304,2.1536617035767307,0.9525346247881815,0.004052830033712929,0.3190617511343985,0.23907887706113062,0.027956016256941774,35.89593335702537,4.8270687799166065,296.3019403331215,0.29053411024313164,1.8190220683976694,0.04961901456670447,0.09025808250898086,1.3944448603619646,0.6231308013941705,2.3024196270458623,0.009984473880789758,0.14279248698800634,0.1355173685994439,0.14597512682671715,0.13535567294636797,1395.65234375,6.315402317605031,0.007319246435845215,0.023839319881882454,0.2695966067531523,0.6298687952035615,0.333327021158963,5.437209030459699,6.94048713235673,72108.26388178623,0.9965401900080049,0.7738717741639598,1.2193371454946371,361.1434390456794,0.5540199786635631,40589.21818181818,-1.368013446630922e-19,4.921613172010336e-05,0.1292335815526883,8.41973587938303,43.92107476115403,-33.47113326111685,1.1277150620472867,0.021205247069850112,0.9562482343489015,0.05973622963537626,616.0,7.275576544707352,0.020849495733126458,0.024397163120567375,0.8546697701483853
FF_04.08.2024_20240904_210700.WAV,0.00028521570065139846,1.4913899072683085e-08,2.9376355801428704,20.01386965988343,9.0,43.90664376409945,-43.07275632262092,-45.31015435421884,2.2373980315979196,0.9391402609274824,0.002567443772422129,0.5312556145419396,0.4967617258474911,0.01905217364108358,29.37659188688784,4.446980422849338,295.86777385966184,0.0808582506985226,1.175942939726049,0.07580883072388948,0.08914685925864503,1.4749733846296558,0.6150993307997176,2.287745745807269,0.09416174283083815,0.13904244657808815,0.13585131283075727,0.1414903056983876,0.13382154828581128,1379.833984375,6.207151242716905,0.006398657986616235,0.02346135721463394,0.2389073487512124,0.627740888640059,0.3333038591695215,4.666692096338476,6.856072043367333,70388.16682658838,0.9948503624959245,0.823401545205536,1.21298553811551,290.22403258655805,0.42519442221898945,40703.763636363634,-3.469972625734213e-19,4.980014786058191e-05,0.41244832317287655,47.52995810390418,43.97230632216334,-33.57119361130409,0.8097828204058004,0.020962366965322783,0.9644204574683402,0.050329712955779676,519.0,6.2648565027640455,0.014352211016291699,0.021333333333333333,0.6728251382019204
FF_04.08.2024_20240904_210800.WAV,0.00028041205721738725,1.0873825233343593e-08,1.458558543636265,5.889044489535501,8.0,43.59056039265424,-43.38883969406615,-45.27458682180569,1.885747127739542,0.9570620400006807,0.0016897542198018867,0.1699301148285397,0.10464665580515442,0.017324943247224778,60.9065543220187,6.302463842076207,295.56328689573326,0.3438187630431898,2.047938416031911,0.04277930452260959,0.08760938114297985,1.5421379647874849,0.5769023698542701,2.3025830728160015,0.0011251559712352587,0.1386302654123428,0.13513743204884784,0.14036184929079462,0.1334796424934536,1376.30859375,5.834675982706194,0.005856723099117448,0.023104698611504118,0.22061456186348205,0.627450617105957,0.33332675458441036,5.416526837659523,6.9687709195882706,73714.92295144952,0.9966210659569044,0.7863441709870496,1.21088314694029,255.30986325283678,0.39155316530889345,40699.472727272725,-4.2995909862756064e-19,4.6130770433723106e-05,0.06852462982479485,3.1502276444632415,43.63990707856057,-33.57134382407565,0.4719209767131929,0.020962004447705816,0.9927373354269018,0.04402637703646237,454.0,4.081618137793207,0.011830876648564779,0.02033333333333333,0.5819028222286878
FF_04.08.2024_20240904_210900.WAV,0.00028130152974596625,1.3275918468747607e-08,2.6871725321251447,19.113720604626845,9.0,43.72912345616537,-43.25027663055501,-45.2205669250764,1.9702902945213907,0.9448502550911927,0.0013702719872884517,0.08378292204534754,0.0631923694784764,0.009973066881926118,12.612980009962786,2.721916632558474,296.0259216302129,0.1925754715963126,1.4770116953891468,0.058238152042476996,0.08601843168458985,1.3967848301758614,0.6014125899851075,2.3025829288303523,0.0011657658696844209,0.14776290692787641,0.13483748214048255,0.14013434522789833,0.13384200580690525,1380.044921875,5.860353324442213,0.005765611361652604,0.02304617536554126,0.2145406462172648,0.6269286220310247,0.3333072848484286,4.728469331916503,6.891919946321382,71525.35504349385,0.9953011431643914,0.8023924793939669,1.2116139820845193,247.67238871108526,0.36107524730869944,39044.23636363636,2.372681176111793e-19,4.9882345356774484e-05,0.07925816737967767,3.497494102901026,43.97946864845785,-33.34667256731545,0.5502418545550398,0.021511285862778173,0.9888684270472444,0.04809930178432894,496.0,4.720715281570585,0.01842513576415826,0.023565891472868215,0.7819319173697993
FF_04.08.2024_20240904_211000.WAV,0.0002859206128372192,2.0403530165664713e-08,6.2118773631122775,72.57529939361588,6.0,44.16465886400421,-42.814741222716165,-45.263653659240234,2.4489124365240684,0.9061120481088091,0.0023031127434418597,0.20142768849142456,0.17459512394539856,0.01859914048371858,30.623878572384243,4.487966647074026,296.5247690372964,-0.103234641317946,0.812850979380742,0.10401759285358439,0.08455080222386334,1.4618434229839565,0.6412388711314441,2.302544415386476,0.004959201375836208,0.1490560243106068,0.13504744707633826,0.1399684757318425,0.13365959291048396,1378.1640625,6.202380535654841,0.006526896336436815,0.023247914836769128,0.23485807165373423,0.6293397045798031,0.3330454621548901,3.5271925931498016,6.6461527593533285,66314.93479734081,0.987364559746389,0.8463464383920729,1.2145857534791442,276.0401512947338,0.4315021578896325,38145.4,4.182891406982621e-19,5.901141494495079e-05,0.10875108276632224,33.84682413243178,44.70936028050577,-33.35936499737401,1.0076791922301354,0.02147987502126983,0.9511961531081249,0.07922808378588053,817.0,5.89137148679395,0.047323506594259115,0.032945147679324896,1.4365725923770731
FF_04.08.2024_20240904_211100.WAV,0.00028540420131872835,1.1894662285334088e-08,1.3268977711065357,4.899831910863321,9.0,43.77325317377163,-43.20614691294874,-45.284163414070974,2.078016501122235,0.9553601829072765,0.0035299989512348473,0.16969398515269352,0.11997134438851742,0.020049981294734676,32.351296328270806,4.617817545046561,296.26900747445313,0.3763644085162333,2.2070010552822343,0.04126173489756733,0.09106469246170688,1.449596965773389,0.6149075255252588,2.3025573802857373,0.0041264173271166275,0.13984256295865255,0.13640022116306577,0.14352696557618802,0.13466049607215597,1388.484375,6.218744313023425,0.0073531528828435656,0.02351835431878728,0.2691703670586809,0.6294702334756209,0.3333271402250901,5.446730584586576,6.958151500140514,73022.39970187421,0.9966153096814341,0.7691727715814081,1.2186143075897826,330.59354087867325,0.5431093007467752,40730.74545454545,-2.9782573713618785e-19,4.794018027095789e-05,0.11027527849329853,11.58000109892752,43.80699662791817,-33.596963380101094,0.9056529349085309,0.020900266843853574,0.9666087111002776,0.05605120248254461,578.0,6.508290294511124,0.029480217222653222,0.026579234972677595,1.1092522548734363
FF_04.08.2024_20240904_211200.WAV,0.00028763972406889546,1.4724729817170509e-08,2.452660263235613,15.23348025913812,8.0,43.96042350895358,-43.018976577766786,-45.13530068401611,2.1163241062493228,0.9425717328500588,0.0037632048380350502,0.17499010959684735,0.13304312131876384,0.015946776962689646,18.627890886402078,3.395753984353025,295.8557322756078,0.19712205130225044,1.4910386482079327,0.06242116012205574,0.0930723622079609,1.3954188713459785,0.6239579030738656,2.3025785114684902,0.002011887007253144,0.14381081692690653,0.13565234605820828,0.1452173842108555,0.1349063651682669,1391.01953125,6.198767748945707,0.008072575707981767,0.02367018818528389,0.28657515458292915,0.6303408360884282,0.333312178547393,4.832516051902686,6.877746189046178,70681.12450535243,0.9953768925165799,0.7954492538349773,1.2157709481934917,362.2345068373582,0.566805929347299,39680.854545454546,-4.0308665496333807e-19,4.989696449597997e-05,0.08566226454778479,4.430963459353226,43.98074125929108,-33.39626082759096,0.7719838922417068,0.021388826549414434,0.9826677523145648,0.05643910007757952,582.0,5.700039426244702,0.02724980605120248,0.02629239766081871,1.0365144020948502
FF_04.08.2024_20240904_211300.WAV,0.00028913194107672423,1.3527100063551576e-08,1.278294438410157,4.306848738777241,5.0,43.94538226498938,-43.034017821731005,-45.235149943923076,2.201132122192071,0.9512502544261232,0.002268203335800134,0.2591043932103303,0.25231701484071467,0.01158005770963888,15.460222655883586,3.133996812000732,296.1908400912132,0.38044951843744185,2.2281469541526824,0.04109185967277283,0.09155870197035823,1.4007602191436175,0.7283261198109631,2.3021761940811736,0.015525183697354627,0.13714318042220283,0.13499745542494404,0.14355325090616408,0.13415436184657165,1383.265625,6.305220355294086,0.007072619653767822,0.02350835824040612,0.25805261502788557,0.627337390240365,0.333326961209594,5.432482729099791,6.9324570492965325,71702.97138186278,0.9965047221049268,0.7468422293555192,1.2175957601397207,312.04538842013386,0.4727013323150034,40643.90909090909,-4.762814721739474e-19,4.9476074570527676e-05,0.17796438840316148,350.0114138905134,43.943952354197705,-33.55856935629417,1.6290058688392186,0.020992856262669418,0.8729895404098708,0.06904577191621412,712.0,8.520800906608798,0.04014740108611326,0.027949367088607596,1.4365725923770731
FF_04.08.2024_20240904_211400.WAV,0.00029650911802022264,1.3903125835148116e-08,0.9713377843104665,3.285304602735331,11.0,44.15046401670547,-42.828936070014905,-45.007452483446514,2.178516413431609,0.9536456840669002,0.004657304139435103,0.19669958322438374,0.13692400919734704,0.024866896486664514,48.936646360005284,5.96083975885801,295.59433962688854,0.4651301639576481,2.7392275002803417,0.039640222404776056,0.10858358732839152,1.9115922748155,0.6426684773162366,2.302584321369091,0.0007045318583637439,0.1354540458410112,0.14116442554093467,0.15259812358999597,0.13745559960236642,1417.3046875,6.3576708067495336,0.009929095747260207,0.02430479347909694,0.34607111193622697,0.6307173280117954,0.33332802985527865,5.524267713618936,6.947492541941858,71869.98198579498,0.9966876957352547,0.7426686876189896,1.2206118442551572,435.33604887983705,0.7624404458830375,39876.21818181818,1.5658770576483978e-19,5.23081494383636e-05,0.13082364254342957,4.435252537399754,44.18569355796439,-33.1852851917095,1.1420538710967634,0.021914710628625118,0.9733893078588407,0.0854344453064391,881.0,6.208650701541933,0.0528510473235066,0.032296296296296295,1.6366016875181846
FF_04.08.2024_20240904_211500.WAV,0.0002953228882724809,1.4077200541604194e-08,1.0573619519537505,3.3542391876419337,9.0,44.127885840610986,-42.85151424610938,-45.118600308822195,2.2670860627128135,0.952350422793021,0.0031926338659057363,0.39861119974628756,0.3636055123072254,0.017154595479627277,12.671865266307973,2.7409001349012443,296.0551149932329,0.446685757300402,2.61458253856268,0.039180098328020344,0.10243960094761086,1.7614936215900003,0.6848491525601025,2.3015450122817604,0.025426516415707746,0.13792713283548316,0.13971766714958603,0.14465904754653636,0.13581274700562507,1400.365234375,6.478436799078143,0.008219945628455048,0.023888037022361176,0.294354029007032,0.6269099324177204,0.33332784857441544,5.507462564758175,6.9393818981940605,71646.58522051292,0.996627110261102,0.7367062534624359,1.2202438050647282,408.05935408786735,0.5876612355736592,40328.181818181816,-3.1054704262668443e-19,5.247379548938117e-05,0.17291842611972777,267.7222690069577,44.19942478348883,-33.35624049470212,1.5954660851808988,0.021487603187561034,0.885983922442818,0.06759115593483321,697.0,8.494497613743611,0.0350077579519007,0.026374429223744292,1.327465813209194
FF_04.08.2024_20240904_211600.WAV,0.0002943457779146064,1.5698906028927952e-08,2.0476776955863483,11.54329187609233,10.0,44.172483505312314,-42.80691658140806,-45.075287260109526,2.2683706787014657,0.9433025961056531,0.0027662431961513745,0.6552272985177667,0.608207067942123,0.013982686763012175,15.922043073743083,3.0355125270724908,295.4982268177888,0.21913832763728222,1.5612731048105286,0.0678906833612484,0.10599589799912479,1.8254524632875953,0.6725462902007572,2.2765312077788984,0.12684482309101047,0.13871108524876344,0.13881581775843432,0.14598147156153893,0.13554869344631948,1397.642578125,6.302042068045549,0.007938086448938028,0.023833701855671664,0.28796043358996126,0.6268325924766706,0.33331679077384646,4.955480923198359,6.882452488338803,70311.67040633126,0.9956660717720323,0.7896231509706144,1.2155201322360107,364.41664242071573,0.5192043085054796,40273.67272727272,2.5821096103024473e-19,5.2657790193586156e-05,0.4430559403260595,47.88439469210507,44.21462629801029,-33.34376177666074,1.0201577058115419,0.02151849587180398,0.9644302161191595,0.08068269976726145,832.0,5.902254568222984,0.048584173778122575,0.024971962616822427,1.945737561827175
FF_04.08.2024_20240904_211700.WAV,0.00029852879611856875,1.4809632139455667e-08,1.118794543073187,3.864237945272489,10.0,44.239470284719495,-42.73992980200088,-44.87197917197969,2.132049369978809,0.9509340497739829,0.0032361857446817632,0.21392244214085765,0.16276066219428476,0.019310315543479062,20.6279322348505,3.5911940341057336,295.2212090986693,0.49714746685603733,2.9773091874380913,0.039574407752259094,0.11782524778822223,1.9973313673617834,0.655850225625564,2.3025840266549595,0.000830968276214783,0.13692496686386707,0.1401785901754407,0.14915293258175416,0.13646985016002328,1407.140625,6.197696998997668,0.009175008789157212,0.02391317279971887,0.32994504349539283,0.6288510262677611,0.333327283297792,5.458417061333652,6.930504476636328,71261.22202870635,0.9965444260929732,0.7385068244274511,1.2177193781054136,402.6040151294734,0.6546217328581126,39834.05454545454,4.817274525409533e-20,5.340593155484471e-05,0.0906482087674865,4.094255766577552,44.275894948277745,-33.11268233809679,1.0937382964098674,0.022098657099405925,0.9767539452655069,0.09794414274631497,1010.0,5.606789695139446,0.06574864235841738,0.029161290322580646,2.2548734361361653
FF_04.08.2024_20240904_211800.WAV,0.000298763372536457,1.593367430372499e-08,1.4913737582454145,6.534733570168718,10.0,44.29197748063708,-42.68742260608329,-44.910834869479565,2.223412263396277,0.9462371684735358,0.0022365078063852906,0.6390478717703663,0.5939106829792151,0.013905463437664078,14.388201140024735,2.728808627685975,295.4278901788539,0.3191112996884554,1.9373376281393544,0.05828005590838151,0.1129081452813728,1.929999969970502,0.6900515713144645,2.292693443009229,0.07842330549423622,0.139648595351243,0.1387488289455661,0.14800816114176224,0.13600860882795074,1402.384765625,6.272000099602614,0.00868289175395209,0.023475645471295506,0.3166605730177013,0.6261524964457552,0.33332380733327477,5.231436680384455,6.901011755265758,70372.59603033164,0.9961638395199942,0.7641699607692005,1.217419031885406,357.870235670643,0.6044818640287072,39942.43636363636,5.736152293896642e-20,5.3816734779113084e-05,0.240305156187825,17.88374106766886,44.30917344292996,-33.12801585723469,0.9697937887038321,0.022059679944587476,0.9713145499485166,0.08378588052754073,864.0,5.590142834100256,0.0504266873545384,0.026666666666666665,1.8911841722432354
FF_04.08.2024_20240904_211900.WAV,0.0002917192307013742,1.3956266190333756e-08,1.3585453200187416,5.331124313932896,9.0,44.03092403732523,-42.948476049395154,-44.949121674708834,2.0006456253136804,0.9504898767276194,0.0016996944814595683,0.107387879984011,0.07873529330486673,0.01432684042760013,11.033426010453455,2.5387305631922064,294.89420588981085,0.4272139662584541,2.4917052480061788,0.04370681400944598,0.10890449784096652,1.8811843421236785,0.6285137723429217,2.3025833859910256,0.0010458599518532452,0.14290563475899523,0.13849687102253924,0.1435577828596082,0.13481316979439434,1390.05859375,5.914843302358469,0.007071861967801378,0.023238054693957795,0.257732935257032,0.6267882481922301,0.3333258951863191,5.355138254350593,6.927667905544985,71523.57027795656,0.9964144796000693,0.757224144956603,1.2133911454035544,326.2292697119581,0.5063236470759384,39579.94545454545,-8.410780489584519e-20,5.14190429122705e-05,0.08229099653476843,3.3575537085795495,44.1112398864702,-33.13984446967692,0.6199339749688662,0.02202965909206506,0.9894506045911988,0.06487587276958882,669.0,4.491810460333342,0.03646237393328161,0.025383966244725737,1.4365725923770731
FF_04.08.2024_20240904_212000.WAV,0.0002977392430936985,1.6519163844622258e-08,1.6206191129141831,7.1193079372098165,9.0,44.290928442521334,-42.688471644199026,-44.78360628409483,2.0951346398958037,0.943520137067937,0.0023390968370071707,0.10518078270938258,0.07422174779914026,0.014042772844937157,11.29719628456874,2.543135427352911,295.4858965823537,0.4555991565098076,2.67376359518082,0.048409284265610225,0.12943498193814829,2.056477310547813,0.6686159424851063,2.302583009178206,0.0011518424205192446,0.14440888371641938,0.14076349249675305,0.14431461908478105,0.1356083612161769,1398.2578125,5.970765256924336,0.008104966783047231,0.023205499982442368,0.2939277893125606,0.6268259791745155,0.3333225395783753,5.168965273521764,6.883977494580343,69814.27937783409,0.9959960483229666,0.7529717405989159,1.2141889180408816,354.59703229560665,0.5446436148288236,38649.90909090909,-2.3667936297690837e-19,5.4991016919257075e-05,0.08950087399301103,4.342520446343104,44.40291750930076,-32.96116526807418,0.817948006230047,0.02248752900903875,0.9844295957520272,0.08388285492629946,865.0,4.8631211981240945,0.0504266873545384,0.028013468013468015,1.800261856270003
FF_04.08.2024_20240904_212100.WAV,0.0002961739178951604,1.4853076047279902e-08,1.1918356841714364,4.013962785465499,8.0,44.18239071465656,-42.79700937206381,-44.82167933662197,2.024669964558157,0.9497316102082681,0.0018676859031979687,0.15774345561378733,0.13592092907429454,0.012040011789238969,7.186043041738034,1.8290674165466565,295.6281923350372,0.5209510166112095,3.174938407868039,0.04016248393965464,0.12751341281539277,2.124541011432242,0.6563507454407577,2.3025649497319214,0.003529920625240024,0.13646429379626937,0.13946370956050338,0.143873206819321,0.13541439360876734,1396.2578125,5.9187474662921975,0.0071849465982930846,0.023095782598089018,0.26377133092870997,0.6249792382992058,0.33332699844188074,5.435412795111202,6.922972274464152,71044.49482319155,0.9964827250464525,0.7470014545598944,1.2127995743100226,288.04189700320046,0.4778914811851421,39472.763636363634,2.2593459090146415e-19,5.2859554770547585e-05,0.08100819083623226,5.621032974918569,44.23123500802716,-33.02022170464205,0.7193287945487654,0.02233515212319114,0.9851874576769746,0.07137315748642359,736.0,4.731278997458592,0.0367532971295578,0.027315315315315315,1.3456502764038407
FF_04.08.2024_20240904_212200.WAV,0.00029590100473760646,1.4457375578213264e-08,1.0847553871333648,3.438711995506888,7.0,44.15873067751662,-42.82066940920376,-44.80482750358338,1.984158094379623,0.9512656965772459,0.0017718392412102713,0.1017743108523248,0.07704466874826521,0.011177870988842376,6.281555156462567,1.694926689600334,295.1370415295426,0.5248483218010151,3.209182229095351,0.03912464671452987,0.12555812095590307,2.1869888750405906,0.6479734629615415,2.302584353561414,0.0006825862306847341,0.13651278569812172,0.1401915880048032,0.14333209157808965,0.13491337376345652,1391.091796875,5.873081541447737,0.006994199156240908,0.023331149394152997,0.25563725675921434,0.6273815404853762,0.3333276510582052,5.489773283021942,6.932592948678316,71353.48700814614,0.9965831584211086,0.7469620258244027,1.2121309012684771,278.2222868780914,0.4367491332072544,39532.781818181815,-3.533579153186696e-20,5.243461236109663e-05,0.07150376857282872,3.303232980181457,44.196180616974885,-32.98168301708085,0.5918336103562325,0.022434471812392727,0.99099234878106,0.06875484871993794,709.0,4.107835068133962,0.029674166020170676,0.024358208955223882,1.218359034041315
FF_04.08.2024_20240904_212300.WAV,0.0002955898896095147,1.4801885826896443e-08,1.1675407929951862,3.8782162487036955,9.0,44.16555757995007,-42.8138425067703,-44.85947819820715,2.04563569143685,0.9498135296936203,0.002427071718123952,0.1250223215290459,0.1072750849626084,0.013247382728695523,6.135561251977924,1.5822927245235017,295.28519576499104,0.5077209959380464,3.0627367478550824,0.03989172393583181,0.12217784883356228,2.0671139794542452,0.6524188396978633,2.3025813746786676,0.001535966601845118,0.13617334238515502,0.13932473276962748,0.14464726446758158,0.13523557972068667,1394.4140625,5.977451701330106,0.007513782307729608,0.023106318871790578,0.2672878084080989,0.6275820571008462,0.3333271172405073,5.444878361468565,6.923490616427072,71029.93374159842,0.9964972085191871,0.7446997965737342,1.2131229568521917,279.31335466977015,0.5222729366695762,39589.69090909091,2.4065345675823706e-19,5.2494282565861554e-05,0.07889839730215882,4.162585244064654,44.201120046380865,-33.0560953838369,0.7377018717425656,0.0222430957216205,0.9856579062227837,0.08524049650892164,879.0,4.483843716599644,0.047323506594259115,0.026289562289562286,1.800261856270003
FF_04.08.2024_20240904_212400.WAV,0.00029344006022682294,1.4610811916573175e-08,1.252357691643795,4.3057901568326455,9.0,44.103165491443484,-42.876234595276884,-44.87102699177184,1.994792396494958,0.9493631194695996,0.0019378806489909195,0.09870950366487896,0.07239657759468643,0.012327581681846,7.136141166822475,1.7403933523818047,294.9204140692383,0.5289095241893541,3.2454689761206237,0.039068412519583894,0.1267953207785921,2.0205005341097717,0.6409898467722608,2.3025844230833625,0.0006605206123353469,0.13706236058578217,0.13986764210376867,0.1423223723507333,0.13480691888517116,1389.994140625,5.850558012895311,0.006978477172437204,0.023093106450034644,0.2559569365300679,0.6254050470951893,0.3333267147742506,5.413510292125828,6.920653779609311,71039.02056540996,0.9964435508502958,0.7475172073631241,1.2117334535047144,260.76520221123076,0.4230729015129473,39574.472727272725,4.614049041829948e-19,5.17240601618545e-05,0.0760526102537644,3.3951809279356495,44.136926081782036,-33.088729896793566,0.663629846089087,0.022159681048537747,0.9897762384888293,0.08058572536850271,831.0,4.1383210334610085,0.03743211792086889,0.023393939393939394,1.6002327611288916
FF_04.08.2024_20240904_212500.WAV,0.00029760080284194654,1.6284184024105533e-08,1.3823685293191323,5.018595382168171,8.0,44.27780151880518,-42.7015985679152,-44.70109318582546,1.9994946179102584,0.9451198525401301,0.0017724084619897829,0.08279906397750336,0.059913087280434985,0.012982310944887443,8.096155077371671,1.9772016824663174,295.10568857581245,0.5501451703414221,3.4458786882824426,0.040775993396716385,0.1405091266392906,2.1710345459889773,0.665771399280952,2.30258199016679,0.0014143437737430987,0.1390505285617302,0.14080948481603572,0.14263145157562426,0.13472944549510232,1389.1953125,5.816130193985924,0.0067339340267675305,0.022899243112920655,0.2513393398399612,0.6277675241187756,0.33332538248388904,5.321809748997643,6.894073847905476,69948.8689696006,0.9962267835286034,0.7414109077162583,1.211927395696585,241.1259819610125,0.3540666521190961,39191.87272727273,-4.5649511107219976e-20,5.381754092740248e-05,0.0785374646645957,3.3760667528990402,44.309238497625856,-32.89057608192192,0.6755507006154602,0.022671027091055205,0.9896925003553152,0.08136152055857254,839.0,4.184742761661368,0.03646237393328161,0.024757201646090535,1.4729415187663661
FF_04.08.2024_20240904_212600.WAV,0.0002958636649751523,1.512641629742022e-08,1.2460467901966232,4.247152094014916,8.0,44.18618525074619,-42.793214835974176,-44.759659847405516,1.9664450114313397,0.9485842576681747,0.0016005868151763858,0.09812893804529876,0.06766527033014824,0.012583613640409608,7.297636193195583,1.9385455057918295,295.48811149997414,0.535853855722314,3.3089876424858433,0.03978582363199886,0.13165079874440547,2.1950536351471563,0.656203538598703,2.30258462528233,0.0005451007179241074,0.13923641418549768,0.13875382811070552,0.14176856763985834,0.13477206533071479,1389.634765625,5.7968951544883005,0.00600863913538939,0.022817648113745762,0.22729231707686715,0.6265845031992245,0.3333266569292452,5.40915936842103,6.915783498993812,70783.52217187847,0.9964206330131431,0.7459952846493559,1.2106506289467234,212.758219377364,0.32603227136068275,39398.0,3.503300343424192e-19,5.275617565734713e-05,0.08307896426163823,3.3545006614988626,44.22273305617517,-32.946405782340555,0.6396578108051543,0.022525773395191538,0.9898706116441454,0.0728277734678045,751.0,4.321440424517317,0.03685027152831652,0.026666666666666665,1.3820192027931335
FF_04.08.2024_20240904_212700.WAV,0.0003029510041733281,1.800824028792515e-08,1.4329210018095642,5.52074739295386,8.0,44.477630680130446,-42.50176940658992,-44.59806179668692,2.0962923900969983,0.9418121936636645,0.0022501419891458596,0.09581981959937935,0.07632323369356753,0.013232285710722214,8.54612190261394,2.1812944054236687,295.06817284873847,0.5925112183498561,3.9081105788996475,0.038885936953739826,0.15197054157933534,2.3142281273983487,0.6935987053003108,2.302582420240169,0.0012972036558700495,0.13715934438948696,0.14114742837946062,0.14580563176790598,0.13599629643099603,1402.2578125,5.927549671527376,0.007546931068761517,0.023160630515888812,0.2762743619665373,0.6283626560514673,0.3333241640934739,5.2505219403711845,6.873355577271357,68988.95036440105,0.9960599723161112,0.7247134352529575,1.2144170711983064,284.7686936281641,0.4583621254000582,38851.38181818181,-3.145421633592371e-19,5.646262625663089e-05,0.09616608825948292,4.71843468770896,44.517610747006756,-32.716938018978865,0.8418497165930603,0.023128799912423798,0.9829589578715006,0.09328937160589604,962.0,4.777669882419814,0.057990690457719166,0.029530864197530864,1.9639220250218214
FF_04.08.2024_20240904_212800.WAV,0.0002997164087425112,1.663468071480908e-08,1.357570834812153,5.069395800028517,8.0,44.34415222429669,-42.63524786242368,-44.67370356242156,2.0384556999978756,0.9449697182980887,0.0019707184651894805,0.17533311953838726,0.16349932794220934,0.011538605471525742,6.473941266402638,1.6670394106773754,294.89542196981427,0.5625136540306367,3.5715712465688187,0.0389765280911231,0.1392074470213371,2.1247790800990347,0.6752963126512517,2.3025791245036964,0.0019570645553072196,0.13535706203730644,0.13972866531289274,0.14509683424924114,0.13537707757491999,1395.873046875,5.878851462685908,0.007221315524682378,0.022933412392394013,0.2671102085354025,0.6280658498685294,0.33332526763262355,5.314638839347592,6.893135236016654,69823.55652194301,0.9962228486372715,0.7321734089843863,1.2135904078640742,308.7721850450975,0.4595175964988847,39150.799999999996,2.209091495589374e-19,5.4714885964623495e-05,0.08394606095845468,3.689193088533472,44.38105498413521,-32.855622305706625,0.7534351046568375,0.02276244370431611,0.9877793381759671,0.08679208688906129,895.0,4.424897653519069,0.0465477114041893,0.025599999999999998,1.8184463194646494
FF_04.08.2024_20240904_212900.WAV,0.0003047104215394362,1.9618435846984892e-08,2.0050574140909725,10.315583828752871,10.0,44.58234604779858,-42.397054038921794,-44.65515125455623,2.258097215634436,0.935288984688538,0.0019636607583816135,0.6733323297233293,0.6260727005369022,0.011662036714052415,10.628935719031622,2.098557314633305,295.65961203736913,0.31621098981923434,1.924878829905854,0.07099197666985398,0.1366509529849722,2.097299892310399,0.7116373386813873,2.276569304416111,0.12740828977367044,0.13838780590308083,0.13977265796611968,0.14537872175346714,0.13575724650858306,1399.79296875,6.150803217212946,0.007203131061487731,0.02292964473421052,0.26906380713506306,0.6262227688644559,0.3333153130473917,4.9127000746138085,6.832294433276595,68018.93141337091,0.9953344623181707,0.7665612901132436,1.213636931536373,341.50421879546116,0.46396900155174087,38998.6,3.245089382393947e-19,5.800744298421806e-05,0.369784642700011,45.00507652899033,44.634837218316775,-32.841085639294285,0.8745494411186812,0.022800570724949693,0.9706042021142756,0.08669511249030255,894.0,5.064709506512184,0.04412335143522111,0.023790849673202615,1.8548152458539424
FF_04.08.2024_20240904_213000.WAV,0.00029970660617493496,1.6114360250226983e-08,1.2732654766342115,4.703296523436345,9.0,44.32263420235803,-42.65676588436234,-44.716286274299755,2.0595203899374113,0.9468802977158929,0.0020292132545817188,0.40080604162392663,0.3661278700924455,0.011012473342199791,4.814553788511308,1.2626287593921717,294.65803198120625,0.52377312922146,3.199679024265015,0.04008904141641155,0.1282720649229835,2.010911144338856,0.6663592875761661,2.3025437848280594,0.005066381715334423,0.13795946077005142,0.13857785749779786,0.14911939612626748,0.1357231506400931,1399.44140625,5.960775879690966,0.008137736701095917,0.023437726582285642,0.29769290661372455,0.6274888297352731,0.33332595385267977,5.359097502654596,6.90510797102939,70243.23774728195,0.9963299972849751,0.7319350575174275,1.2135555018671806,379.6915915042188,0.4866238119484046,39215.69090909091,-3.290717866549943e-21,5.4482120744863365e-05,0.0890634822798908,3.5024651478637945,44.36254004372161,-32.9346259514672,0.8027713653496207,0.022556343645038026,0.9878198432095028,0.09464701318851823,976.0,4.443312670728425,0.0556633048875097,0.02530027548209366,2.2003200465522257
FF_04.08.2024_20240904_213100.WAV,0.0003020345658536351,1.6660572618371922e-08,1.1663187438293927,4.188928982060525,10.0,44.40172853434458,-42.577671552375804,-44.69485899389362,2.117187441517814,0.9465973598356943,0.0032368390082904153,0.20817168672351705,0.1475313606174118,0.013751404972306758,8.660292578944585,2.0752888841188204,294.994329976796,0.509972352201272,3.081402363691675,0.04014329962204338,0.12369765834174762,1.9668494098666576,0.6881731165105771,2.3025800787681856,0.0017754174949072166,0.1387919050851841,0.13921575096958808,0.1497538696084483,0.13642097941518766,1406.63671875,6.086958806245174,0.008506350923770731,0.023526919654661062,0.305045541343356,0.6235957770968791,0.3333263577802213,5.387243322760094,6.903363656276625,69940.86654794896,0.9963710770108999,0.7222555582586717,1.2154588334811378,412.4236252545825,0.5695525409756571,39192.69090909091,1.518986956418964e-19,5.547919986294606e-05,0.09930950764713294,4.292068926643171,44.44130188925885,-32.867087602617524,0.846418183454162,0.022732417303143126,0.9839957141232524,0.09503491078355314,980.0,4.700282328106519,0.05459658650116369,0.027547400611620795,1.9821064882164678
FF_04.08.2024_20240904_213200.WAV,0.00031006805376697843,1.88469705537535e-08,1.0789872028788823,3.7158886244408644,9.0,44.67866903277306,-42.30073105394731,-44.43341214912047,2.1326810951731616,0.9437619456173382,0.003257671451716182,0.21490909481670561,0.13944743207262378,0.018196292856666352,12.906795495123589,2.6349562826740063,294.73651271666915,0.5530081226579638,3.474354236351388,0.03943907147373491,0.13702530505253607,2.1348149196195947,0.7238993054353504,2.302582183483129,0.0013525149869314745,0.13867875731419518,0.13897579104289584,0.15279662315084971,0.13698242471632238,1412.42578125,6.070050161275961,0.008689900349141692,0.023458473302451325,0.3121140162766731,0.6222741185022531,0.333326388080922,5.389419974712744,6.885651741489326,68847.3395142532,0.996323684626349,0.7036682075029802,1.2153535578515382,375.32732033750364,0.5367636807778101,38812.854545454546,1.4645271527489045e-19,5.902242523694213e-05,0.10145187718049535,3.9424871644078876,44.71017050731231,-32.56654021583294,0.850739610785741,0.02353276669473359,0.9845900237820441,0.09086501163692785,937.0,4.843499761870037,0.05420868890612878,0.02922875816993464,1.8548152458539424
FF_04.08.2024_20240904_213300.WAV,0.000307610763313866,1.8204106849065134e-08,1.1283845249803253,3.957588214317627,9.0,44.596287400432544,-42.38311268628783,-44.47791292827512,2.0948002419872864,0.9443828356337044,0.002420585700074085,0.19988023953527345,0.13946023494442217,0.014928061285074956,6.312761988196499,1.6160091160561165,294.75853359791245,0.5379627497018009,3.328655316663752,0.03915613957540428,0.1303372921776974,2.034940550721782,0.7097739571040276,2.3025845602008794,0.0005822115991657384,0.1362218342870074,0.13857885733082576,0.15213858351075932,0.13655054371544953,1407.97265625,6.017303066202696,0.008389667284938417,0.02355121735917461,0.3065018602994666,0.6263875515078259,0.3333262492426128,5.379523371526624,6.889521941971846,69153.87189380324,0.9963175986986497,0.7068298831324844,1.214340128730676,396.0576083794007,0.5112107215594995,38976.854545454546,2.7292982688701764e-19,5.79213469453044e-05,0.10000675207401626,3.6539220275641235,44.62838652707589,-32.63705120772193,0.8234645533134426,0.023342503877119586,0.9866429835657133,0.09309542280837858,960.0,4.613579970099765,0.05440263770364624,0.027962616822429908,1.945737561827175
FF_04.08.2024_20240904_213400.WAV,0.0003110847071770651,1.9922557255645396e-08,1.2130243982047715,4.245581522442796,10.0,44.742668785321484,-42.23673130139889,-44.479944207879704,2.2432129064808137,0.9406054371492756,0.002532464259716871,0.12604570095111345,0.11394052762939888,0.010649301967614822,7.506681082911298,1.6153620545972593,295.07932858861045,0.5647676889081358,3.595247064682799,0.039625649789240644,0.142464001090916,2.123219286345706,0.7503646572704106,2.3025126982018613,0.006705481579837169,0.13695729479843533,0.13939972024671882,0.1521866222172673,0.13717014141450878,1414.361328125,6.1647939533702845,0.009487554250315196,0.024057920666805198,0.3398551163918526,0.6254261219538237,0.3333253624799624,5.320553354667566,6.865872540887078,68155.05766406957,0.9961489657327112,0.701112349804549,1.2167323524960318,404.786150712831,0.551046061245272,38970.87272727273,5.300053325511684e-19,5.992094005989902e-05,0.21469389269667868,12.861385192310427,44.775786181030305,-32.67142092598468,1.3760787797149412,0.023250321024114437,0.9576421674422831,0.09057408844065166,934.0,6.772100913709597,0.044899146625290924,0.028383141762452106,1.582048297934245
FF_04.08.2024_20240904_213500.WAV,0.00030760558116709705,2.5006667147080505e-08,3.821183219824094,33.715497851509824,10.0,44.85042306026749,-42.12897702645289,-44.5630747298593,2.4340977034064153,0.9126719871996998,0.0017748176090279788,0.688639849077295,0.6437481821877775,0.009555980846262746,6.483782423509653,1.5784834821794747,295.4773099116196,0.08589487758304158,1.1879321655170896,0.10868978052906403,0.12911608635346822,2.0506669029756184,0.772299909457066,2.2814226707320615,0.11450845386363255,0.15289496654058773,0.13813493146644512,0.14604491890975704,0.13580308650955292,1400.265625,6.1673049163123785,0.007428542636504703,0.023268000626239325,0.26853100751697384,0.6257802892347725,0.333218549671122,3.9869245553856216,6.689203040902476,64756.11951979107,0.9914361588781343,0.7900705313402854,1.2141446799476443,295.679371544952,0.37939230554747355,36589.94545454545,-4.613313098537108e-19,6.73143675749641e-05,0.22957387881280905,17.67539742582919,45.28107769908538,-32.5247482924101,0.8595225445779988,0.023646266798539595,0.9773574682059707,0.08834367726920093,911.0,4.844552431778021,0.04247478665632273,0.027162790697674417,1.5638638347395986
FF_04.08.2024_20240904_213600.WAV,0.0002965296398633494,1.521287552186802e-08,1.2506407505689021,4.527930502774252,9.0,44.20648477490694,-42.772915311813435,-44.7689161048984,1.996000793084967,0.9485928599293124,0.001600448791566067,0.08682456554929607,0.06485564360800888,0.010738854328115277,7.474276711235052,1.8465662356160693,295.1725606620031,0.4828658928095919,2.8674687517054496,0.04147761275978436,0.11893575848402088,1.890192651266984,0.6559981987794621,2.302584088582156,0.0008001616828240188,0.13845246177221737,0.13752003415429623,0.14642741578044316,0.1352352008777034,1394.41015625,5.870734459572842,0.006946843783338183,0.023147610213566486,0.26139149263457806,0.6260811924740088,0.3333263874221119,5.389372548152224,6.915829210940783,70752.81828229535,0.9964050022900819,0.7404537497548994,1.2123057399609796,314.2275240034914,0.37488407404713414,39396.81818181818,-3.111988781146272e-20,5.2973650923999505e-05,0.09048691637442328,4.032933860540855,44.240599053786205,-32.99651324814313,0.6502527189985159,0.022396200023997913,0.9871934160786078,0.06497284716834756,670.0,4.500093135834818,0.023855702094647015,0.024296296296296295,0.9819610125109107
FF_04.08.2024_20240904_213700.WAV,0.0003009096748015993,1.670646572130669e-08,1.2248506759329805,4.332153110099821,9.0,44.376198157061786,-42.60320192965858,-44.59772581585602,1.9945238861974417,0.9457899323021471,0.0013325317149018856,0.06608782537953883,0.048603150543014784,0.010007410986565768,4.7207404340635994,1.293436238102598,294.87826850401916,0.5433856702175267,3.3800640267964894,0.03910588992174895,0.13218041176036702,2.054915933215945,0.6809331864951405,2.3025842764537465,0.0007220638317640748,0.13580965312126209,0.13787997404433458,0.1468298532462836,0.13532403955726893,1395.326171875,5.8152861610125415,0.006914452708272719,0.023163475498114976,0.259366854085839,0.6287338619330918,0.3333261310015203,5.371246716393554,6.898302272170019,69823.94962925023,0.9963225268458241,0.7254799002192782,1.2114974875029865,296.7704393366308,0.38069931383958877,39048.145454545454,-4.710037074167331e-19,5.507395219519304e-05,0.09829319037723067,3.341759459788162,44.40946243268569,-32.79755484521373,0.6458726163019008,0.022915126430627073,0.9899045889808937,0.07660977501939488,790.0,4.234304048604504,0.03772304111714507,0.025300813008130082,1.4911259819610125
FF_04.08.2024_20240904_213800.WAV,0.0003141747233179976,2.0551813617800597e-08,1.3534135123692055,5.186725749204398,13.0,44.83695926954445,-42.142440817175924,-44.32424735579709,2.181806538621167,0.9393505240874163,0.0023439558104135783,0.442262671984605,0.40005380173526195,0.009430555816062114,5.490217248029216,1.393076889709551,295.4200207522531,0.5770625071031144,3.7288311714837974,0.04265196172262434,0.1590419643962554,2.262058916603265,0.7688428740797928,2.3019992225757857,0.01901514412588643,0.1383958878867229,0.13882081692357376,0.151091702265161,0.13643101875424302,1406.740234375,6.267885394853105,0.008208769760450004,0.023515991436038476,0.30092522429679924,0.6266453901824252,0.33332406957234023,5.245394074165424,6.857970584675686,68016.88124444749,0.99600346846661,0.7069915381773847,1.2170683569281842,377.5094559208612,0.494484803850257,38469.21818181818,7.224860440553103e-20,6.137618929526537e-05,0.10878012670763229,15.75682979495284,44.87999920599324,-32.513305182649226,0.946930133537883,0.023677439787893585,0.974661414427046,0.09678044996121024,998.0,5.015054652421394,0.054984484096198605,0.028,1.9639220250218214
FF_04.08.2024_20240904_213900.WAV,0.0003197219997903074,2.4096015101608578e-08,1.4832782062128052,6.075628108764604,11.0,45.08675802711903,-41.89264205960134,-44.05578387295205,2.1631418133507054,0.9320190686001261,0.003528171033087446,0.5074145492572344,0.3230832155368907,0.0178102946373061,42.24410182559211,4.958467614921479,294.87997342929657,0.6263496728028588,4.352598015911228,0.03963379190220313,0.17250996399656787,2.366423182235509,0.7905328917225828,2.302582120248581,0.0013678198850859858,0.13716742637312904,0.1406065187113752,0.1526071874968843,0.13708584885074193,1413.4921875,6.07163353557365,0.008812645475705556,0.02333420485969183,0.3253984867543647,0.6270274921842632,0.33332100543266147,5.102516614212901,6.812038392641368,66035.15539047991,0.9956141809603076,0.683108404743411,1.2172191224041513,440.791387838231,0.5546450695858791,37827.472727272725,6.389039129400641e-20,6.482638044819293e-05,0.1175079505475302,3.7316072278757817,45.11751773642692,-32.1728999808123,0.8979491678514222,0.024623795798330596,0.9853779245204406,0.11258727695888285,1161.0,4.531400803218833,0.06923972071373158,0.028207407407407407,2.454902531277277
FF_04.08.2024_20240904_214000.WAV,0.0003176973777992046,2.4229928812196755e-08,1.6524102833449077,7.200156107505136,12.0,45.04680911729867,-41.9325909694217,-44.10153195871513,2.168940989293425,0.9299370930363712,0.0015694668061599915,0.06270620123415616,0.04935236310794289,0.013044432156989139,10.25249844515244,2.135371336653518,294.80997487961054,0.6163044380882274,4.2124658154369845,0.040536108355740515,0.17075697073940643,2.279059424222561,0.7883882800135278,2.3018082898773553,0.02195846259021241,0.13518734038082308,0.1400056190616167,0.15313923883122732,0.137056109676559,1413.185546875,5.985492706850901,0.008740097044418582,0.023503087323634965,0.32110056983511154,0.6298668710397006,0.3333185813844087,5.012761532377798,6.7989365043557655,65801.43119152573,0.9953889390153904,0.6832992399353187,1.2154613279044932,352.41489671224906,0.521382655659005,37954.181818181816,2.573698829812863e-20,6.423140774008422e-05,0.1181173742318947,4.129102043833488,45.07747440417508,-32.248455045443514,0.9650116118103469,0.024410532182635683,0.982935177409336,0.11578743211792086,1194.0,4.735158595065362,0.07437936384794415,0.03007843137254902,2.4730869944719234
FF_04.08.2024_20240904_214100.WAV,0.0003175700628324586,2.2714257007161988e-08,1.4021631456935355,5.595679761045005,11.0,44.991054495338574,-41.9883455913818,-44.16233061095145,2.173985019569649,0.935001424660355,0.0015532553274816285,0.0567404861844647,0.041850950075976945,0.014665912047267193,15.427751794467573,2.858505633375917,295.33307208003976,0.6081719626733171,4.104279963336362,0.039380203518672975,0.16162738025379758,2.2851510159873674,0.8022251332623289,2.302522346928608,0.006248416475735752,0.1384686257395015,0.13980265295695618,0.15235611727607845,0.13687919000339444,1411.361328125,6.052144074049863,0.008468277203956938,0.02345978777001787,0.3106221773460233,0.6267131480032058,0.3333224237720472,5.16362934117199,6.830733771539377,66764.2267322949,0.9957936950486324,0.687894037630321,1.2170436561480507,339.32208321210356,0.5135595480554748,38113.52727272727,-4.691323087578005e-19,6.335492898462703e-05,0.12620721167400656,13.483066227175854,45.01780408446812,-32.30712161335535,0.9966346969070123,0.0242462158203125,0.9676823250436404,0.10192009309542281,1051.0,5.160713242677368,0.06419705197827773,0.02870460704607046,2.236688972941519
FF_04.08.2024_20240904_214200.WAV,0.00031928979436201383,2.416579053165694e-08,1.4772325838870544,6.1108422431481335,10.0,45.07965567756979,-41.89974440915059,-44.04633028912962,2.1465858799790283,0.9317558753499218,0.0015394367287817623,0.06912714028327271,0.05798337999313874,0.010206258768828969,11.065225468324977,2.282184127064706,294.5190494747794,0.6151754695992995,4.19717388576422,0.0390059954724892,0.16371494558536906,2.2091340229434664,0.7911447646672851,2.3025794836213906,0.0018844553886761873,0.13628649015614394,0.13803094883154512,0.15274767805365289,0.13625769808941907,1404.953125,5.952464611277039,0.008601629934051013,0.02355008114942673,0.3078516193319593,0.6263105968730437,0.3333207512495583,5.092312194922462,6.81039045105895,65937.61244429923,0.9956023271481628,0.6755440007442932,1.21450909298408,342.59528658714,0.549341267820774,37965.32727272727,-3.8353159032505407e-19,6.479437741956391e-05,0.1083694458841177,4.159049342621879,45.11537321277981,-32.1836877415302,0.8893294727511254,0.0245932323513609,0.9829978985375666,0.10686578743211791,1102.0,4.704463985327401,0.07137315748642359,0.02973737373737374,2.4003491416933374
FF_04.08.2024_20240904_214300.WAV,0.00030394549913838337,1.865259510609773e-08,1.4763342497267742,5.852357353654506,10.0,44.526716718314816,-42.45268336840556,-44.520153978785416,2.067470610379857,0.9401930223523715,0.0019587646317439367,0.12032510798747598,0.07953225881480863,0.011588902418880775,13.201100692733805,2.5184249729027597,295.0888019530086,0.5480290369073751,3.425063031295064,0.041917373354153936,0.14356964584430543,2.063034278716318,0.70264847443897,2.302581829992918,0.0014359653402335581,0.1400122846151359,0.13921775063564384,0.14594159037123042,0.13543409344389487,1396.4609375,5.879776224824108,0.007162405440791388,0.02312413220808786,0.26330957125969934,0.6261044353951647,0.33332344868670294,5.212957780688585,6.863206900734825,68561.78721453268,0.9959651738482541,0.7206036173814205,1.2127703561101773,290.22403258655805,0.4074835127533702,38590.56363636364,-2.5408967859034834e-19,5.745731157203615e-05,0.09378492487713246,3.426776022583782,44.593453014898216,-32.68275687848885,0.6777442899206676,0.023219996828021425,0.9892097641473979,0.0801978277734678,827.0,4.3654416480314175,0.04916602017067494,0.031441860465116274,1.5638638347395986
FF_04.08.2024_20240904_214400.WAV,0.0003103553118942256,2.4092651193668833e-08,2.5987640577724376,16.399249105699663,11.0,44.878836017072246,-42.10056406964813,-44.41397283197452,2.3134087623263895,0.9221868553133815,0.0016166039390673737,0.6540255426078623,0.6137279584421159,0.012168245794640264,6.559153160025813,1.8513630758998283,295.57705769463945,0.25328964972367823,1.6784147283613997,0.08639660312185046,0.1450093311601083,2.186423010884965,0.7555734030024115,2.2921881443535135,0.08052538197480441,0.14914492613066951,0.13896979204472854,0.14487839409323314,0.1351726917854718,1393.765625,6.08175208301787,0.007127930729318204,0.023069504714140272,0.2625991717689137,0.62700039532826,0.33329261903816904,4.505159502988198,6.749866714216207,65432.49355714677,0.9939729351413704,0.7631034942232916,1.2129297337697071,290.22403258655805,0.38138123120938805,37104.69090909091,1.459901223479633e-19,6.496460395444159e-05,0.2175231220090574,17.022650231566487,45.12676795191821,-32.41048228868846,0.7597829965881253,0.023959397102124764,0.9793666646020269,0.07515515903801397,775.0,4.842237626578258,0.03316524437548487,0.027223880597014926,1.218359034041315
FF_04.08.2024_20240904_214500.WAV,0.0003082393964374185,1.92360906553791e-08,1.4043624888343778,5.398361432590753,12.0,44.65057116732238,-42.32882891939799,-44.45719463659299,2.1283657171949955,0.940437644003895,0.010258243263507105,0.7049873345887159,0.5644069412264057,0.012579705701726729,7.854878823948817,2.0614470043468107,295.5503339207811,0.5970748393643873,3.963700943482925,0.03966601708556476,0.15722422934626287,2.259010667704322,0.7245066272103331,2.3025639291836013,0.0036818372023544655,0.13740988588239098,0.1401225995258792,0.14675552920979953,0.13574303989671224,1399.646484375,6.205110354767517,0.0072173376733585485,0.023354576862072596,0.27009388639670223,0.6273687743408106,0.3333240421711291,5.243917310788658,6.864760688742606,68487.81558080173,0.9960200911935558,0.7210535407025596,1.2160225122864239,298.95257491998836,0.46421524949083504,38487.763636363634,-4.730643486366812e-19,5.8630396358331524e-05,0.10087573004118039,3.5787961485753503,44.681228301502486,-32.61174305389511,0.7860245769203011,0.02341061631982977,0.9865135422680387,0.08271916214119472,853.0,4.778814405358969,0.05052366175329713,0.027511551155115513,1.836630782659296
FF_04.08.2024_20240904_214600.WAV,0.0003112264394707886,2.2641439356187467e-08,1.7086230466262735,7.360198045474876,11.0,44.84589998599706,-42.13350010072331,-44.347922736394565,2.214422635671255,0.9310191671066301,0.002079242600358411,0.15091788168084663,0.1470698916509804,0.01480670491813274,10.594668359889068,2.4922280119552713,295.310201835674,0.5973670392080813,3.9673032134932518,0.04017914080247213,0.15940283442104553,2.1553586700483267,0.7740175640341277,2.302466560365531,0.008564338733902055,0.13618142436879707,0.13746504333776258,0.14997593532721157,0.13598284750509165,1402.119140625,6.018696409948686,0.008076742980797207,0.023443193960390827,0.29524202837051405,0.6252599603162768,0.3333188497739597,5.0219420497247915,6.8056990445839185,66296.00687565228,0.9954130873812203,0.6943967382925366,1.2155671791840015,388.42013383764913,0.5317818955484434,38193.94545454545,-1.1068587124293227e-19,6.124719423960973e-05,0.130222892124378,11.288506637426117,44.87086198274689,-32.46848027989359,1.0471808987414484,0.023799946784973144,0.9689734950789256,0.09571373157486424,987.0,5.5903206376514305,0.0643910007757952,0.03219393939393939,2.0002909514111145
FF_04.08.2024_20240904_214700.WAV,0.00030443819045343127,1.8741497359374446e-08,1.5144085769852949,6.025334993861004,10.0,44.54189140242154,-42.437508684298834,-44.5276198082107,2.0901111239118677,0.9398949589563708,0.0017264625714012993,0.07236969605852828,0.05604074275948612,0.018015211759329186,12.999600582199859,2.851753169786979,295.0820285249927,0.5670853630310414,3.6198484163135523,0.03951836042540287,0.14305047440120272,2.1229802982539976,0.7046072296021735,2.302573176484152,0.002748761990883608,0.13666634338732098,0.13868184013269783,0.1474253519288447,0.1356174534477742,1398.3515625,5.920563929267186,0.007327580981476094,0.02301116270899174,0.2708042858874879,0.6265262268645096,0.3333231956898974,5.200321350453853,6.861331723699687,68557.04669036705,0.9959339078737608,0.7177434161645003,1.213859479420559,346.9595577538551,0.47828926631752494,38665.43636363636,-3.5745817080734206e-19,5.725889563415199e-05,0.10552407966252907,4.0561821464641,44.57842967426078,-32.715614729558396,0.7383933956979476,0.02313232421875,0.9861790526765636,0.07816136539953453,806.0,4.613403111005315,0.0395655546935609,0.0268641975308642,1.4729415187663661
FF_04.08.2024_20240904_214800.WAV,0.0003036296002282036,1.6598486661134875e-08,1.1086054287147875,3.6507888706813176,11.0,44.43796634188679,-42.54143374483358,-44.53100688279981,1.9895731379662251,0.9474436121449171,0.0013337175875318685,0.28419964645348583,0.2687352373172649,0.018092710865431405,21.96260622555688,3.6016123230445314,295.4624384624301,0.5488058255106225,3.4326813444863884,0.03964619470268716,0.1360927529357893,2.2432042423814202,0.6970797361372184,2.302580091935094,0.0017851906598753686,0.13623799825429153,0.14042554893332815,0.1456026002536081,0.13560078435651246,1398.1796875,5.8785077045513585,0.006844177334885074,0.023102600444557968,0.26458829034311343,0.6277735898399565,0.33332700791910824,5.436161373344435,6.908678803943899,70138.1432828433,0.9964423227856184,0.7285716292344634,1.2132833994183172,334.95781204538844,0.37778222286878094,38939.07272727272,-2.3087592443909506e-19,5.591346370057769e-05,0.08249142566644178,3.3235612330294138,44.47516396559408,-32.660145137413046,0.47396937630882974,0.023280523566043737,0.9916633014880355,0.04877812257564003,503.0,4.001580296548921,0.010861132660977501,0.017568627450980392,0.6182717486179808
FF_04.08.2024_20240904_214900.WAV,0.0002968247223744402,2.832020430661416e-08,6.371620434824101,69.61930982156645,8.0,44.73256664327471,-42.24683344344567,-45.01082777963173,2.763994336186066,0.8815539059378995,0.0017708902051567499,0.6310069834454772,0.5783235578453018,0.016938876137888248,8.090155728023964,2.0747352871910216,296.2289738549929,-0.17481825238083654,0.7023909834111662,0.14895332541806247,0.10462347272275636,1.6852965067763508,0.6695513171676681,2.19506364937389,0.2569169267813109,0.15057543723531502,0.13855986050329597,0.14332121488982366,0.13523235955532925,1394.380859375,6.3136985155371335,0.00712906725826787,0.02357709526896556,0.2650145300375849,0.628261170897071,0.3329284254120465,3.3566192914429562,6.490962199076678,61990.52783594003,0.9835095079021368,0.8442184102052572,1.2156275128134109,406.9682862961885,0.5249058954029677,38883.12727272727,-1.5965764064353814e-19,6.0545609927791437e-05,0.15089172033697887,30.73927094414145,44.82082658573118,-33.11557458197142,0.7332073555998306,0.022091299871964887,0.9792439781278639,0.05333591931730023,550.0,5.615129831174891,0.018231186966640806,0.02331782945736434,0.7819319173697993
FF_04.08.2024_20240904_215000.WAV,0.00028939107839898555,1.754717200863024e-08,3.7058359849796108,31.831068925889458,8.0,44.12795269902702,-42.851447387693355,-45.102018616514066,2.2505712288207107,0.9287667206353734,0.001600639637225565,0.15881701444736906,0.1538679146038816,0.013892547334585448,7.947120331616476,2.175380183011402,295.60519596098646,0.11468297169685784,1.2590777496207588,0.07808889199115997,0.09831998639860819,1.5943417477981208,0.6384760902053288,2.2187973636155838,0.2266972542758447,0.1385171176413539,0.13612026791525816,0.1432885848250258,0.1344773254897682,1386.595703125,6.0431551346095835,0.006484276500824363,0.023093316021731015,0.24455502470295828,0.6276013457487503,0.33326378440546117,4.237433883127519,6.790527781767418,68563.97128805632,0.9932302713743357,0.8090297220095739,1.2124626296564212,345.86848996217634,0.39587197531762197,40105.50909090909,2.6935524517894425e-19,5.384284926952367e-05,0.2662606267896748,26.364434630417808,44.31128033929329,-33.356189956730404,0.6592231637250379,0.021487728211373992,0.9844679288373234,0.057796741660201705,596.0,4.98557237011944,0.026667959658650115,0.022916666666666665,1.1638056444573757
FF_04.08.2024_20240904_215100.WAV,0.00028865064012359497,1.2819734013144399e-08,1.220585553760554,4.069753659136684,9.0,43.90109236076185,-43.078307725958524,-45.02561536332542,1.9473076373668974,0.9536124019305796,0.0016073979679022132,0.09884595020426157,0.0679085277997894,0.013031814159386701,7.539795201804615,1.9748595186913729,295.6098689977099,0.4371551553675072,2.5533771323887526,0.038862603548265845,0.099230883205232,1.5805135953771035,0.6173610546482635,2.302583202890643,0.001093462347364671,0.13728865612776,0.13534639715167565,0.1456325111463395,0.13489954599456888,1390.94921875,5.836177488062706,0.006721621629812821,0.022976332563316833,0.25290221871968965,0.6286793849349586,0.33332750614160916,5.477181539477301,6.947243941359279,72337.44021209059,0.9966062709080319,0.7543153603545382,1.209923170416543,322.95606633692177,0.3982208018135971,40262.34545454545,-1.1304088978001595e-19,4.9388886054700106e-05,0.07911136979604172,3.2216916549758707,43.936292309448525,-33.26092886453533,0.5252724723591413,0.02172468843749075,0.9914997190016818,0.05682699767261443,586.0,4.222900257846672,0.023758727695888285,0.02252873563218391,1.0546988652894966
FF_04.08.2024_20240904_215200.WAV,0.0002813263970219957,1.0850573426051773e-08,1.3132225600123835,4.600486006133293,8.0,43.61428906329971,-43.36511102342066,-45.24752087371744,1.8824098502967814,0.9577991693264314,0.0017171539507047084,0.11690607386693219,0.08119223739646053,0.012846488114249155,8.951716671801,2.3039352076423985,295.8244382110378,0.3918813476949619,2.28883186269508,0.03931405199462115,0.08998325485693995,1.496977388210738,0.5809950428791464,2.3025847708552383,0.00044117065757127706,0.13905861054537227,0.1362892396969706,0.13947993115056329,0.13366811687760644,1378.251953125,5.801795801038625,0.0059497290514984,0.02298625674353058,0.22338511987754606,0.6256447303876157,0.33332772393365045,5.4962272819464175,6.973416592450274,73791.08340525154,0.9967145274410979,0.7767513691866128,1.2098726738844086,271.6758801280186,0.4104574301716613,40834.90909090909,8.034398062675612e-20,4.626570811755388e-05,0.07001577852927177,3.1246930924430623,43.65259213627502,-33.521097099196304,0.4602484552184407,0.02108361829699892,0.9931206039352494,0.043056633048875095,444.0,4.086728709158589,0.012121799844840962,0.02150537634408602,0.5637183590340413
FF_04.08.2024_20240904_215300.WAV,0.00028418138998723857,1.153488939467852e-08,1.2212176233939482,4.1988406273134045,9.0,43.72383211500302,-43.255567971717355,-45.20522657677588,1.9496586050585236,0.9565767218780854,0.0024288700274489594,0.12197651692194189,0.08872613176443778,0.010574427065274894,8.008617398468655,2.0023356957342786,295.45745139874117,0.4299384235931248,2.5083929224033894,0.03950134788876524,0.0990849014695728,1.6229144390370414,0.5914788275951189,2.3025840935309576,0.0007924976084927593,0.1371512624058449,0.1369841236513502,0.142489148237478,0.1342742656507613,1384.501953125,5.91511248598052,0.006880356839782756,0.023109053285362828,0.24959886108753637,0.6269514650103342,0.33332778345241276,5.501560898758848,6.965784138956768,73268.90488502494,0.9967016081629311,0.7715618214798929,1.211184537470815,328.4114052953157,0.4806191506643391,40620.94545454545,4.544134429010276e-19,4.743137880926931e-05,0.06622285595712019,3.2744319472454233,43.7606574958448,-33.50871775495705,0.5860821207127813,0.021113688613429216,0.9909655258904961,0.063033359193173,650.0,4.394203564308209,0.03306826997672615,0.028416666666666666,1.1638056444573757
FF_04.08.2024_20240904_215400.WAV,0.0002823314188736011,1.153610914420911e-08,1.3659544541036348,4.9361438341794885,6.0,43.67429227025866,-43.305107816461714,-45.29033327079871,1.985225454336998,0.9555270882423174,0.0031953793011189058,0.6988502007726982,0.6575566811272995,0.013582662137699875,10.414187711178236,2.477546456439583,295.94788041489153,0.37625795812849,2.206453735263844,0.042882559358484,0.09461838327420052,1.3744467835065746,0.5871481674078174,2.302445700410291,0.009118579241987312,0.139026282610804,0.13458652405048357,0.14405811051984224,0.13410302862234508,1382.736328125,6.002958601231567,0.006583722783920085,0.023207038922645917,0.23858766898035888,0.6252986339263913,0.3333271546808331,5.447899031820211,6.959192044519373,73153.73978660985,0.9966139642229465,0.7801250089770335,1.213485309169612,350.23276112889147,0.49793227499757536,40733.87272727273,1.3915636320017586e-19,4.691094053450733e-05,0.07021733195146532,3.3649105312074417,43.71274140362459,-33.558978753625325,0.5938614054066136,0.020991866816896382,0.9903287102486226,0.06089992242048099,628.0,4.513037319994758,0.03190457719162141,0.026994871794871794,1.181990107652022
FF_04.08.2024_20240904_215500.WAV,0.0002825984863865409,1.1409727379982027e-08,1.2681225618154084,4.232139919095436,7.0,43.67545785200409,-43.30394223471629,-45.26352723913206,1.9595850044157714,0.9563500187377703,0.0029834442311410525,0.15471449622220812,0.10698810008753068,0.01366916890278913,8.822652345876172,2.300017832756242,295.8873156351606,0.41370547800314705,2.411254795948333,0.0388300463247542,0.09362913542745951,1.3561023304418358,0.5880800992293046,2.3025848609737327,0.0003864759519110805,0.13629457213978602,0.1348654774652633,0.14446236076706032,0.13426384746872272,1384.39453125,5.937862419605561,0.0070586024633886146,0.023029204278936732,0.2559569365300679,0.6269593789009387,0.3333277533114218,5.498852783052365,6.964361638597587,73288.80565968707,0.9966851327250866,0.7715358037859773,1.2121458978817583,384.05586267093395,0.5302854657647172,40808.29090909091,-2.7015426932545476e-19,4.6893974726765725e-05,0.07431957018069271,3.2470081542042513,43.711170450387655,-33.558573046282014,0.5937426045949081,0.0209928473443696,0.9909590899395128,0.06448797517455392,665.0,4.342696889681869,0.03588052754072925,0.0249789029535865,1.4365725923770731
FF_04.08.2024_20240904_215600.WAV,0.0002839298445611962,1.3450189831632903e-08,2.0731407133248485,11.073624877819908,7.0,43.806442460076546,-43.17295762664383,-45.27184261856762,2.0988849919237893,0.9469774639159306,0.0034391970817538864,0.18285039870739372,0.12058347960852744,0.014625681369028198,10.54202612413392,2.5936836768833946,295.7369779069328,0.26637894980949556,1.726203125551872,0.05190774519571537,0.08960331199719404,1.1944185654551385,0.5901796574976119,2.3019435948267923,0.01943264094240451,0.13841205185400707,0.13350870404642423,0.1461237748996852,0.134713534089807,1389.03125,6.0196080723175065,0.007226429904955873,0.023408382721666975,0.2574132554861785,0.6279469591761822,0.3333192388419488,5.035557115097971,6.905485227962715,71498.35040786014,0.9958790235171756,0.7863435305110081,1.2135726278706553,363.32557462903696,0.5079147876054699,40783.34545454545,-6.61718155018062e-20,4.832015951089505e-05,0.0831631417026511,3.8669332594631376,43.8412835927589,-33.571219634491015,0.693863781625609,0.020962304161534166,0.9887275314289307,0.07418541505042668,765.0,4.559099180386808,0.04160201706749418,0.026298850574712644,1.582048297934245
FF_04.08.2024_20240904_215700.WAV,0.0002914176599415649,1.4758000154672156e-08,1.7045955789559155,7.494198199447683,8.0,44.058278135260814,-42.921121951459554,-45.16293262992798,2.2418106784684255,0.9464150175127799,0.004704061372862056,0.3716394221509627,0.3101753747183992,0.01700446633245556,9.047150316908494,2.207973827547242,296.0109428054826,0.29724509429303797,1.845942424248219,0.05530227823761667,0.10208482155639564,1.3890697028231247,0.6349576927252624,2.300435868918778,0.03548216501333386,0.14232373193676656,0.13734206387533282,0.1489616841464111,0.1360218683323635,1402.521484375,6.338793797825081,0.008780822665114927,0.02391232514223482,0.3056849008850631,0.6261391637914092,0.3333230478698604,5.193083342103676,6.902081546839895,70848.65218407709,0.9960852303273562,0.7789526621383607,1.2195958746151805,427.69857433808556,0.6447528731451847,40267.90909090909,8.285670129801949e-20,5.1052015462288674e-05,0.09855198907003786,4.243392970160071,44.08012892101134,-33.39614447474163,0.886222324988708,0.021389113067858147,0.9848696948462619,0.0973622963537626,1004.0,4.87172336552017,0.061675717610550816,0.030017699115044247,2.054844340995054
FF_04.08.2024_20240904_215800.WAV,0.0002923863369881503,1.928982472613929e-08,3.754914606599074,30.72662098214821,9.0,44.27486684206105,-42.70453324465932,-45.166392971361844,2.461859726702521,0.9234972117770165,0.002819033362361001,0.27268124666003957,0.26755059687954097,0.014310820042167438,12.453373811130376,2.775475500406943,296.0502750511576,0.005700179798596467,1.011465716241288,0.0940133776906381,0.09509130840212399,1.307947699127085,0.6551261576799734,2.2400424722972994,0.18890987642802112,0.1432854879901723,0.1347005050156624,0.14661231948096443,0.1349251178959364,1391.212890625,6.379879932774299,0.007765334048588885,0.02348042728878198,0.27648748181377303,0.6285719657731129,0.3332614869953317,4.221184312670206,6.757448943600002,67454.4910445774,0.9928205751792711,0.8197180201210376,1.2182381254292023,357.870235670643,0.5662755491707885,40286.0,-2.4071653761190895e-19,5.351586598776195e-05,0.06288897694112042,15.446832112207202,44.28482557524222,-33.42098314630192,0.9479768556807002,0.021328034898006554,0.9774676834707251,0.08814972847168348,909.0,5.371962872987451,0.056148176881303344,0.02757142857142857,2.0366598778004072
FF_04.08.2024_20240904_215900.WAV,0.00028642200444407016,1.270685459882383e-08,1.5045088905696546,6.13620680618949,9.0,43.837636076060576,-43.14176401065979,-45.198731942764795,2.056967932105003,0.9523196488654039,0.0033376859463292163,0.2626412087973794,0.26393070103043526,0.013719898743909331,8.377879022109056,2.111002607258434,295.7983052800713,0.3537702872487995,2.0948747179781924,0.04638155199878577,0.0971635406628472,1.4359294769973658,0.6073011307365013,2.3025459765234255,0.004881783827631913,0.14141854976885526,0.1367731588824666,0.14341185395870668,0.13473361276791773,1389.23828125,6.10721604453701,0.0073703902385801575,0.023436219215640867,0.26092973296556743,0.6251913383476279,0.3333256442605407,5.33854903308813,6.939086967171486,72327.96163667455,0.9964234317751745,0.7759222610343894,1.2145700885954611,298.95257491998836,0.5464431189991271,40563.32727272727,-2.0193232607931233e-19,4.866788481089633e-05,0.08862568606588737,4.216860338973435,43.87242471476341,-33.44600122991639,0.6856500657548708,0.021266691861008154,0.9866958898506307,0.07525213343677269,776.0,4.598223267602368,0.04693560899922421,0.027460992907801417,1.7093395402967706
FF_04.08.2024_20240904_220000.WAV,0.00028711477393891544,1.2488716224488314e-08,1.2841409691073487,4.373434794015105,10.0,43.84584214324523,-43.13355794347515,-45.16006030175585,2.026502358280702,0.9539789906202593,0.0032414272428187285,0.12291322825636963,0.09255401520703765,0.013276541119966234,11.415206149192294,2.552227124176345,295.6405351795817,0.42526961170758626,2.4798925561291734,0.04138782468861564,0.10263735835967715,1.5011204649859216,0.6091797060517348,2.302574901992296,0.0025576883520123774,0.14071541719199562,0.1377949882369644,0.14441522845124116,0.13487946731645814,1390.7421875,6.0368415843864165,0.007595801813597128,0.023302350937293183,0.26824684772065954,0.6301384334603184,0.3333273284170947,5.462159881235936,6.949525216859716,72559.73627008317,0.9965952031527383,0.7674538644427249,1.214838399302289,333.8667442537096,0.5593237804286684,40577.90909090909,2.4808648401590736e-19,4.8737976602231536e-05,0.08229692961449675,3.4781133795168198,43.87867495125146,-33.43374414799597,0.7000926709195596,0.0212967235102798,0.9886889878104814,0.07651280062063615,789.0,4.548990251714089,0.04800232738557021,0.029333333333333333,1.6366016875181846
FF_04.08.2024_20240904_220100.WAV,0.00029408817354903297,5.118842014079768e-08,9.000498714136178,102.76554792055325,7.0,45.460690734842856,-41.51870935187751,-45.355004138621794,3.8362947867442827,0.7808623968791087,0.002233148164899057,0.31315944247962313,0.3164489814941367,0.011839198028905873,10.408341535081508,2.4922054064414616,295.96774989809995,-0.5458937069341285,0.29375001077303775,0.2885386208586364,0.0847582229856619,1.1980605390514996,0.8730834984174591,0.7416778123717218,0.8292162297512384,0.1398344809750105,0.1336896738244713,0.14145676924290093,0.13381131952526426,1379.728515625,7.352424292584715,0.006249962115701679,0.023421976126118828,0.2233851198775461,0.6295030447122172,0.3316033697079748,2.630521303914861,5.848443766442408,50530.09478203313,0.9561899022142955,0.8507179459807922,1.21426392470716,267.3116089613035,0.41651891790321016,40892.87272727273,2.968164434774377e-19,6.70241671007453e-05,-3.5035684257403785,437.8464468074081,45.26231425776174,-33.66969939844275,1.2127634354847885,0.020725977868744822,0.9307697174899693,0.06060899922420481,625.0,7.5606172100334454,0.031031807602792862,0.027526881720430108,1.1274367180680827
FF_04.08.2024_20240904_220200.WAV,0.00027722839511591484,1.045217832467699e-08,1.4109095130019205,4.886923538218562,8.0,43.482628224723115,-43.496771861997246,-45.41958401568131,1.9228121536840632,0.9577203325761781,0.0017683530639277523,0.12782541877218623,0.116821880106317,0.010704944182388765,10.736915012375485,2.3949880809036608,296.1693018751797,0.3185852438766486,1.93506998788555,0.03877253108551191,0.07502756125793364,1.1054939669176405,0.5776065679951974,2.302561273132563,0.00377426002768253,0.13529240616816993,0.1318439820549968,0.13979354232889835,0.1331761892638929,1373.1796875,5.939888958274903,0.005734546237028416,0.02304156731683859,0.20974544965446168,0.6275958036207401,0.33332756184809204,5.481984407200999,6.9729111764257565,73924.18403061722,0.9966874768923197,0.775012235227907,1.2124345455930112,280.4044224614489,0.3900756776743284,41512.38181818181,2.3196932590274106e-19,4.476962878212629e-05,0.07475960490727913,5.90594233926099,43.50983493343854,-33.78949075697738,0.6884061447472334,0.020442097819935192,0.983351784574968,0.05934833204034135,612.0,5.225077869893182,0.03461986035686579,0.0272,1.2729124236252547
FF_04.08.2024_20240904_220300.WAV,0.00027682896355879635,1.0399676737533782e-08,1.399264930257065,4.939204539855835,6.0,43.46898672888525,-43.51041335783512,-45.389667019379694,1.879253661544574,0.9578617406128509,0.0017426500775197251,0.1333101065256238,0.09948252363658416,0.01041015346039409,11.268863623226252,2.5129969984096965,295.7667779061833,0.3208130571664451,1.944697363668445,0.03932796579114985,0.07648099139249191,1.0848419178727455,0.5618449584023233,2.3025849817874975,0.00026717959333701915,0.1375715255552323,0.13188797470822372,0.14081685741658714,0.13347983191494522,1376.310546875,5.850689489955572,0.005898206405780235,0.023094725353456663,0.2179505637730359,0.6267286641817073,0.33332753562740297,5.479717979616162,6.973795802110385,73942.59396179067,0.9966924566919243,0.7783565293565571,1.211154025476619,292.40616816991565,0.3709062227233052,41379.145454545454,-1.4500185564043712e-19,4.470503821451419e-05,0.0670391915374808,3.198339667819821,43.50356470457684,-33.737506740739825,0.557026974577866,0.02056480818083792,0.9914378459532733,0.05963925523661753,615.0,4.344320791382534,0.03190457719162141,0.02618905472636816,1.218359034041315
FF_04.08.2024_20240904_220400.WAV,0.0002719529294924111,9.893863720464227e-09,1.5383142605702778,5.430982549790495,6.0,43.30724739749063,-43.67215268922975,-45.47811478262475,1.805962093395003,0.9578899928743463,0.0009128214947401458,0.11376256581085753,0.08773364067009515,0.007777397517312434,11.885290487750467,2.4230858326818736,296.28287183404893,0.2827321671730132,1.7883586973604362,0.03915423188540712,0.07002181113073513,0.9177346605064789,0.5471884535899383,2.3025837985262623,0.0008695366282344352,0.13708660653670837,0.12997029496074158,0.13580542329804757,0.13179057105275918,1358.892578125,5.694789505259411,0.004080328350790419,0.0228232615700019,0.15678516761639186,0.626583703567546,0.3333272874337076,5.458758987420243,6.973954232370311,74157.44292925725,0.9966570735522404,0.7848653258584288,1.2072529716897655,188.7547279604306,0.23211709581999806,41611.87272727273,1.8398582320966137e-20,4.3126463809387876e-05,0.0746393075724429,3.1398029196614816,43.34743849265113,-33.83793618220915,0.4066238263372526,0.020328399681322502,0.9934031453263923,0.03481380915438324,359.0,4.190795907800387,0.011830876648564779,0.02033333333333333,0.5819028222286878
FF_04.08.2024_20240904_220500.WAV,0.0002781274469733508,1.2071073818653113e-08,1.7728767400799958,6.597535181040712,7.0,43.58673534950085,-43.392664737219526,-45.42512426074328,2.0324595235237553,0.9507055197336944,0.0013581059033679344,0.39485514774306196,0.3590294647651342,0.009735477628022848,11.514110119282646,2.5538040708079115,296.5786863644373,0.1089700428584337,1.2445934437670554,0.06151451948584718,0.07656056764856617,1.0731165147789665,0.5852310986681691,2.2993342817643194,0.04149023941736498,0.1456535091972974,0.13157902630260743,0.135483654603513,0.13219479651585686,1363.060546875,6.086496611986871,0.004588356791290854,0.023158927229490048,0.16953683847599416,0.6281795036551824,0.3333252958642102,5.316392010672723,6.928954771630508,72360.08407771752,0.9962983090799484,0.8191696108229141,1.21238046131311,207.30288041897003,0.3108596098826496,41142.98181818182,-2.065056879705239e-19,4.593689873259053e-05,0.07510828584806842,5.084514703848627,43.6216167199122,-33.72476762529847,0.49963647726295335,0.020594991579922763,0.9890238754592201,0.03694724592707525,381.0,5.099227047899545,0.013964313421256789,0.02327272727272727,0.6000872854233343
FF_04.08.2024_20240904_220600.WAV,0.00028070865906551826,1.2654999425615126e-08,1.6424024083809505,5.881513631500955,5.0,43.6840484275071,-43.295351659213274,-45.37394714819869,2.078595488985414,0.9499478476638383,0.003645161500602012,0.25882435019812833,0.2369319019357684,0.012735067572460346,36.59985581076282,5.177163948321992,297.08150444568594,0.2307135104598069,1.5998116789954433,0.048661057157176876,0.07784852755231637,0.9733288157923317,0.6141375555907372,2.302530288461652,0.0054761750943395525,0.14362493130313905,0.13065718025089812,0.13897869709964045,0.13309113901415964,1372.302734375,6.10098101370712,0.004876466880031035,0.023610596476385283,0.1778129925436469,0.6242272264366562,0.3333256079844806,5.336195644301823,6.924239849489339,71948.6947773081,0.9963213588227798,0.7809720512259645,1.2144147832800152,182.20832121035787,0.2758734603821162,41392.12727272727,-1.914503908941676e-19,4.692106270789848e-05,0.10065163397265772,6.5067226046580195,43.71367839823492,-33.69542258348892,0.7796503731039408,0.02066468886751117,0.9786615707950944,0.05352986811481769,552.0,6.127620917268617,0.032292474786656325,0.03229090909090909,1.0001454757055572
FF_04.08.2024_20240904_220700.WAV,0.00028506568881675714,1.336385480142436e-08,1.4070548135477308,4.3395533315867505,7.0,43.83221836639245,-43.147181720327914,-45.24015422448052,2.0929725041526055,0.9498162756753247,0.002025595373232769,0.16438472957329453,0.13728021485683994,0.010485707430893165,20.461499231629954,3.397482443503079,296.6707123715785,0.32711416623392703,1.9722724118090065,0.04068982765953394,0.08025142453416183,1.1380561813036663,0.6234771234472785,2.3025756262678776,0.0024017757793952654,0.13894546277438333,0.1326188526516072,0.14126189524480254,0.13336466364804578,1375.123046875,6.1084822062638775,0.0063164490592571045,0.025043664840935204,0.2177019239512609,0.6249772005541391,0.333326799650803,5.419963772314133,6.9234739796981914,71566.82929372178,0.9964299932627039,0.7479577003797169,1.214625295492156,248.76345650276406,0.5069487379982542,41428.03636363636,-2.5463637932217134e-19,4.866603462698728e-05,0.10606742611021662,6.2847452012388425,43.87225960795031,-33.60976855402627,0.986943654620994,0.02086947732405229,0.9740045427539438,0.07408844065166796,764.0,6.138692317794739,0.04868114817688131,0.03937254901960784,1.2365434972359617
FF_04.08.2024_20240904_220800.WAV,0.00037027216928214857,1.0836072268064476e-07,5.825869764545811,48.149008523538235,18.0,47.97194595575094,-39.00745413096942,-45.32426342526473,6.316809294295311,0.7695548618180804,0.26113876797992197,0.7434978045600527,0.4723819325959647,0.014762862569621005,18.321429564497542,3.454283064756676,301.3705286496855,0.286775274196597,1.8041652618634683,0.3215683246017549,0.5801624005621219,1.320160667222316,2.7625458415379778,0.9479232678180539,0.7724226974773227,0.15992629230918434,0.13363268334188189,0.139374789830659,0.13409886134952964,1382.693359375,13.810485395301953,0.006118693022015322,0.023897638239815944,0.21478928603903977,0.6263501332891053,0.3324797559968163,2.9837310600665856,5.784411169281216,42717.84522509877,0.9682521760500363,0.6654933744735306,1.2494232127877958,236.76171079429736,0.4044906531859179,40111.90909090909,-4.4009408911750996e-20,0.00012416871500209951,0.9771443232373833,2659.480936137724,47.94012186714487,-33.571299828835045,3.5310103868594744,0.020962110623446377,0.702414943012172,0.07690069821567107,793.0,12.297077085185622,0.05129945694336695,0.030014184397163118,1.7093395402967706
FF_04.08.2024_20240904_220900.WAV,0.00028527135127612405,1.6306811909401384e-08,2.4375615343428145,11.95562982388192,9.0,43.970447671700995,-43.00895241501938,-45.309528108397586,2.3005756933782067,0.9355453283416084,0.003938327057806501,0.6981792882618139,0.6144075658904441,0.009196185530329859,6.805476551898963,1.7651391910047716,297.15831468861575,-0.05473879503314342,0.8962040738599677,0.09469242139007969,0.08486373381345416,1.1758068352967799,0.657060322978637,2.2519231016134,0.16616193310051433,0.15233730966928521,0.13300578803339844,0.13634110019514592,0.13296801504461256,1371.033203125,6.489363329508007,0.004606920097468723,0.02322848761203438,0.17461619483511154,0.6282173268186736,0.3333147254207168,4.896655684772545,6.833817218702405,69076.05503209555,0.995182298345014,0.8427340645603404,1.2152750763877365,171.29764329357,0.22063815342837748,40250.92727272727,-2.996340549414485e-19,5.107644422062126e-05,0.05221901403330183,20.519586466316095,44.082206554450416,-33.58424397236314,0.6641287142811478,0.020930895111777564,0.9801156375320965,0.04712955779674166,486.0,5.708229604781168,0.017843289371605897,0.02453333333333333,0.7273785277858598
FF_04.08.2024_20240904_221000.WAV,0.00033935404698796673,1.9474017800426478e-07,9.460465078527148,114.20971580011009,10.0,48.984334338677726,-37.99506574804265,-45.264731482465166,7.269665734422517,0.590634911876199,0.0725391231817496,0.6039140125418541,0.5314252239551445,0.008526322805248121,6.200124394152799,1.5904530332575817,296.6627179141957,-0.7657064221208505,0.13269112857262616,1.1402422336770024,0.15130002883277358,1.3362179022367116,1.3184808934867265,1.1512800741461662,0.7290984991071859,0.1495651892800569,0.13308077551048975,0.13618610738735604,0.13257875387935214,1367.01953125,11.653130632403801,0.005575242762583649,0.02774148645165963,0.1867285061530068,0.6295484897195412,0.32464971453460634,1.823852318114908,4.622922051721384,27278.311420785507,0.8866820382320336,0.5538633046395361,1.2272334599812642,199.66540587721852,0.2473276415963534,40260.74545454545,-2.994658393316568e-19,0.0001608013473120543,1.2238617792161883,411.16589791276726,49.06289683266533,-33.59338914875369,4.008378227090368,0.020908869043986002,0.7394384203448453,0.049456943366951125,510.0,14.906331835487938,0.02569821567106284,0.04156862745098039,0.6182717486179808
FF_04.08.2024_20240904_221100.WAV,0.00027671068506388463,1.1465842360548032e-08,2.104592880338381,11.180180858347375,7.0,43.518635898327304,-43.46076418839307,-45.293288296306855,1.832524107913784,0.9517090502477668,0.000995817937041732,0.10584018968339026,0.07632817640289358,0.008264043622345674,8.663876860897702,2.01262170773612,295.89748426437643,0.21285804535595979,1.5408377589331215,0.04991421560386711,0.07690970810996724,1.167907081413187,0.5691276738416493,2.3025825744014807,0.0012397450099763674,0.1407396631429218,0.13138405886217003,0.135020488961521,0.13194286593201437,1360.462890625,5.723345428562865,0.00439609397730579,0.0230770573123993,0.16658868058923376,0.6276735079010644,0.33332106374224074,5.104887168456892,6.935116801552195,72910.21775292832,0.9961059800192208,0.7992147166897648,1.2074962102900453,188.7547279604306,0.2504152119096111,40559.29090909091,3.7512080983546955e-19,4.574182094644043e-05,0.06789313124955751,3.0615722652838353,43.603134495416,-33.609630010858034,0.38378290368751067,0.02086981020262747,0.9939979635608049,0.0343289371605896,354.0,4.115749877930164,0.012994569433669513,0.02382222222222222,0.5455338958393948
FF_04.08.2024_20240904_221200.WAV,0.0002768652199584751,1.0705082695379092e-08,1.5034063786457985,5.605005526318591,6.0,43.485197748594054,-43.494202338126314,-45.32274481237521,1.8285424742488985,0.95641658405195,0.0010052955540466035,0.2490172838890884,0.24215602990701657,0.008914986628273613,9.40627847644183,2.2025445847631238,295.89954220573725,0.3146635349291911,1.9182746022325838,0.04072747393850703,0.0781264788693275,1.1789639097233264,0.5658626938938676,2.3025833221496046,0.001068991293469246,0.13856560954320626,0.1319089712018093,0.1377305971211219,0.13239577271845598,1365.1328125,5.733771238796265,0.0048429392760159055,0.023057921513581135,0.18296338885184285,0.6287769113502185,0.33332687589244625,5.425832588750665,6.964734420177238,73631.28834081009,0.9966010703738333,0.7794325065948291,1.2084150013435881,187.66366016875182,0.2625571295218699,41151.6,-4.059252933785729e-19,4.4947637979614736e-05,0.07345313253483517,3.1103697269489508,43.52706874281206,-33.64790792955146,0.4225119569661828,0.020778041221156264,0.9932701242869926,0.03762606671838634,388.0,4.261926945730724,0.01687354538401862,0.0232,0.7273785277858598
FF_04.08.2024_20240904_221300.WAV,0.00027477278192714484,1.086583064761913e-08,1.8712924516089258,8.288487830533239,4.0,43.43552334746336,-43.54387673925701,-45.33036866689777,1.7864919276407605,0.9539947619683021,0.0005628338056148374,0.06901346777800932,0.054641051145623565,0.008923462828653417,14.715196594469381,3.1541074316132063,296.1948371689044,0.22832844757025386,1.5917762469053598,0.045116351965443,0.07181513740561411,0.9720867354978506,0.5643512010732005,2.3025840490942135,0.0008050287734372219,0.13968900526945335,0.12882048697867457,0.1350050803198109,0.13130849335660943,1353.921875,5.623483060641522,0.003520019578605373,0.022663880080978843,0.1384923807286615,0.6263546739960126,0.3333244589463709,5.266864505489815,6.9495015599056735,73366.2324075117,0.9963540206582078,0.7932185382579718,1.2062443949610815,113.47105033459412,0.16426631752497334,41221.23636363636,1.8903229150341206e-20,4.443927237699864e-05,0.06164640154631438,3.421278897748881,43.477669394398156,-33.686201024105046,0.353347528888996,0.02068663962393096,0.992108703426539,0.02531031807602793,261.0,4.511833618011974,0.005915438324282389,0.021688888888888886,0.2727669479196974
FF_04.08.2024_20240904_221400.WAV,0.0002769683084635097,1.1769304930162897e-08,1.6502313642300717,5.724034425274164,5.0,43.54058759110879,-43.43881249561158,-45.4353355112768,1.9965230156652183,0.9518643254780434,0.0006047174219957485,0.1970484444585856,0.1959175336902491,0.008087669690567734,12.752742529372204,2.6250618045797873,296.50016734603236,0.26017530489925983,1.7033431206668017,0.041213684833107986,0.0702010465378042,0.9706605003613913,0.6516527173444663,2.3007358657833343,0.031296095509408775,0.13896162674166748,0.12927541100636192,0.13477848264760345,0.13151534162544856,1356.0546875,5.905020518199588,0.003512442718940937,0.02255727040884619,0.1386344606268186,0.6284963938868846,0.3333261022087482,5.369251850469338,6.936235946228415,72548.67089128397,0.9964018326126299,0.7688189654575656,1.2095933218875077,126.5638638347396,0.15123411890214333,41601.81818181818,9.790148489876381e-20,4.5201817356232525e-05,0.21743669875204014,189.95072838199096,43.55155896136975,-33.789090766717266,0.8523528933000861,0.020443039212082372,0.9194934521576792,0.025407292474786656,262.0,8.9916579026778,0.0023273855702094647,0.018285714285714284,0.12729124236252545
FF_04.08.2024_20240904_221500.WAV,0.0002759341404839248,1.0574484848955975e-08,1.4279645990132264,4.820217547987327,7.0,43.45299864545645,-43.52640144126393,-45.390991401124694,1.8645899598607656,0.9568173992095934,0.002156645888267583,0.1983398171180708,0.12980875788608304,0.009847688661058451,13.603860385370359,2.901384908319805,295.97808977824604,0.34793403082090324,2.0671743267293237,0.03868946222633938,0.07997786302925271,1.0328192484409988,0.5622815006215527,2.3025850482135257,0.00016932412392716144,0.13648045776355347,0.13046221281046066,0.13902582941545957,0.13264296776500822,1367.681640625,5.769527456834741,0.004668482082242266,0.022896550744236514,0.1721297966173618,0.6272622888374165,0.33332746337226854,5.473525134196351,6.9672622804576,73689.49580277354,0.996655366699123,0.7796798938916043,1.2083499610384165,166.9333721268548,0.23027970735137235,41315.05454545454,6.669748928240524e-20,4.45565156213036e-05,0.07860256233082062,3.1591816398433084,43.48911221088292,-33.72454800683423,0.44392394539813296,0.020595512320778588,0.9927428636220942,0.04548099301784329,469.0,4.317961748483279,0.02356477889837083,0.0324,0.7273785277858598
FF_04.08.2024_20240904_221600.WAV,0.0002755806263626079,1.0243951654217927e-08,1.4678355070637101,5.15848888523366,8.0,43.426599636743774,-43.5528004499766,-45.38782065796761,1.8350202079910076,0.9578317400291468,0.0007285483949655003,0.1331056060379271,0.13267004427301232,0.007621639296492955,12.731912687648512,2.436190112769062,296.3244510827929,0.31591974452448834,1.9236335707566625,0.039083245501367166,0.07518184310055419,1.0829204680854583,0.5670403807570605,2.3025828168606766,0.0012004996192580108,0.1367067533055313,0.1313400662089431,0.13717316684749162,0.13232852808893414,1364.439453125,5.74808797821988,0.004532098608282417,0.022856737415255554,0.1724849963627546,0.625748715495173,0.3333274201379524,5.4698559551975645,6.973599365658431,74037.73288945445,0.9966740067580863,0.7805078289213674,1.208887199001217,192.02793133546697,0.2473465837455145,41462.181818181816,-2.700701615205589e-19,4.430105001447204e-05,0.07175163611218921,3.749739235166624,43.4641401990449,-33.72451830260546,0.4700758939628429,0.020595582753961738,0.989460016632839,0.03617145073700543,373.0,4.946075646748213,0.01057020946470132,0.02642424242424242,0.4000581902822229
FF_04.08.2024_20240904_221700.WAV,0.00027174771178885293,9.760361982866432e-09,1.5488545846454767,5.498344905127145,6.0,43.29453549330657,-43.68486459341382,-45.4824813988801,1.7976168054662764,0.9583134932410997,0.0005991414358627045,0.07642237081454717,0.05467793721290726,0.0061923113438432376,8.291595534544756,1.9648322489748122,296.31821826483997,0.27147358709055536,1.7452676588797869,0.03926216549605666,0.06852298765785356,0.8779954786243532,0.5471027783091865,2.3025832047083945,0.0010569287510232782,0.13841205185400707,0.12968934187990605,0.13644896068711662,0.13210595783629134,1362.14453125,5.657924946630441,0.003875184875375813,0.022747960091512656,0.15277141049345297,0.626814025256599,0.3333273131884135,5.4608934686055335,6.976602210985274,74299.07691485975,0.9966691395588712,0.7869877937391855,1.2072248197178628,133.11027058481233,0.15422697846959557,41669.94545454545,4.749830579358677e-19,4.2956366612300535e-05,0.06154443957592295,3.0527573017964107,43.330275402203384,-33.82808701510727,0.34508249499410226,0.02035146368200129,0.9944272889429693,0.027346780449961212,282.0,4.102553861586935,0.006012412723041117,0.020666666666666667,0.2909514111143439
FF_04.08.2024_20240904_221800.WAV,0.0002723763291404448,1.0047602178534874e-08,1.5610718324963992,5.597560501129294,4.0,43.32710112514902,-43.652298961571354,-45.457781735971196,1.8054827743998416,0.9573450978266397,0.0006921260989445344,0.09832607062437237,0.07472482449144213,0.007565307550797762,14.999985756613057,2.893834687941266,296.292005959538,0.26684421398716335,1.7279331871289119,0.04032793015205396,0.06968396887795074,1.0298157738141387,0.551303514717374,2.3025739344113365,0.0025693520611110186,0.13961626741667477,0.12917642753660138,0.1365414125373773,0.1318549743599069,1359.556640625,5.662924612933268,0.003822336279216371,0.022736048027816237,0.14996533250484967,0.6283994318657586,0.33332708444415515,5.442247276416388,6.9705404298228615,74021.73691425774,0.9966281378097346,0.7869241937214422,1.207298664397947,123.29066045970323,0.16525130928135,41615.781818181815,-1.888535624180084e-19,4.3279959959403015e-05,0.06720469421094252,3.1429715712015343,43.36286850309734,-33.81543576890405,0.38973130467670103,0.020381127767851857,0.9931853778965074,0.0315166795965865,325.0,4.495429783516883,0.009988363072148954,0.024969696969696968,0.4000581902822229
FF_04.08.2024_20240904_221900.WAV,0.0002719728185732635,9.715796944122215e-09,1.5461620036192534,5.559722612409842,5.0,43.29857647131419,-43.68082361540618,-45.475963817196444,1.795140201790261,0.9585709795301891,0.0011120794300387704,0.8058425227092713,0.7717719865604284,0.005779584386235159,7.4479704993799665,1.8194672286509537,296.03175157187326,0.2745880711820195,1.7570541930002332,0.03941536849675863,0.06925493848587906,0.9710078222982652,0.5483076463852008,2.302471944248609,0.0077955682039039685,0.13698154074936153,0.12778465996178637,0.1356730902574784,0.13097454326689945,1350.478515625,5.691622040872398,0.0036046909853554455,0.02292606876462234,0.14310997741876819,0.6264547606624872,0.33332731316404907,5.4608914450300015,6.978212433968091,74366.76733002902,0.9966770197607232,0.790222571429707,1.206550612424345,122.19959266802444,0.17023309451071672,41692.74545454545,-9.11097796534243e-20,4.304263937285594e-05,0.0637963872855614,3.2186385169110077,43.33898894394436,-33.85451156672329,0.3689326724885973,0.02028964375004624,0.9934887241681416,0.028316524437548486,292.0,4.4947253681864,0.008921644685802949,0.021333333333333333,0.4182426534768694
FF_04.08.2024_20240904_222000.WAV,0.0002747472243664354,1.0340897556508816e-08,1.4474541958726963,4.970921817201729,7.0,43.4083357244483,-43.57106436227207,-45.40268858435839,1.8316242220863188,0.9572883029081958,0.0008983655699820181,0.20050757932122765,0.18647334697197537,0.008548102967436466,14.996069258819595,2.6546677343786556,296.23315018672747,0.2700351933757928,1.739858116241512,0.03969897981196204,0.0690705922323501,0.8698848881610062,0.5607333758730331,2.3025795033554015,0.001787628936420127,0.13688455694565674,0.1281156046940161,0.1399440031832441,0.1321953647803317,1363.06640625,5.719622702090441,0.004369385546988653,0.02274888618486928,0.16964339839961204,0.6271787315916728,0.3333274431736238,5.471807578310796,6.970204248477754,73855.83199915799,0.9966640231267162,0.7780569770778972,1.2088317814248093,192.02793133546697,0.2080226820870915,41527.2,2.510617976140979e-19,4.407264257103856e-05,0.06371400484342106,3.1537484625121817,43.441690913452504,-33.763401814754815,0.40507149712802715,0.020503590017376522,0.9933669987524579,0.03491078355314197,360.0,4.2350351966041195,0.01386733902249806,0.021790476190476187,0.6364562118126273
FF_04.08.2024_20240904_222100.WAV,0.0002722226078955387,9.878197347796973e-09,1.557954189699608,5.520639620422778,5.0,43.3140314103911,-43.665368676329265,-45.49963312802926,1.834264451699994,0.9579570138551258,0.0007692373826582166,0.40190936462222293,0.38703208848012205,0.007473483647593593,12.452680634695227,2.5756004582433993,296.9039822537269,0.26873838127932176,1.7349992790527473,0.03958093762188669,0.06867289823820517,0.8933410096059874,0.5600676667457353,2.3025722007169325,0.0026621160614686444,0.13686031099473056,0.12864751586485054,0.13578638909358212,0.13154640675007273,1356.375,5.772082749837242,0.0034662238749878773,0.02280599837422502,0.13792406113603298,0.6272476190409034,0.33332724811962394,5.4555182113900935,6.974370712006221,74204.75522007006,0.9966538752660606,0.7861169145933679,1.208219112255828,114.56211812627292,0.15193497842110368,41683.763636363634,1.8142053516033807e-19,4.316680732282623e-05,0.04408240589898783,7.324411525987615,43.351499288194866,-33.8545114726991,0.365772419641921,0.020289643969680325,0.9892992062169905,0.024146625290923197,249.0,4.9576627813317415,0.004460822342901474,0.020444444444444446,0.21821355833575795
FF_04.08.2024_20240904_222200.WAV,0.00027042615381666106,9.69673553483164e-09,1.5992645968009511,5.719322021496269,5.0,43.25382111913312,-43.72557896758725,-45.53263025547679,1.8070512878895357,0.9580150925150733,0.0007124178732614839,0.12023302780465372,0.09852648095401728,0.00591459034155517,10.199584047373161,1.932932541078367,296.45079479716304,0.24853012358112278,1.6614506619094056,0.03951385271334428,0.06565031674517662,0.8697441392335056,0.5423054886159995,2.302584102959324,0.0007468437708366693,0.13644812982898522,0.12813760102062954,0.13585074283248902,0.13153920873339153,1356.30078125,5.696782768681402,0.0037011065245853947,0.023008829865353034,0.14421109662948595,0.6296167069122142,0.333327143847164,5.447023097921554,6.974728002604557,74278.86933991354,0.9966439347208788,0.788858452350917,1.2079227399155534,140.74774512656387,0.182488665017942,41816.50909090909,3.2091332958009735e-19,4.2543984484853085e-05,0.0622624536778828,3.102311735119925,43.288381616068996,-33.919798602510774,0.3552034318358679,0.020137709421100037,0.9940176582547056,0.02957719162141195,305.0,4.330989757193814,0.011830876648564779,0.02711111111111111,0.4364271166715159
FF_04.08.2024_20240904_222300.WAV,0.000270537822105624,1.0343968805727704e-08,2.099269031139529,10.373232162284518,6.0,43.29076793299315,-43.68863215372723,-45.51442165540388,1.8257895016766525,0.9540552996266787,0.00042379329915120945,0.09480685167298952,0.08531030043346077,0.006027683629973857,11.327774501075387,2.2618095497907427,296.47965901417865,0.1701832446601527,1.4101706637399845,0.04584077183489691,0.06464331164476976,0.8678917147864407,0.5506187375415257,2.30258378916896,0.0008719841406247042,0.14004461254970418,0.12761068901493453,0.13534860239087734,0.13115733500630394,1352.36328125,5.679469730207386,0.003674776937251479,0.02284439072472439,0.1427192576988361,0.6254545815957159,0.33332280872662134,5.18159112872825,6.949827127085009,73634.25866563241,0.9962515259683825,0.8030445244977045,1.2071918329964748,164.75123654349724,0.19144830157113762,41178.52727272727,-1.9470956833388162e-19,4.367358629785578e-05,0.07067989988405997,3.67493485151683,43.40218855887891,-33.82495304859196,0.36724537597905993,0.020358808043508817,0.9920730060484857,0.02744375484871994,283.0,4.590858472025408,0.00795190069821567,0.023017543859649124,0.3455048006982834
FF_04.08.2024_20240904_222400.WAV,0.00026842171994853023,9.6976507408075e-09,1.689825710680172,5.960008465772075,3.0,43.19686417825146,-43.782535908468915,-45.549734964160876,1.767199055691961,0.957089428644979,0.00016702351828601358,0.04181554380683161,0.036582215641049465,0.0048182024523054645,17.193430982522386,2.713771655180596,296.6614205062006,0.23216647394420717,1.6047312758972634,0.03918584529608265,0.06288275151909549,0.7613528487684469,0.5387321766447559,2.3025844226971417,0.0006085429011987387,0.13783823101542042,0.12861652104098614,0.13310528543602376,0.13105296376442632,1351.287109375,5.574284912961037,0.0028301465061584714,0.022557236758402748,0.1176776756486421,0.6276267591702476,0.3333268773750335,5.425947398744364,6.968925612859954,74141.71848012459,0.9965886066281218,0.7894598306100191,1.2054182275074816,75.28367762583649,0.08592158859470468,41940.34545454545,4.099309275867375e-19,4.2017322808705745e-05,0.06250625286891376,3.0625671394297043,43.23428377283487,-33.929622416953045,0.3122932179075022,0.020114946376916135,0.9944103919620434,0.019976726144297904,206.0,4.424670433938946,0.0008727695888285493,0.024,0.03636892638929299
FF_04.08.2024_20240904_222500.WAV,0.00026813374028247105,9.475997630844095e-09,1.6693566265277524,6.003237986515751,4.0,43.17683360572522,-43.802566480995154,-45.563859910781936,1.7612934297867824,0.9579966659608283,0.0004168357724414484,0.09008633605201843,0.06484567595764179,0.004385683781282346,18.674105415229164,3.047660260264001,296.36674500489823,0.244043658267009,1.6456554295385668,0.03911579088592606,0.06437111365211941,0.8093387068246605,0.533292707859074,2.302584862054404,0.00037003752457867025,0.13617334238515502,0.1291684288723783,0.1318472151599281,0.13081012541218118,1348.783203125,5.61513098965975,0.003065976263214043,0.022595762156784223,0.1220821524915131,0.6257043275582076,0.3333269915056487,5.434865632028717,6.9746033088729895,74369.9629607614,0.9966246025858779,0.791890663375463,1.2063770636931677,100.37823683444864,0.12191167200077586,41885.545454545456,1.518566417394485e-19,4.181409438327638e-05,0.0625778499275872,3.04551525498153,43.21322695199372,-33.9461846483246,0.2935857839543772,0.02007662779490153,0.994989558474367,0.019394879751745538,200.0,3.957989258889273,0.0,0.0,0.0
FF_04.08.2024_20240904_222600.WAV,0.00027171743409932706,9.869958101231444e-09,1.6991443058713112,6.493176611993692,7.0,43.29937098892084,-43.68002909779954,-45.52545075984207,1.8454216620425328,0.9574180369511068,0.0010832106227129934,0.3640545165345297,0.337257706177002,0.006175782866346791,16.467737989739003,2.966775950274752,296.49936396243453,0.2421310897284494,1.6389788166444033,0.04310769599760287,0.07065260057441783,1.0320990083036696,0.5498505868347897,2.302431061827709,0.009083867484920561,0.1409417127339734,0.130900139676674,0.1338077382198668,0.13151913005528076,1356.09375,5.7932502918426945,0.0038647666933372127,0.022812747574493503,0.14719477449078566,0.6286496419218985,0.33332658866558407,5.404073019833632,6.970971907594557,74204.35007907277,0.9965815582538657,0.7992767406157466,1.2081096401527658,154.93162641838813,0.21800519469498594,41675.6,1.8447995656342445e-19,4.30139144497955e-05,0.06478155905434672,3.562090132811215,43.3360896700396,-33.89361321617822,0.37881575922732225,0.020198510256680575,0.9924979805759929,0.02899534522885958,299.0,4.531851207482033,0.007757951900698216,0.02245614035087719,0.3455048006982834
FF_04.08.2024_20240904_222700.WAV,0.0002734813188195685,1.1681283183668533e-08,2.5912590194679734,16.765359195030566,7.0,43.44092077483112,-43.53847931188924,-45.42656471586584,1.8880854039765964,0.9483543651256408,0.0011270739490721882,0.16768405114759477,0.139568872345612,0.007787877686076916,14.155482209405044,2.5511262834660973,296.57996448355556,0.15184952597523088,1.3580721360789956,0.0529008089586917,0.07184311462283731,1.0778772827283118,0.5641714153841885,2.3025838486706784,0.0008823706590256108,0.1448372288494488,0.1309451321629288,0.1354501181480263,0.13286080248036078,1369.927734375,5.770270558042371,0.004539675467946853,0.0231010660649081,0.1710997173557226,0.626806051900897,0.33331346644517884,4.8639219176187005,6.913952531274267,72475.99994851429,0.9956404266398968,0.8067496421308895,1.210101233455086,185.48152458539425,0.24242162496363107,40051.32727272727,-3.8634920178906487e-19,4.6195827941321703e-05,0.07487688142130822,3.100176322033922,43.64602755125858,-33.669927645773726,0.3970298872936482,0.020725433239792333,0.9937659677307207,0.03588052754072925,370.0,4.0558696308886155,0.010376260667183864,0.021948717948717947,0.47279604306080886
FF_04.08.2024_20240904_222800.WAV,0.00027189425571184656,9.767625431380473e-09,1.5789057081466338,5.703829477837852,6.0,43.29904874029911,-43.68035134642127,-45.469129106332595,1.7887777599113264,0.9582389674009072,0.0006794580932262262,0.09760958122266417,0.07076901976599403,0.005711494619873525,10.195724320109827,2.019856690860475,296.2665156832259,0.2787479703098581,1.772955801398885,0.03919887846728948,0.06949787898691072,0.9812348591854085,0.547275355088881,2.3025850539589796,0.0001434596025180923,0.13637539197620666,0.12995629729835118,0.1350748724028508,0.13157103154398214,1356.62890625,5.668319207334727,0.003911364380273495,0.02259602190792792,0.15213205095174587,0.6292778682855145,0.33332718971339803,5.450742067425926,6.976130348745834,74308.78342818217,0.9966553724925932,0.7865159310076473,1.2064298579178443,185.48152458539425,0.21828932693240227,41637.67272727272,-3.6599511300427036e-19,4.303419187367932e-05,0.06146927098539885,3.032648100748476,43.33813651891035,-33.8378485092524,0.3450326081970374,0.02032860487157648,0.9948302319311054,0.02909231962761831,300.0,3.8285614991492207,0.003975950349107835,0.021866666666666663,0.18184463194646494
FF_04.08.2024_20240904_222900.WAV,0.0002710957702040641,9.775833808496375e-09,1.6192343384872059,5.7518166992055555,6.0,43.27692017133357,-43.702479915386796,-45.48749351844539,1.7850136030585944,0.9578175473511832,0.0004780613606936157,0.0631696445602079,0.046660535546618975,0.0055548707876632575,11.145596705268083,2.1422202857965207,296.20650895608173,0.25541997258532656,1.6860779585297079,0.039886341055082215,0.0672514804993727,1.0034815205742713,0.5462482507514086,2.302584734355472,0.0004725480839924856,0.13792713283548313,0.12964834872576278,0.13513650696969118,0.13166839419067014,1357.6328125,5.641817577147739,0.003717775615847153,0.0225369271977226,0.14776309408341415,0.6258222840189422,0.33332710851682523,5.4441771519941495,6.97348997158978,74249.49700344716,0.9966326097029719,0.7890319709593254,1.2073358299840224,160.3869653767821,0.17150221850450975,41752.763636363634,-4.2794051131006035e-19,4.280509707620478e-05,0.058340318489849025,3.086640875382431,43.31495486309169,-33.851061150969464,0.33432560032268555,0.020297705286199397,0.9943785141935476,0.02404965089216447,248.0,4.138643791424352,0.0017455391776570986,0.016,0.10910677916787898
FF_04.08.2024_20240904_223000.WAV,0.00027359238767532844,1.0278543836130262e-08,1.5532152918920747,5.525865554655084,6.0,43.372994310468364,-43.60640577625201,-45.41735199380965,1.8109462175576425,0.9568322098654511,0.0009156288084306574,0.12337577855915371,0.08713116549888,0.0073890637489147926,8.60102593065393,1.9627429395251061,296.0725222005448,0.27072036863679394,1.7424322769874976,0.04083260781240943,0.07114805380591405,0.9635586965814216,0.556353260817446,2.302583003162023,0.0011209099389644095,0.13970516923673745,0.12937439447612248,0.13611722169500498,0.1318100814663951,1359.09375,5.6885937359616365,0.004049642069149453,0.022592989206288185,0.1584901263942774,0.6285774228971879,0.33332704586786993,5.439170113394084,6.967333041398484,73858.70375843448,0.9966125227413208,0.7845803085766924,1.2078476501804458,180.0261856270003,0.20228321089128115,41525.854545454546,-4.2550138496808085e-19,4.3788156538319445e-05,0.06214724940461676,3.061684262305539,43.41356661974775,-33.77642464062508,0.35292970842789373,0.02047287184975364,0.9945425111736693,0.028122575640031032,290.0,4.032117691164362,0.0075640031031807605,0.021894736842105265,0.3455048006982834
FF_04.08.2024_20240904_223100.WAV,0.00029126982457627025,5.8137241902523486e-08,9.749326953535796,122.06681187257125,6.0,45.624711459413525,-41.35468862730684,-45.427539759805754,4.072851132498911,0.7512727406627219,0.0015464822545666612,0.17952127911325888,0.12529244619399893,0.006852113767582657,10.402124699490901,2.196544974989912,296.52224855682783,-0.6480720587669581,0.2135391710337864,0.3344534294098495,0.07141890806558626,0.8735351767810416,0.9975404583353069,0.19830632831350503,0.8853602768508217,0.137660427375295,0.1286515151969621,0.1363012190048374,0.1317786374987877,1358.76953125,7.110988402189521,0.004085632152555523,0.02280272420372685,0.1549381289403492,0.6289524278691585,0.33028768431064226,2.347714484061577,5.6559959357852065,47452.62058199532,0.9419585734282827,0.8468124611191514,1.2099880799024112,152.74949083503054,0.1958997066239938,41513.92727272727,-3.847932073984918e-19,7.53876664925876e-05,4.686299732157314,1495.7413680459747,45.77300300613246,-33.78614787874722,1.4754125015175106,0.020449966742775657,0.8645855021169068,0.03888673390224981,401.0,10.193068683961698,0.020364623739332816,0.029473684210526315,0.6910096013965668
FF_04.08.2024_20240904_223200.WAV,0.00027030528968879973,1.0137735537240475e-08,1.6497482390771387,5.667722861539412,6.0,43.27347311997783,-43.70592696674254,-45.52813724280177,1.8222102760592307,0.9560155541295966,0.000400007295465743,0.30197615329503646,0.28824233681149825,0.004925139220354535,10.299078740313295,1.9275265454961745,296.54288956788173,0.20604772678395777,1.519043105574408,0.043141791649028156,0.0655342411665838,0.8682363090712121,0.5462674218576156,2.3014786174186264,0.02387975865455818,0.13892929880709917,0.12739672474696725,0.13335182370338547,0.1310245505406847,1350.994140625,5.702601289197218,0.0030023306420327803,0.022614841514861685,0.12080343340809893,0.6272378269403341,0.33332687804655986,5.425999409708783,6.962213755218276,73778.41990280188,0.9965632454336917,0.7943592166075201,1.20648105754641,77.46581320919407,0.10435229972844534,41843.56363636364,4.311103242070725e-19,4.276388317396424e-05,0.07097802381261777,3.7921706898755634,43.31077134433232,-33.89840303739953,0.360930354526964,0.0201873779296875,0.992453567725475,0.02191621411947246,226.0,4.780318439978624,0.0032971295577967417,0.01813333333333333,0.18184463194646494
FF_04.08.2024_20240904_223300.WAV,0.00027445190430931655,1.9907004644944646e-08,6.746125465784555,80.15048623781985,3.0,43.859876414227344,-43.11952367249302,-45.40085283805551,2.2813291655624965,0.8983870471579075,0.0005548950575475775,0.12567818253090024,0.09538951074222979,0.00570169267095999,12.103323756043974,2.342351137398943,296.52858404367305,-0.22342024318456136,0.6347612450763463,0.10515022394941817,0.06674528707418934,0.9294438826865322,0.5927643032700787,2.302530720644388,0.005393403435750521,0.15520641386221834,0.12825858081700356,0.1341113791006248,0.13191937766705458,1360.220703125,5.789280251616232,0.0040526728130152265,0.022988184900679706,0.14929045298860333,0.6284466064303904,0.3329681653089451,3.4082703404241386,6.597009303901404,65550.30817811732,0.985542163763684,0.8630040764619921,1.207701294065929,90.55862670933955,0.11406962224808456,38094.38181818181,5.779678082930242e-19,5.521230818508838e-05,0.06438353484691743,3.690375885567076,44.42035903472201,-33.51785982796673,0.6017148660829506,0.02109147772355513,0.990724935565505,0.06361520558572537,656.0,4.344413002981146,0.03268037238169123,0.02995555555555555,1.0910677916787896
FF_04.08.2024_20240904_223400.WAV,0.00027149910654237597,9.86964757575908e-09,1.575282532394773,5.510967321815895,5.0,43.293196755912376,-43.686203330807984,-45.50184868596706,1.8156453551590772,0.9577058649141822,0.0015438133169317636,0.2123342210772926,0.14252617820797187,0.006794428761188076,16.952992653680457,3.2054822774687097,296.51549243589045,0.294323510614148,1.8341598878270604,0.039024201365674305,0.0715766247994058,0.9493608163314251,0.5464772153493009,2.3025846845101188,0.0005003103943005627,0.1359712927941034,0.12914143338062545,0.13372616305787213,0.13148408707933276,1355.732421875,5.705941948914389,0.0035914314809426823,0.022747339744628028,0.13653878212900097,0.62427144731844,0.3333272142806229,5.452745485314779,6.972798338763527,74163.24720442687,0.9966426599386989,0.7885033056205139,1.2068826338402077,101.46930462612744,0.1543406313645621,41752.07272727272,1.8464291543541016e-19,4.29716840793238e-05,0.06441880214822102,3.391617922484763,43.331823742104454,-33.88050915379891,0.38579606981819126,0.02022900595809474,0.9926150476499166,0.03248642358417378,335.0,4.43229901666556,0.01309154383242824,0.0232258064516129,0.5637183590340413
FF_04.08.2024_20240904_223500.WAV,0.0002702374501959655,9.6469937695189e-09,1.626357314443944,5.777873344661081,3.0,43.2458560866412,-43.73354400007918,-45.52667678096748,1.7931327808882997,0.9580533113815455,0.0009892144514834778,0.1597116714752762,0.12041916291585653,0.0059238890754447215,12.998571083745608,2.3965196236863346,296.4996527497359,0.2743917731958733,1.7563083301974294,0.03924202748171207,0.06892109975996737,0.9669092549310345,0.5434669799693406,2.3025848596168563,0.00038771041009653116,0.13572075130119934,0.12969634071110123,0.13228137629987755,0.13090748805886915,1349.787109375,5.667783346737392,0.0031457227111822326,0.02258956472013742,0.12254391216052377,0.6278311961612815,0.333327128121139,5.445754326957303,6.974964366654448,74331.90076287098,0.9966398351220837,0.7915437986086535,1.2059625704157435,66.55513529240616,0.120888795946077,41847.63636363636,-2.0389834601875271e-19,4.250553976041382e-05,0.06294524703229012,3.391629033268038,43.28445535476004,-33.893768940652876,0.3564806546234678,0.020198148132093027,0.9930883277633683,0.026861908456167573,277.0,4.47597211005607,0.008727695888285493,0.021818181818181816,0.4000581902822229
FF_04.08.2024_20240904_223600.WAV,0.00027007986890530676,9.62100421439215e-09,1.594912282125117,5.6156003679942605,3.0,43.24001430193366,-43.73938578478671,-45.53731009716181,1.7979243123750948,0.9582165354795928,0.0014682336662458217,0.22236692217739673,0.1613563365208136,0.008082976926792829,14.01287772715714,2.9470894800177834,296.0881733333507,0.2853131965369406,1.7984286127977676,0.038989464751724136,0.07011976900717069,0.9494938040895086,0.5382769992986568,2.302584744184498,0.0004603525951344167,0.14010926841884072,0.12892246994751874,0.1331216004684227,0.13115885037823682,1352.37890625,5.682656024212523,0.003392538914751237,0.022684840120939156,0.1298965468901552,0.627728821218944,0.3333272458552272,5.455332188713987,6.975990506012568,74340.01685342318,0.9966555052164635,0.7922030499739295,1.2065308605422593,94.9228978760547,0.15123411890214333,41780.163636363635,-3.7333351898143285e-19,4.2426177592755656e-05,0.060935466046496675,3.0614927483625993,43.27633905555136,-33.9199163995375,0.3297949625329153,0.02013743631767504,0.9947325953555356,0.027346780449961212,282.0,4.056549878930594,0.00843677269200931,0.025777777777777774,0.3273203375036369
FF_04.08.2024_20240904_223700.WAV,0.00026888580610461715,9.693958222476093e-09,1.728563062610948,6.639879821441533,3.0,43.20989579988532,-43.76950428683506,-45.58397839988257,1.8144741130475097,0.9571926671027619,0.0012467969962836056,0.19979469665724736,0.1426210832879995,0.006128917693820624,14.31209649435393,2.727600151880697,296.632500887442,0.2554151311503422,1.686060493130741,0.04046621473129709,0.06822848596498524,0.8275415031463981,0.5371508145023014,2.3025738524326664,0.0025105449462502704,0.13961626741667477,0.1285385340648112,0.13398176523212213,0.13138653501115313,1354.7265625,5.698772450740673,0.0034273924692076424,0.022457341820338803,0.1311042260244908,0.6305908839873369,0.33332643281843327,5.392651118639587,6.969557268788677,74182.29635822908,0.9965642990587501,0.7961392328168849,1.2071821469601391,90.55862670933955,0.16400112743671807,41812.36363636363,1.35287404174967e-19,4.214722459466668e-05,0.06673500320379654,3.1596226260391593,43.24768981501532,-33.972913187926856,0.37741224869258616,0.020014942215428207,0.9936486464030172,0.03064391000775795,316.0,4.317632203593079,0.011539953452288596,0.02644444444444444,0.4364271166715159
FF_04.08.2024_20240904_223800.WAV,0.0002724350988916507,1.0246834855258468e-08,1.7277238403949782,6.964305412167721,6.0,43.33900730797399,-43.640392778746374,-45.50156129250094,1.8611685137545635,0.9561024443753928,0.0015606208075262806,0.1744918382326719,0.13447830017134743,0.007655274745121843,12.920018373849159,2.7065632243202495,296.4296853711486,0.251980259444294,1.67372622882144,0.04204807408844663,0.07037696447326029,0.8519917835417494,0.553509900056551,2.3025824544643383,0.0012448109951735732,0.14141854976885526,0.1284095556042141,0.13601026759372306,0.13159035253612647,1356.828125,5.78621198727881,0.003951711157986617,0.022879737038106793,0.1466974948472357,0.6288876452197479,0.3333259441356521,5.358439554199306,6.9627284631828985,73832.8043789274,0.9965095091569082,0.7920124472409258,1.2089614231257293,126.5638638347396,0.20718922752400348,41556.472727272725,-1.9527729601692858e-19,4.352955210775926e-05,0.08181551104157675,4.258433532988566,43.387841985580565,-33.84114828075646,0.4527632260411636,0.020320883496602375,0.9894754308176748,0.03491078355314197,360.0,4.991059645975155,0.01687354538401862,0.028999999999999998,0.5819028222286878
FF_04.08.2024_20240904_223900.WAV,0.0002746338727370234,1.0311697259940743e-08,1.8107342926111676,7.832024787608684,5.0,43.4037045863994,-43.57569550032097,-45.481776527481216,1.9060810271602477,0.9562845935318243,0.0033679946331055532,0.47226734847299034,0.4362859073981804,0.007597024860328094,13.51108981192093,2.7535027944356325,297.2371605305592,0.280567679260821,1.7799696265315197,0.04351507080580887,0.07745550433070825,0.9571336056428069,0.5863466802698811,2.3024779831366824,0.0076521369611842974,0.13940613584198105,0.12872550284102552,0.133471467274311,0.13128083781883426,1353.63671875,6.021940704478532,0.003294797425080012,0.022495168955880974,0.13007414676285162,0.6254355260047525,0.3333253917512968,5.322392882473307,6.963847381419655,73956.47193743456,0.9964752946773126,0.7977668222828099,1.2116444740330803,92.74076229269713,0.13878912690330714,41637.94545454545,4.0407492167086425e-19,4.418761408002811e-05,0.09024046126650848,11.732520081605328,43.45300552368986,-33.828050198122355,0.5361233020817551,0.02035154994617809,0.976334350158289,0.02560124127230411,264.0,6.736481273675756,0.004169899146625291,0.02084848484848485,0.20002909514111145
FF_04.08.2024_20240904_224000.WAV,0.0002705828797926631,1.0039666775896948e-08,1.6297406020802874,5.531364883118988,4.0,43.27619051261918,-43.703209574101194,-45.530121752912706,1.8269121788115115,0.9565436783465301,0.00046756104001843823,0.5249334030061186,0.5024288045549171,0.006174017323860137,7.466640937292536,1.5847051655965507,297.00262376853277,0.26093942844917944,1.7061381393994073,0.03910433273161217,0.06671739348916814,0.9466520711810499,0.5640508146446391,2.3023671873164533,0.01071992313828556,0.13867067533055313,0.12777366179847965,0.132710099095694,0.13078947846959557,1348.5703125,5.683339169735654,0.002994185517893512,0.02258247092709799,0.12098103328079535,0.6255459095182155,0.33332704360314647,5.438990047537751,6.965522306179271,73911.9409413361,0.996590959935493,0.7846585305723699,1.2066763940907939,111.28891475123655,0.13784201944525262,41914.23636363636,-4.108455999649798e-19,4.2743326694847065e-05,0.08059719858748432,7.710528479791999,43.30868320097374,-33.893737995867546,0.40249180751720814,0.02019822009115508,0.9853901983036268,0.01900698215671063,196.0,6.163254128605855,0.0007757951900698216,0.021333333333333333,0.03636892638929299
FF_04.08.2024_20240904_224100.WAV,0.00027014756214294915,9.541582930767146e-09,1.63573038505837,5.886458390691259,5.0,43.23775968892604,-43.741640397794335,-45.51977550880564,1.7781351110113022,0.9584280656715347,0.0005970038513222198,0.08526111914319168,0.06101378415879377,0.007765221705614889,9.94927877244813,2.392104433272934,296.44026866629497,0.27006332099943525,1.7399636948487318,0.03909934682571693,0.06803144396904647,0.9367729000722687,0.5405888065584062,2.3025842476240665,0.0007223509422647822,0.13693304884750912,0.12859052538226115,0.13401530168760883,0.13118158095723015,1352.61328125,5.6384501306557215,0.0035378251988167973,0.02245044675969416,0.13973557983753637,0.6303157086514325,0.3333271330209026,5.44614929323361,6.977306853073813,74448.70582584376,0.9966491254229973,0.791850367197093,1.2059724407098031,145.11201629327903,0.17792360707011928,41825.38181818181,-3.816391647148976e-21,4.2416974811394625e-05,0.05861545688423604,3.0107056543197723,43.27539691300581,-33.88037624286266,0.28289569895608224,0.020229315503438313,0.9952842408384088,0.020752521334367727,214.0,3.936176005592298,0.0015515903801396431,0.021333333333333333,0.07273785277858598
FF_04.08.2024_20240904_224200.WAV,0.0002706795538324714,9.758586519524758e-09,1.6613014708914606,5.969859904229746,5.0,43.264241233912685,-43.71515885280769,-45.48929661521716,1.7741377624094667,0.9576252234044742,0.00017830004384433717,0.07679677595575019,0.07502045917290123,0.005959244627782523,8.282187479897605,1.581385661239169,296.5889630191862,0.25611040985776223,1.6885710278827584,0.03945652976688923,0.0666251530251628,0.9098734315747614,0.5488359908539786,2.3025834234828864,0.0010033556912608433,0.13759577150615845,0.12900545608883318,0.1326702179053855,0.13104425037581224,1351.197265625,5.614829086623109,0.00307146948647076,0.022394237532611307,0.12655766928346268,0.6250658313743971,0.33332695111230465,5.43169105445159,6.972280021723669,74247.13954816331,0.9966124272699928,0.788707512951068,1.2069272865011764,108.01571137620017,0.13327696149742993,41802.781818181815,-2.6953923100215387e-19,4.2676389172535604e-05,0.06393115380457365,3.4270702427203346,43.301876668728234,-33.85432406223319,0.30570429363864804,0.02029008175243031,0.9928944963408737,0.017067494181536073,176.0,4.92779311678635,0.0002909231962761831,0.016,0.018184463194646495
FF_04.08.2024_20240904_224300.WAV,0.0002717532374899572,1.0158625609435853e-08,1.61500900272726,5.575273972147221,5.0,43.31532929556923,-43.66407079115113,-45.50626552952842,1.8421947383772874,0.9564958520559912,0.00037289356350533875,0.2007085157238686,0.1756897892289827,0.005735518477813284,7.370340525887547,1.5901868056044186,296.68907380856115,0.2377131610544171,1.623684284994947,0.04200940776928216,0.06821001521692807,0.9818126805463819,0.5627883863253791,2.3022683910571167,0.013074205118722305,0.1370057867002877,0.12888547612548706,0.1333889857216275,0.13123348244593153,1353.1484375,5.735862082196159,0.003254829490350112,0.022615874993113176,0.13089110617725508,0.6251982345186985,0.3333269974853914,5.435337307067896,6.965223228847439,73866.05905286683,0.9965895639452624,0.7905524709643237,1.2082164119189651,147.29415187663662,0.17068770609058287,41745.2,5.085998962051759e-19,4.309495506484352e-05,0.08969850659647713,6.309300242544291,43.34426432208537,-33.903322828790145,0.4679957051168131,0.020175943756103515,0.9813642414973438,0.019976726144297904,206.0,6.560284182414594,0.0011636927851047323,0.021333333333333333,0.05455338958393949
FF_04.08.2024_20240904_224400.WAV,0.0002738580485010462,1.0468063334265861e-08,1.5515131592234674,5.31066312834804,6.0,43.39004842404783,-43.58935166267254,-45.48416632187362,1.8948146592010815,0.9561548468481881,0.00046230024392091007,0.37199151140135744,0.35105435927196893,0.006130157832489713,15.706625255387964,2.7747480212351623,297.1997129805622,0.26924448998707823,1.736893492550791,0.040125497218847304,0.06969371500478075,0.9663080288393838,0.5882151817182513,2.3024869077004273,0.007306368308388045,0.1381695923447451,0.13003228460847038,0.13406424678480564,0.13160077071816506,1356.935546875,5.828875301387473,0.003360905525652216,0.022627479934605614,0.13550870286736177,0.6265815655432105,0.3333270822497426,5.4420717230290885,6.963098896594443,73673.33416988264,0.9965954163723443,0.7792884360955682,1.2096204635088115,137.4745417515275,0.16138711085248764,41658.781818181815,1.0131836447265752e-19,4.401566292575132e-05,0.04773776538316691,32.711656776718044,43.43607247208488,-33.84116806220937,0.656563531345995,0.02032083721738873,0.9562374589935064,0.02094647013188518,216.0,8.36771582935545,0.001939487975174554,0.017777777777777778,0.10910677916787898
FF_04.08.2024_20240904_224500.WAV,0.0002699142931757443,9.636254498330607e-09,1.6573133621676008,5.907168760826176,6.0,43.23611168791995,-43.74328839880042,-45.51196016803373,1.7686717692333076,0.9579003446014118,0.00027157049103077036,0.10167998166843051,0.09272815357746289,0.003834161186577756,7.485349878999519,1.5918769452057515,296.6498804401225,0.26080128072048636,1.7056323933425794,0.039587437905455436,0.0675216164609827,1.0158252618319326,0.5428870149454174,2.3025846676684933,0.0005107653755974439,0.1385171176413539,0.1303312346838078,0.1314230243175558,0.13106679153331394,1351.4296875,5.615928229129127,0.0032548294903501115,0.022773889434402787,0.13010966673739088,0.6270540499869555,0.3333270452829998,5.439123604747993,6.974002897010535,74325.8824436142,0.9966254920206913,0.7912158082253438,1.2059615329392805,117.83532150130928,0.1543406313645621,41758.4,2.1926904736346844e-19,4.237266889776554e-05,0.06489848752931406,3.046250000077074,43.27085819466372,-33.90663788473903,0.3162671949883915,0.02016824487628359,0.9946429559764042,0.020655546935609,213.0,4.2164000122914596,0.00126066718386346,0.017333333333333333,0.07273785277858598
FF_04.08.2024_20240904_224600.WAV,0.00027273370483711494,1.0012647954275188e-08,1.5934447019245384,5.608387002671772,5.0,43.335334885894895,-43.64406520082548,-45.45266738325557,1.8086021824300929,0.9574487983656926,0.0003744598167843005,0.04661015034068283,0.03855170322265922,0.005229173336766313,6.228396663473582,1.5258355670033679,296.4549395261082,0.2848981745618837,1.796804495324389,0.039439488129226416,0.0708650495638869,1.1160408469185683,0.5615162100377737,2.3025774805921255,0.002178591531385621,0.13767659134257912,0.1312060885832066,0.1336663412724094,0.13156137104791,1356.529296875,5.678689573001284,0.0038390053704781303,0.02283260950507954,0.15032053225024247,0.6253940249499699,0.3333271342687949,5.4462499347645625,6.971186776801554,74104.67374600253,0.9966269455828086,0.7846030495600597,1.2074088332599868,145.11201629327903,0.19809699592668023,41627.01818181818,4.269942985049821e-19,4.334169993420533e-05,0.06959715390903001,5.3122505029201355,43.36905941076246,-33.789347247071376,0.3833283124854461,0.020442435570919154,0.9874341587756218,0.019200930954228083,198.0,5.628731464763684,0.0005818463925523662,0.016,0.03636892638929299
FF_04.08.2024_20240904_224700.WAV,0.00027474520774508086,1.0708980153955106e-08,1.8704783113472816,8.222300049318612,8.0,43.42686548273144,-43.55253460398892,-45.39237944534661,1.8398448413576958,0.9545874664195889,0.0006204542500332089,0.6294895017147395,0.605071233819346,0.007321702007033304,6.61883810331293,1.6536482140511546,296.06085860312635,0.23908938542882055,1.6284296232706974,0.04539610217624376,0.07392435756481872,1.2296116860827102,0.563307185541049,2.3025516979456038,0.004387373777046832,0.13929298807099216,0.13167601010631225,0.13412950691440137,0.13194987452720397,1360.53515625,5.7097311741262535,0.004248155792357676,0.02285610282696654,0.16133172435742,0.6265044035228294,0.3333246964485352,5.280428153634867,6.9532130773238,73537.39555521931,0.9963818493283142,0.7958425675222872,1.2070200655796484,187.66366016875182,0.24137980675977114,41340.12727272727,-3.8218586544672056e-19,4.446843196054747e-05,0.057302805911330114,3.1169415128631845,43.48051815689366,-33.7376256677173,0.3255736977630477,0.020564526609940962,0.9945742204181537,0.025407292474786656,262.0,4.049724074702413,0.0028122575640031036,0.025777777777777774,0.10910677916787898
FF_04.08.2024_20240904_224800.WAV,0.00027502521785476095,1.0560642566472596e-08,1.6467812585395287,6.248649786017785,7.0,43.42714781966492,-43.55225226705545,-45.378732474519275,1.826480207463824,0.9558936621742141,0.000768452508385753,0.42102830916611345,0.40181044444304304,0.009930799284076919,11.998917674087815,2.6106751776009363,296.25427703453386,0.2906143828221366,1.8193410629842843,0.0417520557152294,0.07596122942672452,1.1479128504420233,0.5677482006035576,2.302580259337563,0.00169786506872871,0.13639155594349078,0.13210393864224676,0.13376513785749183,0.13190820179904955,1360.10546875,5.719068687058173,0.004190571658907963,0.022965613007080284,0.16055028491755577,0.6270516061130297,0.33332640455716184,5.390607535158538,6.961440338129047,73682.75388124546,0.996537694635932,0.7872745412114385,1.2088019576341518,206.21181262729124,0.2587876418388129,41338.145454545454,-4.416080296056351e-19,4.4391366132406615e-05,0.08555431019833744,4.814253946093988,43.472985105274226,-33.71196456896642,0.4392378468185143,0.0206253711122455,0.9842964682128621,0.022788983708301007,235.0,5.976071908197689,0.0023273855702094647,0.016,0.14547570555717196
FF_04.08.2024_20240904_224900.WAV,0.0002781912897419929,2.357278460028397e-08,6.840371067985367,73.25250614710951,6.0,44.113729832146625,-42.86567025457374,-45.4675651216983,2.6018948671245568,0.8831267303235018,0.0004418934713984468,0.06337251245809594,0.04619509593981386,0.0060865761158526155,8.708603093663283,1.9742493478378822,296.2195914151061,-0.31419200668481956,0.5218476370474963,0.13133359750346396,0.06853612752212962,1.0445232246876417,0.6220088446922287,1.951657517017109,0.4173231411847686,0.14260660136423883,0.12986231299373005,0.1332131459279945,0.1312399227766463,1353.21484375,6.0703372186947195,0.003685952805256522,0.022953900049340788,0.1427192576988361,0.625485046746802,0.3329620592154497,3.3999788086465217,6.500889365165732,63240.94090214787,0.9837031275662683,0.8785634650052995,1.2077347994822594,138.56560954320628,0.17955263189797305,41292.38181818181,-1.1972746026923562e-19,5.152853217942824e-05,0.10843327812286115,68.86129242301172,44.12047771503303,-33.81532528458216,0.5704607820654743,0.02038138701698997,0.977344710738536,0.027152831652443754,280.0,6.683140758011735,0.004266873545384019,0.033523809523809525,0.12729124236252545
FF_04.08.2024_20240904_225000.WAV,0.0002713968901193477,9.900271164107022e-09,1.7098573743274708,6.30947384515474,4.0,43.29190433862105,-43.68749574809932,-45.50188664408581,1.8143908959864845,0.9571238041241693,0.000411124266449181,0.22802985747887283,0.2227608243217014,0.00616637690035704,7.424024084767089,1.6980796850896387,296.9696829004182,0.2505183168423039,1.6685108454867819,0.04075738275970205,0.06800413516821886,0.9479635066595143,0.553863805832708,2.302570850753807,0.0028224113949304906,0.1389535447580254,0.13010727208556172,0.13350047177635355,0.13129637038114636,1353.796875,5.714381993527845,0.0033090040369508295,0.022984452286131406,0.13074902627909796,0.6257785047686133,0.3333266589421376,5.409310137897772,6.96913320101917,74153.98437581341,0.996575113337889,0.7923820169064554,1.2080030873910768,117.83532150130928,0.1434110112986131,41766.781818181815,-2.0088097851811426e-19,4.292522530186796e-05,0.06975827675049873,3.670584226637613,43.32712583322791,-33.86738783225732,0.34974295459328175,0.020259587958364775,0.9921073503161998,0.020364623739332816,210.0,4.967226630333613,0.001939487975174554,0.021333333333333333,0.09092231597323247
FF_04.08.2024_20240904_225100.WAV,0.00027035099052948237,9.891450860332948e-09,1.7166486136893675,6.366399527657196,5.0,43.261892039919616,-43.71750804680076,-45.51272116160302,1.7952131148022588,0.9568370923926084,0.000414720129649937,0.12168325855830964,0.09879250536948836,0.005466184132303931,6.085142391413757,1.5887717167647994,296.47506691605724,0.23821809025489313,1.6254233323408827,0.040960559773672134,0.06657824956187007,0.9098672698265297,0.5452343615998312,2.3025541361092396,0.004118223305777669,0.13795137878640934,0.12863251836943232,0.13380320626642267,0.13126890426486276,1353.513671875,5.632264346537293,0.0033595795752109398,0.022845020365912266,0.13405238391125118,0.6260091640238591,0.33332657245339753,5.402872609847863,6.967337525236674,74076.81583199826,0.9965610506528004,0.7926317945913114,1.2067897137582335,105.8335757928426,0.12918545727863445,41812.03636363636,1.5873245478968385e-19,4.266559427467015e-05,0.06930471701772249,3.196579495529109,43.30077799152122,-33.906602455819545,0.35639974902414195,0.020168327140808105,0.9936871436142652,0.024922420480993017,257.0,4.369575222456398,0.0028122575640031036,0.022095238095238095,0.12729124236252545
FF_04.08.2024_20240904_225200.WAV,0.0002691578961042277,9.60195099111973e-09,1.6953231132940587,6.196124743045867,4.0,43.212775666726145,-43.76662441999422,-45.54922780161473,1.782603381620504,0.9577089471892263,0.000652630804360177,0.10997434344353163,0.0849728726251825,0.004882774417579339,8.085124157341301,1.8162549500954261,296.2427831384341,0.24947032648368786,1.664784712148402,0.040409812684636504,0.06727363837816343,0.9492754128991105,0.5381403932649356,2.302583149370153,0.0010618111576540911,0.13750686968609574,0.1290014567567216,0.133636430379678,0.13082660508195132,1348.953125,5.648139198216501,0.003582149827853749,0.022836053749622776,0.13842134077958296,0.6260606556324603,0.3333268346962308,5.422652895457257,6.972797862025946,74311.58593438464,0.9966036332894539,0.7955131843341086,1.2069091472742897,148.3852196683154,0.16311084642614682,41850.96363636363,-1.8156246708109982e-19,4.216068788272745e-05,0.060970833751642466,3.040034574873842,43.24907688097176,-33.933176706205934,0.3146240052732878,0.02010671697096391,0.994885323614621,0.024146625290923197,249.0,3.9711850738212613,0.003975950349107835,0.019878787878787878,0.20002909514111145
FF_04.08.2024_20240904_225300.WAV,0.0002728240546307468,1.010487856281592e-08,1.5821809751755127,5.793086448822668,5.0,43.34261133959177,-43.636788747128605,-45.472513322426494,1.8357245752978884,0.957194137919571,0.0018779154244150664,0.17736471974123924,0.12089400163771691,0.01207858418976504,15.124005795258357,3.2112300494538424,296.08378436659723,0.2995395386944843,1.855264658725215,0.04042228853652114,0.07499404334660106,1.0182676969640676,0.5497552283820102,2.3025848526322656,0.0003922294731633968,0.1372644101768338,0.12945538095138112,0.13776503996729741,0.13225560081466395,1363.6875,5.7420960093701625,0.004393063233440016,0.022911015887503463,0.16388916252424832,0.6274977439512603,0.333326925139568,5.429660410978013,6.969590965137133,73997.7442672383,0.9966128434514021,0.7901999979516431,1.2082998643478238,182.20832121035787,0.2272300213364368,41556.490909090906,-3.4719701861004895e-19,4.3415701574986166e-05,0.06130508605999261,3.104963621749264,43.37646823386645,-33.80247671005204,0.3953740002333035,0.020411558428677645,0.9937105841544448,0.03791698991466253,391.0,4.152760718946868,0.014740108611326611,0.02895238095238095,0.5091649694501018
FF_04.08.2024_20240904_225400.WAV,0.00027773029071443073,1.1509121131266323e-08,1.6945929531678168,6.805696319709274,5.0,43.548555692342106,-43.43084439437827,-45.39116264307828,1.9603182487000126,0.9530506627978418,0.0023925517257155082,0.19160469637518796,0.18624788391523095,0.01574355308380959,28.121424038589208,4.544766107741421,296.1771618385246,0.26749170360260016,1.730344502357638,0.045579533635174675,0.07886829544564955,1.0346457928135742,0.5898255680379341,2.3022107322193555,0.014340590797751495,0.13789480490091485,0.13035423084344913,0.13995397348082123,0.13266816082339247,1367.94140625,5.8867092505294805,0.00497629200610998,0.023050850226541995,0.18463282765518912,0.6268800591425647,0.33332536125092266,5.320476264740376,6.943633849148047,72883.19856228313,0.9963968774839748,0.7877668716489887,1.2104264498303512,164.75123654349724,0.24198595553292598,41204.69090909091,1.6743761259640381e-19,4.57428491939725e-05,0.0475954287610689,7.59035496497534,43.60323212100258,-33.69511152199657,0.5958519231767454,0.02066542893034039,0.9842834625255505,0.05188130333591932,535.0,5.118100473527103,0.029965089216446857,0.03231372549019608,0.9274076229269712
FF_04.08.2024_20240904_225500.WAV,0.00027500596780475315,1.0147259030828829e-08,1.4916564824331746,5.311497160597603,5.0,43.40573437367155,-43.573665713048825,-45.41085656822372,1.8371908551748959,0.9579549533345096,0.0013959442508647557,0.16426348543410685,0.11214906462798724,0.011132826016551078,14.936015625451214,3.1792344855995154,296.0891976108869,0.3118053631195247,1.9061545859552482,0.039530660451315695,0.07535154970511518,1.0592950682882547,0.5591726114527853,2.3025849282537174,0.00032009267624779627,0.13824233019752366,0.13061618709675485,0.1388128276035846,0.13240164478469596,1365.193359375,5.743322011668739,0.004510315136747163,0.02302893949599906,0.17081555755940836,0.6286545186522644,0.33332734100938055,5.463209480164547,6.974365992221072,74106.2647415586,0.9966700508226948,0.7844337052366995,1.2090904034165573,196.39220250218213,0.24395593904567936,41438.50909090909,-1.6213882088796558e-19,4.410250092864161e-05,0.06869772547728904,3.0913206944548812,43.44463217783307,-33.772848666893964,0.4159654528267467,0.02048130224979285,0.993752427325157,0.03646237393328161,376.0,4.101615146952233,0.008727695888285493,0.024,0.3636892638929299
FF_04.08.2024_20240904_225600.WAV,0.000273135288686772,9.872133327702105e-09,1.5566215238082262,5.68604485369303,4.0,43.33938269080044,-43.64001739591992,-45.451352867985236,1.8113354720653163,0.9582718095760533,0.0008716042926620871,0.12494635922385,0.10113333768726085,0.010535547288299307,21.2298999984363,3.7351793663983925,296.31424549686926,0.2935790732825967,1.8311732061698678,0.03981316735180741,0.07290480530738669,1.0713830372537223,0.551319241052542,2.302584161542623,0.0007526307246752851,0.13579348915397796,0.13004828193691653,0.13725927396293044,0.13204553238046746,1361.521484375,5.692683991101744,0.004210650337018718,0.022643106790808408,0.16296564318622697,0.6275724386813071,0.3333271869471888,5.450516989486428,6.97633763374237,74281.7668131687,0.9966601853805528,0.7878975307567436,1.2080901735471938,230.2153040442246,0.2524609640190088,41431.21818181818,-2.4500603566159704e-19,4.3434419959666304e-05,0.06336624822739909,3.026765350298939,43.37834026148344,-33.785853501665436,0.31847699107434835,0.02045065983280991,0.9949068342610637,0.026280062063615207,271.0,3.864642855504668,0.000969743987587277,0.017777777777777778,0.05455338958393949
FF_04.08.2024_20240904_225700.WAV,0.0002721900539323025,9.762629703847297e-09,1.6145394267699262,5.986053445620983,5.0,43.307133223049775,-43.6722668636706,-45.47694301583884,1.8046761521682413,0.9582419622997339,0.0007269094026575162,0.08350984840788889,0.05764236825686608,0.006535461225831152,11.914221698729124,2.3271631284449077,296.05237399768146,0.27513174397678797,1.7591220658115772,0.04013970715170344,0.07061064456577629,1.0720748379125247,0.548151984143576,2.302584883889583,0.000347571936043245,0.13818575631202923,0.13095513049320764,0.13609728109985073,0.13211145105954805,1362.201171875,5.677044577822738,0.004181858270293861,0.022931753692907883,0.16335636290615907,0.6244157597558012,0.33332702690824284,5.437664649981196,6.9761419407332665,74345.88405036439,0.9966413547536508,0.790341362116071,1.2071719033680894,206.21181262729124,0.22527897997284452,41561.6,-4.569787309503509e-19,4.3100962157517305e-05,0.06603424433644588,3.0533578034204303,43.34486965173178,-33.838059875658374,0.3477810434834083,0.020328110192038795,0.9944684901614441,0.026861908456167573,277.0,4.0222527698562125,0.0028122575640031036,0.019333333333333334,0.14547570555717196
FF_04.08.2024_20240904_225800.WAV,0.0003115000031432379,2.6340258359746757e-08,2.0565992191086986,8.67525923006004,10.0,44.98428371264194,-41.995116374078435,-44.66684092988298,2.671724555804545,0.9189827894196314,0.0017304157874554749,0.14322173362487634,0.13668516240005757,0.008110555770778793,9.077243873156874,1.9972349674009156,300.40663792170096,-0.06556921051705457,0.8769311089887105,0.09269986206939033,0.08129139284761097,1.2846910768146893,0.9224277445811531,2.302566464167434,0.003309940325287819,0.1890375973879029,0.1353254006580901,0.1522391928772194,0.14077331702793133,1451.513671875,6.526580541153521,0.008179788272233536,0.023537211292941885,0.308704098720902,0.6119842360297325,0.33331260337298535,4.842659127817013,6.730227630163446,63952.41889658803,0.9946502451783737,0.7451298602392123,1.2384863566221245,330.59354087867325,0.5110023579187275,39937.6,5.379745470650498e-19,6.33519510695957e-05,0.28301229256802835,13.834897788861277,45.017599945266625,-32.946192828637486,2.0207966000291577,0.022526325670878092,0.9438006165800589,0.15884406516679597,1638.0,6.728619523674491,0.06400310318076029,0.02410958904109589,2.654931626418388
FF_04.08.2024_20240904_225900.WAV,0.0004232868385644964,1.1034414022554897e-07,1.5572927465720723,4.542934355866559,13.0,48.68882371389731,-38.290576372823054,-41.682354714712616,3.3917783418895624,0.8604668791771649,0.0055407697750270435,0.10895007534371737,0.08410899122496818,0.013381155112285548,8.622799581342315,1.8087923519346336,311.6697078879654,-0.30508265097415277,0.5324699922316339,0.17594881780891064,0.09368746565187581,1.4479278018913795,2.6943815853486495,2.3025171137121596,0.0062675340217925425,0.1657534025151133,0.1332737432848714,0.17438050462395205,0.14679123781640965,1513.564453125,7.169152643725538,0.007171687093880322,0.02318157554903369,0.2803236390640155,0.547783676678959,0.333307974630121,4.741888138097607,6.364335868385494,45832.12117307151,0.9929538339843687,0.5460109722557744,1.2774505065087438,414.60576083794007,1.2222611167684998,37426.69090909091,2.4542657468607626e-19,0.00014860986587615679,0.3454833436561789,10.871864690709302,48.720476422196114,-28.82623826037314,2.350928877801749,0.03619829266288064,0.9455691266584318,0.20015515903801395,2064.0,6.823897526685606,0.04470519782777347,0.019359580052493438,2.309426825720105
FF_04.08.2024_20240904_230000.WAV,0.000533122045493516,2.368294976562153e-07,1.372433430707209,3.491780760765768,11.0,51.24088213855895,-35.73851794816142,-39.96865447094716,4.230136522785735,0.8390169216847685,0.007299049920107881,0.1162605056870244,0.09225429593494361,0.02091921994895185,4.041414942869714,0.9322049458762885,320.88975735227046,-0.22525282360107174,0.6323161730179999,0.16554675701509458,0.10467789185132534,1.6406565381406018,5.688259416381995,1.9961210154436484,0.4149471012675036,0.15835838748262374,0.13571133620685347,0.1973538830230305,0.15624355966928521,1611.02734375,7.7720992277159695,0.00856923885898555,0.022936906503872676,0.33680039858147437,0.5137868820096609,0.33331043857017145,4.792995033887904,6.230391076665773,37813.19547948255,0.9926853214093838,0.4061854514149038,1.3079020144693418,558.6267093395403,1.846348105178935,38601.799999999996,1.0288487233884263e-19,0.00026585896468686457,0.3989999838291298,17.633165616247712,51.24651309180556,-26.42504767185796,2.8192278460393467,0.04772518454464999,0.9368373417794871,0.2528122575640031,2607.0,7.0038908031646425,0.06720325833979829,0.019555555555555555,3.4368635437881876
FF_04.08.2024_20240904_230100.WAV,0.0005770215739131014,3.069451957373605e-07,1.3701174469186488,3.4313168238692717,11.0,52.13321463903274,-34.84618544768764,-38.92168314819881,4.075497700511171,0.8307594175794422,0.006270386947493378,0.4467887063125793,0.46639350285851333,0.026214224980329215,4.350351170579014,0.9979376597190497,321.69143145673263,0.0882869760504192,1.193672731947946,0.08893848803617316,0.10616344798945852,1.6015412704779004,6.9047676684248565,2.2883118094895294,0.09234307261131267,0.14631623185594672,0.13502745041578057,0.19876513332553836,0.15655875703132577,1614.27734375,7.587628346260206,0.00787141008389099,0.02320143218614875,0.30937897823714844,0.5109994347789233,0.33330949002629606,4.772697359356834,6.178758574497822,35177.82558722473,0.9924472527503676,0.335312242411297,1.302523065357395,497.5269130055281,1.767264632431384,38484.090909090904,-2.333255642566865e-19,0.0003284156753791211,0.34090364633373943,12.41635427734458,52.16423877948572,-25.13625307268166,2.586192427276437,0.05535888671875,0.9436861651505195,0.25329712955779676,2612.0,6.653971367964523,0.058669511249030255,0.01822975517890772,3.2186499854524295
FF_04.08.2024_20240904_230200.WAV,0.0006753753489834675,5.011976303628874e-07,1.4142510947754574,3.532921240728316,11.0,53.88271408044463,-33.09668600627574,-37.352612232251026,4.255926225975287,0.8152272117138667,0.006236583454696243,0.10317489426879056,0.07614777869444056,0.030819952581127685,4.641162415212042,0.9898685362781279,323.3189741484445,0.4257989310185025,2.483100446934985,0.04354434973849329,0.10812499429714598,1.736870983938183,10.324012561860615,2.301982094578394,0.01961470064962132,0.1366420974363948,0.13632023452083503,0.20246592650803016,0.16210463946270973,1671.4609375,7.665065376456529,0.009711450453399283,0.02350713728621004,0.3832250053043162,0.5128263608477208,0.33330616696438226,4.707459248316757,6.081569543002704,30714.32463874476,0.9918624224592706,0.28137774637411056,1.3134243828198593,596.8140820482979,1.8939118417224323,38651.4,-6.818830012418409e-19,0.0004909537749813193,0.3293716603735233,11.623201888522228,53.91040603700183,-23.200521607117427,2.3534528607153042,0.06917894261678059,0.9456802551942212,0.24631497284716836,2540.0,6.44899990784854,0.06157874321179209,0.019689922480620153,3.127727669479197
FF_04.08.2024_20240904_230300.WAV,0.0007827658111104768,8.081854981488452e-07,1.5436662278932742,3.963987580030957,11.0,55.59775871980251,-31.381641366917854,-35.123350603971254,3.7417092370533993,0.7959671848309406,0.0042913939714933624,0.08296081969642166,0.07032582325653847,0.02839608387268111,3.0002712049186155,0.6271066430260949,323.26669166478104,0.3959684757990944,2.3110854646963497,0.04273722642369634,0.09876938278924137,1.4998441870055725,14.674036916966372,2.301923660009594,0.020179148649391722,0.13909093847994053,0.13458252471837204,0.1928754066295228,0.15981491247211715,1647.8515625,7.298554666938801,0.007624025615847153,0.023119806502126878,0.3054362610632881,0.5113119272231603,0.3332989370783026,4.589475288114353,5.960920533201635,26444.543908882886,0.9908723001811709,0.2465802694735102,1.2951767414975346,435.33604887983705,1.517304032101639,39851.89090909091,4.7920421839407796e-20,0.0007269074619659229,0.2897742364777062,8.994134329315285,55.6147912706874,-21.085032936277713,1.8105380664433248,0.0882568359375,0.9589761062520611,0.21761055081458494,2244.0,5.796060402728667,0.039274631497284725,0.017704918032786884,2.2185045097468725
FF_04.08.2024_20240904_230400.WAV,0.0007142289655948486,6.882058982026827e-07,1.684588333027053,4.46823482365301,10.0,54.85786007827433,-32.12154000844605,-35.70160139895923,3.5800613905131797,0.7881864306079832,0.004099805513778643,0.09619491781019296,0.08063027209334572,0.025439804006264333,5.589204415479804,1.2292255574967488,319.82214035561515,0.33011635852701954,1.9855931331630663,0.042453479804115485,0.08429533797792862,1.2995936241816504,11.9596660027601,2.302125833111276,0.016469264278759964,0.13742604984967507,0.1312520809024893,0.17923694593470177,0.15585695040490738,1607.041015625,7.097706686978462,0.007008026925128504,0.02291962007642937,0.2806077988603298,0.5147165114648942,0.3332931095845691,4.511220341411958,5.912031768083944,26343.920776135987,0.990178395381457,0.23962420863893227,1.2822457055033278,430.9717777131219,1.3633422437202987,41040.30909090909,-2.72740584326002e-19,0.0006133028237950821,0.29409042019674403,8.028199414064884,54.87674964289318,-21.73378736246917,1.6361010089923802,0.08190504096638072,0.9635227976490377,0.22226532195500387,2292.0,5.418440022074503,0.039274631497284725,0.018,2.1821355833575793
FF_04.08.2024_20240904_230500.WAV,0.00046214913911668553,1.5867226454704256e-07,1.685218010008198,4.710345320693602,10.0,49.78049449299018,-37.19890559373019,-41.656006312819265,4.457100719089077,0.8407404609253482,0.008764211577311776,0.15441284268888678,0.12058504651581015,0.018881031993609576,12.285433467864813,2.1653441702657776,316.49862112942003,0.4162289518192231,2.426000666241773,0.04220511862252192,0.10238964589705124,1.5867700457390541,3.9615617955724676,2.302454611341293,0.00905348973393103,0.1380968544919665,0.1357733258545823,0.17764623027580564,0.15427452326398994,1590.724609375,7.972451873287353,0.012888048867714094,0.02387190396976649,0.4826098940652279,0.5368982219460784,0.3333042068986726,4.672626049942342,6.240823791650878,41374.90485777809,0.9920530478260977,0.36645936494065745,1.3156244254815994,926.3165551352924,2.184219219765299,41048.03636363636,1.8927410144248762e-19,0.00019121144828191357,0.37262216295828143,15.996724581735922,49.81513890956917,-28.7843668134977,3.8173908108971695,0.03637321245598071,0.9237991704851864,0.2892746314972847,2983.0,7.970465034569907,0.1330488750969744,0.022866666666666664,5.819028222286878
FF_04.08.2024_20240904_230600.WAV,0.00047397619464599776,1.742136125942243e-07,1.485244998710003,3.7862442650762573,11.0,50.080381261175866,-36.89901882554451,-41.01888631987174,4.119867494327231,0.8414800671703156,0.009675311627522998,0.14690773180407535,0.11014731482969875,0.022169806228277467,7.955678313708172,1.8517767854492082,313.80039302558424,0.4045577014008486,2.3588477081746415,0.04056120120916449,0.09567769651304815,1.482915046440274,4.024948587281997,2.302436946363142,0.009621486781601796,0.13591471890860896,0.13376966046670208,0.1871742091967838,0.15327987101154106,1580.46875,7.610415665502207,0.011721591322374164,0.02367658879762512,0.44151328352327845,0.5310570518650057,0.33330962770896494,4.775592967094402,6.245704317477543,39998.33490669225,0.9925808170270752,0.3547873925962907,1.2979497689982407,741.926098341577,1.8856151803898749,39959.2,-5.67727683046955e-19,0.00020484187156769498,0.35676301610279487,12.128176372965726,50.114187351754865,-27.813301117068107,3.020585333722561,0.04067569143699877,0.9386998750772936,0.2747284716834756,2833.0,7.046052166987771,0.11142358417377814,0.024031372549019606,4.637038114634856
FF_04.08.2024_20240904_230700.WAV,0.00037373443443287517,6.540079191079068e-08,1.638056892908949,4.715962790823798,11.0,47.19129507635377,-39.7881050103666,-42.405718894172054,2.617613883805454,0.8816836440154624,0.002244983134371381,0.11760600022377243,0.09444963839479192,0.015178911944410456,14.205529191994932,2.90228814093099,303.42433335580927,0.3782688588298677,2.2168245525483727,0.044768397083164574,0.09924368183219419,1.5006068052309143,1.7116362680956712,2.302522895910679,0.0062207722718710555,0.14117609025959332,0.13447854208347207,0.14603676139355753,0.13784429250315197,1421.3125,6.576798674252636,0.006233861288914752,0.023459988259308534,0.23244271338506306,0.6032286300177316,0.3333137415932335,4.870895107681705,6.4970766149225545,52551.96713538803,0.9937153509374924,0.4969042051929424,1.242137514213248,376.41838812918246,0.7720441155077102,41044.90909090909,-1.7099116735325328e-19,0.00010551138410173177,0.2603825493465685,12.753752844372192,47.23299320162961,-30.698514156309717,2.269668204461251,0.02917926123647979,0.9384089379362495,0.13537626066718386,1396.0,7.781573370096623,0.044317300232738555,0.021761904761904764,2.0366598778004072
FF_04.08.2024_20240904_230800.WAV,0.0004148102494326715,1.0394524068204347e-07,1.6336628193520037,4.667024120595519,11.0,48.48139166817924,-38.498008418541126,-40.91366559122599,2.415657172684867,0.8604072503087616,0.0024194526177510056,0.14139963727015692,0.11690022448921833,0.015153630532395046,12.551205071079227,2.5955884513203995,300.10253472457725,0.43718201905536447,2.5535467375139533,0.042928937845973875,0.10962104918152586,1.6598976477901008,2.065613558457728,2.3025443420674936,0.005076233463903179,0.13858177351049042,0.13635222917772732,0.15250657813042418,0.1407308866138105,1451.076171875,6.26228013416278,0.006774091382989041,0.0230316831263382,0.2522983791525218,0.6067317474258201,0.3333088711234159,4.759884397449932,6.363924999277457,46435.042196053895,0.9928751309167276,0.4232396312653867,1.2335864939572327,341.50421879546116,0.6015079466104161,40718.0,-7.496108111342203e-19,0.00014178901743182133,0.23036651459875296,7.119395163209774,48.51642592952303,-28.87966409269985,1.3842947474788794,0.03597632479234175,0.9623711903123778,0.11016291698991466,1136.0,6.497225106967177,0.014061287820015516,0.018412698412698412,0.7637474541751528
FF_04.08.2024_20240904_230900.WAV,0.00048194129443683326,1.847750473142096e-07,1.6761291318137335,4.720706190774154,11.0,50.27390241878191,-36.70549766793847,-38.96512165525808,2.259623987319614,0.8350059850206986,0.00122785849242657,0.11073773408955534,0.08469536317601212,0.013537683408332724,7.391289380154259,2.05317299246314,302.41015936579345,0.36910185288631553,2.1700838069502377,0.042325431496437076,0.09184973351259967,1.4617578050366629,3.278908352861995,2.3025236914741525,0.006155912997655477,0.13732098406232826,0.13414659751821445,0.13908474481023353,0.13707865083406073,1413.41796875,6.181148527954813,0.004915487707302881,0.0227152224214894,0.19003186378516004,0.6049052937003846,0.3333023538779519,4.641787007071527,6.204932657213901,39588.277711425406,0.9918196969342737,0.3463281520774567,1.2315762675613777,266.22054116962465,0.5062857627776162,40896.472727272725,4.188358414300851e-19,0.00021351569891040723,0.24816531279369392,6.377196001508935,50.29429812379816,-27.128902212833175,1.5640485230655798,0.044010356787479284,0.9647917775667498,0.12276958882854927,1266.0,6.506365850090442,0.012315748642358418,0.018306306306306305,0.6728251382019204
FF_04.08.2024_20240904_231000.WAV,0.0004025784410268302,9.313654400002032e-08,1.7128576733738161,5.081187044509357,11.0,48.14100756972171,-38.83839251699866,-41.309306441255984,2.4709139242573244,0.8632734510305441,0.0013220005657271772,0.0902178143269079,0.06601158790957196,0.015097180188137438,11.513700912052975,2.4778740465636173,300.24867160347685,0.10119209302747033,1.2251695656935584,0.07794737478212163,0.09549875130876498,1.5306977112910214,1.907976353805638,2.302560694767798,0.003920422559180814,0.15068050302266187,0.13461951854040377,0.14577572087517462,0.1379581348196101,1422.486328125,6.346818854447709,0.006831107251963922,0.02308782341286595,0.25634765625,0.6175259607747167,0.3333072757256522,4.728294251115495,6.3817822825653785,47771.18527350415,0.9928307417719946,0.4813760225057262,1.2324241973145873,411.3325574629037,0.62903088934148,40050.454545454544,5.263676699894232e-19,0.00013442764307623997,0.21727886521576442,7.140486720778839,48.28488584201725,-29.551481761363974,1.6780175351855,0.033298595203052866,0.9580154921744163,0.12693948797517454,1309.0,6.663360763381222,0.03878975950349108,0.02012578616352201,1.9275530986325284
FF_04.08.2024_20240904_231100.WAV,0.0003246567412952327,3.140385913705627e-08,1.4964963416214074,4.289281079554309,10.0,45.43314666391708,-41.54625342280329,-43.41536657284861,1.8691131500453224,0.916704015395512,0.0015302766008432611,0.1101378697587515,0.07643498303507834,0.013915481767451499,10.580781758569902,2.504172385753006,295.92968187248255,0.4203907522527169,2.4506005688715735,0.039325157823345884,0.09637025413285584,1.6942033505708742,0.8960311101487843,2.3025740995381936,0.002661842124545011,0.138161510361103,0.13515042987821033,0.14008268095863505,0.1338084782028901,1379.69921875,5.79093284148073,0.0052772827562797015,0.022833102267769478,0.19894737739451987,0.6249855439365325,0.33332172539205285,5.1326044061334155,6.7162919461124835,61984.10066394782,0.9952010834140979,0.6083156980371874,1.209701615358303,259.67413441955193,0.31347362646688004,40922.01818181818,1.7771979174492088e-19,7.019344365811281e-05,0.11714098063510718,3.171483814403938,45.46296549222721,-31.668298296624474,0.36793034661961954,0.026096669480294894,0.9927304593319839,0.0315166795965865,325.0,4.292197754563944,0.006691233514352211,0.02164705882352941,0.3091358743089904
FF_04.08.2024_20240904_231200.WAV,0.00029009615929075604,1.403123253852167e-08,1.3452794212894328,4.4355748537186575,8.0,43.99264023161916,-42.9867598551012,-44.923745079220936,1.9369852241197378,0.9496039166034572,0.002149575634954437,0.1654691161046732,0.12584122177732626,0.012649956622046044,10.735954066131097,2.4796348101116945,295.54585904277485,0.43347442719716095,2.53029076887944,0.04164351977244304,0.10537021366386105,1.758266128815916,0.6303603639795778,2.302571228931892,0.0029927360499266698,0.1374987877024537,0.13557935824717274,0.1383650706033027,0.13321767257055572,1373.607421875,5.857526700486688,0.005379380940257977,0.022924342127075267,0.19553745983874876,0.6289893400121878,0.33332663509683763,5.407526993572146,6.922148483902368,71335.75500178129,0.9964286986986394,0.7545054629593048,1.2101621032657992,238.94384637765495,0.3139661223450684,40370.63636363636,6.770678294115538e-21,5.048311406956019e-05,0.10842802226705002,5.045395978871761,44.03146136678096,-33.248800645092835,0.6133466840049024,0.02175504408749667,0.9867333665852043,0.04955391776570985,511.0,5.314235292710085,0.030643910007757954,0.04012698412698412,0.7637474541751528
FF_04.08.2024_20240904_231300.WAV,0.0002919755954960534,1.5179263575449982e-08,1.6286439178333956,6.907693812566604,9.0,44.09069159605136,-42.88870849066902,-44.904733044835694,2.016024554166677,0.9455443411710095,0.0018681522570883624,0.29857308583993913,0.301378374083772,0.012723877298582709,7.726800727634044,1.972348526553931,295.5705036071872,0.42038843732645137,2.4505867874248195,0.04809650674094388,0.11786466394064585,1.9280388084089197,0.6498077550971921,2.3025714213996555,0.0029704455772970205,0.14121650017780363,0.137695004934176,0.1393611939703266,0.13394713473474928,1381.12890625,5.898693362807715,0.005764285411211327,0.02333203839363255,0.20772081110572257,0.6262649267581349,0.33332319166695684,5.200122973849759,6.896654464191246,70494.89038578687,0.996094046935929,0.7654065476145603,1.212319581257883,195.30113471050336,0.3235129655222578,39344.490909090906,-4.4240705375214575e-19,5.241081675327305e-05,0.10332900985246235,4.47142311337007,44.19420927660535,-33.136689938055,0.6436036249816794,0.022037661251877293,0.9853462646051537,0.05605120248254461,578.0,5.259649929989231,0.03733514352211016,0.03733333333333333,1.0001454757055572
FF_04.08.2024_20240904_231400.WAV,0.0002882073825903735,1.2685912219715198e-08,1.1957282557176219,3.9256764012590355,6.0,43.883460653209355,-43.09593943351102,-45.02768047273929,1.931741039228271,0.9540010088083639,0.0017235463689115882,0.15740692916985344,0.14978252192116492,0.012032390233745027,5.828620663725005,1.7021227630768179,295.70113379357394,0.4594797693794264,2.70013902662587,0.03973455763623629,0.10728882977931659,1.7949995334664248,0.6172064222068698,2.3025810164168035,0.001626612056737997,0.1371755083567711,0.13718808958903864,0.14068361798532916,0.13387894299776937,1380.42578125,5.833456282028782,0.006157145584812337,0.02310392888046557,0.22569391822259943,0.6243213002379915,0.333327638001831,5.488625732364497,6.949680179930201,72427.24276481467,0.9966301038281664,0.7617027638453933,1.210976311304043,293.4972359615944,0.40699101687518185,40175.163636363635,-4.2007643155229883e-19,4.9162693618516974e-05,0.07754237716193886,3.1845315383567354,43.916356698126755,-33.33132512873787,0.48985871904977074,0.021549328595941716,0.9924181099550826,0.047323506594259115,488.0,4.245877405905548,0.018619084561675717,0.025599999999999998,0.7273785277858598
FF_04.08.2024_20240904_231500.WAV,0.00028747925830407343,1.2269910287358241e-08,1.1771444311787223,3.7872983285480197,6.0,43.845413178956925,-43.13398690776345,-45.06952229726938,1.9355353895059295,0.955196310414107,0.001780884269089178,0.13199973057174808,0.09064937150181174,0.015436272831336084,7.248293703099533,1.9970955300407593,295.7009787614984,0.45676332095703065,2.6816365263174773,0.03882951282129757,0.10412663988070436,1.850737203744008,0.6167297302846797,2.3025807140961616,0.0016681224289657238,0.13611676849966056,0.1373440635413886,0.1411359069390552,0.13406571258849773,1382.3515625,5.851978810800519,0.0060063660774900595,0.023086779252341198,0.2258004781462173,0.6280798078948324,0.3333278991420762,5.512093781266236,6.957161270441773,72780.92132633705,0.9966786628229395,0.7625052794916818,1.212062213214171,272.76694791969743,0.36969392517699545,40288.163636363635,1.9844185217613475e-19,4.872103864779366e-05,0.07360366520980634,3.6053093866836514,43.87716538126405,-33.33452154474389,0.46015063649964816,0.021541399880611534,0.9899245473246807,0.04257176105508146,439.0,4.505935650324771,0.017649340574088443,0.026234234234234235,0.6728251382019204
FF_04.08.2024_20240904_231600.WAV,0.00029186483524037293,1.3493254919395907e-08,1.1978457189731213,3.8608131905477756,7.0,44.01431791341647,-42.965082173303905,-44.947453130292175,1.9823709569882695,0.9524865853858331,0.002095568573184603,0.12385517059715656,0.08791121744835573,0.01523477493551062,5.552427095915085,1.6331837684883372,295.63350657293824,0.4975197690298841,2.9802560911474867,0.03866969843548625,0.11524560430519433,1.9051107019851194,0.6351183012215917,2.3025789878169434,0.0019821097439807643,0.13637539197620663,0.1385748579987142,0.1426387027011349,0.1345500633425468,1387.345703125,5.893035980131881,0.006278943603918146,0.022977569316554418,0.23240719341052374,0.6264636301100603,0.33332751406076416,5.477861501742288,6.9402084434278155,71955.3140499511,0.9965816845029161,0.7543439382973454,1.2123421446301115,247.67238871108526,0.37412638808069054,39993.63636363636,-3.8539247550837466e-19,5.067315307978478e-05,0.07621920991347225,3.549895363442387,44.047779286156576,-33.22458227730905,0.5258568377426016,0.02181578707261519,0.9904259829194829,0.052269200930954225,539.0,4.502365222276861,0.028413498836307217,0.034725925925925924,0.8183008437590923
FF_04.08.2024_20240904_231700.WAV,0.00028823700015577253,1.2390582327906573e-08,1.0997338960493988,3.584949463567428,8.0,43.87082126217652,-43.10857882454385,-45.012062966247576,1.9034841417037285,0.9553576376475705,0.0010898445205763663,0.07412412849589445,0.052045579130248876,0.016849355706694213,10.248841432968765,2.4130615019882162,295.5577814524073,0.4535194717337649,2.659782730676979,0.038688541781409576,0.10290311530526794,1.9224405620473735,0.6187922244421181,2.302583980180912,0.0008395259570011859,0.13867875731419518,0.13740305369003375,0.14094193933164564,0.1340776461424692,1382.474609375,5.780673133326007,0.005719203096207933,0.023142949596365824,0.21901616300921434,0.6259494463027228,0.33332803042322984,5.5243212616485735,6.958181278490031,72691.42748176085,0.996705723890128,0.7577326589977299,1.2109974020423273,313.13645621181263,0.32658159368635437,40063.41818181818,-4.011837158775696e-19,4.905758693386244e-05,0.08259828282422382,3.378768319197431,43.907061821279726,-33.272930288760534,0.41307983670660775,0.021694691837195194,0.9921454234490075,0.03064391000775795,316.0,4.388612454347112,0.004363847944142746,0.02,0.21821355833575795
FF_04.08.2024_20240904_231800.WAV,0.00028980222167112875,1.2450651605017767e-08,1.1286474790075405,3.719782381878352,8.0,43.914490646721035,-43.06490943999933,-44.99715047557329,1.9322410355739592,0.9554835801284032,0.002403977776213595,0.4531645568068481,0.32057141580434745,0.014312635467795709,10.331280443371616,2.5245014091939133,296.04138852895403,0.47709260547564053,2.8247690144432083,0.039092926915359955,0.1104284886344017,2.0312915053591296,0.6230368501366843,2.30258377179855,0.000918057451110954,0.13905861054537225,0.1377150015947337,0.14135434709506317,0.13445118532392591,1386.326171875,5.895545752220106,0.005919232191349045,0.023077661524368506,0.22707919722963146,0.6269974090477449,0.33332796677144044,5.518355404617058,6.958963628198195,72775.37789298793,0.996699147234398,0.7642600025472869,1.2126304713392826,253.1277276694792,0.3496531313645621,40021.96363636363,2.3865589639196073e-19,4.949969692801413e-05,0.0662693183458836,3.1425021039619248,43.94602539885205,-33.260688111427854,0.407138479753975,0.021725290604793664,0.9932271763516245,0.035104732350659425,362.0,4.135965786942638,0.008242823894491854,0.020606060606060607,0.4000581902822229
FF_04.08.2024_20240904_231900.WAV,0.0002932942670041346,1.5763187321208794e-08,2.0295484269298916,11.34913357487696,9.0,44.148925319371514,-42.83047476734886,-44.86041858676211,2.0299438194132478,0.9427677316676029,0.0016845844272356247,0.09613618766030907,0.07057545990421277,0.015856699318054,8.249410839422342,2.214554990593726,296.0282731939178,0.3563616773314233,2.1073351749905718,0.057676436459364204,0.12154358331892685,2.0499112003323354,0.648560288692167,2.3024058229712376,0.010679849599743108,0.1452817379497624,0.1397906549606216,0.14275381431861628,0.13520394633158764,1394.087890625,5.936121151703178,0.006809134358937057,0.023281429965374672,0.2551399771156644,0.628361131824212,0.3333164640842279,4.9457029421865135,6.879109601566956,70156.91360804181,0.9956539545237717,0.7795174032443624,1.2138991211191201,304.4079138783823,0.44519733173310055,38741.98181818182,2.815929307912897e-19,5.3202175557190153e-05,0.06657714730226486,3.4285087502519667,44.25929391940994,-33.060408857322905,0.49112940990645626,0.0222320556640625,0.9918015139092291,0.05081458494957331,524.0,4.13733532883661,0.01687354538401862,0.02109090909090909,0.8001163805644458
FF_04.08.2024_20240904_232000.WAV,0.0002919450334119754,1.3384082369129357e-08,1.2041570068255003,4.0899725691549875,12.0,44.01157286135956,-42.9678272253608,-44.987954483305124,2.020127257944324,0.9528707973841658,0.00236742972532622,0.4641413612296952,0.41106190324268865,0.01554219233083487,16.437158022659276,3.14126922768307,295.83338605009624,0.48776007308830743,2.904420360314453,0.040259770433061566,0.11693129694736984,2.0074256032246915,0.6383086202193545,2.302530430420699,0.005921052731582855,0.13684414702744643,0.13958768885596104,0.14336018968944336,0.135140490131898,1393.43359375,6.00514239392896,0.007091940645912133,0.02344084854565095,0.26029037342386036,0.6247116498412987,0.33332736820582726,5.465483919135487,6.942605949532349,72061.67448820478,0.9965831664332504,0.75962714215927,1.2148533607111425,339.32208321210356,0.4978943906992532,39795.58181818182,3.004015386611231e-19,5.066137951628445e-05,0.08253482981350369,4.182954726994766,44.046770115136084,-33.23625595440193,0.5448065500495431,0.02178648674704812,0.9900909456038517,0.05382079131109387,555.0,4.3044307919874925,0.01939487975174554,0.024806201550387597,0.7819319173697993
FF_04.08.2024_20240904_232100.WAV,0.00028850221672845576,1.2502822531525594e-08,1.1708187915659982,3.8893137391505164,9.0,43.88286842605151,-43.096531660668866,-45.04321076213227,1.9466791014634026,0.954789233353546,0.002565256404808647,0.31520689115452993,0.17607424987414222,0.019695704907774836,22.47415656467001,3.723287289773054,295.97498664528837,0.46679060175474674,2.7508716211338924,0.03970736286824884,0.1092298576643314,1.96041368320731,0.6220187264500743,2.3025840701015805,0.0008069334843192166,0.13864642937962693,0.13813693113250086,0.1412600824634249,0.1343468140820483,1385.25,5.896904817758171,0.006085733682475027,0.02298821829103131,0.2305956747090204,0.6269521513646185,0.33332776360134436,5.499775666699135,6.9546134459786355,72625.08248176517,0.9966621085658645,0.7655776277335686,1.2130092735635114,325.1382019202793,0.3698265202211231,39993.36363636363,-1.4996421612929197e-19,4.9158749575663555e-05,0.07852763903964878,3.5251458168972056,43.91600827442733,-33.27008104525341,0.41394699778596333,0.02170180954210686,0.9916238468985646,0.0321955003878976,332.0,4.384893867160143,0.0032971295577967417,0.020148148148148148,0.16366016875181846
FF_04.08.2024_20240904_232200.WAV,0.0002902514005910323,1.3429013173828738e-08,1.340036611394446,4.938949079820465,9.0,43.96992894752759,-43.00947113919278,-45.03046938511673,2.0209982459239484,0.951723230789081,0.0017550324092244773,0.5165919187599881,0.49093206036017933,0.018135190159692338,35.09061857427946,4.578714106609192,296.08412961309534,0.341270617443249,2.036148155768193,0.05210651896193703,0.10609659248784846,1.9193328039343136,0.6269544638510196,2.3008408592622676,0.033213797521657006,0.13919600426728737,0.13946071006141975,0.13980260623578666,0.13448982730821452,1386.724609375,6.080261588263052,0.0058195964867617115,0.022942911304680486,0.22445071911372455,0.6269949635612626,0.3333265505433857,5.4012548776452345,6.935395400870561,71904.55122951626,0.9964806800367333,0.7814470004882421,1.2134226713209273,315.3185917951702,0.367288272233537,39947.41818181818,-7.66642641625629e-20,5.014007288606769e-05,0.08281469524112771,4.387452625602483,44.001849609344035,-33.261224890655235,0.4184563205604235,0.021723948045210405,0.9916118395515905,0.031225756400310316,322.0,4.596390369549529,0.0064003103180760275,0.020705882352941175,0.3091358743089904
FF_04.08.2024_20240904_232300.WAV,0.00028679211256994643,1.224396009481348e-08,1.178731826288641,3.8893838889616053,7.0,43.826127135873136,-43.15327295084724,-45.06286511165119,1.9095921608039532,0.9551001296482556,0.0011008312369413797,0.08013695959573397,0.06043147709522334,0.014691693056519073,12.53579682403669,2.592335389137083,295.8509265174217,0.4443491961672621,2.5993828969642596,0.03908721679374529,0.1016026428235957,1.796168738043781,0.6185983014335428,2.302573754035109,0.002699904167106837,0.13735331199689652,0.1361872567281264,0.14048965037791958,0.13365921406750073,1378.16015625,5.799692176502722,0.005529781604597032,0.023041278235740873,0.21077552891610088,0.6252237083041923,0.3333277916102616,5.502296396559189,6.956557526865392,72745.88392840324,0.9966712983109185,0.7626424315201485,1.2115404991153258,284.7686936281641,0.32529352754340024,40214.490909090906,-1.9668610174893398e-19,4.857224707817619e-05,0.07594814277431244,3.895453209821578,43.863881955273555,-33.331396470892884,0.42543064056356883,0.021549151599768435,0.9891012778351284,0.027346780449961212,282.0,5.0332849516100095,0.0026183087664856477,0.018,0.14547570555717196
FF_04.08.2024_20240904_232400.WAV,0.0002842563555128265,1.1553301793787182e-08,1.2161787526287635,4.152391670608771,8.0,43.72670276222966,-43.25269732449072,-45.124142266994376,1.8714449425036577,0.9565501880928549,0.000931750807137921,0.4729296007918442,0.4514795169959508,0.013986322958495556,12.882495981012669,2.527513656607217,295.926111751438,0.4274706413897351,2.4932706417968173,0.03943395759115929,0.09831952875189819,1.7849898960231982,0.5999536690575902,2.302568909472437,0.0032236661914494037,0.13656127759997413,0.13687414201828296,0.13886902382629204,0.1338395433275143,1380.01953125,5.765933199182528,0.005101878455048007,0.02289734355448117,0.19845009775096994,0.6273813476792374,0.33332780843988286,5.503817153531142,6.965619450847463,73254.69459117153,0.9967032594694426,0.7702258429867395,1.2101655557127016,264.0384055862671,0.2839996423722238,40277.65454545454,5.648680176804963e-19,4.7513191069432036e-05,0.07152228584074587,3.11974361284635,43.76814199379554,-33.38416391028589,0.3166076393062127,0.02141863571513783,0.994493516323582,0.02191621411947246,226.0,3.942322443700743,0.0005818463925523662,0.016,0.03636892638929299
FF_04.08.2024_20240904_232500.WAV,0.00029816300920344443,2.842185289185326e-08,5.190537597051074,45.61914437756003,6.0,44.7659325116432,-42.213467575077175,-45.05140452251876,2.837936947441584,0.8872899781793644,0.0010581435511368698,0.16850671928992433,0.16544894271129107,0.013668468214010021,10.710036530504176,2.424717831650053,295.793293890149,-0.21173508513082104,0.6505257828563051,0.15569562945848864,0.10128402124078853,1.8094051598819136,0.8630837997043217,1.2346679895243522,0.7359204930440424,0.13658552355090034,0.13740305369003375,0.14185467475529717,0.13435476978469596,1385.33203125,6.761475806860073,0.005936658968577248,0.02309626131610682,0.22576495817167797,0.625691148895691,0.33312461328701554,3.68795220327713,6.528749157135299,61926.96690787593,0.9873079609705064,0.8475545088070889,1.2118883959924522,309.86325283677627,0.3115415272524488,40185.32727272727,2.8760138210353666e-19,5.962045139173839e-05,1.5236475000866323,359.4592064591373,44.753952597911955,-33.334451381795624,0.8321717138065878,0.02154157388860529,0.9415763626963347,0.030449961210240496,314.0,8.146146256090436,0.0062063615205585725,0.021333333333333333,0.2909514111143439
FF_04.08.2024_20240904_232600.WAV,0.0002925935235849299,1.380502513316767e-08,1.172001890398956,3.7484542035566175,7.0,44.04666233906934,-42.93273774765104,-44.96469533176247,2.0319575841114315,0.951850989098593,0.0010427263888660443,0.3503415135819242,0.34591740687690475,0.015798809383741008,8.128190061043691,2.2213702409531635,296.17118436755123,0.46448727303914344,2.734738502575664,0.03965653006643886,0.10845023965123979,2.041167341168123,0.693578408875166,2.301796585447779,0.022377022574885254,0.13534898005366439,0.13727107573035302,0.14094375211302332,0.13442542400106683,1386.060546875,5.956084034319514,0.005822058966152652,0.023191510306710364,0.22011728221993215,0.6254936663363713,0.3333274960984354,5.476320530483286,6.93623784672243,71709.78792100631,0.9965706212574175,0.7482491414626079,1.213229212493266,298.95257491998836,0.36278004073319753,39937.61818181818,3.9240496374156574e-19,5.089524143002848e-05,0.13489036442815508,49.69624261953489,44.06677178853671,-33.24561385115639,0.6384639961821676,0.021763027329878372,0.9697348758778157,0.03549262994569434,366.0,6.170670845972754,0.005915438324282389,0.02033333333333333,0.2909514111143439
FF_04.08.2024_20240904_232700.WAV,0.00029195627080346256,1.3123288302580412e-08,1.1368290581794895,3.8248788201151886,12.0,44.00036226957897,-42.979037817141396,-44.92374560256158,1.944707785420185,0.9539614636037895,0.001494984220220097,0.22582118269276275,0.17381425995197164,0.017388886362089573,9.312048444896906,2.40005255197152,295.77525392844854,0.474704175407813,2.8073784453792276,0.04025634276356834,0.1130147889642398,2.0102858323550863,0.6349332696186167,2.3025848872555965,0.00035710526949568334,0.13666634338732098,0.13783298189202403,0.14255984671120672,0.13464515293133547,1388.326171875,5.8853720667500955,0.006301295339928232,0.023332219255543876,0.23691823017701263,0.6254328885935276,0.33332767828694626,5.492174978460178,6.949440216076737,72294.16259322,0.9966435278224894,0.7595222790847982,1.2132787249533536,301.13471050334596,0.39793666957618073,39737.63636363636,2.54804594931963e-19,5.059109905042872e-05,0.07012465243747545,3.1778062606463955,44.04074114205007,-33.148800031011085,0.4058751892680945,0.022006957181294758,0.9927989222898793,0.035977501939487976,371.0,4.110500593043546,0.0054305663304887505,0.018666666666666665,0.2909514111143439
FF_04.08.2024_20240904_232800.WAV,0.00028714487549385995,1.2488817188970322e-08,1.1851199158732844,3.7710222568798537,7.0,43.846637563726276,-43.1327625229941,-44.99995370122406,1.8671911782299588,0.9543472119062926,0.0008201990454559382,0.055471169649987884,0.03850757054650489,0.013387153980288558,11.168805034110393,2.525621590843549,295.59759856303197,0.4331613225056555,2.528340742097569,0.03876272723832586,0.09800538255147447,1.75793571916895,0.6169564243416621,2.302584358764255,0.0006820245752614084,0.13815342837746095,0.13483648230745468,0.1391790094418718,0.13309303322907573,1372.322265625,5.720888256516668,0.005145634819610125,0.022870034686266763,0.20019057650339478,0.6247332362242658,0.33332779033493937,5.50218134430166,6.951849998947515,72535.24950505477,0.9966501335814789,0.757424229580815,1.2097575733210781,218.21355833575794,0.28127197289302686,40355.181818181816,3.448420000729653e-20,4.879598557325359e-05,0.07463709028781029,3.690493785952108,43.88384094234305,-33.28545904502468,0.37639799039510535,0.0216634213996656,0.9918160503320779,0.024728471683475563,255.0,4.5721246041783274,0.0011636927851047323,0.016,0.07273785277858598
FF_04.08.2024_20240904_232900.WAV,0.00028608089619272276,1.2048565153536694e-08,1.1814990184675798,3.86411121405058,9.0,43.7983321414848,-43.181067945235576,-45.07413846285952,1.893070517623947,0.955517562308859,0.0012007529204706158,0.10408555694037169,0.08271369533392081,0.01625622722583775,10.790139463023852,2.57264637071898,295.6395150199697,0.4421199679161018,2.585000152325267,0.03906659551741369,0.10098715536334399,1.801430737184762,0.6063938087861888,2.3025838289080185,0.0009009264670538641,0.13687647496201466,0.1372530787358511,0.1392578654318,0.1336573198525846,1378.140625,5.788038023712815,0.005659724747842111,0.023213626045575385,0.21322640715931135,0.6267578706311466,0.3333278641542833,5.508884873192288,6.959168857518248,72888.31790770331,0.9966857256368792,0.7654687174601528,1.210636301044698,271.6758801280186,0.3665874127145767,40251.96363636363,1.594683980825225e-19,4.825571601138517e-05,0.07279187473659021,3.06000967012538,43.83548764004622,-33.33453837824928,0.3502223706856924,0.021541358132795854,0.994418191678517,0.027928626842513578,288.0,3.782963863988525,0.002230411171450737,0.01752380952380952,0.12729124236252545
FF_04.08.2024_20240904_233000.WAV,0.0002867078134078186,1.2484890478697122e-08,1.2354273605478472,3.9375731753873113,7.0,43.834969358284866,-43.14443072843551,-45.13233983759384,1.9879091091583305,0.9540221087933698,0.001563170437563266,0.2317273508790646,0.2378567151536165,0.018517029927813233,18.36720777359152,3.45472384147442,296.1029502800983,0.45934839584969817,2.6992399257618724,0.03872741752858541,0.10453459161480792,1.9541030049066115,0.6489506850477085,2.3021447217118514,0.016718830599962507,0.1360763585814502,0.139207752305365,0.13815206879142772,0.13382798861652603,1379.900390625,5.925764993673923,0.0055420940015517405,0.02304151141668294,0.20544753273520852,0.6280128801538374,0.33332764904307394,5.489595997158383,6.949808441140203,72519.47785273886,0.9966233575486226,0.76484302203371,1.21317873940409,310.95432062845504,0.3779905865095529,40273.01818181818,-6.3711662208602735e-21,4.8447015822560004e-05,0.0899827396582622,19.8633157930226,43.85267031093504,-33.36806398645257,0.5656793959281572,0.021458373520591042,0.9721607888697008,0.028801396431342125,297.0,6.334309050627124,0.0028122575640031036,0.019333333333333334,0.14547570555717196
FF_04.08.2024_20240904_233100.WAV,0.0002910141880691045,1.3977897360887377e-08,1.2437401528327858,3.864069162615122,7.0,44.01382575527091,-42.96557433144947,-44.89663943239364,1.9310651009441742,0.950482313256908,0.0013697116103981166,0.08931714669270452,0.06297121417598672,0.017729140084345785,21.42504054945418,3.9722391766908265,295.593322969861,0.5101199034846909,3.082631677071001,0.03934098964778572,0.12127378089558659,2.09633968572057,0.6362173744132296,2.30258390238223,0.0008679474013332467,0.13850095367406975,0.1376740084405904,0.13812306428938517,0.13366470729075744,1378.216796875,5.766905498443612,0.005420674825429153,0.023047716549048036,0.20239281492483027,0.6281286572239567,0.3333272552984436,5.456108417239985,6.927667095617021,71436.6049993596,0.9965058489779688,0.7583857581281461,1.2106541626543295,272.76694791969743,0.31265911405295316,39805.69090909091,1.7658433637882698e-19,5.062037926347906e-05,0.06926566845943334,3.1783197936116516,44.04325394702503,-33.16369022217772,0.39047894249486603,0.021969263047883006,0.9932082127915056,0.03180760279286268,328.0,4.0381751389384455,0.0031031807602792862,0.024380952380952378,0.12729124236252545
FF_04.08.2024_20240904_233200.WAV,0.000290924231568207,1.4074718326293408e-08,1.2205668550956943,3.6910198140927806,7.0,44.01578279105718,-42.963617295663184,-44.91148965428898,1.9478723586257942,0.9502427621003203,0.0018461265279834382,0.11623894714611793,0.07685973569648474,0.01823980762536881,20.047657771293974,3.654360727272968,295.7090381709637,0.5186881923821229,3.1553104834441115,0.03794821581863275,0.11973840320053158,2.0085142610532274,0.6352710131607565,2.3025843734318356,0.0006698009319585196,0.1368037371092361,0.13811293513983164,0.13975456752927867,0.13386322101396567,1380.263671875,5.797972435011417,0.005896880455338958,0.022793652379420257,0.21770192395126092,0.6246404558248729,0.33332736528405377,5.465239074567365,6.926175194946705,71329.20825203318,0.9965107322405393,0.7528119715865743,1.210096433918825,321.86499854524294,0.39087124793909417,39866.109090909085,2.599351710306096e-19,5.066467503015737e-05,0.07290874049848808,3.1134631424279133,44.0470526137485,-33.16077520108926,0.4212775183889619,0.02197663726228656,0.9934527550065285,0.03665632273079907,378.0,3.9419267898072343,0.005527540729247478,0.021714285714285714,0.2545824847250509
FF_04.08.2024_20240904_233300.WAV,0.0003012848466393417,1.4863695023100073e-08,1.0158020206736267,3.365348611365381,12.0,44.31022961136656,-42.66917047535381,-44.997176902234834,2.328006426881025,0.9520151677279589,0.00586591309758544,0.31754924404704554,0.24625809550896993,0.01698654058873994,17.525663785183543,3.324558544534934,297.01524625291387,0.45402988511734427,2.6632041671911955,0.046072032907604386,0.1226992300305019,1.9621747704912098,0.8552807943026405,2.2991986289074706,0.046006797711948086,0.13656127759997413,0.13706810962569252,0.13970199686932658,0.13372551158956453,1378.84375,6.9018011659367335,0.005600056977984677,0.022905902222203307,0.2127291275157614,0.6253217819682125,0.33332780883009977,5.5038524692060005,6.937288669209398,71419.26772486891,0.9966235524379199,0.7521510990364837,1.2178051842024942,295.679371544952,0.3173757091940646,40053.81818181818,5.469215148108453e-19,5.3877671416178405e-05,0.20986207209886643,467.340767246941,44.314088173227006,-33.2609545592184,1.256424716302348,0.021724624171401516,0.8753714049984719,0.028413498836307213,293.0,10.474914696833187,0.0021334367726920096,0.019555555555555555,0.10910677916787898
FF_04.08.2024_20240904_233400.WAV,0.00028864819240433576,1.2636140815940237e-08,1.1465245548838527,3.616632206801527,8.0,43.89272690358056,-43.08667318313981,-44.991618609767315,1.9049454266275063,0.9544619864844524,0.0009284537200866527,0.08298372589935477,0.0761921484362954,0.013986674455278125,12.065753787075046,2.7053638052376465,295.9811989775978,0.4566216061763422,2.68067634402309,0.03889726879164184,0.10427098829686189,1.951911166218372,0.6268073814364375,2.3025730878983643,0.002783109075438617,0.1374745417515275,0.13709610495047328,0.14052228044271747,0.13419338267384348,1383.66796875,5.777690625566782,0.005590585903404132,0.023009989304870224,0.21230288782129003,0.6267116522604775,0.3333279160058694,5.5136478316448745,6.952574520493866,72502.67628426524,0.9966670478226137,0.7582001126027905,1.211174074004839,337.13994762874603,0.3190236761710794,40178.61818181818,-3.8323721300791863e-19,4.9231629939238275e-05,0.0690083754250696,3.4452504863989875,43.92244214442244,-33.24902514800429,0.374571778309857,0.021754481795339873,0.9921642082375202,0.027540729247478666,284.0,4.401421462373731,0.0030062063615205587,0.01837037037037037,0.16366016875181846
FF_04.08.2024_20240904_233500.WAV,0.0002966673185657736,1.4171698615305104e-08,1.0390372191766015,3.2484620490531966,9.0,44.165894539152205,-42.81350554756817,-44.86714318642684,2.0536376388586675,0.952525666055158,0.0032228611013052078,0.21049391580105625,0.15346688151047727,0.018968475418859265,9.235316052722304,2.354823679701146,295.47694556626686,0.5085569442104042,3.069647493109092,0.0387510664221815,0.11895211389815336,2.021110711297117,0.6517458517861714,2.3025830948521344,0.0011192361711939824,0.13663401545275275,0.13802195033429415,0.14666126457816125,0.1354661056759771,1396.791015625,6.1022545622309545,0.007582542309184366,0.023778490621855337,0.2677140481025703,0.6255611710060467,0.33332795410466914,5.517176638183854,6.9404821519497375,71671.84762091229,0.9966410626494908,0.7435125891204214,1.2150233437933196,331.6846086703521,0.4743871835903404,39877.781818181815,-1.3839939295611325e-19,5.2482209404003804e-05,0.09010514949620352,3.734363050089357,44.200121097473605,-33.1368513878669,0.668903827834697,0.02203725162852894,0.9858443443108291,0.04839022498060512,499.0,5.634891333521645,0.021237393328161366,0.0365,0.5819028222286878
FF_04.08.2024_20240904_233600.WAV,0.000306616146633852,1.71468351964726e-08,0.9331774422920811,2.793288784235084,12.0,44.53159666442241,-42.447803422297966,-44.80373699106927,2.355933568771306,0.9477249036750757,0.0050208219286906886,0.3362723818651665,0.3358422476260423,0.01635336425122913,9.128494274594741,2.0962793249580636,294.89972884732515,0.5501806847283887,3.446229701791159,0.038689411831775024,0.1333326001994934,2.1081658841112016,0.7160454269827051,2.302120133063586,0.01715654904230792,0.13669058933824718,0.14015759368185512,0.15100831432178863,0.13670530107409562,1409.568359375,6.558890590039066,0.009531689457860537,0.024236662674637872,0.310586657371484,0.6264379233599529,0.3333278021863857,5.503251535316186,6.91048242247683,69881.19537981755,0.9965391836335543,0.7155798671918915,1.2202271341388102,310.95432062845504,0.6387292697119581,39706.472727272725,-3.1296514201743997e-19,5.7632817817348144e-05,0.22527391675440153,214.99697456421407,44.606698538796095,-33.055984666474586,1.626254947905231,0.02224337925188469,0.8990668013982024,0.06429402637703646,663.0,8.836542011338935,0.040923196276183085,0.04688888888888888,0.8728542333430318
FF_04.08.2024_20240904_233700.WAV,0.0003056846136360927,1.7494446473641495e-08,1.1276375658040854,3.648113783871329,10.0,44.52288459819694,-42.456515488523436,-44.824950850860155,2.3684353623367187,0.9455453559148592,0.00918749303067834,0.2094127087097497,0.16232463761244775,0.017318219516593514,11.232012697339288,2.510381009810101,295.09754017906425,0.5788238297829971,3.748606738528294,0.03878420387067104,0.1453867279780526,2.0672286432514175,0.7043209016431394,2.3024942856320316,0.007624042877264437,0.13492871690427702,0.13912276649799482,0.1476836732751612,0.13547103063475902,1396.841796875,6.652840813172343,0.008597273239743962,0.024550038997569586,0.2835914767216295,0.6270508620437347,0.33332678645893227,5.418955262111416,6.896803366613248,69578.73658149711,0.99637554734362,0.7216258548261713,1.220323602170801,327.3203375036369,0.6014321780137717,39860.90909090909,-2.5568772688336938e-20,5.701150181703711e-05,0.2049395792310935,12.927061678886933,44.55962481492841,-33.080004037610365,1.789757940743712,0.022181953886783484,0.928904544302743,0.050717610550814585,523.0,10.10040995082533,0.02307990690457719,0.04377011494252874,0.5273494326447483
FF_04.08.2024_20240904_233800.WAV,0.00029931744792685545,1.6178730751630596e-08,1.342947413509302,5.296607506400761,7.0,44.31571100061046,-42.6636890861099,-44.76567959321539,2.1019905071054907,0.9462661331032387,0.0026362468951541818,0.18863827578470294,0.16074262234734682,0.014431579076015888,7.876296340783503,2.007191351648586,295.2369725479333,0.47038270571466373,2.7763117284506227,0.046393614130708326,0.12880313503629806,2.06908298434702,0.6748914255438807,2.3025721939754287,0.002853829107810668,0.1412003362105195,0.14000961839372825,0.14494818617627303,0.13538370732712637,1395.94140625,6.033161116866768,0.007204267590437397,0.02334162471361673,0.2618177323290495,0.6267302432974173,0.33332500106236274,5.2983811123758136,6.901242251005085,70175.64904677603,0.9962622424273758,0.7468475633012944,1.2142719249683704,345.86848996217634,0.43352896784986905,38990.58181818182,-1.6686988491335685e-19,5.5246939815773624e-05,0.12201396212322159,7.442931313261653,44.42308227009992,-32.923200659604674,0.8337080437053217,0.02258603345119592,0.970443586896336,0.0458688906128782,473.0,6.669368083837039,0.00921256788207913,0.028148148148148148,0.3273203375036369
FF_04.08.2024_20240904_233900.WAV,0.0002921467886317484,1.3579783769656213e-08,1.257759376348499,4.750097807459684,9.0,44.025359149216506,-42.95404093750386,-44.92796966766865,1.9739287301647863,0.9521791125004744,0.001294697113365828,0.06388014127544306,0.04711531274121317,0.012087618969363723,7.0530257029835095,1.9756098529297292,295.55464186784445,0.443204296044951,2.5919817372755145,0.043027888424914604,0.11152750099090715,1.9976568838760462,0.6515118099065663,2.3025555681910683,0.004357216188241963,0.13897779070895158,0.13801495150309898,0.1411567539248983,0.13434378333818253,1385.21875,5.871300418975159,0.006329140299195034,0.02291013142848653,0.23301103297769157,0.6265187173978067,0.33332662416938724,5.406711962138851,6.9382594097499775,71896.52201718742,0.9965207504461489,0.7607645670019519,1.2127359264106428,326.2292697119581,0.40077799195034425,39537.27272727273,-3.243196956783791e-19,5.1165574357837504e-05,0.08780525308393201,5.944648548633383,44.08977853651965,-33.15181551508146,0.5444119993018361,0.021999318342497853,0.9833849619865762,0.03704422032583398,382.0,5.128017463414562,0.0035880527540729248,0.02192592592592592,0.16366016875181846
FF_04.08.2024_20240904_234000.WAV,0.0002916580885465893,1.2870249950016363e-08,1.041907937599065,3.3295992566002433,8.0,43.9814652510941,-42.997934835626275,-44.94371075641705,1.9457759207907728,0.9550293171699985,0.0013241154408425437,0.0799284637735832,0.05815110409510116,0.012220645575312439,6.145761234648355,1.7030590500083,295.3898890641357,0.4740244764682774,2.8024583094110005,0.038526144331425254,0.10796791331117021,1.9876828922178902,0.633353566503952,2.302560610028745,0.00397759308869503,0.1361329324669447,0.1378479793874423,0.14192718601040355,0.13440837606682182,1385.884765625,5.856983496977554,0.006482950550383087,0.023155099999528243,0.23851662903128035,0.6253398103196565,0.33332816839134766,5.537502199495958,6.956138337239926,72486.92981462304,0.9967160415867778,0.7531970457722706,1.211627202520765,337.13994762874603,0.42242886844147026,40010.63636363636,3.9228931550983397e-19,5.039833844392865e-05,0.09438959082749102,8.905782307686255,44.02416218657269,-33.18804249000044,0.4664558674501009,0.021907755002108488,0.9863183113771131,0.03112878200155159,321.0,4.919795609755765,0.003878975950349108,0.021333333333333333,0.18184463194646494
FF_04.08.2024_20240904_234100.WAV,0.00029068601603285865,1.2583066247710966e-08,1.0717582218086787,3.4641244086492864,10.0,43.94346117313315,-43.035938913587216,-44.97434977984688,1.938410866259666,0.9555357534066221,0.0012733087281459055,0.11565973672858743,0.09469099042172102,0.014436687962902761,10.438121047353203,2.380425998394497,295.6142480845027,0.4801238484034212,2.8470701028655565,0.038914114768819466,0.1107912127377849,2.1034500938302347,0.6284605072956857,2.3025838253831212,0.0009030634205677401,0.1359551288268193,0.14001661722492345,0.14122292044518286,0.134932126491126,1391.28515625,5.871766925690803,0.006531442452235477,0.023061873724316867,0.24778734238603298,0.6289159118706404,0.3333281445048592,5.535195162564954,6.959300158336321,72698.21761812487,0.9967210806383727,0.7590724202790382,1.2130376091015804,331.6846086703521,0.42852824047134125,39967.43636363636,6.066275428112835e-20,4.986500581293923e-05,0.07833265953198108,3.244768900226366,43.97795874003545,-33.200288756296594,0.39200600303429667,0.02187688894560843,0.9928495356312634,0.0315166795965865,325.0,4.1920384182282024,0.0032971295577967417,0.022666666666666665,0.14547570555717196
FF_04.08.2024_20240904_234200.WAV,0.00029179761931927707,1.3092610588188071e-08,1.0829178601940475,3.419657408831918,8.0,43.99491520867926,-42.984484878041116,-44.90405779480632,1.9195729167652047,0.9541956965941221,0.0009197829034727212,0.046867792496797844,0.03773058673197471,0.009156134157619067,6.488906115848177,1.7363323065377765,295.3619362068018,0.481683619257947,2.858647101094276,0.03915859727249164,0.11194061057592644,2.083409236956602,0.6342709751235547,2.302581406630968,0.001540219138320964,0.1376846733262212,0.13862284998405267,0.14224170357942745,0.1345663535908253,1387.513671875,5.792818182563471,0.0063011059184366214,0.02327981509679137,0.24029262775824445,0.6257834276204609,0.33332801566920484,5.5229320679789895,6.95091897490726,72298.02062531239,0.9966782618597131,0.7549505489233735,1.2115776975790395,302.2257782950247,0.3374733294539812,39931.36363636363,3.7707631629929795e-19,5.0436648086607224e-05,0.06829118962738703,3.220638733916993,44.027462165635896,-33.16414073315901,0.3942290139929767,0.021968123597809763,0.9931413604736719,0.03074088440651668,317.0,4.060467398868396,0.004751745539177657,0.018666666666666665,0.2545824847250509
FF_04.08.2024_20240904_234300.WAV,0.00029104812571597335,1.3073697768678202e-08,1.0711579522661532,3.370541080453509,7.0,43.97472035677122,-43.00467972994915,-44.926150927098206,1.921471197149053,0.9540962061717665,0.0010574032779460119,0.06599535773575638,0.0586113925371784,0.011740285961208463,8.316345848921888,2.111016050467518,295.3895243387701,0.49187903456454324,2.936070613197414,0.038227183763924526,0.11223771087455611,2.055414533477851,0.6321149712394121,2.302582185238365,0.0013590297603174762,0.13848478970678563,0.1372670763982415,0.1420604254416615,0.134171220359325,1383.439453125,5.7844476253543675,0.00598136244059742,0.022851099304308765,0.2281092764912706,0.6260819253835685,0.33332803518369636,5.524770317399196,6.950298905209243,72246.04351494611,0.9966794099173569,0.7529722889056374,1.2101949398476215,310.95432062845504,0.3397274452041509,39893.72727272727,-2.1195166833752989e-19,5.029814604620015e-05,0.08723680716700281,4.759118971294308,44.01551977565994,-33.17618014812163,0.43223025150236083,0.021937694919470584,0.9910985173182897,0.03200155159038014,330.0,4.350954629383018,0.002230411171450737,0.01752380952380952,0.12729124236252545
FF_04.08.2024_20240904_234400.WAV,0.00029436175694419584,1.4676116790227742e-08,1.1123881427460907,3.301553517681011,8.0,44.12926413793624,-42.850135948784136,-44.90068911944643,2.0505531706622975,0.9499743810784292,0.0010531182389128535,0.12521231066020744,0.11633086366630063,0.013462866644231797,12.215916083476683,2.542577471495506,297.2607038206991,0.47757156184686556,2.828275518596021,0.03925030824396909,0.11101068590376535,1.9849602443910714,0.6943278633202059,2.3025630390114777,0.003741527293033009,0.1366582614036789,0.13653619845485804,0.1430628935435072,0.13512988252836777,1393.32421875,5.956749341256296,0.005563309208612162,0.022795710144253203,0.21407888654825413,0.619086245087747,0.33332761994663845,5.487043152507367,6.924517214879743,71030.26659794214,0.9965430116956976,0.7387121829608505,1.2171360157587188,279.31335466977015,0.33559805668703324,39938.94545454545,-1.3916687667578784e-19,5.19970988699727e-05,0.11528915079521497,5.172249148573568,44.1597911325191,-33.115528783842166,0.6776097582298064,0.02209141635316791,0.9807874952334179,0.04325058184639255,446.0,6.048796549442644,0.0064003103180760275,0.018526315789473686,0.3455048006982834
FF_04.08.2024_20240904_234500.WAV,0.0003533891479555864,4.257846052975538e-08,1.195351593292235,3.2217005022651346,11.0,46.311271521153394,-40.66812856556698,-43.87175199781332,3.2036234322463386,0.9110384894826188,0.005133147631097068,0.17265538396024793,0.14320509491718858,0.012286059279146389,7.645963650551196,1.964292605568857,307.5995100412323,0.5265854174835075,3.224626941926373,0.04179457233056221,0.13477190396342142,2.1138219393722806,1.576208403293299,2.3023398167042672,0.012475819689423595,0.14056994148643842,0.13742804951573087,0.16229831674185174,0.14231653392008536,1467.42578125,7.209373966226696,0.007368496023664049,0.02332609662370793,0.2817799580201261,0.5728816965342541,0.3333227863024612,5.180526941451813,6.680975506401713,59021.52637487971,0.9952539138610151,0.5750783332651761,1.2729905826022372,483.34303171370385,1.0120790296770439,39177.41818181818,-3.556498530020814e-19,8.585324701210082e-05,0.34096238776725235,24.87029766988597,46.337567250388254,-31.92878630183796,2.8733256086099104,0.025325654914162377,0.9126460928319744,0.15671062839410396,1616.0,8.452927048905938,0.0339410395655547,0.020289855072463767,1.6729706139074776
FF_04.08.2024_20240904_234600.WAV,0.0004464269287082757,1.1836150815345848e-07,1.2916665569084005,3.440677392673317,12.0,49.0917046526032,-37.887695434117184,-42.202709249941144,4.31501381582396,0.868892436394124,0.012439563339562754,0.21306011760994015,0.1757486162931231,0.01224247707392545,5.528713008690073,1.2200635364150867,318.8458404474166,0.53428775275404,3.2944973249623937,0.04316785159964705,0.14221637161941078,2.3052616579754495,3.632365668304012,2.30213954389597,0.01680961191396868,0.1421701742475673,0.13735106237258377,0.1883071975578209,0.1514100914678499,1561.189453125,8.036555215450615,0.008353866623023955,0.023138426757356716,0.33065544298617844,0.5310878535717333,0.33331554135441566,4.919075268081089,6.417297206456714,46293.170143601405,0.993746127534353,0.42144774026987114,1.3204729425021728,603.3604887983707,1.7389461194355544,38470.32727272727,1.8737116235671913e-19,0.00016256912920798553,0.4173148810525328,25.08117428745924,49.110380794653395,-29.599403081147248,4.0714893295711825,0.03311538785298666,0.9058080709370477,0.25717610550814585,2652.0,8.6444792731266,0.07447633824670287,0.01978743961352657,3.7641838812918245
FF_04.08.2024_20240904_234700.WAV,0.000763058207963148,6.93757329334487e-07,1.4829554573430126,3.8737601108263933,13.0,55.13065803146628,-31.84874205525409,-35.79122441696006,3.9424823617059737,0.8070173166654646,0.0056708220297072565,0.09199183670184097,0.07023889361975377,0.025010691162656973,3.3817258880678707,0.8023536067286091,319.70475077621853,0.4335441629390758,2.5307253790111326,0.059134359326917504,0.1496528239201938,2.3281374440398177,12.709026223500624,2.3014256559037842,0.027079860692248835,0.13977790708951607,0.13750503665887798,0.2078299466045245,0.16435326198962272,1694.646484375,7.33356440398912,0.010623893778488994,0.0233840992153474,0.42538721508244426,0.5160063626916928,0.3333013110473822,4.6252330864609075,6.030081174405607,28690.401864896125,0.9913225744121159,0.26762413824776077,1.2990982812014829,644.8210648821647,1.5559270742411018,38743.61818181818,-2.1146804845937878e-19,0.000652995864275363,0.2999026793574371,9.211791185573212,55.1491043069609,-21.68060758386829,1.922267992747539,0.08240804821361195,0.954710333215976,0.2373933281613654,2448.0,5.845704505972132,0.06060899922420481,0.01972386587771203,3.0731742798952575
FF_04.08.2024_20240904_234800.WAV,0.0008608386946672549,9.464673264843325e-07,1.4827416355931482,3.8346856850959274,14.0,56.344564752228706,-30.63483533449166,-34.04519806992611,3.410362735434447,0.8016125483915566,0.006068644172865567,0.7805758859393529,0.7386037152756406,0.023847303352300786,3.5649723765229777,0.7480857232035819,319.4495929741821,0.4259206299671267,2.483838828567337,0.06482935239092469,0.16102566269945345,2.442507035042302,16.281557941115725,2.293479637531561,0.07579494006550754,0.13932531600556042,0.1381799239526999,0.1870328122493263,0.15732364101445057,1622.1640625,7.190358946101859,0.007503742968674232,0.023138427808811163,0.2949578685741998,0.5201743085648981,0.33330067352210746,4.615376480874729,5.996286677478822,26928.29315430853,0.9911676187196289,0.25684345047409474,1.2792822019189942,450.61099796334014,1.2064444222189894,38920.854545454546,-4.891184258961757e-19,0.0008647978703441067,0.25733898560432844,7.640656663733524,56.369146114506414,-20.194243446708665,1.5307714000504546,0.09778851092367462,0.9657497337314901,0.19831264546159813,2045.0,5.431437337798425,0.034425911559348335,0.017861635220125786,1.9275530986325284
FF_04.08.2024_20240904_234900.WAV,0.003085587919178809,5.8946439536067076e-05,7.912577638258933,76.06748789737533,16.0,72.42693122931804,-14.552468857402335,-38.51261011799585,23.960141260593513,0.4454914379118322,0.14119747070587607,0.2865477054255837,0.12479100359379292,0.10352619945661545,37.52755493807185,5.096162672861758,369.40605187007804,-0.7652039966673039,0.133013523522488,310.17997927355725,41.258131969308145,6.932135345930435,455.0378797588459,2.085275728299523,0.3556863037651958,0.40135938964859535,0.2920782229367696,0.31076692435353953,0.2518205299558724,2596.521484375,24.855496118610553,0.12428966940645911,0.04395592925285056,2.717455652127789,0.0,0.32507186247610276,1.848770174375532,3.7096287679233377,6819.767380441362,0.8702725736498902,0.1180320306995721,3.0772883841434355,1121.6176898457957,5.0673848014256615,19465.690909090907,5.600065865575165e-18,0.04019444104889871,0.09082775980695565,15.049526748364634,73.04165993663425,-19.840573420507425,10.809011141682312,0.1018524169921875,0.8421743957630065,0.36714507370054306,3786.0,15.029071140812519,0.29819627618308764,0.08282828282828283,3.600523712540006
FF_04.08.2024_20240904_235000.WAV,0.002160274429588183,5.880801714382327e-06,2.793665014557691,12.99770542548712,71.0,64.30363099324659,-22.67576909347378,-38.86668500871601,16.190915915242233,0.7680315890962994,0.10452385116478469,0.5276884693385596,0.17962641340436736,0.1005285809838673,9.829912385014767,2.406681075559629,367.1101586976745,0.3526110521843948,2.089332937715917,1.1730677585910863,2.4509291061969405,7.43996932469042,8.00955818841155,2.1050713000138366,0.34862374234491983,0.2578347578347578,0.2765295033336271,0.21299624570652612,0.20769898504273504,145.8046875,22.23724349837099,0.07048778044871795,0.03249967015241441,2.08024529689729,0.6208975136105093,0.333143565398693,3.7355481701391584,5.782542699507503,28494.31586642133,0.9828184577738602,0.44362481162768447,2.3721477258746004,961.5384615384614,2.895744301994302,23995.735749741816,-2.76165681131842e-19,0.005520677905510862,-0.4889750993482364,85.05826266238329,63.24228055627411,-24.86817251256874,10.91336169351257,0.057094118800073625,0.6564347677008641,0.29160739687055476,205.0,16.059072747661467,0.2162162162162162,0.036848484848484846,5.8760683760683765
