filename,Site ,Treatment ,MEANf,VARf,SKEWf,KURTf,NBPEAKS,LEQf,ENRf,BGNf,SNRf,Hf,EAS,ECU,ECV,EPS,EPS_KURT,EPS_SKEW,ACI,NDSI,rBA,AnthroEnergy,BioEnergy,BI,ROU,ADI,AEI,LFC,MFC,HFC,ACTspFract,ACTspCount,ACTspMean,EVNspFract,EVNspMean,EVNspCount,TFSD,H_Havrda,H_Renyi,H_pairedShannon,H_gamma,H_GiniSimpson,RAOQ,AGI,nROI,aROI,ZCR,MEANt,VARt,SKEWt,KURTt,LEQt,BGNt,SNRt,MED,Ht,ACTtFraction,ACTtCount,ACTtMean,EVNtFraction,EVNtMean,EVNtCount
Old Sneed Park_20240826_210800.WAV,Old Sneed Park ,Pre-light treatment,0.000267488,1.15E-08,2.63681012,13.57158797,3,43.26424913,-43.71515096,-45.68746755,1.972316588,0.946353891,0.004189039,0.540611322,0.341048722,0.015950075,109.2675511,9.524460126,297.2602339,0.030751297,1.063453884,0.060154217,0.063971236,0.828461752,0.555846577,2.302422792,0.009206655,0.146033362,0.128730502,0.127971489,0.129724361,1337.587891,5.821972942,0.002117353,0.022015619,0.092422974,0.630772854,0.333318114,4.997167871,6.90148878,72232.95914,0.995667342,0.851464298,1.208306619,39.2784405,0.12092668,41771.50909,2.35E-19,4.26E-05,0.068964654,3.676361721,43.29739036,-34.02589406,0.336218768,0.01989323,0.992551448,0.021140419,218,5.11361963,0.004169899,0.017641026,0.236398022
Old Sneed Park_20240826_210900.WAV,Old Sneed Park ,Pre-light treatment,0.000270818,1.23E-08,2.483436062,11.54445958,4,43.3979569,-43.58144319,-45.71048099,2.129037796,0.944671183,0.019043534,0.599297508,0.471934082,0.020662109,112.4409544,9.812609981,298.1987123,0.106940404,1.2394922,0.061691406,0.076466016,0.880460828,0.609864146,2.284210423,0.096469828,0.141014451,0.130589192,0.128333138,0.130301529,1343.539063,6.339678674,0.002271732,0.022030269,0.098745529,0.631272829,0.333319662,5.050813762,6.891004161,71652.63401,0.99569108,0.858950016,1.214517225,44.73377946,0.1521244,41761.27273,3.90E-19,4.38E-05,0.024500686,20.00177328,43.41502812,-34.04930157,0.521222832,0.019839692,0.977619408,0.022595035,233,6.982396477,0.003200155,0.019555556,0.163660169
Old Sneed Park_20240826_211000.WAV,Old Sneed Park ,Pre-light treatment,0.000277761,1.15E-08,1.568483908,5.297156579,9,43.54786472,-43.43153537,-45.72092561,2.289390247,0.953481509,0.005407128,0.160023133,0.144688199,0.019877967,115.5887367,9.947356824,298.6162944,0.268534299,1.734236201,0.041415312,0.071823933,0.853673419,0.683866926,2.300991216,0.028374133,0.14015776,0.129623353,0.128522574,0.130383359,1344.382813,6.800813546,0.002102957,0.022089335,0.092174334,0.626855961,0.333326667,5.409884121,6.946370809,72909.33914,0.996493962,0.783573056,1.21578736,44.73377946,0.126192598,42097.49091,-1.32E-20,4.65E-05,-0.525392381,1079.119809,43.67327594,-34.10606113,1.243486071,0.019710468,0.856858961,0.015224981,157,13.08644369,0.001648565,0.018133333,0.090922316
Old Sneed Park_20240826_211100.WAV,Old Sneed Park ,Pre-light treatment,0.000270751,1.01E-08,1.812292727,6.800989396,6,43.28432021,-43.69507988,-45.70816198,2.013082096,0.95577297,0.023188016,0.515872166,0.481852819,0.02265085,109.7826781,9.703789026,297.9693388,0.350735298,2.080407719,0.040601086,0.084466812,0.900602322,0.591349264,2.30151149,0.023208778,0.140747745,0.130646182,0.127795649,0.130120442,1341.671875,6.528964798,0.002193501,0.021909823,0.096259131,0.630999506,0.333326183,5.374897667,6.960663763,73892.03242,0.996490601,0.831353797,1.214410714,43.64271167,0.151650846,41904.74545,-3.41E-19,4.27E-05,0.02060619,36.14335255,43.30750424,-34.06574794,0.530077925,0.019802162,0.974299669,0.028122576,290,6.373998784,0.003200155,0.016,0.200029095
Old Sneed Park_20240826_211200.WAV,Old Sneed Park ,Pre-light treatment,0.00026676,1.14E-08,2.956230247,18.84608126,3,43.24080754,-43.73859255,-45.71544955,1.976857006,0.945574352,0.006140136,0.576437389,0.55817234,0.012208102,101.0345435,9.002088045,297.2004888,0.054328324,1.114898913,0.058504497,0.0652266,0.831282814,0.536505877,2.286453608,0.089646041,0.140351728,0.128688509,0.127924356,0.129920223,1339.607422,5.855024235,0.001928121,0.021968408,0.085603139,0.626936808,0.333310753,4.799917127,6.896463718,72257.4655,0.995350796,0.84862677,1.207822833,20.73028804,0.083781126,41994.49091,-3.76E-19,4.25E-05,0.181522814,13.88934008,43.28362166,-34.09266622,0.380750754,0.019740888,0.988424263,0.019782777,204,5.635697044,0.002036462,0.018666667,0.109106779
Old Sneed Park_20240826_211300.WAV,Old Sneed Park ,Pre-light treatment,0.000264281,1.05E-08,2.318522533,10.25660374,3,43.1201563,-43.85924379,-45.73133136,1.872087569,0.950478416,6.16E-05,0.222121079,0.214682965,0.005058286,19.02226457,2.782871012,296.6758461,0.025517182,1.052370717,0.054995871,0.057876044,0.671800449,0.543528854,2.291090346,0.074640366,0.139131348,0.127000791,0.127107698,0.129289639,1333.105469,5.628895506,0.001665583,0.022173829,0.073384267,0.630133628,0.333322598,5.171692749,6.92741785,73020.90635,0.996060692,0.839063961,1.204613218,4.364271167,0.026026513,42252.21818,8.20E-20,4.11E-05,0.047743286,12.24108256,43.14196593,-34.13315091,0.302256933,0.019649091,0.989714268,0.010473235,108,6.354609707,0.00087277,0.016,0.05455339
Old Sneed Park_20240826_211400.WAV,Old Sneed Park ,Pre-light treatment,0.000265407,9.68E-09,1.895460782,7.28718816,3,43.10975833,-43.86964176,-45.70993187,1.840290113,0.955582819,0.007353972,0.673672428,0.497759574,0.016343869,80.13811873,8.14394104,296.93438,0.205220145,1.516420097,0.043708427,0.066280336,0.834821092,0.528851003,2.302577071,0.002121792,0.139923383,0.12958036,0.12817452,0.129641963,1336.738281,5.785369403,0.002074355,0.022055122,0.090895615,0.631331438,0.333325797,5.348559723,6.959459835,73952.16885,0.99645558,0.828238012,1.208252618,22.91242363,0.108538515,41985.92727,1.90E-19,4.12E-05,0.05553222,3.102824531,43.14677519,-34.07912533,0.287029349,0.019771687,0.99511429,0.018813033,194,4.17716685,0.00087277,0.016,0.05455339
Old Sneed Park_20240826_211500.WAV,Old Sneed Park ,Pre-light treatment,0.000269453,1.31E-08,3.128988824,19.68393115,3,43.40103561,-43.57836448,-45.71023321,2.131868732,0.938765025,0.019303292,0.600050006,0.522615712,0.026389122,117.5657204,10.13886369,297.4164305,0.06622724,1.141848731,0.065029941,0.074254356,0.923290847,0.557003157,2.284003929,0.096628685,0.141911551,0.13083715,0.128411088,0.13039283,1344.480469,6.16838346,0.002305638,0.021824011,0.100237368,0.628296248,0.333305222,4.690357313,6.853731186,70784.06094,0.994848947,0.86135064,1.212855563,40.36950829,0.141819871,41618.74545,4.64E-19,4.41E-05,0.23226409,16.56862995,43.44151278,-34.04908203,0.444291665,0.019840193,0.986664967,0.026570985,274,5.513498211,0.002327386,0.021333333,0.109106779
Old Sneed Park_20240826_211600.WAV,Old Sneed Park ,Pre-light treatment,0.000274898,1.88E-08,4.531052321,34.96951052,3,43.82095178,-43.15844831,-45.69187546,2.53342715,0.911371232,0.142778747,0.742242517,0.618778152,0.035042322,121.5369345,10.37237406,298.2355664,0.521175744,3.176897837,0.043567511,0.138409531,1.283057781,0.63374979,2.302443545,0.008605206,0.141903469,0.133630684,0.128347641,0.130656883,1347.203125,7.834626732,0.002876176,0.021985023,0.122153192,0.631456163,0.333240313,4.092039733,6.681060136,66260.29467,0.991356217,0.859676706,1.226099417,80.73901658,0.247592832,41140.92727,2.96E-20,4.83E-05,0.079587346,5.313881077,43.84393888,-34.01239534,0.815257601,0.01992417,0.982614507,0.05731187,591,6.176292051,0.026764934,0.016539326,1.618417224
Old Sneed Park_20240826_211700.WAV,Old Sneed Park ,Pre-light treatment,0.000274887,1.76E-08,3.792372187,24.92108583,6,43.7643868,-43.21501329,-45.7264086,2.51139531,0.919540059,0.12043712,0.733116089,0.599927274,0.026375378,75.69212189,8.27088717,298.0865709,0.42201889,2.460320701,0.051504872,0.126718503,1.245371793,0.626579969,2.293034078,0.070299096,0.13726441,0.134830483,0.128534357,0.131157335,1352.363281,7.685036908,0.003007824,0.022253925,0.127729828,0.633271536,0.333279987,4.370044478,6.732862268,67179.12115,0.992999993,0.864625486,1.224674507,73.10154204,0.267709394,41352.34545,-2.31E-19,4.77E-05,0.039468822,12.87694469,43.78065681,-34.06576887,0.807220262,0.019802114,0.97871645,0.051105508,527,6.431615832,0.025019395,0.017641026,1.418388129
Old Sneed Park_20240826_211800.WAV,Old Sneed Park ,Pre-light treatment,0.000276695,2.03E-08,4.187581051,27.89004341,3,43.93354806,-43.04585203,-45.7096723,2.663820273,0.907489204,0.134060728,0.681854728,0.551160813,0.02609284,53.51594071,6.895879922,297.8496578,0.407920369,2.377924005,0.05861608,0.139384584,1.303435925,0.630060108,2.277519675,0.113887384,0.138452462,0.13376966,0.127813777,0.130616347,1346.785156,7.899178443,0.00299286,0.021748776,0.126699749,0.633134137,0.333260694,4.215695263,6.657007927,65186.47578,0.991665278,0.868936654,1.226410738,69.82833867,0.262576072,41221.47273,-2.59E-19,4.98E-05,0.219716511,14.24434425,43.96801842,-34.05251031,0.929021431,0.019832364,0.974965208,0.057602793,594,6.675217355,0.030159038,0.017277778,1.745708467
Old Sneed Park_20240826_211900.WAV,Old Sneed Park ,Pre-light treatment,0.000267402,1.03E-08,1.755200776,6.115909537,4,43.19862231,-43.78077777,-45.72865881,1.947881031,0.954178531,0.016939666,0.602287181,0.394364961,0.019663333,61.93161044,7.231778063,297.7643989,0.276811014,1.765528842,0.04145001,0.073181189,0.993452653,0.54492223,2.302558395,0.003851357,0.136625933,0.131844982,0.129237716,0.130849525,1349.189453,6.12405121,0.002821433,0.022257655,0.120696873,0.629751204,0.333326296,5.382848675,6.950702398,73397.54167,0.996461009,0.823128808,1.214732488,99.28716904,0.242175377,41785,3.33E-19,4.20E-05,0.065528873,3.40006565,43.23286283,-34.07925614,0.432188683,0.01977139,0.99114915,0.03151668,325,4.837936415,0.005139643,0.017666667,0.290951411
Old Sneed Park_20240826_212000.WAV,Old Sneed Park ,Pre-light treatment,0.000266001,9.64E-09,1.818144847,6.629552397,3,43.12456037,-43.85483972,-45.71754875,1.862709033,0.95616197,0.01289478,0.635663499,0.459991423,0.025763448,71.93403071,7.910492931,296.9861611,0.290261453,1.817939095,0.039993723,0.072706153,0.989105222,0.528202654,2.302582612,0.001181921,0.138937381,0.131306072,0.128312291,0.13011779,1341.644531,5.918472654,0.002347311,0.021908111,0.102333047,0.628170915,0.333326341,5.386050698,6.963101375,74038.67868,0.996512247,0.8297802,1.209812226,64.37299971,0.144414945,41907.38182,-4.39E-19,4.13E-05,0.048505543,3.084840255,43.16235769,-34.08909342,0.309124732,0.01974901,0.99506394,0.023564779,243,3.993087456,0.001745539,0.016,0.109106779
Old Sneed Park_20240826_212100.WAV,Old Sneed Park ,Pre-light treatment,0.000271239,1.50E-08,3.588539559,24.718886,4,43.54392825,-43.43547184,-45.7091815,2.273709657,0.929758777,0.011049368,0.545732898,0.397094684,0.02068736,56.03229542,6.972658541,297.5935853,-0.086711799,0.84041436,0.083619723,0.070275216,1.026074674,0.590542991,2.09833978,0.325662744,0.1412165,0.13161402,0.128063034,0.130208144,1342.576172,6.452530121,0.002318519,0.022050764,0.100237368,0.631670777,0.33328852,4.45719189,6.79704012,69148.02758,0.993851716,0.877301416,1.211858945,40.36950829,0.150078648,41765.23636,-3.88E-19,4.52E-05,0.457239551,67.19569783,43.55493813,-34.07923665,0.515942101,0.019771434,0.975447303,0.020461598,211,7.019454286,0.000484872,0.026666667,0.018184463
Old Sneed Park_20240826_212200.WAV,Old Sneed Park ,Pre-light treatment,0.000269248,1.33E-08,3.490761435,24.93125522,4,43.40441155,-43.57498853,-45.73484305,2.159854518,0.936814706,0.014779817,0.592944584,0.618157601,0.020561552,80.40151137,8.183910672,297.6397112,0.027384404,1.056310848,0.06938485,0.07329197,1.026017152,0.562984594,2.281847144,0.102477427,0.142170174,0.130767162,0.127969676,0.130536411,1345.960938,6.187305176,0.002481422,0.022114961,0.106098164,0.628087325,0.333294969,4.534882456,6.841329941,70630.1243,0.994390427,0.866939318,1.212659552,70.91940646,0.17953369,41684.85455,3.80E-19,4.40E-05,0.205123386,14.43237297,43.43471157,-34.07572501,0.471578624,0.019779429,0.985287835,0.032001552,330,5.473075888,0.004266874,0.021333333,0.200029095
Old Sneed Park_20240826_212300.WAV,Old Sneed Park ,Pre-light treatment,0.000271616,1.32E-08,2.394854187,10.19237015,4,43.46608765,-43.51331244,-45.70311038,2.189797943,0.94147944,0.036083445,0.647430761,0.486916416,0.026548075,67.0031206,7.613152269,297.6813711,0.165162281,1.395675177,0.060321204,0.084188808,1.019367548,0.593580378,2.279273845,0.108540035,0.139802153,0.131279076,0.128412901,0.130294331,1343.464844,6.552622272,0.002710432,0.022206731,0.117429036,0.631549989,0.333320067,5.065837284,6.871053504,70755.31428,0.995611616,0.861047567,1.216689316,37.09630492,0.200351112,41514.4,4.90E-20,4.45E-05,0.012177369,15.0534446,43.4866172,-34.02559807,0.544553726,0.019893908,0.984258195,0.035298681,364,5.684001102,0.005527541,0.017882353,0.309135874
Old Sneed Park_20240826_212400.WAV,Old Sneed Park ,Pre-light treatment,0.000266802,1.01E-08,1.938594001,7.310949526,4,43.17471751,-43.80468258,-45.72257888,1.917896303,0.953901201,0.022552741,0.691966348,0.531507445,0.01024059,85.72580139,8.104019318,297.2633258,0.245483493,1.650704101,0.044034583,0.072688067,0.838521538,0.543374143,2.302546684,0.004484173,0.136666343,0.129000457,0.128324075,0.12976073,1337.962891,6.120520889,0.002012414,0.021748855,0.088977536,0.629767341,0.333325518,5.330382439,6.948930833,73540.21512,0.996378819,0.836196412,1.210254171,31.64096596,0.093138547,42060.70909,4.30E-19,4.17E-05,0.056661791,3.67323986,43.20576457,-34.09762949,0.348539655,0.019729614,0.992276849,0.020752521,214,5.268300443,0.004557797,0.016711111,0.272766948
Old Sneed Park_20240826_212500.WAV,Old Sneed Park ,Pre-light treatment,0.000268693,1.16E-08,2.26710734,9.759777825,3,43.30606517,-43.67333492,-45.72098603,2.047651115,0.947295497,0.038235854,0.718152061,0.524107705,0.021500883,102.1300591,9.309907459,297.7951575,0.29752989,1.847096226,0.044405061,0.082020421,0.93875249,0.568035671,2.302514422,0.006107225,0.140893221,0.129454381,0.127621622,0.130062858,1341.078125,6.389988346,0.002254873,0.021890896,0.099455929,0.629623608,0.333321981,5.143736932,6.907499221,72104.69592,0.995936217,0.83864338,1.214082364,40.36950829,0.127404895,41703.47273,3.51E-19,4.31E-05,0.072720915,14.20497067,43.3456876,-34.0756262,0.491355849,0.019779654,0.981667899,0.028316524,292,6.076369108,0.002909232,0.016,0.181844632
Old Sneed Park_20240826_212600.WAV,Old Sneed Park ,Pre-light treatment,0.000268165,1.34E-08,3.786114394,28.45486411,4,43.38360528,-43.59579481,-45.72983196,2.134037149,0.934524694,0.005402916,0.593338326,0.591523313,0.011661127,103.5850814,9.055967201,297.2122849,-0.071519032,0.866509078,0.074314433,0.064394131,0.761706045,0.562334112,2.196440917,0.229328322,0.141119516,0.127554698,0.128162737,0.129753343,1337.886719,5.964537046,0.001911642,0.021664505,0.084750659,0.627793134,0.333287143,4.442065247,6.826842442,70403.2454,0.993995133,0.867743748,1.207498386,27.27669479,0.068703175,42175.76364,3.22E-19,4.37E-05,0.487940796,41.30034733,43.40315853,-34.10637309,0.421156189,0.01970976,0.979519004,0.011346005,117,8.234561688,0.000969744,0.026666667,0.036368926
Old Sneed Park_20240826_212700.WAV,Old Sneed Park ,Pre-light treatment,0.000277182,1.19E-08,1.774942617,6.637449568,10,43.55139568,-43.42800441,-45.72333785,2.29533344,0.951107713,0.012211183,0.559688873,0.417351878,0.003845634,12.97085527,1.732019985,298.2684891,0.252173875,1.674418469,0.046064508,0.077131263,0.665841772,0.716921909,2.294901824,0.060199549,0.135292406,0.126601857,0.128497195,0.129456519,1334.826172,6.856475632,0.002014498,0.023142306,0.086206978,0.628651891,0.333325236,5.312704454,6.93147152,72494.04438,0.996313838,0.807169903,1.214064815,7.637474542,0.041805323,42446.21818,2.22E-19,4.50E-05,-0.215740027,308.49227,43.53320041,-34.13312738,1.414870527,0.019649144,0.853248533,0.010376261,107,15.37873465,0.00155159,0.028444444,0.05455339
Old Sneed Park_20240826_212800.WAV,Old Sneed Park ,Pre-light treatment,0.000263175,9.02E-09,1.859035216,6.762809014,4,43.00886813,-43.97053196,-45.72679138,1.756259419,0.957777725,4.77E-05,0.010905906,0.009290627,0.005164813,36.76557065,4.279626077,296.671058,0.152905546,1.361011799,0.042153828,0.057371858,0.649660193,0.520235744,2.302511651,0.005997886,0.13913943,0.126895808,0.128662158,0.129308392,1333.298828,5.521214859,0.001671645,0.021911051,0.074591947,0.627395244,0.333326588,5.404011952,6.973208691,74563.43925,0.996567424,0.817809446,1.204323253,5.455338958,0.029833885,42449.09091,-1.22E-19,4.02E-05,0.050657862,3.17996376,43.04484429,-34.14654929,0.235479429,0.019618804,0.99543009,0.012024825,124,4.455165617,0.000581846,0.016,0.036368926
Old Sneed Park_20240826_212900.WAV,Old Sneed Park ,Pre-light treatment,0.000261915,8.85E-09,1.832122547,6.629871559,2,42.96203412,-44.01736597,-45.74906753,1.731701566,0.958260597,3.54E-05,0.044086854,0.040351034,0.002799622,3.734620089,0.482458735,296.6499299,0.167772433,1.403188838,0.040524104,0.056862971,0.618464315,0.510797863,2.302572,0.002551139,0.137983707,0.125924971,0.127874505,0.129209135,1332.275391,5.488404129,0.00163054,0.021761958,0.072958028,0.625994386,0.333326732,5.414799464,6.976234573,74671.63229,0.996594412,0.813813349,1.203550784,3.273203375,0.018904265,42473.92727,1.45E-19,3.98E-05,0.052391467,3.00903689,43.00030864,-34.15998942,0.219957805,0.019588471,0.996078338,0.011733902,121,4.00750606,0.000290923,0.016,0.018184463
Old Sneed Park_20240826_213000.WAV,Old Sneed Park ,Pre-light treatment,0.000263393,9.74E-09,2.054440108,8.131580837,2,43.05454018,-43.92485991,-45.74851685,1.823656946,0.954180948,3.03E-05,0.117819778,0.114068576,0.00304282,15.74855347,2.0698189,296.8977922,0.081944031,1.178516418,0.048449093,0.057098051,0.637278838,0.532122278,2.300187379,0.033719484,0.138234248,0.12676583,0.12842559,0.12940386,1334.283203,5.590170006,0.001692292,0.021900836,0.075444426,0.628454698,0.333325036,5.300489048,6.950659101,73756.8618,0.99634554,0.827781391,1.204343752,6.54640675,0.02079848,42443.63636,1.71E-19,4.06E-05,0.008764932,8.585354608,43.08585854,-34.18334314,0.306119185,0.019535874,0.990794191,0.010861133,112,6.190311735,0.000969744,0.026666667,0.036368926
Old Sneed Park_20240826_213100.WAV,Old Sneed Park ,Pre-light treatment,0.000261929,8.68E-09,1.796196601,6.457397579,2,42.95336248,-44.02603761,-45.73138564,1.705348034,0.959077928,3.80E-05,0.179024765,0.170984483,0.003034578,5.222113179,0.654226565,296.6680028,0.190200333,1.469746632,0.038816011,0.057049702,0.642584837,0.509198103,2.302582998,0.001054947,0.135041865,0.127213755,0.127254534,0.129087526,1331.021484,5.471541129,0.001618607,0.021879102,0.072318668,0.626058968,0.333326957,5.432123743,6.981354536,74865.9832,0.996636564,0.810400005,1.202583926,0,0.010778083,42526.2,2.95E-19,3.97E-05,0.044214128,3.105887963,42.99072536,-34.18728473,0.232099067,0.019527011,0.995610029,0.009600465,99,4.206214061,0,0,0
Old Sneed Park_20240826_213200.WAV,Old Sneed Park ,Pre-light treatment,0.000262292,8.67E-09,1.810520766,6.561893574,2,42.96322886,-44.01617123,-45.73229984,1.716128615,0.959205154,2.92E-05,0.008342654,0.007063543,0.003783357,22.26656463,2.902519808,296.8138948,0.188230167,1.463752556,0.039027033,0.057125919,0.643326602,0.510061334,2.302583689,0.000863657,0.140044613,0.127667679,0.128055783,0.129767928,1338.037109,5.468958526,0.001667477,0.021421184,0.074734026,0.627584893,0.333326927,5.42976697,6.98214821,74917.07105,0.996636589,0.811909428,1.202868444,3.273203375,0.013524695,42517.78182,1.04E-19,3.98E-05,0.042165558,2.952056379,43.00211046,-34.14674002,0.214711176,0.019618374,0.996613641,0.008339798,86,3.77982176,0,0,0
Old Sneed Park_20240826_213300.WAV,Old Sneed Park ,Pre-light treatment,0.000267438,1.43E-08,4.373304756,36.14981322,3,43.40775149,-43.57164859,-45.7371825,2.165533906,0.928169627,0.000232073,0.633880391,0.606242828,0.004095945,10.1918413,1.80006792,296.8453847,-0.164331844,0.717723354,0.081812347,0.058718632,0.688230366,0.556698497,2.126976176,0.290392552,0.136237998,0.126878811,0.127811057,0.129234517,1332.537109,5.837345731,0.001756316,0.021816267,0.077540104,0.628444728,0.3332634,4.234679758,6.786660739,69561.59537,0.992946151,0.87337381,1.205247221,5.455338958,0.023848166,42425.10909,-5.09E-19,4.38E-05,0.584834248,63.65889739,43.41360883,-34.16005475,0.428894841,0.019588323,0.977948153,0.010764158,111,8.454110987,0.001163693,0.032,0.036368926
Old Sneed Park_20240826_213400.WAV,Old Sneed Park ,Pre-light treatment,0.000261729,8.72E-09,1.8126198,6.623501225,2,42.94938452,-44.03001557,-45.75492555,1.72490998,0.958835313,4.59E-05,0.051465307,0.047388627,0.003972095,8.742267418,1.305398708,296.8375451,0.187214645,1.460674258,0.038931079,0.056865625,0.670018424,0.509815901,2.302583694,0.000864809,0.136924967,0.127170762,0.128313198,0.12957756,1336.074219,5.49770188,0.001767492,0.021782603,0.079067463,0.626956041,0.333326817,5.421308758,6.979832589,74808.55842,0.996619839,0.811067347,1.203683304,6.54640675,0.024340662,42499.90909,2.14E-19,3.97E-05,0.049185995,3.195221709,42.9896245,-34.15654139,0.226519208,0.019596248,0.995474993,0.010279286,106,4.369700778,0,0,0
Old Sneed Park_20240826_213500.WAV,Old Sneed Park ,Pre-light treatment,0.000261265,8.67E-09,1.847419374,6.86712271,3,42.93309513,-44.04630496,-45.75600314,1.709698184,0.958805191,1.97E-05,0.010910576,0.010075264,0.002726456,2.754260966,0.140366494,296.7133796,0.180038795,1.439139788,0.039349498,0.056629428,0.615976203,0.507095353,2.302583951,0.000790086,0.137967543,0.127378728,0.127542766,0.129513725,1335.416016,5.465322963,0.001687556,0.022049179,0.075089226,0.628602356,0.333326682,5.411050033,6.979638128,74836.25266,0.996606864,0.8128805,1.203555784,1.091067792,0.009205884,42481.03636,2.41E-19,3.95E-05,0.046894061,2.944959633,42.9682079,-34.16017003,0.196268043,0.019588063,0.996604905,0.009018619,93,3.592840433,0,0,0
Old Sneed Park_20240826_213600.WAV,Old Sneed Park ,Pre-light treatment,0.000261324,8.63E-09,1.823924632,6.671953814,2,42.93256093,-44.04683916,-45.75355235,1.706713188,0.9590605,1.90E-05,0.00345425,0.002965372,0.002486473,2.772110584,0.241239166,296.3722106,0.185481202,1.455437498,0.038912556,0.056634793,0.610607729,0.505239297,2.302584409,0.000645778,0.136852229,0.126217922,0.128028591,0.129277706,1332.982422,5.45942939,0.001695891,0.021983071,0.075373386,0.628898728,0.333326839,5.423015173,6.98124041,74887.69983,0.996625872,0.812207472,1.202773482,0,0.008315603,42534.78182,1.20E-19,3.95E-05,0.045653505,2.940663925,42.96855608,-34.18370783,0.204094694,0.019535054,0.996696896,0.008145849,84,3.637982838,0,0,0
Old Sneed Park_20240826_213700.WAV,Old Sneed Park ,Pre-light treatment,0.00026179,8.69E-09,1.828164075,6.703612409,3,42.94968931,-44.02971077,-45.741608,1.711897233,0.958921037,3.72E-05,0.007859616,0.00620868,0.00350163,24.566905,3.107437608,296.5480113,0.185882342,1.456647366,0.039155795,0.057036185,0.684440531,0.508160704,2.302583581,0.000899847,0.136658261,0.126421888,0.127194712,0.129042065,1330.552734,5.476492957,0.001672971,0.02166189,0.074805066,0.62911751,0.333326797,5.419740485,6.980366864,74851.61494,0.996618854,0.812006088,1.203199041,4.364271167,0.018317058,42447.61818,3.62E-19,3.97E-05,0.040109037,2.961638347,42.98882957,-34.14656395,0.198920441,0.019618771,0.996534525,0.007757952,80,3.862504987,0,0,0
Old Sneed Park_20240826_213800.WAV,Old Sneed Park ,Pre-light treatment,0.00026538,1.05E-08,2.110848219,8.902158446,5,43.15050381,-43.82889627,-45.75294402,1.924047748,0.951651123,0.005172877,0.853997241,0.77200341,0.005297224,39.88494722,4.627062742,296.9772417,0.038638762,1.08038344,0.058587804,0.063297293,0.675883824,0.534441025,2.265313031,0.13385519,0.139511202,0.127541701,0.128257908,0.129807139,1338.441406,5.952706011,0.001719,0.021894882,0.076936265,0.626408617,0.333323736,5.227701273,6.934802219,73091.35921,0.996196825,0.843768225,1.204620241,4.364271167,0.022238083,42337.67273,-2.54E-19,4.17E-05,-0.302857295,35.57411247,43.20053425,-34.17183829,0.356914393,0.019561768,0.982902457,0.009988363,103,7.747660166,0.000387898,0.021333333,0.018184463
Old Sneed Park_20240826_213900.WAV,Old Sneed Park ,Pre-light treatment,0.000263613,9.64E-09,2.074778948,8.40084074,4,43.05573283,-43.92366726,-45.73430848,1.810641222,0.954614625,0.000108522,0.181927938,0.167212619,0.003496343,16.80855538,2.251762928,296.6501305,0.088054328,1.1931131,0.048320052,0.057651288,0.671888738,0.522731786,2.293166318,0.067398597,0.137070443,0.127417721,0.127396837,0.129342677,1333.652344,5.59199555,0.001691344,0.022115503,0.074840586,0.63000899,0.333324948,5.295218753,6.953367726,73891.27418,0.996352033,0.829356552,1.204305506,2.182135583,0.02362086,42420.05455,2.64E-20,4.08E-05,0.049786578,11.43433444,43.11011963,-34.1329513,0.250446757,0.019649542,0.992772775,0.009406517,97,5.478960925,0.000581846,0.032,0.018184463
Old Sneed Park_20240826_214000.WAV,Old Sneed Park ,Pre-light treatment,0.00026593,9.87E-09,1.841763751,6.67619378,3,43.13460344,-43.84479665,-45.72488673,1.880090082,0.955117689,0.023383264,0.713769019,0.566786957,0.018655771,73.322795,7.98848994,297.2796992,0.307343059,1.887432267,0.038735072,0.073109824,0.88718928,0.533299909,2.302581303,0.001446153,0.136625933,0.129113438,0.128623183,0.129859987,1338.986328,6.078871315,0.002166792,0.021987536,0.094802812,0.62703337,0.333326144,5.372152158,6.956563309,73773.76442,0.996465438,0.82658569,1.210455116,33.82310154,0.111038878,42007.54545,1.08E-19,4.14E-05,0.051178479,3.119258714,43.17086776,-34.10585127,0.320088638,0.019710945,0.994593621,0.024437548,252,4.337185132,0.001454616,0.016,0.090922316
Old Sneed Park_20240826_214100.WAV,Old Sneed Park ,Pre-light treatment,0.000298,5.78E-08,7.993391278,83.57992209,6,45.73273591,-41.24666418,-45.66096495,4.414300774,0.774441842,0.324644548,0.760438807,0.585289554,0.052848897,102.9200546,9.676212833,300.7391828,0.80946962,9.497013677,0.039960957,0.379509753,1.655856145,1.073956049,2.298570259,0.045009081,0.139155594,0.138366893,0.134834679,0.133127319,1372.675781,11.12112496,0.004958297,0.022092628,0.201717935,0.626995807,0.331842822,2.705011831,5.810010651,48184.86992,0.959170052,0.770970884,1.261688386,198.5743381,0.491832903,40943.63636,3.36E-19,7.54E-05,0.302240932,32.87715108,45.7710599,-34.0126172,2.549355241,0.019923661,0.902298125,0.05731187,591,11.59867164,0.040632273,0.019099715,2.127582194
Old Sneed Park_20240826_214200.WAV,Old Sneed Park ,Pre-light treatment,0.000290962,3.72E-08,5.891063047,49.13233751,4,44.92889881,-42.05050128,-45.6613635,3.610862218,0.84628808,0.244193078,0.73909996,0.59280049,0.028741875,53.56830035,6.957592036,299.5170626,0.57605667,3.717611665,0.066198328,0.246099677,1.517137673,0.835324477,2.258210971,0.151014205,0.136755245,0.136280241,0.13043959,0.131506439,1355.962891,9.887951264,0.003817032,0.02212527,0.158916366,0.62744208,0.33297128,3.412553178,6.269839177,56158.85807,0.981213786,0.836218366,1.244392024,121.1085249,0.391818355,41225.05455,2.60E-19,6.23E-05,0.382782912,33.52438278,44.94828772,-34.02596911,1.746804212,0.019893058,0.935285953,0.055275407,570,9.772775282,0.034231963,0.018640264,1.836630783
Old Sneed Park_20240826_214300.WAV,Old Sneed Park ,Pre-light treatment,0.000269037,1.01E-08,1.904176241,7.39427347,4,43.23783274,-43.74156734,-45.73480599,1.993238647,0.954800812,0.019354489,0.636117732,0.496480411,0.00626849,32.1023987,4.669075614,297.5186857,0.250968464,1.670114548,0.046358144,0.077423411,0.759154849,0.604941928,2.300718434,0.030123773,0.138832315,0.128057614,0.12803131,0.129566573,1335.960938,6.372800742,0.001966006,0.022001217,0.086775298,0.628743043,0.333325604,5.335927809,6.954562257,73725.55389,0.996417445,0.842406238,1.211073121,36.00523713,0.080276828,42319.63636,-1.41E-19,4.22E-05,0.028054726,39.44892398,43.25787919,-34.11590303,0.578997089,0.019688147,0.963496536,0.013285493,137,9.522210677,0.00087277,0.016,0.05455339
Old Sneed Park_20240826_214400.WAV,Old Sneed Park ,Pre-light treatment,0.000263232,9.02E-09,1.980790466,8.104513756,4,43.01037851,-43.96902157,-45.73448672,1.765465151,0.957524261,0.001003393,0.714502111,0.648145207,0.005037558,63.23490493,6.18887392,297.0140006,0.164772195,1.394556297,0.042516945,0.059292274,0.644632351,0.519666949,2.302530246,0.005201164,0.141951961,0.127437718,0.128092039,0.129699737,1337.333984,5.587422021,0.00168964,0.021731035,0.075124746,0.630268547,0.333325701,5.342219608,6.971592801,74586.1003,0.996498918,0.821994006,1.204892627,4.364271167,0.039248133,42284.49091,-7.67E-20,4.03E-05,0.049141679,3.310994726,43.05757755,-34.14670314,0.263595205,0.019618457,0.994714584,0.011152056,115,4.895872719,0.000581846,0.016,0.036368926
Old Sneed Park_20240826_214500.WAV,Old Sneed Park ,Pre-light treatment,0.000263428,9.21E-09,2.017211583,8.347737659,3,43.02652507,-43.95287502,-45.72225332,1.769378294,0.956658058,0.000554729,0.266117142,0.179649915,0.009582824,66.13856792,6.979864557,296.7416116,0.145967733,1.341831891,0.044029318,0.059079943,0.792962835,0.518474995,2.30257545,0.002250437,0.141022533,0.127933635,0.128165456,0.129532288,1335.607422,5.559913903,0.001805755,0.021953162,0.080204103,0.63086401,0.333325364,5.320634107,6.966164318,74379.74962,0.996449601,0.8236153,1.205007948,7.637474542,0.059004795,42212.30909,-2.26E-19,4.04E-05,0.047068207,2.987045835,43.05901609,-34.10612879,0.21324604,0.019710315,0.99621955,0.010376261,107,3.985636546,0.000290923,0.016,0.018184463
Old Sneed Park_20240826_214600.WAV,Old Sneed Park ,Pre-light treatment,0.000262619,8.83E-09,1.847769663,6.951478792,3,42.98179324,-43.99760684,-45.72094128,1.72333444,0.958521694,0.000260811,0.224832937,0.17119348,0.005340287,29.49999503,4.049444664,296.7763442,0.185043684,1.454119272,0.039950905,0.05809338,0.687840732,0.514020784,2.302584794,0.000402703,0.137280574,0.127020788,0.127921637,0.129250618,1332.703125,5.516771027,0.001617091,0.02153197,0.072496268,0.628290627,0.33332657,5.402698844,6.977862483,74748.33895,0.996592789,0.813637681,1.203762045,15.27494908,0.044059439,42414.52727,-4.77E-19,3.99E-05,0.050191857,2.992510192,43.01444121,-34.14677131,0.215894996,0.019618303,0.996106313,0.008533747,88,4.355487151,0,0,0
Old Sneed Park_20240826_214700.WAV,Old Sneed Park ,Pre-light treatment,0.000262264,8.83E-09,1.870233532,7.063096222,2,42.97166036,-44.00773973,-45.72513143,1.717391703,0.95832164,2.32E-05,0.051546648,0.049861011,0.002619419,3.060887968,0.189434732,296.648271,0.175417683,1.425470396,0.039925966,0.056913283,0.64078101,0.512061402,2.30258246,0.001169838,0.138993955,0.126997791,0.127708635,0.12931218,1333.337891,5.480948712,0.00163395,0.021701271,0.072851468,0.62873012,0.333326468,5.395237866,6.976607342,74719.32553,0.996578611,0.81244865,1.203849158,1.091067792,0.011668364,42441.98182,-3.46E-19,3.99E-05,0.046261505,3.32183233,43.00789909,-34.14654129,0.21912511,0.019618822,0.994678218,0.008727696,90,4.737806959,0,0,0
Old Sneed Park_20240826_214800.WAV,Old Sneed Park ,Pre-light treatment,0.000261658,8.61E-09,1.792646348,6.494227056,2,42.94143985,-44.03796024,-45.75333188,1.715371644,0.95932482,6.34E-05,0.432537468,0.410847927,0.00335177,16.0792383,2.049398397,296.4765103,0.190772642,1.471493309,0.038862632,0.057186103,0.629058558,0.5083967,2.302579063,0.001730393,0.135680341,0.126558865,0.128434654,0.129293428,1333.144531,5.492714012,0.001747982,0.021973169,0.078108424,0.628593304,0.333326977,5.433714552,6.982899211,74928.91842,0.996645509,0.811834557,1.202943565,0,0.013316331,42544.14545,-1.33E-19,3.96E-05,0.042834585,3.065289407,42.97665143,-34.1873096,0.213882497,0.019526955,0.99616232,0.007854926,81,4.186626544,0,0,0
Old Sneed Park_20240826_214900.WAV,Old Sneed Park ,Pre-light treatment,0.000261998,8.63E-09,1.803363176,6.52719373,2,42.95255366,-44.02684643,-45.73853054,1.711684107,0.959299483,2.26E-05,0.010480898,0.009925468,0.002757779,2.737330389,0.370276722,296.7107995,0.188890119,1.465757164,0.0386129,0.056597135,0.633440639,0.509466216,2.302582665,0.001164516,0.135559112,0.126701841,0.128404743,0.129648403,1336.804688,5.469716098,0.001709529,0.021874284,0.076332425,0.629507848,0.333326957,5.432115756,6.982739517,74936.51499,0.996642265,0.810828406,1.203012355,1.091067792,0.010853851,42563.50909,5.41E-20,3.97E-05,0.038436551,2.956156178,42.98902207,-34.1734897,0.20395011,0.019558048,0.996532424,0.008048875,83,3.950975753,0,0,0
Old Sneed Park_20240826_215000.WAV,Old Sneed Park ,Pre-light treatment,0.000261792,8.57E-09,1.814760768,6.631204802,2,42.94287631,-44.03652377,-45.74397713,1.707453359,0.95949383,1.97E-05,0.002867941,0.002408429,0.003304048,14.58793174,1.944248077,296.5568357,0.191773516,1.474553902,0.038687734,0.057047149,0.673600553,0.507371086,2.302584746,0.000448796,0.137927133,0.127374728,0.127458471,0.129303088,1333.244141,5.462708138,0.001639822,0.021836526,0.073171148,0.628743735,0.333326938,5.430680708,6.983953449,75002.23967,0.996645351,0.812192021,1.203264148,2.182135583,0.008486083,42539.38182,2.59E-19,3.96E-05,0.045289366,2.942052606,42.98122385,-34.16009235,0.184432124,0.019588238,0.996698167,0.006885182,71,3.662664285,0,0,0
Old Sneed Park_20240826_215100.WAV,Old Sneed Park ,Pre-light treatment,0.00035722,3.88E-07,8.717710668,86.5161014,6,51.1986349,-35.78076519,-45.67624586,9.895480672,0.496054327,0.526923994,0.714378079,0.598985729,0.046640499,62.02327569,7.606614353,301.3745104,0.958222822,46.87302762,0.04902037,2.297733142,2.868488823,3.546209111,2.145856725,0.292018593,0.136537032,0.144226914,0.129633809,0.133148344,1372.892578,18.43577283,0.006464008,0.022722922,0.227540957,0.63061832,0.326357756,1.933363949,4.030731752,16764.87325,0.880075958,0.301334067,1.337991337,152.7494908,0.56998821,40086.23636,-2.71E-19,0.000261025,0.290299853,138.5960708,51.1668153,-33.98243698,7.024702019,0.019993009,0.734406801,0.092707525,956,16.47276154,0.069821567,0.02313253,3.01862089
Old Sneed Park_20240826_215200.WAV,Old Sneed Park ,Pre-light treatment,0.000263346,8.95E-09,1.782860006,6.591613474,3,43.00983584,-43.96956425,-45.74753498,1.777970731,0.958414158,0.005712702,0.714570276,0.599123553,0.012697686,107.4445349,9.282199194,297.309091,0.230143868,1.597887991,0.039167252,0.062584881,0.771105308,0.51863369,2.302573569,0.002448598,0.135801571,0.127491709,0.128487225,0.129572635,1336.023438,5.729446001,0.001823371,0.021958233,0.081092102,0.629677479,0.333326729,5.414607426,6.977199254,74641.49682,0.99660786,0.818516614,1.20606423,18.54815246,0.06355091,42295.92727,-2.10E-19,4.02E-05,0.048226416,3.21742923,43.04585258,-34.14656494,0.259598151,0.019618769,0.994865581,0.011442979,118,4.908932655,0.000581846,0.016,0.036368926
Old Sneed Park_20240826_215300.WAV,Old Sneed Park ,Pre-light treatment,0.000265359,1.21E-08,3.454941267,24.02222877,3,43.23597796,-43.74342213,-45.75226968,2.008847553,0.940423259,0.000335005,0.542881201,0.519376311,0.010066796,101.6048161,8.937772811,296.8171089,-0.064694134,0.878473766,0.066254571,0.058202902,0.713656364,0.534217193,2.242959229,0.169742203,0.137215918,0.12736673,0.127410433,0.129247966,1332.675781,5.723095073,0.001768818,0.021668811,0.078534664,0.629480596,0.333300728,4.616216732,6.864007119,71508.93311,0.994716221,0.857333623,1.204969653,8.728542333,0.052450811,42425.65455,-2.19E-19,4.23E-05,0.449708896,37.08593598,43.26121935,-34.15997602,0.328236415,0.019588501,0.98419985,0.009115593,94,7.709974109,0.000581846,0.032,0.018184463
Old Sneed Park_20240826_215400.WAV,Old Sneed Park ,Pre-light treatment,0.000261614,8.55E-09,1.796413051,6.433689058,2,42.93666895,-44.04273114,-45.75337514,1.710644002,0.959557226,3.19E-05,0.059328568,0.054367479,0.003093927,9.918825962,1.222269447,296.6626459,0.196835981,1.490151393,0.038121021,0.056806092,0.634598259,0.508816423,2.302584975,0.000272081,0.137999871,0.126789826,0.128089319,0.129127684,1331.435547,5.472695089,0.001658953,0.021732868,0.074130187,0.625562679,0.33332706,5.440272914,6.984354327,75007.03269,0.996656013,0.810512985,1.203140633,3.273203375,0.014244496,42578.63636,2.40E-19,3.96E-05,0.040715439,2.958326048,42.97310019,-34.17375293,0.206418015,0.019557456,0.996578892,0.007660978,79,3.931622996,0,0,0
Old Sneed Park_20240826_215500.WAV,Old Sneed Park ,Pre-light treatment,0.000261146,8.51E-09,1.804473693,6.531390679,2,42.92060156,-44.05879853,-45.76457305,1.705774519,0.95957953,2.41E-05,0.005241681,0.004476961,0.002823855,6.584742958,1.141713731,296.5303809,0.195655726,1.486497468,0.038016803,0.056511881,0.632353564,0.503571986,2.302585068,0.00011286,0.138080691,0.126690843,0.127239125,0.12923035,1332.494141,5.463151407,0.001634329,0.021819335,0.072993548,0.626862688,0.333327008,5.436136645,6.984491921,75018.79731,0.996652977,0.810804696,1.202655205,0,0.011232694,42618.72727,-1.60E-19,3.94E-05,0.042129309,2.939082479,42.95699331,-34.18728867,0.198761789,0.019527002,0.996673362,0.007467029,77,3.622680976,0,0,0
Old Sneed Park_20240826_215600.WAV,Old Sneed Park ,Pre-light treatment,0.000261597,8.61E-09,1.824882217,6.739287029,2,42.93913764,-44.04026245,-45.7500672,1.70980475,0.959257231,4.22E-05,0.309237439,0.296709994,0.002956182,18.06709689,2.128815422,296.510468,0.191242151,1.472928085,0.038641563,0.056916244,0.643759135,0.506954065,2.302583101,0.001023512,0.138969709,0.126452882,0.128160018,0.129059303,1330.730469,5.478000852,0.001591709,0.021691776,0.070826829,0.629004611,0.33332683,5.422329282,6.982470504,74941.71662,0.996631524,0.811437707,1.202290108,1.091067792,0.011062215,42515.38182,1.59E-19,3.96E-05,0.047704175,2.97875445,42.9777489,-34.17369043,0.200027918,0.019557596,0.996436191,0.008145849,84,3.947795508,0,0,0
Old Sneed Park_20240826_215700.WAV,Old Sneed Park ,Pre-light treatment,0.000261525,8.57E-09,1.833094889,6.791070203,2,42.93497198,-44.0444281,-45.75514908,1.710720978,0.959370478,3.14E-05,0.009000803,0.007940882,0.002779853,8.856996949,1.184497386,296.6041427,0.190155677,1.469610447,0.038460298,0.056521655,0.641396493,0.506559665,2.302578134,0.001909635,0.136141014,0.126144934,0.128789053,0.129295701,1333.167969,5.469519614,0.001624479,0.021687212,0.073064588,0.626298292,0.333326823,5.421722141,6.983177958,74983.92328,0.996633506,0.811658731,1.203073919,1.091067792,0.013448926,42596.78182,1.14E-19,3.96E-05,0.043758679,2.988456398,42.973832,-34.15829833,0.201420618,0.019592285,0.996305798,0.007951901,82,4.242940141,0.000581846,0.016,0.036368926
Old Sneed Park_20240826_215800.WAV,Old Sneed Park ,Pre-light treatment,0.000261579,8.57E-09,1.809292056,6.567088906,3,42.93675338,-44.04264671,-45.75222056,1.709573854,0.9594289,3.01E-05,0.004202283,0.003391339,0.002883308,4.131150527,0.460281663,296.5791836,0.194789071,1.483821229,0.03815012,0.056607958,0.680249475,0.506909607,2.302585067,0.00011824,0.137636181,0.126842817,0.12871201,0.129328092,1333.501953,5.467894007,0.001681116,0.021725065,0.075089226,0.629530304,0.333326957,5.432183464,6.983548451,74980.42453,0.996645439,0.81036255,1.203438139,1.091067792,0.008391372,42568.74545,-3.23E-19,3.96E-05,0.042801574,2.963585881,42.97395744,-34.19732649,0.233281622,0.019504449,0.996124822,0.008630721,89,4.320397209,0,0,0
Old Sneed Park_20240826_215900.WAV,Old Sneed Park ,Pre-light treatment,0.000261805,8.54E-09,1.794399679,6.414571673,2,42.94137992,-44.03802017,-45.74284253,1.704822368,0.959686836,2.49E-05,0.003961053,0.003239162,0.002682379,6.209715663,0.932036231,296.8450738,0.196370639,1.488709467,0.038001008,0.05657246,0.608510367,0.508341021,2.30258482,0.000400041,0.136916885,0.126729836,0.127904416,0.129265014,1332.851563,5.460826866,0.001651755,0.021905576,0.073846027,0.629417978,0.333327093,5.442970616,6.98516584,75043.13301,0.996661901,0.810331426,1.202460319,1.091067792,0.010323471,42653.45455,2.17E-19,3.96E-05,0.042144128,2.94194761,42.97623706,-34.17369465,0.205661271,0.019557587,0.996700266,0.00727308,75,3.635043915,0,0,0
Old Sneed Park_20240826_220000.WAV,Old Sneed Park ,Pre-light treatment,0.000261155,8.51E-09,1.808101745,6.545996643,3,42.92064861,-44.05875148,-45.7676914,1.708939926,0.959589195,2.75E-05,0.01118593,0.009783516,0.00295713,6.760927095,1.104677892,296.4550424,0.196492156,1.489085844,0.038020973,0.056616492,0.600295267,0.504798226,2.30258489,0.000351804,0.135833899,0.126123937,0.12748385,0.129122569,1331.382813,5.46991901,0.001588489,0.021921139,0.070613709,0.626911887,0.333327005,5.435935815,6.98455196,75025.88568,0.996652469,0.810919282,1.202896438,3.273203375,0.015324199,42587.78182,1.78E-19,3.94E-05,0.041725162,2.943244894,42.95670078,-34.19712276,0.20673081,0.019504906,0.996621034,0.009309542,96,3.647826493,0,0,0
Old Sneed Park_20240826_220100.WAV,Old Sneed Park ,Pre-light treatment,0.000266576,1.12E-08,3.008420351,19.40414651,3,43.22330349,-43.7560966,-45.7438357,1.987739095,0.94635504,0.003455076,0.693218664,0.587302995,0.002663951,9.363009757,1.403445991,297.2335675,0.034460614,1.071381063,0.058085446,0.062231647,0.6485899,0.55270513,2.277606312,0.108942511,0.137700837,0.12748571,0.12876458,0.129458603,1334.847656,5.89996248,0.001763514,0.021847361,0.078428104,0.628614106,0.333310736,4.799523981,6.901344633,72514.35965,0.995372271,0.8465766,1.206155545,6.54640675,0.019226281,42573.05455,-2.84E-19,4.24E-05,0.331040936,30.44733526,43.27442076,-34.15636613,0.44734484,0.019596644,0.974862534,0.010376261,107,9.155106065,0.001357642,0.024888889,0.05455339
Old Sneed Park_20240826_220200.WAV,Old Sneed Park ,Pre-light treatment,0.000263701,8.72E-09,1.709766944,6.025431146,3,43.0072764,-43.97212368,-45.73627688,1.764153198,0.959710092,0.003579876,0.513122548,0.349442443,0.008685295,46.63995035,5.970202788,296.9016571,0.246349408,1.653749656,0.038020821,0.062876919,0.791496626,0.515581698,2.302584288,0.000677912,0.135421718,0.128915471,0.128483599,0.129668861,1337.015625,5.672140379,0.00194498,0.021654556,0.086739778,0.627685363,0.333327283,5.458411826,6.985322445,74946.66239,0.996684765,0.817363042,1.206027464,16.36601688,0.073969092,42339.01818,1.01E-19,4.02E-05,0.043848931,3.08220131,43.04619135,-34.13313904,0.228444695,0.019649117,0.995637492,0.01124903,116,4.13578013,0.000290923,0.016,0.018184463
Old Sneed Park_20240826_220300.WAV,Old Sneed Park ,Pre-light treatment,0.000264144,8.79E-09,1.707759758,6.036986189,3,43.02435032,-43.95504976,-45.73846833,1.78341857,0.959527682,0.004496911,0.503807589,0.324568183,0.013080379,50.31528209,6.547763043,297.0674257,0.257745487,1.694493551,0.038084505,0.064533949,0.835419993,0.518073173,2.302584914,0.000331786,0.137628099,0.129742333,0.128334951,0.129782893,1338.191406,5.716292263,0.002180052,0.021864769,0.09700505,0.629591024,0.333327242,5.455027792,6.984180956,74888.98308,0.996677691,0.819536829,1.20739142,29.45883038,0.108784763,42266.05455,2.50E-19,4.04E-05,0.048368555,3.009757922,43.06122867,-34.12964225,0.247439647,0.019657029,0.995975659,0.0121218,125,3.907989339,0.000387898,0.021333333,0.018184463
Old Sneed Park_20240826_220400.WAV,Old Sneed Park ,Pre-light treatment,0.00026331,8.71E-09,1.76119041,6.479618455,3,42.99562325,-43.98377683,-45.75298485,1.769208016,0.959484637,0.002334278,0.395368868,0.254201279,0.008309606,40.15939899,5.410566749,297.0784559,0.23406078,1.611173247,0.038447534,0.061945639,0.799795756,0.514766639,2.302584207,0.000700756,0.138808069,0.129024453,0.12821984,0.13005547,1341.001953,5.665860327,0.002058254,0.022243852,0.091073215,0.627655048,0.333326994,5.435045204,6.98390143,74926.77317,0.996655952,0.816887891,1.207096299,25.09455921,0.086186779,42339.12727,4.12E-19,4.01E-05,0.04824825,3.033841617,43.03378425,-34.13301144,0.247945371,0.019649406,0.995465472,0.014449185,149,4.08694177,0.000969744,0.017777778,0.05455339
Old Sneed Park_20240826_220500.WAV,Old Sneed Park ,Pre-light treatment,0.000263526,8.78E-09,1.77175597,6.454841109,5,43.00582809,-43.973572,-45.73565362,1.762081622,0.959201202,0.001612885,0.778838231,0.705751563,0.008145406,44.79803189,5.619689684,296.8981128,0.220623098,1.56615252,0.038592956,0.060442455,0.746639563,0.5139478,2.302490164,0.006996105,0.136933049,0.127776661,0.127860909,0.129398556,1334.228516,5.623580013,0.001821288,0.021695966,0.080807942,0.627430464,0.333326965,5.432782772,6.982127466,74862.56772,0.996644366,0.813992474,1.205302817,8.728542333,0.065464068,42350.16364,-2.37E-19,4.02E-05,0.04610638,3.096406518,43.04615272,-34.1330141,0.237331237,0.0196494,0.995887958,0.010279286,106,4.235584046,0.000581846,0.032,0.018184463
Old Sneed Park_20240826_220600.WAV,Old Sneed Park ,Pre-light treatment,0.000262876,8.54E-09,1.757219049,6.39162412,3,42.97291843,-44.00648166,-45.74075425,1.734272592,0.960131889,0.001384308,0.319904901,0.205680191,0.011704765,75.01463679,7.823315564,296.6853901,0.230572376,1.599334802,0.038092771,0.060923095,0.795975009,0.510372519,2.302584996,0.0002387,0.137409886,0.128522537,0.128149141,0.12953816,1335.667969,5.583965347,0.001927743,0.021945852,0.085780739,0.62856985,0.33332717,5.449170288,6.987953419,75115.53119,0.996684211,0.816647512,1.205008738,24.00349142,0.081432299,42411.89091,4.71E-19,3.99E-05,0.041730027,2.949844373,43.00901532,-34.15653553,0.205701016,0.019596261,0.99669562,0.008339798,86,3.522251026,0,0,0
Old Sneed Park_20240826_220700.WAV,Old Sneed Park ,Pre-light treatment,0.000267873,1.18E-08,2.591359262,13.0036613,3,43.29087551,-43.68852458,-45.74787386,2.059349277,0.945334294,0.055856694,0.743130787,0.619637791,0.021388329,69.85163854,7.868655714,297.4672795,0.375032359,2.200165685,0.040483773,0.089071009,1.008278119,0.55252575,2.302565426,0.003285202,0.136690589,0.130106272,0.128235248,0.129959812,1340.015625,6.607158406,0.002499606,0.022043909,0.109366002,0.631350359,0.333318195,4.999833904,6.895116317,71926.34199,0.995643486,0.844944599,1.21401597,57.82659296,0.154189094,41702.58182,-2.96E-19,4.32E-05,0.068014202,3.603637368,43.35230647,-34.11970919,0.441779926,0.019679522,0.991889107,0.031710628,327,5.168573966,0.010764158,0.016444444,0.654640675
Old Sneed Park_20240826_220800.WAV,Old Sneed Park ,Pre-light treatment,0.000266147,9.87E-09,1.904652387,7.301384919,3,43.14114726,-43.83825283,-45.72924273,1.8909899,0.954987265,0.025119597,0.725682214,0.630219879,0.008341515,52.5519676,6.399989832,297.1465927,0.286438884,1.802843311,0.040050241,0.072204309,0.829703553,0.531986358,2.302564275,0.003258519,0.135098439,0.128227586,0.128818964,0.129907343,1339.474609,6.13997961,0.002087993,0.021653345,0.090291775,0.630589993,0.333325661,5.339667021,6.955731347,73796.94653,0.99642926,0.829439215,1.209343728,31.64096596,0.077833291,42168.43636,-3.27E-19,4.16E-05,0.050769675,3.295178022,43.18873436,-34.13288174,0.336206326,0.019649699,0.993902423,0.022885958,236,4.884716774,0.006497285,0.016242424,0.40005819
Old Sneed Park_20240826_220900.WAV,Old Sneed Park ,Pre-light treatment,0.000278953,3.85E-08,8.052612751,86.255845,4,44.72986809,-42.249532,-45.66055779,3.411025792,0.814595869,0.005580793,0.507742946,0.339412682,0.008593821,54.76243201,6.104803931,297.772849,-0.55497662,0.286192972,0.229379535,0.065646811,0.835367606,0.7309822,2.274222682,0.118187171,0.165268483,0.130399223,0.128751891,0.131264737,1353.470703,6.606243473,0.003328325,0.022972558,0.122472872,0.628701953,0.332290045,2.883382922,6.065309022,54222.24319,0.968296858,0.89630504,1.215750941,31.64096596,0.108121787,38848.74545,-5.35E-20,7.31E-05,0.171179095,26.49801997,45.63975308,-33.8281789,1.297001375,0.020351248,0.961064648,0.075543057,779,7.177299513,0.046256788,0.045428571,1.018329939
Old Sneed Park_20240826_221000.WAV,Old Sneed Park ,Pre-light treatment,0.000266996,1.03E-08,2.230899329,10.51433298,4,43.18657565,-43.79282444,-45.70982586,1.917001415,0.952680094,0.013483846,0.647824264,0.460106869,0.017818061,84.22089142,8.459064263,297.2663181,0.20610375,1.519220867,0.046555879,0.070728663,0.906399554,0.537600917,2.302544366,0.00451367,0.139713251,0.131055114,0.127883569,0.129928368,1339.691406,5.979054388,0.002393341,0.021943932,0.103007926,0.631864419,0.333322634,5.173354162,6.941205636,73464.88882,0.996166674,0.839209262,1.210988266,33.82310154,0.143827739,41591.74545,-3.88E-19,4.29E-05,0.057252206,3.295443243,43.32442779,-34.07568535,0.352955535,0.019779519,0.994433043,0.02821955,291,4.233339542,0.004654771,0.0256,0.181844632
Old Sneed Park_20240826_221100.WAV,Old Sneed Park ,Pre-light treatment,0.000263856,8.77E-09,1.706084569,6.006249175,3,43.01443252,-43.96496757,-45.74683119,1.781863625,0.959562913,0.007139114,0.620856544,0.450045708,0.011866069,82.57666702,8.076620002,297.0205089,0.26160668,1.708583552,0.037871238,0.064706175,0.806380344,0.517985812,2.302584189,0.000718097,0.136262244,0.129136434,0.127723138,0.129643289,1336.751953,5.769012153,0.00205314,0.021640581,0.089332736,0.633406372,0.333327268,5.457134216,6.984401989,74898.76819,0.996680168,0.820455534,1.207464246,37.09630492,0.106890548,42313.43636,-1.65E-19,4.03E-05,0.046681742,2.989746246,43.05070316,-34.13324972,0.260562555,0.019648867,0.995984477,0.016194725,167,3.790803246,0.000581846,0.016,0.036368926
Old Sneed Park_20240826_221200.WAV,Old Sneed Park ,Pre-light treatment,0.000271662,1.56E-08,4.437652549,37.43932654,4,43.58365848,-43.39574161,-45.75067091,2.354929307,0.924469443,0.012293139,0.679826089,0.650519155,0.007494777,50.10583033,6.016885997,297.7128529,-0.111261361,0.799756629,0.089645652,0.071694704,0.845061137,0.571631528,2.154433868,0.268025374,0.137983707,0.128559531,0.128741921,0.129782893,1338.191406,6.393411595,0.002215284,0.022243138,0.09743129,0.628397208,0.333252201,4.160406489,6.763340858,68767.39778,0.992483884,0.882918031,1.211215815,32.73203375,0.112857325,42277.49091,1.68E-19,4.57E-05,0.520574609,94.26318534,43.59744571,-34.17183826,0.599265732,0.019561768,0.968209292,0.019685803,203,8.200898397,0.004169899,0.017641026,0.236398022
Old Sneed Park_20240826_221300.WAV,Old Sneed Park ,Pre-light treatment,0.000263308,8.64E-09,1.756214787,6.393474521,3,42.99141232,-43.98798777,-45.74655233,1.75856456,0.959809678,0.003372695,0.612750661,0.50305117,0.004557879,34.94500094,3.909762987,297.0656605,0.228880406,1.593631411,0.038393232,0.061184661,0.71164759,0.516766671,2.302583079,0.001038677,0.13848479,0.128448549,0.128177239,0.129614308,1336.453125,5.674440272,0.001835494,0.021873252,0.082015621,0.627198673,0.333327104,5.443776616,6.985937144,75020.85431,0.996671845,0.816805998,1.206098452,13.0928135,0.053284266,42478.23636,6.59E-20,4.01E-05,0.042893229,3.013407404,43.02780554,-34.13316543,0.219210786,0.019649058,0.995986756,0.012703646,131,4.208450656,0.000678821,0.018666667,0.036368926
Old Sneed Park_20240826_221400.WAV,Old Sneed Park ,Pre-light treatment,0.000266315,9.43E-09,1.743216883,6.249771926,3,43.12213105,-43.85726904,-45.75014398,1.892874942,0.95738678,0.022056821,0.661578636,0.530309724,0.008554783,95.30610484,8.626034312,298.0886871,0.318009532,1.932592309,0.038293195,0.074005134,0.938650664,0.547453143,2.302575231,0.002236293,0.139268742,0.129473378,0.128159111,0.129974398,1340.166016,6.200054348,0.001980023,0.022014869,0.087911937,0.631588807,0.333326773,5.417916088,6.970777943,74298.58864,0.996583419,0.829569507,1.214364459,24.00349142,0.126495672,42258.92727,2.63E-19,4.13E-05,0.056562814,3.444229967,43.15979235,-34.14297767,0.419294578,0.019626873,0.991510392,0.028510473,294,5.414503334,0.002327386,0.016,0.145475706
Old Sneed Park_20240826_221500.WAV,Old Sneed Park ,Pre-light treatment,0.000263572,9.38E-09,2.177194274,10.00981972,3,43.04011958,-43.93928051,-45.76032523,1.821044719,0.95554684,0.000881676,0.537205911,0.479759416,0.003187322,3.959509255,0.65970939,297.0703275,0.128210438,1.29413162,0.04552878,0.058920234,0.645995865,0.519674956,2.300647629,0.030045232,0.13909902,0.126838818,0.128313198,0.12959063,1336.208984,5.650148924,0.001691344,0.0219602,0.074876106,0.627556969,0.333323904,5.236554212,6.959169522,74209.70159,0.996325771,0.827540278,1.204844771,7.637474542,0.032428959,42559.6,-3.42E-19,4.05E-05,0.093105964,6.119184387,43.07849365,-34.16024723,0.301552962,0.019587889,0.99124361,0.011346005,117,6.084433409,0.001260667,0.023111111,0.05455339
Old Sneed Park_20240826_221600.WAV,Old Sneed Park ,Pre-light treatment,0.000265051,9.06E-09,1.797358803,6.77315984,3,43.06571393,-43.91368615,-45.72983742,1.81615127,0.95839745,0.008387362,0.697646888,0.622195684,0.003384637,11.81909195,1.909815909,297.0406649,0.2208781,1.566992405,0.041125586,0.06444348,0.715684344,0.527023087,2.302377739,0.010029444,0.136642097,0.126864814,0.127811964,0.128992626,1330.042969,5.860214693,0.001860687,0.022186814,0.082548421,0.631366362,0.333326619,5.406311861,6.977090855,74646.46105,0.996599635,0.825530705,1.207053456,13.0928135,0.051105918,42430.61818,-4.71E-19,4.08E-05,0.051065564,3.65448778,43.10961999,-34.14291461,0.299236358,0.019627016,0.993339194,0.014158262,146,5.629443243,0.001745539,0.016,0.109106779
Old Sneed Park_20240826_221700.WAV,Old Sneed Park ,Pre-light treatment,0.000262484,8.64E-09,1.769471137,6.389296808,3,42.96736053,-44.01203956,-45.75809645,1.746056891,0.959512341,0.002087887,0.531516396,0.370190363,0.006236447,45.73090977,5.275229007,296.9638405,0.220961514,1.567267261,0.038183879,0.059844344,0.680304862,0.510978479,2.302584833,0.00038806,0.138436298,0.128072612,0.127690507,0.129405754,1334.302734,5.612051296,0.001880955,0.021939711,0.08396922,0.629527537,0.333327064,5.440643123,6.984075705,74954.42563,0.996658777,0.81438875,1.205259773,4.364271167,0.058777489,42475.10909,-3.68E-19,3.99E-05,0.047879298,2.971445547,43.00472329,-34.17381349,0.223462118,0.019557319,0.996290438,0.009406517,97,3.903342495,0,0,0
Old Sneed Park_20240826_221800.WAV,Old Sneed Park ,Pre-light treatment,0.000262023,8.51E-09,1.804206324,6.574657791,3,42.94659202,-44.03280807,-45.74493422,1.712126149,0.959831761,0.000399805,0.433219224,0.344344556,0.002928205,7.271490341,1.140718289,296.3990406,0.203136845,1.509841229,0.038103347,0.057530005,0.62466999,0.507000628,2.302584811,0.000382306,0.136035949,0.12664685,0.127264504,0.12903733,1330.503906,5.514871737,0.001717295,0.021814376,0.076438985,0.627887231,0.33332703,5.437879072,6.986069736,75087.95639,0.996661579,0.812643018,1.204135513,12.00174571,0.025950744,42634.43636,-7.14E-20,3.97E-05,0.041444219,2.949892266,42.98493708,-34.16994974,0.219067336,0.019566021,0.996483499,0.010473235,108,3.675463712,0,0,0
Old Sneed Park_20240826_221900.WAV,Old Sneed Park ,Pre-light treatment,0.000261708,8.54E-09,1.806004996,6.535533946,2,42.93858278,-44.04081731,-45.75345242,1.712635113,0.959627915,3.00E-05,0.109059236,0.10203247,0.002457928,3.147929724,0.06909123,296.8503967,0.194189912,1.481974388,0.038242029,0.056673707,0.616131974,0.510245091,2.302584173,0.000730281,0.136924967,0.126033952,0.128276036,0.129092262,1331.070313,5.481172533,0.001651377,0.021816063,0.073739467,0.625794197,0.333327018,5.436977618,6.984794557,75034.59277,0.996654547,0.811340798,1.202758644,3.273203375,0.013619405,42617.47273,-1.77E-19,3.96E-05,0.044886678,3.113641167,42.9751474,-34.21093621,0.226218479,0.019473911,0.995603155,0.007757952,80,4.743036936,0.000290923,0.016,0.018184463
Old Sneed Park_20240826_222000.WAV,Old Sneed Park ,Pre-light treatment,0.000261908,8.67E-09,1.883421137,7.144326452,2,42.95200179,-44.0273983,-45.73585055,1.708452248,0.958894692,2.22E-05,0.003959444,0.003372637,0.002553981,3.810903858,0.451544568,296.658572,0.174115271,1.421645454,0.039561632,0.056242614,0.631989162,0.509248406,2.302583651,0.000897884,0.13648854,0.126452882,0.127937952,0.129015925,1330.283203,5.465813525,0.001609514,0.021684906,0.071892428,0.628031642,0.33332655,5.401220646,6.980191791,74898.21174,0.996597652,0.814636909,1.202633324,2.182135583,0.010058281,42563.85455,-4.70E-19,3.98E-05,0.038558319,2.952391237,42.99423621,-34.17366299,0.221951211,0.019557658,0.996600547,0.008533747,88,3.591353953,0,0,0
Old Sneed Park_20240826_222100.WAV,Old Sneed Park ,Pre-light treatment,0.000265007,9.60E-09,1.943725774,7.452799976,3,43.09349973,-43.88590036,-45.74333526,1.8574349,0.955650664,0.001842886,0.516596224,0.375772424,0.00892807,69.19634571,7.374608975,296.9220858,0.114078904,1.25753739,0.048223988,0.060643468,0.752293357,0.529495381,2.300988856,0.027975971,0.140545696,0.128632518,0.128420152,0.129776642,1338.126953,5.731508219,0.001988547,0.021858979,0.086029378,0.628323513,0.333325755,5.345818345,6.959878428,74038.09532,0.996446336,0.833829712,1.205982374,25.09455921,0.055386844,42345.54545,2.11E-19,4.12E-05,0.201336752,11.63048304,43.1467289,-34.15633898,0.313721201,0.019596705,0.990230127,0.012412723,128,5.858152776,0.001454616,0.016,0.090922316
Old Sneed Park_20240826_222200.WAV,Old Sneed Park ,Pre-light treatment,0.00026123,8.51E-09,1.817252511,6.613179733,3,42.92301638,-44.05638371,-45.76277193,1.706388224,0.959572525,4.57E-05,0.081202139,0.06982354,0.002596649,2.749136728,0.173908319,296.4471558,0.192709089,1.477421673,0.03829175,0.056573062,0.659311893,0.50449865,2.302584924,0.000295141,0.137256328,0.126218921,0.128368488,0.128985807,1329.972656,5.473173472,0.001673539,0.021812907,0.075124746,0.627252238,0.333326968,5.432986402,6.984446063,75030.09972,0.996648694,0.812122475,1.202770414,2.182135583,0.01172519,42616.6,1.69E-19,3.94E-05,0.041719007,2.94542554,42.95810872,-34.20075858,0.213023824,0.019496743,0.996574116,0.009115593,94,3.701039351,0,0,0
Old Sneed Park_20240826_222300.WAV,Old Sneed Park ,Pre-light treatment,0.000263333,9.45E-09,2.204846718,10.12035265,2,43.03680899,-43.9425911,-45.74110973,1.798518631,0.955081511,0.000141257,0.64300353,0.613143138,0.00246972,4.638597891,0.671500647,296.7664039,0.112997859,1.25478599,0.045805822,0.057476504,0.602523633,0.521681353,2.299229858,0.039475103,0.138420134,0.126400891,0.128092945,0.129117266,1331.328125,5.561660321,0.001687556,0.021724088,0.075266826,0.626937704,0.333323714,5.226543461,6.956252453,74119.07268,0.99629758,0.824956064,1.203717331,3.273203375,0.014168728,42627.47273,3.26E-19,4.05E-05,0.088026932,6.221360016,43.07298493,-34.15996886,0.266293686,0.019588517,0.991639433,0.008242824,85,6.468912835,0.000581846,0.032,0.018184463
Old Sneed Park_20240826_222400.WAV,Old Sneed Park ,Pre-light treatment,0.000266001,9.91E-09,2.005132314,8.150271621,3,43.13886229,-43.8405378,-45.70474767,1.864209872,0.954500297,0.017871619,0.709270203,0.609177354,0.018860681,78.77020652,8.393128633,297.0062622,0.264384966,1.718813383,0.041695665,0.071667067,0.814746863,0.532407587,2.302566963,0.003057837,0.138985873,0.129847315,0.128586928,0.130152643,1342.003906,5.990202998,0.002078143,0.021798374,0.089794496,0.629449021,0.333324989,5.297682115,6.952660922,73762.72564,0.996364815,0.833563297,1.207903508,61.09979633,0.087834746,42153.30909,-1.06E-19,4.14E-05,0.046029047,3.3222033,43.17256744,-34.13328915,0.321417299,0.019648778,0.993901659,0.018231187,188,5.224594649,0.005818464,0.016842105,0.345504801
Old Sneed Park_20240826_222500.WAV,Old Sneed Park ,Pre-light treatment,0.000266991,9.30E-09,1.738159593,6.361282328,3,43.13438773,-43.84501235,-45.72100188,1.875989526,0.958167565,0.01096176,0.50246188,0.452991117,0.008956486,65.32319034,7.271606134,297.3528974,0.270414549,1.741282735,0.039677085,0.069089024,0.7905422,0.541740947,2.302452755,0.008067616,0.137296738,0.127701674,0.128084787,0.129275622,1332.960938,6.072097241,0.001981538,0.022111908,0.087201537,0.628770857,0.333326815,5.421131071,6.975662554,74512.25138,0.996611022,0.82273188,1.208468706,46.91591504,0.088365126,42379.94545,-4.10E-19,4.16E-05,0.002677662,40.52987517,43.18736016,-34.14277237,0.497337886,0.019627337,0.968804008,0.014934057,154,8.379435255,0.006594259,0.017269841,0.381873727
Old Sneed Park_20240826_222600.WAV,Old Sneed Park ,Pre-light treatment,0.000261882,8.60E-09,1.827171207,6.682546856,3,42.94727105,-44.03212903,-45.75518673,1.7230577,0.959344607,3.08E-05,0.027666076,0.024152803,0.002515868,3.532955464,0.276527908,296.6295376,0.186911454,1.459756703,0.038782085,0.056612409,0.673794927,0.508845081,2.302582832,0.001100843,0.138395888,0.126237918,0.127707729,0.129454057,1334.800781,5.495832581,0.001676948,0.02188873,0.074343307,0.626107193,0.333326889,5.4268545,6.983018064,74974.52164,0.99663643,0.812823573,1.203613302,6.54640675,0.021840298,42599.89091,3.31E-19,3.97E-05,0.040787851,3.049378275,42.98631812,-34.1604279,0.214632602,0.019587482,0.995546457,0.008242824,85,4.835674524,0.000678821,0.018666667,0.036368926
Old Sneed Park_20240826_222700.WAV,Old Sneed Park ,Pre-light treatment,0.000261141,8.52E-09,1.841464871,6.871197588,2,42.92088412,-44.05851597,-45.76763076,1.709114796,0.959454155,5.52E-05,0.02286642,0.017887816,0.003834157,26.24698682,3.299400346,296.7295437,0.18992511,1.468907536,0.038527481,0.056593307,0.624435708,0.505434339,2.302585069,0.000115759,0.138040281,0.126951799,0.128635873,0.129383782,1334.076172,5.478507497,0.001634329,0.021644365,0.073242188,0.62918354,0.333326796,5.419662739,6.983699911,75015.11001,0.996633419,0.81288654,1.203835407,2.182135583,0.019377819,42564.52727,-6.39E-20,3.94E-05,0.045090842,2.939788376,42.95831508,-34.18351009,0.179132304,0.019535498,0.996790436,0.006982157,72,3.626731835,0,0,0
Old Sneed Park_20240826_222800.WAV,Old Sneed Park ,Light treatment,0.000262106,8.51E-09,1.797900703,6.51251535,3,42.94896403,-44.03043606,-45.74066375,1.71022769,0.959873998,0.00022153,0.197713418,0.147657001,0.00343665,11.75980305,1.758791429,296.5627882,0.199470084,1.498345108,0.038217386,0.057262833,0.634569076,0.507497181,2.3025846,0.000504874,0.135373226,0.125977962,0.127857283,0.129106469,1331.216797,5.502791227,0.00169286,0.021736966,0.075622026,0.628514255,0.333327073,5.441331272,6.986335365,75094.99581,0.996665825,0.812642038,1.203305825,6.54640675,0.029095141,42603.81818,2.42E-19,3.97E-05,0.03989022,2.954564882,42.98404006,-34.16015276,0.203624447,0.019588102,0.996610971,0.008242824,85,3.762348972,0,0,0
Old Sneed Park_20240826_222900.WAV,Old Sneed Park ,Light treatment,0.000262084,8.62E-09,1.802446749,6.493075394,2,42.95426092,-44.02513917,-45.75791691,1.732777746,0.959386747,0.00010083,0.159681722,0.130213558,0.003381383,4.192997073,0.545527028,296.6901702,0.194885464,1.484118607,0.038351117,0.056917606,0.676164698,0.510946415,2.302582785,0.00108333,0.138096854,0.127328736,0.128408369,0.129818504,1338.558594,5.505501153,0.001672402,0.022015879,0.074520907,0.624932752,0.333326997,5.435315512,6.98328619,74962.39174,0.996646805,0.811244053,1.204212067,5.455338958,0.022882116,42632.6,3.45E-19,3.97E-05,0.04292389,3.188248474,42.98899288,-34.18755064,0.245249791,0.019526413,0.994949085,0.010279286,106,4.811101801,0,0,0
Old Sneed Park_20240826_223000.WAV,Old Sneed Park ,Light treatment,0.000265088,9.08E-09,1.919074275,7.8530685,4,43.06766038,-43.91173971,-45.73516124,1.823421527,0.958025561,0.003407706,0.683969498,0.62410206,0.003246308,4.159242462,0.530779071,297.0536754,0.198592327,1.495608747,0.042517126,0.063588985,0.664192659,0.532478621,2.301774794,0.019513037,0.14027899,0.127874645,0.127564519,0.129380561,1334.042969,5.814348188,0.001861634,0.02210973,0.082264261,0.62905588,0.333325917,5.356607732,6.974738353,74650.4627,0.996535269,0.827058948,1.206685469,13.0928135,0.047090183,42426.43636,8.84E-20,4.08E-05,0.051215867,4.898445407,43.10723787,-34.13335101,0.322560932,0.019648638,0.988887068,0.011055081,114,6.850807655,0.002036462,0.0224,0.090922316
Old Sneed Park_20240826_223100.WAV,Old Sneed Park ,Light treatment,0.000261575,8.56E-09,1.826930451,6.665772093,2,42.936083,-44.04331709,-45.74803147,1.704714384,0.959418591,2.23E-05,0.006364977,0.005841813,0.00255421,3.765955287,0.147298816,296.6380999,0.186724586,1.459191519,0.038611828,0.056342052,0.618878814,0.508138319,2.302583036,0.001046784,0.136068277,0.126305907,0.127606213,0.129030132,1330.429688,5.4617215,0.001602885,0.021517064,0.071643789,0.626342371,0.33332691,5.428448816,6.983481366,74997.37778,0.996639935,0.812459016,1.202398738,1.091067792,0.011952496,42609.29091,-4.45E-20,3.96E-05,0.038913125,2.971567131,42.9744243,-34.21041617,0.222651934,0.019475077,0.996307469,0.007564003,78,4.139839377,0,0,0
Old Sneed Park_20240826_223200.WAV,Old Sneed Park ,Light treatment,0.000262398,9.02E-09,1.900857518,7.133868686,2,42.98568977,-43.99371031,-45.7549034,1.761193091,0.957465889,3.99E-05,0.018035104,0.014757109,0.003154042,9.383186718,1.225804249,296.4802664,0.131001555,1.301500091,0.043364431,0.056438811,0.623461979,0.512034389,2.30228304,0.012024857,0.138872725,0.12622492,0.127739453,0.129134124,1331.501953,5.538839869,0.001733775,0.022051893,0.077042825,0.625793516,0.333326287,5.382192317,6.971248388,74515.82534,0.996537793,0.821916847,1.203321885,4.364271167,0.021821356,42563.56364,-5.32E-20,4.00E-05,0.076018899,3.490807555,43.0260225,-34.1870796,0.244125047,0.019527472,0.995250745,0.009988363,103,4.706431323,0.001454616,0.026666667,0.05455339
Old Sneed Park_20240826_223300.WAV,Old Sneed Park ,Light treatment,0.000261672,8.67E-09,1.883055722,7.267849284,3,42.94479448,-44.03460561,-45.76362988,1.729024271,0.958866782,0.000439234,0.506373134,0.415660483,0.003547234,17.40305461,2.202776637,296.828819,0.185726309,1.456176619,0.039373529,0.057334812,0.638547976,0.507716259,2.302579837,0.001645263,0.137571526,0.126882811,0.128058502,0.129494025,1335.212891,5.526836539,0.001716538,0.021888732,0.076332425,0.628076896,0.333326458,5.394448185,6.980015175,74880.54647,0.996592738,0.815371139,1.204388445,4.364271167,0.022976827,42530.05455,-2.10E-19,3.96E-05,0.048111589,2.981311955,42.9811713,-34.17379357,0.233735134,0.019557364,0.99622502,0.009406517,97,4.012185267,0,0,0
Old Sneed Park_20240826_223400.WAV,Old Sneed Park ,Light treatment,0.000281033,4.21E-08,7.200514443,70.15653209,3,44.90387783,-42.07552226,-45.70351802,3.627995762,0.810045933,5.78E-05,0.763542094,0.722804736,0.002812474,3.501188213,0.450796383,296.9710931,-0.645644445,0.215329354,0.26407009,0.056862042,0.630455325,1.157105124,0.089575598,0.89566655,0.139131348,0.126457882,0.128638592,0.129231108,1332.501953,8.20041467,0.001634518,0.021684327,0.072247628,0.627425203,0.33245872,2.971558034,6.038197679,52482.19429,0.970659298,0.895069246,1.205014515,2.182135583,0.015210546,42282.50909,2.10E-19,6.08E-05,9.093494128,1973.44176,44.83739541,-34.10603439,1.696510649,0.019710529,0.797864165,0.009309542,96,16.87205671,0.000678821,0.037333333,0.018184463
Old Sneed Park_20240826_223500.WAV,Old Sneed Park ,Light treatment,0.000266704,9.74E-09,1.881993174,7.11973812,3,43.15027918,-43.8291209,-45.72965739,1.900536482,0.95575692,0.024265202,0.748759136,0.665903119,0.005550112,32.04507735,4.301512533,297.4485026,0.29160551,1.823285651,0.040229775,0.073350372,0.740294111,0.556437415,2.29697331,0.051873829,0.138436298,0.128371562,0.128789959,0.129566005,1335.955078,6.211258846,0.001966574,0.022013419,0.086562178,0.62919932,0.333325968,5.36006632,6.960553341,73989.84132,0.996470222,0.833156204,1.210006304,27.27669479,0.07614744,42384.21818,-3.06E-19,4.15E-05,0.053533699,12.57103849,43.1805763,-34.11963551,0.373753506,0.019679689,0.987207433,0.017552366,181,6.218529714,0.003588053,0.016444444,0.218213558
Old Sneed Park_20240826_223600.WAV,Old Sneed Park ,Light treatment,0.000266077,9.90E-09,1.976666549,7.831653644,3,43.14088831,-43.83851178,-45.74499483,1.906483051,0.954606628,0.025596428,0.727842899,0.637765708,0.004874169,28.09735238,3.851088294,297.2283295,0.260720696,1.705337467,0.041905578,0.071463152,0.779729058,0.532951774,2.302103155,0.015205739,0.137224,0.12670884,0.128741014,0.129628135,1336.595703,6.175759301,0.001965627,0.021629001,0.086952898,0.626954652,0.333325256,5.313908802,6.953334255,73768.2278,0.996384561,0.835069829,1.209372045,16.36601688,0.062736398,42289.01818,-1.15E-19,4.15E-05,0.062848798,3.853281301,43.18513321,-34.14289763,0.355769152,0.019627054,0.992209973,0.018037238,186,5.76906124,0.006012413,0.017403509,0.345504801
Old Sneed Park_20240826_223700.WAV,Old Sneed Park ,Light treatment,0.000261695,8.66E-09,1.896803854,7.287170987,2,42.94516568,-44.0342344,-45.74636875,1.712134345,0.958844674,1.88E-05,0.011208926,0.01044357,0.002427281,3.593410499,0.186128972,296.5188402,0.174360269,1.422364047,0.039573908,0.056288504,0.573993469,0.50773275,2.302540408,0.004723012,0.137991789,0.126316905,0.127699571,0.129226372,1332.453125,5.469235898,0.001672592,0.021896651,0.074485387,0.625304308,0.333326452,5.394074796,6.979875727,74894.62192,0.996589682,0.815293165,1.202840644,1.091067792,0.011744132,42605.65455,6.47E-20,3.97E-05,0.040475639,2.988264443,42.98372553,-34.16021253,0.203606173,0.019587967,0.996327748,0.008436773,87,4.21520595,0.000290923,0.016,0.018184463
Old Sneed Park_20240826_223800.WAV,Old Sneed Park ,Light treatment,0.00027358,1.16E-08,2.337949246,11.722947,7,43.4372899,-43.54211019,-45.74518984,2.203079651,0.949322512,0.051518319,0.700565346,0.524869777,0.004313962,16.19180342,2.199737056,297.796864,0.433226375,2.528745716,0.040164439,0.101565652,0.664267874,0.639963842,2.217944394,0.200224811,0.137393722,0.126807823,0.128996616,0.129762625,1337.982422,7.152904942,0.00172544,0.02176529,0.076687625,0.627024387,0.333320503,5.082540886,6.920144633,72623.67139,0.99593819,0.851148785,1.20967608,5.455338958,0.043263869,42550.63636,3.30E-19,4.46E-05,0.474763517,202.455452,43.48880829,-34.1427429,0.755096092,0.019627404,0.929851733,0.008921645,92,12.59750389,0.000290923,0.016,0.018184463
Old Sneed Park_20240826_223900.WAV,Old Sneed Park ,Light treatment,0.000262575,8.54E-09,1.829222403,6.867302058,4,42.96409131,-44.01530878,-45.74057369,1.725264906,0.959841855,0.000317871,0.605235234,0.573464246,0.003918832,22.94929452,3.029668822,296.8461781,0.202855521,1.50895547,0.038885701,0.058676792,0.688842707,0.511513055,2.302554338,0.00392388,0.136391556,0.126987793,0.128518949,0.129234896,1332.541016,5.54926284,0.001704415,0.022117552,0.075799626,0.630233892,0.333326874,5.425670199,6.986126967,75106.85405,0.996650258,0.816295254,1.204761169,6.54640675,0.045858943,42544.89091,4.03E-19,3.98E-05,0.042437811,3.145852403,43.00411033,-34.16002181,0.224042977,0.019588398,0.995773936,0.009115593,94,4.366456958,0.000775795,0.021333333,0.036368926
Old Sneed Park_20240826_224000.WAV,Old Sneed Park ,Light treatment,0.000262498,8.72E-09,1.915740807,7.604965404,3,42.97191767,-44.00748241,-45.76578453,1.758302119,0.958813894,0.000808148,0.492417589,0.410167706,0.005980381,48.07287741,5.719829348,297.1672945,0.192788135,1.477664274,0.040036906,0.059161106,0.707299641,0.515394958,2.302179707,0.013966339,0.135082275,0.128223587,0.127919824,0.129614308,1336.453125,5.608899006,0.001762567,0.021706633,0.078392584,0.630168003,0.333326266,5.380700741,6.979676884,74889.53303,0.996576217,0.818119334,1.205752019,6.54640675,0.052716001,42527.85455,1.67E-19,3.98E-05,0.042451236,4.026624683,43.00378199,-34.14666306,0.252820496,0.019618547,0.992389212,0.009406517,97,5.889081461,0.001066718,0.019555556,0.05455339
Old Sneed Park_20240826_224100.WAV,Old Sneed Park ,Light treatment,0.000261051,8.45E-09,1.780734961,6.334478572,2,42.91450769,-44.0648924,-45.78110115,1.716208757,0.959868365,4.06E-05,0.010652211,0.008453637,0.003599314,25.66054177,3.147643001,297.0037525,0.20214544,1.506722528,0.037551681,0.056579963,0.621991599,0.505341627,2.302585071,0.000101683,0.137151262,0.126858815,0.128841624,0.129975155,1340.173828,5.482293874,0.001706498,0.02197476,0.076190345,0.626809779,0.333327166,5.448799997,6.986303852,75080.47092,0.996672981,0.810079635,1.204146129,4.364271167,0.018411769,42611.96364,3.35E-19,3.94E-05,0.044158526,2.952061694,42.95218327,-34.17386531,0.185112779,0.019557203,0.996509125,0.008242824,85,3.862268847,0,0,0
Old Sneed Park_20240826_224200.WAV,Old Sneed Park ,Light treatment,0.000261483,8.47E-09,1.821031575,6.660791078,3,42.92822417,-44.05117591,-45.75775548,1.706579565,0.95981414,3.59E-05,0.013087063,0.010831619,0.003181762,8.680422972,1.389359329,296.4178446,0.195344718,1.48553641,0.038097101,0.056594631,0.598221019,0.505032332,2.302584991,0.000234477,0.136577442,0.126025954,0.127783866,0.129235654,1332.548828,5.468910904,0.001656112,0.021996126,0.073917067,0.626647223,0.333326985,5.43437315,6.985957176,75102.63467,0.996656362,0.812800108,1.203244331,4.364271167,0.019548298,42647.05455,-1.97E-19,3.95E-05,0.038075969,2.938467148,42.9650842,-34.19676695,0.208013208,0.019505705,0.996746906,0.008242824,85,3.607231292,0,0,0
Old Sneed Park_20240826_224300.WAV,Old Sneed Park ,Light treatment,0.000263057,8.62E-09,1.818519228,6.705947964,3,42.98313392,-43.99626617,-45.73836766,1.742101489,0.959617437,0.00035048,0.43773345,0.387004402,0.00280965,5.977617462,0.740166744,296.7285176,0.198364053,1.494898097,0.039248929,0.05867315,0.627269958,0.51940887,2.302564205,0.003222032,0.138428216,0.126925803,0.127739453,0.128920457,1329.298828,5.591759743,0.001736048,0.022040706,0.077291465,0.629810392,0.333326922,5.429424902,6.984725605,75037.52703,0.996647472,0.815278889,1.205199018,4.364271167,0.028072265,42621.4,-9.68E-20,4.00E-05,0.051050745,4.340624097,43.01622281,-34.16042433,0.278425494,0.01958749,0.991542414,0.008921645,92,6.148265007,0.000581846,0.016,0.036368926
Old Sneed Park_20240826_224400.WAV,Old Sneed Park ,Light treatment,0.000262393,8.54E-09,1.82271542,6.767679509,4,42.95887819,-44.0205219,-45.74620226,1.725680362,0.959788672,0.000475143,0.537346139,0.485519399,0.002341267,3.099403247,0.388592184,296.7429444,0.201641379,1.505139855,0.038590713,0.058084421,0.650371585,0.510814846,2.302581564,0.001376336,0.139123266,0.126838818,0.127876318,0.129243989,1332.634766,5.550688348,0.00166009,0.021494299,0.074556427,0.629981786,0.333326918,5.429097243,6.985796039,75089.21538,0.996651911,0.81518874,1.203592916,1.091067792,0.020476463,42629.25455,-2.02E-19,3.98E-05,0.041076995,3.043386772,42.99774111,-34.1739729,0.225526712,0.01955696,0.995823253,0.009212568,95,4.565678988,0,0,0
Old Sneed Park_20240826_224500.WAV,Old Sneed Park ,Light treatment,0.000264443,9.16E-09,1.773320972,6.313956336,3,43.05310738,-43.92629271,-45.74590368,1.819610975,0.957862074,0.014021036,0.729677002,0.606354711,0.010727942,67.43876116,7.437979915,297.4494598,0.268668188,1.734736774,0.038516181,0.066815436,0.760040059,0.53172851,2.302570083,0.002815807,0.138048363,0.127886643,0.127914386,0.129595365,1336.257813,5.909545693,0.001926038,0.022066953,0.084750659,0.630013633,0.333326828,5.42217107,6.973749381,74484.48032,0.996596169,0.823251211,1.209220445,39.2784405,0.067888663,42371.65455,-3.76E-19,4.07E-05,0.048882503,3.199342734,43.09185972,-34.16009647,0.301742746,0.019588229,0.994377398,0.017455392,180,4.830526313,0.00087277,0.016,0.05455339
Old Sneed Park_20240826_224600.WAV,Old Sneed Park ,Light treatment,0.000263266,8.80E-09,1.770214423,6.341840786,3,42.99932442,-43.98007567,-45.72559335,1.745517684,0.959028605,0.00151298,0.510082097,0.36281148,0.009468592,85.72588674,8.146399914,297.0640424,0.214833557,1.547230612,0.03813572,0.059004753,0.735996454,0.519534366,2.302584843,0.000384537,0.134548864,0.127807656,0.128353079,0.129423181,1334.482422,5.592353163,0.001776016,0.021903736,0.078996423,0.627753454,0.333327,5.435544486,6.981049273,74819.28522,0.996641379,0.811129691,1.206267504,8.728542333,0.059175274,42506.10909,4.78E-19,4.02E-05,0.047865798,3.395556503,43.03714737,-34.16018567,0.358068887,0.019588028,0.990670864,0.01454616,150,6.333258366,0.000581846,0.016,0.036368926
Old Sneed Park_20240826_224700.WAV,Old Sneed Park ,Light treatment,0.000309786,6.79E-08,6.518202876,56.95967636,7,46.21778198,-40.76161811,-45.69845335,4.936835244,0.775452837,0.265807053,0.835658527,0.686899933,0.048216198,84.63030784,8.778449577,299.2435161,0.226662829,1.586194061,0.222410256,0.352785827,1.328197197,1.344070719,1.034831057,0.775121941,0.137579608,0.134621518,0.127944297,0.130682834,1347.470703,11.85892358,0.003048928,0.022122365,0.123467431,0.631411755,0.332414867,2.947096669,5.82056272,45852.78268,0.967036545,0.769228284,1.232773375,125.472796,0.254127873,41529.45455,2.27E-19,8.62E-05,-2.020003674,2684.93592,46.35682975,-34.02615694,2.654830252,0.019892628,0.750811864,0.042183863,435,13.08570251,0.016000776,0.0176,0.90922316
Old Sneed Park_20240826_224800.WAV,Old Sneed Park ,Light treatment,0.000264105,8.97E-09,1.832180868,6.944091371,3,43.03293139,-43.9464687,-45.75231835,1.805849649,0.958420887,0.003402993,0.553148469,0.402281227,0.004754282,28.85076499,3.912685545,297.4692247,0.215628592,1.549812475,0.03951583,0.061242126,0.714127741,0.527443954,2.302430016,0.008676267,0.137458378,0.128043617,0.1285262,0.129644804,1336.767578,5.746753112,0.001830759,0.021934951,0.081092102,0.628550067,0.333326546,5.40090964,6.977232614,74694.511,0.996590803,0.816327587,1.208387793,16.36601688,0.062982646,42511.61818,1.05E-22,4.04E-05,0.048922867,3.783767334,43.06852045,-34.16043847,0.323194371,0.019587458,0.991442958,0.014934057,154,5.81781415,0.001454616,0.02,0.072737853
Old Sneed Park_20240826_224900.WAV,Old Sneed Park ,Light treatment,0.000261682,8.48E-09,1.834196818,6.761032299,3,42.93452928,-44.04487081,-45.74716361,1.702292794,0.959802785,8.09E-05,0.068730767,0.053308862,0.003905133,20.57605654,2.631560844,296.7489639,0.192510722,1.476813074,0.038459299,0.056797195,0.667377497,0.506760589,2.302584994,0.000247218,0.135785407,0.126682844,0.127223716,0.129178449,1331.958984,5.482045727,0.001700058,0.021972148,0.076261385,0.628690919,0.333326932,5.430193692,6.985883816,75111.79229,0.996651365,0.814766721,1.203269342,5.455338958,0.02388605,42627.63636,-3.05E-19,3.96E-05,0.040874417,2.945612022,42.97291202,-34.16037685,0.191992641,0.019587597,0.996726668,0.007370054,76,3.587796339,0,0,0
Old Sneed Park_20240826_225000.WAV,Old Sneed Park ,Light treatment,0.000262677,8.55E-09,1.803002061,6.611098886,3,42.9681501,-44.01124999,-45.751267,1.740017014,0.959850423,0.000849052,0.719536075,0.653154078,0.003645777,36.47576654,4.292350283,296.8510577,0.197487741,1.492173767,0.039168833,0.058446704,0.700156866,0.513310884,2.302504387,0.00630687,0.136132932,0.126026953,0.127847313,0.129166894,1331.839844,5.574254583,0.001694375,0.021923333,0.075302346,0.628394165,0.333327016,5.436825144,6.986186003,75087.78998,0.996661292,0.817133838,1.204316282,4.364271167,0.028413224,42652.94545,1.71E-19,3.99E-05,0.044666819,3.392137,43.00562497,-34.1718384,0.225696198,0.019561768,0.995140709,0.008921645,92,4.861709151,0.000678821,0.018666667,0.036368926
Old Sneed Park_20240826_225100.WAV,Old Sneed Park ,Light treatment,0.000262156,8.82E-09,1.960794098,7.8347637,2,42.96783304,-44.01156705,-45.75291069,1.741343637,0.958102542,6.37E-05,0.095261726,0.078652373,0.003200265,6.550406684,0.813147377,296.6817304,0.157414912,1.373647514,0.041374952,0.0568346,0.677683133,0.509755177,2.302329311,0.010971066,0.137062361,0.12646488,0.128652188,0.129275811,1332.962891,5.501796699,0.001621069,0.021673145,0.072460748,0.629087325,0.333325994,5.361821479,6.975218194,74740.89757,0.996534403,0.819272379,1.203173295,1.091067792,0.019283108,42596.49091,-4.66E-19,3.98E-05,0.045677626,3.22306757,43.00243715,-34.16018773,0.21129701,0.019588023,0.995981721,0.009115593,94,4.214796349,0.000387898,0.021333333,0.018184463
Old Sneed Park_20240826_225200.WAV,Old Sneed Park ,Light treatment,0.000286229,2.78E-08,5.620413745,48.21084586,7,44.47351457,-42.50588552,-45.74223298,3.236347468,0.877671372,0.232481258,0.719875468,0.584632981,0.005085292,30.194265,3.797685012,298.6906797,0.666331152,4.993966808,0.043874,0.219105302,0.718571859,1.229583891,0.645009298,0.82023356,0.140707335,0.127974628,0.128470003,0.129679658,1337.126953,10.09703631,0.001891752,0.02193682,0.0830457,0.629571223,0.333095338,3.622323255,6.468003814,61131.89688,0.985855395,0.849827043,1.216070682,10.91067792,0.05561415,42458.76364,-1.79E-19,5.45E-05,0.418764203,1898.967502,44.36198684,-34.18348731,1.710491661,0.01953555,0.804261761,0.012800621,132,15.52210226,0.002036462,0.018666667,0.109106779
Old Sneed Park_20240826_225300.WAV,Old Sneed Park ,Light treatment,0.000264086,8.67E-09,1.759342979,6.428024163,4,43.01571714,-43.96368295,-45.73577807,1.772095125,0.959906972,0.00264354,0.648315495,0.636655563,0.009235218,89.93442634,8.384386057,297.1988939,0.229366015,1.595265768,0.039144896,0.062446513,0.708182373,0.526961436,2.302382433,0.010051172,0.138711085,0.128374561,0.127754861,0.129442313,1334.679688,5.710099984,0.001967521,0.02206489,0.084502019,0.628948645,0.333327113,5.444535012,6.986545217,75049.42864,0.996674076,0.820302836,1.206179874,50.18911842,0.076753588,42515.07273,3.21E-19,4.03E-05,0.047607949,4.396903203,43.05133603,-34.13336156,0.267010958,0.019648614,0.991282729,0.010376261,107,5.830545558,0.000290923,0.016,0.018184463
Old Sneed Park_20240826_225400.WAV,Old Sneed Park ,Light treatment,0.000261731,8.47E-09,1.831985958,6.76132704,3,42.93541355,-44.04398654,-45.75348104,1.709494503,0.959868591,8.42E-05,0.058586817,0.04417919,0.003575313,19.58136392,2.636810937,296.6983279,0.193945463,1.481221688,0.038341078,0.056791637,0.687532729,0.507295798,2.302584995,0.000231761,0.137312902,0.125848983,0.127450314,0.129011947,1330.242188,5.480698338,0.001650051,0.021663602,0.073846027,0.62736145,0.333326942,5.43094497,6.986295777,75127.78644,0.996654241,0.813949475,1.203041013,5.455338958,0.025590844,42617.83636,2.38E-19,3.96E-05,0.037674641,2.94098783,42.9729931,-34.17396193,0.18773614,0.019556985,0.996729989,0.008339798,86,3.54423625,0,0,0
Old Sneed Park_20240826_225500.WAV,Old Sneed Park ,Light treatment,0.000263309,8.85E-09,1.911425684,7.466584746,2,43.00295468,-43.97644541,-45.73490676,1.758461347,0.958479737,0.000456526,0.506841209,0.485408351,0.002553682,3.522622813,0.275564463,296.6158656,0.175423315,1.425486963,0.041588496,0.059283859,0.629559969,0.519404107,2.302549269,0.00422021,0.139705169,0.126463881,0.127859096,0.129125411,1331.412109,5.599240654,0.001740405,0.022033434,0.076900745,0.627422614,0.333326288,5.382293446,6.977587812,74796.10311,0.996567211,0.821673494,1.204015353,6.54640675,0.025780265,42521.12727,3.82E-19,4.02E-05,0.051983842,3.511737628,43.03772322,-34.1199654,0.256997932,0.019678941,0.992788027,0.010085337,104,5.901733451,0.000775795,0.021333333,0.036368926
Old Sneed Park_20240826_225600.WAV,Old Sneed Park ,Light treatment,0.000263597,9.45E-09,2.367401983,11.97185489,3,43.04497349,-43.93442659,-45.74107015,1.806643553,0.954723337,0.000784613,0.579208589,0.485671955,0.003895678,26.38523405,3.069730753,297.0878532,0.120289448,1.273475061,0.046029638,0.058617597,0.701554467,0.516723341,2.298306426,0.045671106,0.136545114,0.127417721,0.127738546,0.129399504,1334.238281,5.598072721,0.001756505,0.02146038,0.076936265,0.62754699,0.333322232,5.15493571,6.953967793,74153.99535,0.99619857,0.830223518,1.205266771,20.73028804,0.034607307,42513.25455,-1.38E-19,4.06E-05,0.038112296,4.442985983,43.08242568,-34.17356543,0.234760867,0.019557878,0.995230408,0.010182312,105,4.649851702,0.000581846,0.032,0.018184463
Old Sneed Park_20240826_225700.WAV,Old Sneed Park ,Light treatment,0.00026569,8.90E-09,1.756951909,6.523761115,3,43.07513917,-43.90426091,-45.74827687,1.844015952,0.959409742,0.008533326,0.580495615,0.453834973,0.00912102,52.36003947,6.258361932,297.5593215,0.271051869,1.743679441,0.039304071,0.068533701,0.757073858,0.538223888,2.302401324,0.009377673,0.137062361,0.129586359,0.128421058,0.130214016,1342.636719,5.992442775,0.002127772,0.021912923,0.091677054,0.630096102,0.333326961,5.432456323,6.983432224,74892.21286,0.996652011,0.825330242,1.209948611,60.00872854,0.106322283,42336.67273,4.77E-19,4.09E-05,0.076657765,11.46937625,43.11298532,-34.11609489,0.358469237,0.019687712,0.983439213,0.013285493,137,6.956889747,0.00087277,0.016,0.05455339
Old Sneed Park_20240826_225800.WAV,Old Sneed Park ,Light treatment,0.000267254,9.22E-09,1.898578891,7.753851674,6,43.13807038,-43.84132971,-45.74167392,1.900344219,0.958121255,0.006532732,0.502175175,0.376681483,0.003845945,23.22113142,3.148449698,297.5905397,0.231216757,1.601513518,0.043110375,0.069041849,0.704095541,0.555953949,2.301878406,0.018445331,0.13746646,0.12778366,0.128762768,0.129801645,1338.384766,6.09828526,0.001877356,0.022316194,0.081660421,0.628410783,0.333326013,5.363117899,6.975339984,74648.25689,0.996544488,0.830520143,1.209276599,17.45708467,0.047260662,42555.85455,1.75E-19,4.14E-05,0.158204353,16.35499749,43.16717317,-34.16020403,0.498597358,0.019587987,0.970087476,0.010473235,108,9.601177558,0.002618309,0.0288,0.090922316
Old Sneed Park_20240826_225900.WAV,Old Sneed Park ,Light treatment,0.000287738,1.93E-08,3.505234341,22.16648276,7,44.160578,-42.81882209,-45.72116425,2.90234216,0.921196323,0.128551703,0.623556827,0.367160096,0.005434497,56.10379014,5.690844228,300.0337061,0.487538991,2.902735947,0.055362015,0.16070131,0.900605804,0.806551247,2.2950197,0.059847377,0.139252578,0.129457381,0.128938607,0.12992458,1339.652344,9.021538834,0.002391067,0.022595665,0.101942327,0.627344252,0.333287419,4.445058419,6.743379139,67072.58125,0.993361482,0.860777928,1.230890831,28.36776258,0.12189273,42349.27273,2.44E-19,5.32E-05,0.792648222,213.7530952,44.25887728,-34.12923638,1.57827337,0.019657948,0.888704085,0.021431342,221,13.01242703,0.008727696,0.020869565,0.418242653
Old Sneed Park_20240826_230000.WAV,Old Sneed Park ,Light treatment,0.000278781,1.99E-08,4.133072171,30.18289067,7,43.96676616,-43.01263393,-45.72969602,2.717062089,0.911211283,0.064318781,0.704348193,0.585342564,0.012942055,81.32812128,8.278999394,298.0367729,-0.035020179,0.932329475,0.104359605,0.097297536,0.89082771,0.700500464,1.948923393,0.41594498,0.13816151,0.128651515,0.128345828,0.129880824,1339.201172,7.663200243,0.002231385,0.022069761,0.095229052,0.62706094,0.333250157,4.147969326,6.680276351,65707.54444,0.991774187,0.888910355,1.217835153,34.91416933,0.104522779,42008.43636,-2.48E-19,4.96E-05,-0.103531702,130.3722166,43.95314961,-34.11985778,0.995425379,0.019679185,0.937099492,0.029674166,306,9.3617944,0.010570209,0.017616162,0.600087285
Old Sneed Park_20240826_230100.WAV,Old Sneed Park ,Light treatment,0.000270282,1.34E-08,3.020288843,16.69305865,3,43.4388036,-43.54059649,-45.74079334,2.200196852,0.937948151,0.081338662,0.743051067,0.596264874,0.008919367,73.34617798,7.571102243,297.3834609,0.32947772,1.982749505,0.047793117,0.094761778,0.903921043,0.582824145,2.297299108,0.050426237,0.138024117,0.127707673,0.128029498,0.129566763,1335.962891,7.015150683,0.002054844,0.02186681,0.088267137,0.627649246,0.333310721,4.799209745,6.848700267,70565.87315,0.994973295,0.858087872,1.215177581,32.73203375,0.090448762,42138.50909,-2.81E-19,4.43E-05,0.109653432,8.762431268,43.46595549,-34.12909134,0.568591309,0.019658276,0.982489118,0.031322731,323,6.511141192,0.01454616,0.018181818,0.800116381
Old Sneed Park_20240826_230200.WAV,Old Sneed Park ,Light treatment,0.000264867,9.49E-09,2.001164561,7.855596494,3,43.08385249,-43.89554759,-45.73729638,1.841748785,0.955869202,0.001645549,0.708536147,0.663434634,0.002694699,3.957453031,0.514847229,296.9410427,0.121596325,1.276857506,0.04696021,0.059961497,0.654999073,0.544363336,2.292757266,0.067462433,0.137717001,0.126372896,0.128248844,0.129251565,1332.712891,5.739106316,0.001697595,0.021851456,0.075408906,0.628271816,0.333325586,5.334771779,6.961235592,74161.99849,0.99643421,0.830642181,1.205651744,2.182135583,0.022692695,42559.34545,1.32E-19,4.09E-05,0.05474792,8.795808148,43.11651725,-34.15623933,0.326507643,0.01959693,0.987353111,0.009988363,103,7.328870676,0.001260667,0.017333333,0.072737853
Old Sneed Park_20240826_230300.WAV,Old Sneed Park ,Light treatment,0.000261604,8.75E-09,1.961893676,7.825163385,2,42.94749077,-44.03190932,-45.76280317,1.73089385,0.958254224,2.55E-05,0.003910921,0.003214805,0.002932491,3.091065075,0.214936859,296.6587627,0.161645105,1.385624528,0.040501916,0.056120449,0.621529651,0.507404472,2.302550431,0.004087443,0.136876475,0.126530869,0.129305696,0.129413142,1334.378906,5.493518178,0.001668424,0.02210712,0.073774987,0.628087081,0.333326024,5.363867091,6.976167759,74787.75928,0.996541025,0.818397755,1.204207901,3.273203375,0.01647967,42595.6,2.52E-19,3.96E-05,0.044202195,2.980549603,42.98126227,-34.20071257,0.223331927,0.019496846,0.996381221,0.009794414,101,3.852370358,0.000290923,0.016,0.018184463
Old Sneed Park_20240826_230400.WAV,Old Sneed Park ,Light treatment,0.000262068,8.86E-09,1.968562893,7.893466489,3,42.96706873,-44.01233135,-45.73985144,1.727520091,0.957907951,2.47E-05,0.00354088,0.002933048,0.002863943,3.188662654,0.155754186,296.6811626,0.150938977,1.355543296,0.041464681,0.05620717,0.621358341,0.510534576,2.302579984,0.001648025,0.137725083,0.126063947,0.127944297,0.129181669,1331.992188,5.476508054,0.001720894,0.021872848,0.076687625,0.629017969,0.33332589,5.35476145,6.973998862,74696.07077,0.996523694,0.819528919,1.202072111,0,0.009565785,42481.21818,1.84E-19,4.00E-05,0.044232072,2.972734818,43.01885653,-34.14672602,0.20441304,0.019618405,0.996557623,0.008339798,86,3.815142042,0.000581846,0.016,0.036368926
Old Sneed Park_20240826_230500.WAV,Old Sneed Park ,Light treatment,0.000265522,1.02E-08,2.634744184,14.57529452,3,43.14126534,-43.83813475,-45.74968685,1.911552109,0.951299438,0.002199467,0.657333127,0.591741844,0.003968277,29.36460546,3.751781763,297.5196983,0.082791261,1.180528723,0.052211761,0.061637484,0.702562818,0.552295195,2.296846204,0.051939381,0.137030033,0.12760669,0.129195116,0.129942386,1339.835938,5.828242168,0.001813332,0.021972076,0.079742343,0.627657594,0.333318931,5.024744866,6.932456133,73478.80582,0.99589738,0.842448319,1.207677303,16.36601688,0.03983534,42520.50909,-1.77E-19,4.13E-05,0.072883966,16.89319037,43.16289384,-34.14675505,0.367049715,0.01961834,0.982975855,0.009115593,94,8.278477095,0.00155159,0.021333333,0.072737853
Old Sneed Park_20240826_230600.WAV,Old Sneed Park ,Light treatment,0.000266211,9.07E-09,1.759342002,6.543450063,4,43.09954089,-43.8798592,-45.75054636,1.870687158,0.958836482,0.01117433,0.601619082,0.494502164,0.006816894,47.81377107,5.827319871,297.2300553,0.2769763,1.766161055,0.039627084,0.069987812,0.699228063,0.556312608,2.30180295,0.019355171,0.136714835,0.128009622,0.127822841,0.129608435,1336.392578,6.096984368,0.001929637,0.022201695,0.084502019,0.627791382,0.333326847,5.423571806,6.979844272,74725.98969,0.99662859,0.828457682,1.209599413,41.46057608,0.061069489,42474.47273,-3.22E-19,4.10E-05,0.052316211,13.02327731,43.13143582,-34.16039062,0.470236611,0.019587566,0.975507276,0.011733902,121,8.8612193,0.002036462,0.0224,0.090922316
Old Sneed Park_20240826_230700.WAV,Old Sneed Park ,Light treatment,0.000262048,8.62E-09,1.882022221,7.103378973,2,42.95335141,-44.02604868,-45.74532516,1.719276477,0.959151514,3.78E-05,0.135100171,0.123346792,0.002887542,3.593173444,0.217242011,296.8797662,0.172736087,1.417608177,0.039900982,0.056563958,0.633240175,0.510903794,2.302502355,0.006169115,0.135938965,0.125703008,0.128016808,0.129211408,1332.298828,5.489078259,0.001635655,0.021891007,0.073064588,0.625499781,0.333326631,5.407230471,6.981799852,74972.27407,0.996609417,0.817678109,1.203322916,0,0.014130843,42637.90909,-3.07E-19,3.97E-05,0.034164062,3.016937978,42.99016751,-34.1694975,0.200127561,0.01956704,0.996412394,0.008339798,86,4.011695687,0.000484872,0.026666667,0.018184463
Old Sneed Park_20240826_230800.WAV,Old Sneed Park ,Post-light treatment,0.000343802,1.56E-07,8.547644562,90.12174769,11,48.45267843,-38.52672166,-45.70575291,7.179031249,0.645037955,0.111565678,0.625863914,0.307609415,0.003622297,14.8737305,1.942583689,302.2654378,-0.625455711,0.230424173,0.858772264,0.197881889,0.903219935,2.055787368,1.111638657,0.702192522,0.14842563,0.129610355,0.129704508,0.130738145,1348.041016,12.12198093,0.002997216,0.023061064,0.122011113,0.627969954,0.329190524,2.193884434,4.982248396,32373.24457,0.921124749,0.624293522,1.248805511,37.09630492,0.131496399,41093.07273,-3.10E-19,0.000148712,8.913816003,2506.863853,48.72345548,-34.02202818,4.402777698,0.019902086,0.644209194,0.029965089,309,17.67236708,0.012606672,0.028888889,0.436427117
Old Sneed Park_20240826_230900.WAV,Old Sneed Park ,Post-light treatment,0.000313112,1.53E-07,11.24690778,145.8067215,7,48.06496658,-38.91443351,-45.70711509,6.792681578,0.574161054,0.042817244,0.567371913,0.311899347,0.00284152,4.97868145,0.990682881,300.529475,-0.776498531,0.125810106,0.855737042,0.107660368,0.645430438,1.829498491,0.884737283,0.761313272,0.148724663,0.127855648,0.130330824,0.130472576,1345.302734,9.788762148,0.002450167,0.022243931,0.098638969,0.62707199,0.322294896,1.703879732,4.508088624,29794.44666,0.865416131,0.626223066,1.231128462,18.54815246,0.082777192,40196.09091,-2.62E-19,0.000133859,0.590873945,1342.45728,48.26647937,-33.99533426,3.65826229,0.019963344,0.708629228,0.044026377,454,14.8053339,0.024728472,0.0272,0.90922316
Old Sneed Park_20240826_231000.WAV,Old Sneed Park ,Post-light treatment,0.000355288,4.64E-07,9.244918737,94.3903565,5,51.78002492,-35.19937517,-45.72306889,10.52369372,0.455252158,0.071213086,0.617943021,0.496297628,0.002515075,3.78462156,0.547790406,298.8637556,-0.896848212,0.054380623,2.634140928,0.143246226,0.790275653,4.627555376,0.963976782,0.756170698,0.141911551,0.126839818,0.129119886,0.129537781,1335.664063,13.78942983,0.00199082,0.022960684,0.081518342,0.62744285,0.324672006,1.825137499,3.765708498,14278.62942,0.861024074,0.303924922,1.22890259,1.091067792,0.019169455,42121.30909,1.31E-19,0.000298323,0.889774507,1585.810552,51.74687319,-34.11725144,5.126132374,0.019685091,0.614472144,0.022207137,229,20.05234934,0.012606672,0.046222222,0.272766948
Old Sneed Park_20240826_231100.WAV,Old Sneed Park ,Post-light treatment,0.000279577,1.94E-08,4.468991968,32.56363923,5,43.96422813,-43.01517196,-45.7348172,2.719645241,0.911688675,0.024978858,0.612612653,0.444029171,0.002561127,3.866776073,0.374427105,298.5551145,-0.136389862,0.759959382,0.110247238,0.083783423,0.681894394,0.841993089,1.654083877,0.550436738,0.138727249,0.127797658,0.128555204,0.129619611,1336.507813,7.274336165,0.002006921,0.022282816,0.087414657,0.627071697,0.333253335,4.167445415,6.683174536,66329.93666,0.991610793,0.89063782,1.216099496,19.63922025,0.06531253,42409.98182,2.80E-19,4.92E-05,-1.50114183,320.6730417,43.91774539,-34.14670965,1.195788173,0.019618442,0.898702953,0.014352211,148,13.18142825,0.004169899,0.020848485,0.200029095
Old Sneed Park_20240826_231200.WAV,Old Sneed Park ,Post-light treatment,0.000363626,4.54E-08,1.782220979,7.071083938,16,46.56684535,-40.41255474,-45.73107739,5.318522652,0.905340597,0.097311731,0.36987915,0.192974455,0.003098021,3.315825816,0.10288118,306.4197092,0.770153504,7.701459605,0.046042551,0.354594847,0.96999973,2.283747361,2.178448273,0.240853442,0.139988039,0.128651515,0.131137511,0.131075126,1351.515625,12.92721646,0.002821433,0.025073444,0.110715761,0.628458924,0.333310782,4.800560929,6.644916682,59200.12356,0.994239036,0.714014616,1.274062155,27.27669479,0.131079672,42445.74545,-3.04E-19,9.05E-05,1.294648104,2174.632451,46.56855344,-34.14268727,4.870121487,0.019627529,0.614877032,0.015515904,160,21.21214274,0.004460822,0.049066667,0.090922316
Old Sneed Park_20240826_231300.WAV,Old Sneed Park ,Post-light treatment,0.000373608,5.27E-08,3.226487792,22.67131336,24,46.91177613,-40.06762396,-45.7223697,5.654745743,0.887207508,0.13171644,0.647415659,0.272585195,0.002657898,2.665573187,0.278188101,306.5175187,0.780197213,8.099065715,0.048003227,0.388781287,0.860639512,2.435502817,1.231826739,0.684905331,0.135890473,0.129067446,0.130362547,0.130696283,1347.609375,13.49856754,0.002626518,0.023627258,0.109366002,0.628120099,0.333222247,4.003294863,6.529752603,57713.10531,0.990242068,0.716259114,1.277625979,18.54815246,0.10770506,42558.98182,2.96E-19,0.000101374,1.037217354,2653.364155,47.0592762,-34.1468112,4.825470372,0.019618213,0.597391911,0.012994569,134,21.9063735,0.004169899,0.025481481,0.163660169
Old Sneed Park_20240826_231400.WAV,Old Sneed Park ,Post-light treatment,0.000267705,9.25E-09,1.717504892,6.29209094,5,43.15221905,-43.82718104,-45.75700328,1.929822245,0.958656052,0.007845973,0.656628289,0.528155512,0.00286701,2.965204846,0.295856593,297.4795064,0.252903409,1.677030016,0.040828309,0.068470299,0.661960609,0.558362164,2.299253294,0.039297525,0.136625933,0.126611856,0.128447344,0.129564869,1335.943359,6.19142576,0.002009004,0.023400255,0.085247939,0.626775595,0.333326954,5.431890093,6.978721773,74624.03329,0.996634641,0.822770466,1.208492534,5.455338958,0.032694149,42672.09091,-2.56E-19,4.17E-05,0.042139536,79.16199457,43.20435007,-34.18754754,0.8003393,0.01952642,0.927513192,0.00882467,91,12.96203495,0.001648565,0.030222222,0.05455339
Old Sneed Park_20240826_231500.WAV,Old Sneed Park ,Post-light treatment,0.000325886,2.84E-08,3.25042968,22.08270184,21,45.36346502,-41.61593507,-45.72203059,4.106095526,0.913757998,0.117908005,0.589115848,0.230692223,0.004095707,19.99814314,2.663957392,305.2341045,0.716674842,6.059027215,0.043808982,0.265439816,0.867619376,1.722875478,2.119627678,0.296089457,0.140529532,0.12784565,0.130222057,0.130174995,1342.234375,11.40076822,0.002264155,0.02258801,0.09828377,0.628422407,0.333273887,4.315916202,6.696653485,64465.88782,0.992729449,0.789957557,1.261076339,28.36776258,0.124544631,42489.67273,-1.83E-19,6.73E-05,2.028400451,1612.633807,45.28153023,-34.14657377,4.067424811,0.019618749,0.655116369,0.015709853,162,19.89556281,0.004654771,0.019692308,0.236398022
Old Sneed Park_20240826_231600.WAV,Old Sneed Park ,Post-light treatment,0.000267024,8.70E-09,1.726019674,6.355721413,4,43.10286908,-43.87653101,-45.75694265,1.880411638,0.960716411,0.003715177,0.466165149,0.365226888,0.002373075,4.949554758,0.519063305,298.0209811,0.269192001,1.73669692,0.038729512,0.067261424,0.650821228,0.565754549,2.302430054,0.008644359,0.136827983,0.126574862,0.128660345,0.12972474,1337.591797,6.114360554,0.001726956,0.021652597,0.077113865,0.628953374,0.33332729,5.458995323,6.991613467,75237.92895,0.996711312,0.816708809,1.212375924,7.637474542,0.039437555,42625.87273,1.45E-19,4.11E-05,0.025993453,28.37966162,43.13924338,-34.16990516,0.600883059,0.019566121,0.956967385,0.011927851,123,10.27716605,0.000969744,0.017777778,0.05455339
Old Sneed Park_20240826_231700.WAV,Old Sneed Park ,Post-light treatment,0.000309394,1.87E-08,1.270873577,3.880683421,20,44.6585153,-42.32088478,-45.73009395,3.409209165,0.942511382,0.025177938,0.297371546,0.20534752,0.003690432,7.283340317,1.138085049,301.396127,0.45105485,2.643351252,0.048627478,0.128539506,0.760154142,1.061627207,2.286217434,0.087608768,0.141313484,0.128703507,0.129654656,0.130490193,1345.484375,9.212588893,0.003010286,0.02337657,0.123751591,0.627460179,0.333326176,5.37441505,6.877801982,69011.43839,0.996227213,0.75879244,1.238251817,39.2784405,0.114732597,42417.69091,-3.49E-19,5.87E-05,0.54760877,852.6586702,44.68358522,-34.17402811,3.369324119,0.019556836,0.688924879,0.017067494,176,18.29698207,0.006012413,0.027555556,0.218213558
Old Sneed Park_20240826_231800.WAV,Old Sneed Park ,Post-light treatment,0.000262296,8.62E-09,1.800099351,6.42931648,3,42.96081201,-44.01858808,-45.73516011,1.716572035,0.959423451,0.00014731,0.112999832,0.08131096,0.003810245,10.31001773,1.563562967,296.6128604,0.19618017,1.488119758,0.038196929,0.056841605,0.687282753,0.510403452,2.302578906,0.001827512,0.13551062,0.126282911,0.127909854,0.129004939,1330.169922,5.494411839,0.001645504,0.021534209,0.073703947,0.627887256,0.333327044,5.439043642,6.983517005,74973.86706,0.996650446,0.811048357,1.203574294,9.819610125,0.027712364,42651.50909,-2.31E-19,3.98E-05,0.036612897,2.989087994,42.99938286,-34.17011316,0.203651022,0.019565653,0.99633133,0.009406517,97,4.044961714,0.000290923,0.016,0.018184463
Old Sneed Park_20240826_231900.WAV,Old Sneed Park ,Post-light treatment,0.000261288,8.51E-09,1.826793679,6.663144183,2,42.92476271,-44.05463738,-45.76577533,1.711137955,0.959555976,2.36E-05,0.006586257,0.00583921,0.00336865,3.193505823,0.570359053,296.6657607,0.187563057,1.461729512,0.03833806,0.056039873,0.638281825,0.505790722,2.302583025,0.000983296,0.134088191,0.126075945,0.128019527,0.129142837,1331.591797,5.47419005,0.001668614,0.021792535,0.074343307,0.629869987,0.333326937,5.430617637,6.984341194,75037.07233,0.996645458,0.812982024,1.203398798,2.182135583,0.01269124,42691.67273,5.88E-20,3.95E-05,0.038530575,2.966071465,42.96195946,-34.18720335,0.200304497,0.019527194,0.996478203,0.007467029,77,3.948789874,0,0,0
Old Sneed Park_20240826_232000.WAV,Old Sneed Park ,Post-light treatment,0.000320226,1.99E-08,1.201221757,4.051141315,14,44.95288348,-42.02651661,-45.67398523,3.647468621,0.943429474,0.042734843,0.293419352,0.171453537,0.002774086,4.19437022,0.495753072,302.5299128,0.542159086,3.368329561,0.054134459,0.182342698,0.846968037,1.10107711,2.293884554,0.063705335,0.139729415,0.129158431,0.129660094,0.130428252,1344.845703,10.27929135,0.002635611,0.023567372,0.109685681,0.629282397,0.333326123,5.370710102,6.883546564,69029.3625,0.99626172,0.779459475,1.248996941,37.09630492,0.11660787,42158,-4.70E-20,6.73E-05,0.817455358,1985.709601,45.27952816,-34.10616367,3.802574672,0.019710236,0.6657518,0.016873545,174,19.12568177,0.004654771,0.028444444,0.163660169
Old Sneed Park_20240826_232100.WAV,Old Sneed Park ,Post-light treatment,0.000274712,8.92E-09,1.486751771,5.630566467,8,43.33462876,-43.64477132,-45.73496357,2.09019225,0.96263325,0.014626197,0.395781844,0.304030274,0.003675975,7.698686919,1.333302338,298.4831996,0.375402967,2.202064524,0.039475207,0.086926952,0.719493228,0.637928925,2.301738884,0.020174668,0.136052113,0.127057781,0.12797874,0.12929911,1333.203125,7.044449104,0.001810112,0.022231288,0.079884423,0.6294522,0.333327935,5.515414874,7.003631674,75492.3818,0.996831353,0.821916975,1.216579036,12.00174571,0.053265323,42519.61818,-2.44E-19,4.37E-05,0.634281816,241.8602658,43.40722546,-34.14671348,1.269081859,0.019618433,0.864676167,0.010861133,112,14.66008302,0.000775795,0.021333333,0.036368926
Old Sneed Park_20240826_232200.WAV,Old Sneed Park ,Post-light treatment,0.000375539,6.10E-08,3.711758772,26.8911719,19,47.12711821,-39.85228187,-45.7257042,5.873422332,0.869852941,0.135071881,0.530998005,0.267731273,0.013847364,68.18019185,7.578136448,309.1890388,0.854484904,12.74427848,0.045077504,0.574480268,0.95384533,3.499807033,0.996905469,0.733361282,0.139713251,0.131480043,0.130360734,0.130836644,1349.056641,14.25261137,0.002681829,0.022821704,0.11227864,0.62779003,0.333164436,3.793803458,6.420228568,55109.27935,0.987780642,0.683131238,1.28898119,78.556881,0.156405326,42327.92727,3.24E-19,9.75E-05,1.167044329,3087.647494,46.88899922,-34.14279841,5.478225743,0.019627278,0.585549353,0.017552366,181,21.5609617,0.003782002,0.018909091,0.200029095
Old Sneed Park_20240826_232300.WAV,Old Sneed Park ,Post-light treatment,0.000321897,3.54E-08,3.075693691,15.94953048,11,45.5014939,-41.47790618,-45.72465016,4.246743978,0.893930574,0.132491752,0.513994687,0.331896696,0.003940699,4.333527194,0.597113339,302.0412126,0.565320114,3.601087065,0.08679169,0.312544431,0.93130879,1.317585691,1.957175241,0.404625097,0.140456794,0.129528369,0.129757078,0.130721666,1347.871094,11.42974069,0.002893413,0.024356059,0.114445358,0.628350941,0.333278506,4.356356776,6.572612036,60139.5226,0.992021497,0.81304785,1.246692018,36.00523713,0.105432002,42366.27273,4.73E-19,7.50E-05,-1.215911586,1915.106531,45.75215884,-34.15607866,3.669353201,0.019597292,0.681107357,0.018910008,195,18.40417005,0.00640031,0.058666667,0.109106779
Old Sneed Park_20240826_232400.WAV,Old Sneed Park ,Post-light treatment,0.000288958,1.44E-08,1.949451547,8.545555808,7,43.98178258,-42.9976175,-45.74456773,2.746950228,0.945423953,0.051723053,0.662917205,0.340217815,0.002951013,7.766101127,1.373717245,301.6873804,0.469784527,2.772051366,0.040097726,0.111152957,0.725280406,0.919610263,2.2788433,0.105795066,0.138104936,0.128714505,0.130291849,0.130347558,1344.013672,8.274829025,0.002310942,0.022797564,0.098781049,0.629228926,0.333322023,5.145611203,6.895830703,71017.24753,0.995949737,0.79896897,1.23624481,38.18737271,0.123048201,42464.21818,1.42E-19,5.01E-05,0.548628143,466.8953702,43.99708374,-34.16035157,2.73219381,0.019587654,0.754749766,0.016291699,168,17.21741072,0.003103181,0.021333333,0.145475706
Old Sneed Park_20240826_232500.WAV,Old Sneed Park ,Post-light treatment,0.000263296,1.02E-08,2.703485038,15.17234575,2,43.07877359,-43.9006265,-45.75100579,1.850379287,0.950191233,2.54E-05,0.064926553,0.060011271,0.002419352,3.299941764,0.36482211,296.5882201,0.039533288,1.082320995,0.052073449,0.056360187,0.608319635,0.525763417,2.297995185,0.046156099,0.138492872,0.126418888,0.128278755,0.129228835,1332.478516,5.562001809,0.001645883,0.021621929,0.073526347,0.629201457,0.33331783,4.987933077,6.925497149,73268.84179,0.995807218,0.837757084,1.203007672,0,0.008789157,42603.67273,-1.60E-19,4.08E-05,0.041308127,8.491082018,43.10731729,-34.20078084,0.254980052,0.019496693,0.993254269,0.007370054,76,6.057989805,0.000678821,0.037333333,0.018184463
Old Sneed Park_20240826_232600.WAV,Old Sneed Park ,Post-light treatment,0.00026268,8.93E-09,1.959572093,7.991538595,3,42.98946408,-43.989936,-45.75423643,1.764300429,0.957794909,0.000486909,0.298919675,0.277746695,0.004621608,45.70079249,4.883790874,297.1655816,0.16919013,1.407289649,0.040943721,0.057619675,0.706871272,0.517879873,2.302572823,0.002519488,0.138452462,0.127280744,0.129040123,0.129901281,1339.412109,5.575793724,0.001788897,0.021863148,0.079351623,0.629127997,0.333325781,5.347520133,6.973290162,74642.22564,0.99651678,0.816634407,1.205267931,8.728542333,0.038395736,42446.83636,2.07E-20,4.03E-05,0.044552819,3.401427812,43.05104623,-34.14664081,0.281673459,0.019618598,0.993066044,0.013188518,136,5.305145658,0.001745539,0.024,0.072737853
Old Sneed Park_20240826_232700.WAV,Old Sneed Park ,Post-light treatment,0.000291453,1.30E-08,2.041847849,10.46372704,10,43.98193271,-42.99746738,-45.7364402,2.738972824,0.951043891,0.058409923,0.561811481,0.285557111,0.003820537,23.62406701,2.825345873,300.3724749,0.56909879,3.641435095,0.039061703,0.142240656,0.688197986,0.923172672,2.26593236,0.130981563,0.137361394,0.128245583,0.129089068,0.129698411,1337.320313,8.891713816,0.002113754,0.022756531,0.091286335,0.628194363,0.333322021,5.145493729,6.930967669,72597.81745,0.996105684,0.826597419,1.229666029,21.82135583,0.08681187,42512.12727,-1.50E-19,5.06E-05,0.993289367,891.9929741,44.03763876,-34.17383104,2.718016643,0.01955728,0.722635931,0.013867339,143,17.84943387,0.001842514,0.025333333,0.072737853
Old Sneed Park_20240826_232800.WAV,Old Sneed Park ,Post-light treatment,0.000356529,4.22E-08,2.175264346,9.897620942,14,46.36004748,-40.6193526,-45.74955785,5.130205249,0.904383649,0.09215722,0.38796378,0.215435481,0.002307066,3.990048021,0.418205123,307.4772762,0.571355301,3.665868967,0.092004223,0.337275428,0.91648412,2.379499489,2.151687479,0.267170512,0.138896971,0.128794491,0.129691818,0.130408173,1344.638672,12.55098642,0.002411904,0.023095828,0.101445047,0.627717621,0.333302811,4.649216847,6.638660886,60055.79137,0.993675042,0.766746365,1.279074347,31.64096596,0.11943025,42377.67273,-2.80E-19,8.59E-05,0.49004171,2227.576187,46.3395205,-34.17390758,5.13132262,0.019557107,0.598467922,0.017746315,183,21.02158032,0.007660978,0.024784314,0.309135874
Old Sneed Park_20240826_232900.WAV,Old Sneed Park ,Post-light treatment,0.000266021,8.81E-09,1.714145734,6.327877937,4,43.07980352,-43.89959656,-45.76163145,1.862034884,0.960017065,0.009703961,0.541680746,0.472705597,0.002619382,8.275624886,1.213371723,297.0729727,0.278060879,1.770316697,0.039337294,0.069639468,0.634741011,0.54574745,2.301261959,0.02520908,0.135243914,0.126318905,0.127840968,0.129145868,1331.623047,6.1277695,0.001732828,0.022136651,0.076794185,0.628886116,0.333327168,5.449005209,6.987238349,75017.93917,0.996686694,0.827738284,1.205555138,5.455338958,0.025003637,42581.07273,3.07E-19,4.12E-05,-0.320263088,111.3156809,43.14533238,-34.18320877,0.438711451,0.019536176,0.964570851,0.007854926,81,10.13618111,0.000484872,0.026666667,0.018184463
Old Sneed Park_20240826_233000.WAV,Old Sneed Park ,Post-light treatment,0.00026157,8.48E-09,1.816818495,6.723590852,3,42.93111723,-44.04828286,-45.77305258,1.724769724,0.959839523,0.000485291,0.288397456,0.207503614,0.004783624,38.70359741,4.544354205,296.6347394,0.203961193,1.512440326,0.03839177,0.058065262,0.676319558,0.505832809,2.302584789,0.000403533,0.136674425,0.126988793,0.127586273,0.129460308,1334.865234,5.524024863,0.001828107,0.021821449,0.081340742,0.631231873,0.33332695,5.431637703,6.986115297,75098.46791,0.996655946,0.816358887,1.204422273,5.455338958,0.032315306,42518.2,6.87E-20,3.96E-05,0.037648902,2.950535688,42.97318551,-34.17400854,0.203924289,0.01955688,0.996514466,0.008727696,90,3.729400952,0,0,0
Old Sneed Park_20240826_233100.WAV,Old Sneed Park ,Post-light treatment,0.000263008,1.02E-08,2.788714124,16.4055051,3,43.06817605,-43.91122403,-45.6778933,1.766669267,0.950083221,0.000261028,0.551390461,0.532978445,0.002720656,2.639811317,0.10847767,296.8108929,0.052792086,1.111468844,0.051672388,0.057432249,0.619429215,0.52559734,2.302546841,0.004260366,0.140634597,0.127037785,0.128098383,0.129399125,1334.234375,5.549811985,0.00166331,0.02176511,0.073774987,0.627919229,0.333316576,4.949034376,6.924791186,73301.52855,0.995744205,0.838753222,1.203904321,3.273203375,0.016612265,41880.72727,3.85E-20,4.07E-05,0.041897922,3.493091279,43.09811715,-34.07974631,0.204976407,0.019770274,0.995143902,0.007854926,81,4.960047323,0,0,0
Old Sneed Park_20240826_233200.WAV,Old Sneed Park ,Post-light treatment,0.000268421,9.32E-09,2.012495257,9.298237977,6,43.17675927,-43.80264082,-45.71780811,1.91516729,0.95782682,0.009362987,0.56183953,0.415987324,0.002484296,3.204145587,0.298598774,297.6748976,0.248063875,1.659800392,0.043186263,0.071680576,0.661495402,0.570519077,2.301385951,0.023398055,0.138694921,0.126304907,0.128692069,0.129413331,1334.380859,6.316001725,0.001654597,0.021820287,0.073668427,0.629584676,0.333324862,5.290123989,6.973465329,74638.78899,0.996469906,0.830318509,1.208792406,5.455338958,0.02432172,42261.49091,-2.67E-19,4.22E-05,-0.128909424,107.6905811,43.25089447,-34.13299799,0.734746723,0.019649437,0.930653224,0.008727696,90,12.53621659,0.000775795,0.021333333,0.036368926
Old Sneed Park_20240826_233300.WAV,Old Sneed Park ,Post-light treatment,0.000276892,1.27E-08,2.283646143,10.41762683,6,43.58233873,-43.39706136,-45.75506641,2.358005056,0.946200752,0.067439548,0.611563791,0.438372634,0.003157542,8.054667836,1.212235747,299.1564387,0.434586946,2.537237045,0.044913013,0.113954959,0.818804732,0.6953048,2.294827304,0.060643,0.140052695,0.129003456,0.129270346,0.130140331,1341.876953,7.704406834,0.002112618,0.022033216,0.091286335,0.625752333,0.333321051,5.104356894,6.900624601,71754.23545,0.995846671,0.858383346,1.221932482,27.27669479,0.087796861,42419.81818,-3.75E-19,4.60E-05,0.800269413,106.3649287,43.62414626,-34.16002528,1.159367053,0.01958839,0.911789626,0.01609775,166,12.55525473,0.004945694,0.019428571,0.254582485
Old Sneed Park_20240826_233400.WAV,Old Sneed Park ,Post-light treatment,0.000261032,8.48E-09,1.821732811,6.647256527,2,42.91562161,-44.06377847,-45.76644215,1.702663671,0.959621878,2.14E-05,0.003397943,0.002806417,0.002442789,5.116484332,0.446282262,296.5109821,0.190412413,1.470393609,0.038034676,0.055925945,0.607746022,0.50461715,2.302585066,0.000123159,0.133498206,0.125800991,0.128639499,0.129152309,1331.689453,5.459804264,0.001572577,0.021790547,0.07043611,0.625813504,0.333326955,5.431961048,6.984754163,75049.72325,0.996649147,0.812003576,1.202497733,1.091067792,0.008050413,42623.38182,-2.91E-19,3.94E-05,0.041585986,2.939106819,42.95847518,-34.20111591,0.203648751,0.019495941,0.996710484,0.009503491,98,3.574045565,0,0,0
Old Sneed Park_20240826_233500.WAV,Old Sneed Park ,Post-light treatment,0.000260946,8.42E-09,1.81647317,6.626858011,2,42.90971009,-44.06969,-45.77366233,1.703972331,0.95987518,2.35E-05,0.003847747,0.003217083,0.002701873,3.108568529,0.284975862,296.7367097,0.194751083,1.483704053,0.037827439,0.056124725,0.61277034,0.505091551,2.302585058,0.000142213,0.137110852,0.126094942,0.127608932,0.129114235,1331.296875,5.46382662,0.001622395,0.021535155,0.072496268,0.625953074,0.333327011,5.436385133,6.986339976,75116.52298,0.996660356,0.81235545,1.203037592,0,0.009395306,42639.29091,-1.99E-19,3.94E-05,0.040744166,2.940280352,42.95053123,-34.20094881,0.202961061,0.019496316,0.996658802,0.009018619,93,3.613472213,0,0,0
Old Sneed Park_20240826_233600.WAV,Old Sneed Park ,Post-light treatment,0.000261855,8.50E-09,1.809265943,6.683791091,3,42.94112967,-44.03827042,-45.77442536,1.736154942,0.959822977,0.000362242,0.463659139,0.442497335,0.002877129,3.97468293,0.288037646,296.8940659,0.203367674,1.510568472,0.038480684,0.058127707,0.648820962,0.514465372,2.302564107,0.003222869,0.138056445,0.125729003,0.127883569,0.128996793,1330.085938,5.583013501,0.001746845,0.022037087,0.077753224,0.62601747,0.33332697,5.433191101,6.986012763,75083.9525,0.996657297,0.815533448,1.204647883,3.273203375,0.020116562,42610.29091,3.87E-19,3.96E-05,0.060612414,3.615883021,42.97566757,-34.18739223,0.234650906,0.019526769,0.993927528,0.008921645,92,5.41679907,0.000775795,0.021333333,0.036368926
Old Sneed Park_20240826_233700.WAV,Old Sneed Park ,Post-light treatment,0.000260771,8.43E-09,1.839099563,6.827260404,2,42.90478513,-44.07461496,-45.78499517,1.710380216,0.959750614,2.92E-05,0.179279352,0.168930316,0.002545788,2.90434455,0.155586668,296.7413713,0.19097484,1.472111003,0.038302361,0.056385327,0.654782315,0.504646967,2.30258114,0.00145991,0.137555362,0.126093942,0.127703197,0.12904036,1330.535156,5.48444365,0.001636981,0.021720203,0.073171148,0.626348691,0.333326884,5.426430897,6.985556038,75099.75377,0.996646772,0.814457745,1.203855511,2.182135583,0.011687306,42640.56364,2.42E-19,3.93E-05,0.044444495,2.972014829,42.94361046,-34.22409752,0.220684644,0.019444426,0.996410004,0.008533747,88,4.027353766,0,0,0
Old Sneed Park_20240826_233800.WAV,Old Sneed Park ,Post-light treatment,0.000280997,1.00E-08,1.366561677,5.172035734,9,43.56455359,-43.41484649,-45.78151751,2.366671014,0.960556799,0.026729953,0.357022499,0.268495083,0.002244604,3.496504678,-0.121875901,299.2733258,0.465500703,2.741819702,0.039456285,0.108182018,0.607944155,0.730162464,2.298620917,0.042790789,0.137708919,0.126829819,0.129376394,0.129525848,1335.541016,7.85029875,0.001713696,0.022061786,0.076154825,0.629077494,0.333327822,5.505005726,6.990654822,74690.62754,0.996784908,0.834043772,1.219194234,2.182135583,0.036482579,42622.92727,-2.99E-19,4.63E-05,0.944773129,490.6106082,43.6553507,-34.18760708,1.696044186,0.019526286,0.813187435,0.010764158,111,16.28400647,0.001260667,0.017333333,0.072737853
Old Sneed Park_20240826_233900.WAV,Old Sneed Park ,Post-light treatment,0.000260897,8.48E-09,1.856333333,6.98273358,2,42.91144286,-44.06795723,-45.77400018,1.706042954,0.959515623,2.53E-05,0.004251705,0.00352008,0.002580006,2.74102381,0.074457356,296.607281,0.183485484,1.449435939,0.038480563,0.055775111,0.646935821,0.504226729,2.30258497,0.000270945,0.138177674,0.125842984,0.127977833,0.129045854,1330.591797,5.470258251,0.001671455,0.021785332,0.074485387,0.626665223,0.333326747,5.415980791,6.984082028,75047.76038,0.99663079,0.814193317,1.203202581,2.182135583,0.014755934,42655.14545,1.20E-19,3.94E-05,0.044368273,2.999219611,42.95043119,-34.21073824,0.232176655,0.019474355,0.995706745,0.009212568,95,4.217619607,0,0,0
Old Sneed Park_20240826_234000.WAV,Old Sneed Park ,Post-light treatment,0.000260524,8.49E-09,1.839418664,6.798759424,2,42.90107336,-44.07832673,-45.78957048,1.711243755,0.959392995,3.04E-05,0.316673836,0.298467414,0.002571773,2.891429524,0.041399209,296.7778103,0.184343729,1.45201327,0.038586222,0.056027706,0.608074801,0.502735979,2.302573788,0.002361789,0.137894805,0.126845817,0.127851845,0.129281494,1333.021484,5.479085783,0.001660469,0.021672173,0.074414347,0.629674065,0.333326831,5.422399035,6.983318372,74999.02739,0.996633383,0.814308615,1.202651255,0,0.009679438,42628.45455,-1.01E-19,3.92E-05,0.048665466,2.985220431,42.93835969,-34.21454077,0.20500775,0.019465832,0.996346476,0.009503491,98,3.954926711,0,0,0
Old Sneed Park_20240826_234100.WAV,Old Sneed Park ,Post-light treatment,0.000263968,8.61E-09,1.739365678,6.359765004,5,43.00933871,-43.97006137,-45.75385308,1.783791705,0.960165912,0.004556879,0.678581102,0.583305522,0.008879233,72.89866196,7.425641094,297.0684386,0.250915211,1.669924726,0.038183565,0.063763678,0.71167763,0.522418926,2.30231067,0.011433535,0.135938965,0.128106606,0.128330419,0.129709397,1337.433594,5.78101286,0.001815794,0.022101114,0.078889863,0.629725775,0.333327183,5.450219151,6.988167856,75099.99996,0.996688576,0.822522824,1.20516698,34.91416933,0.040952926,42653.43636,-2.13E-19,4.04E-05,0.052196488,10.01183773,43.06290936,-34.17183837,0.315010382,0.019561768,0.986988261,0.009212568,95,7.307336937,0.000387898,0.021333333,0.018184463
Old Sneed Park_20240826_234200.WAV,Old Sneed Park ,Post-light treatment,0.000262223,8.54E-09,1.724163046,6.054373808,3,42.95377237,-44.02562772,-45.78071217,1.755084455,0.960015293,0.004008255,0.697592983,0.56976861,0.016475111,90.17404662,8.933684286,296.8738781,0.242122697,1.638949593,0.037280109,0.061100219,0.715786647,0.512155886,2.302574942,0.002300304,0.136561278,0.127735668,0.127752142,0.129343814,1333.664063,5.648329339,0.001831895,0.021452305,0.080062023,0.627470968,0.333327326,5.461919961,6.987230938,75056.89505,0.996693817,0.817542707,1.205736385,54.55338958,0.06733934,42513.21818,-4.63E-19,3.97E-05,0.048485507,3.025999176,42.99207005,-34.17393088,0.234808083,0.019557055,0.99594158,0.010764158,111,4.228792019,0.000290923,0.016,0.018184463
Old Sneed Park_20240826_234300.WAV,Old Sneed Park ,Post-light treatment,0.000263517,8.95E-09,1.73412768,6.048536738,3,43.01506265,-43.96433744,-45.76721986,1.802882416,0.958555894,0.011593802,0.740929744,0.650723339,0.00857924,59.95100344,6.790152599,297.2697521,0.263669497,1.7161716,0.037671626,0.064650974,0.753957219,0.522090186,2.302556858,0.003819571,0.137240164,0.127504707,0.127882662,0.129437767,1334.632813,5.847667866,0.001914483,0.021478318,0.084644099,0.629618289,0.333327086,5.442335735,6.978098087,74645.72598,0.996636768,0.820428345,1.206717173,25.09455921,0.062660629,42483.05455,-1.42E-19,4.03E-05,0.050407268,3.136837116,43.05129729,-34.17388236,0.27113474,0.019557164,0.99503012,0.01454616,150,4.777765383,0.00087277,0.016,0.05455339
Old Sneed Park_20240826_234400.WAV,Old Sneed Park ,Post-light treatment,0.000262287,8.59E-09,1.773251792,6.413996803,3,42.95874305,-44.02065704,-45.76546369,1.744806651,0.959662718,0.001696508,0.656946841,0.543662474,0.004377572,16.97941564,2.72087353,296.8957932,0.218286193,1.558481098,0.037710697,0.058771408,0.678422163,0.511215448,2.302581085,0.00149989,0.134920635,0.12664685,0.128851594,0.129679658,1337.126953,5.612006728,0.001852353,0.022006866,0.082264261,0.629682223,0.333327076,5.44159643,6.985016152,75002.75072,0.996663461,0.813063545,1.205075931,26.185627,0.060539109,42570.65455,-3.30E-19,3.97E-05,0.04397103,2.971042889,42.99333544,-34.17372333,0.215441342,0.019557522,0.996382373,0.010376261,107,3.744625656,0.000290923,0.016,0.018184463
Old Sneed Park_20240826_234500.WAV,Old Sneed Park ,Post-light treatment,0.000264525,9.39E-09,1.807998349,6.424092962,3,43.06857208,-43.91082801,-45.77963041,1.868802404,0.956756812,0.022953471,0.74519178,0.637160839,0.007165004,94.44137504,8.388301821,297.0971309,0.283791784,1.792484023,0.038503304,0.069016557,0.760330207,0.523275019,2.302540167,0.004744965,0.138509036,0.127446716,0.127675099,0.129486259,1335.132813,6.077787857,0.001907096,0.021985611,0.0839337,0.626448349,0.333326595,5.404509197,6.966828418,74211.40432,0.996544445,0.82744653,1.208567469,19.63922025,0.069972299,42380.2,-3.04E-19,4.07E-05,0.055172723,3.239457179,43.10114505,-34.16018813,0.311567473,0.019588022,0.994374902,0.019200931,198,4.792263197,0.003588053,0.016444444,0.218213558
Old Sneed Park_20240826_234600.WAV,Old Sneed Park ,Post-light treatment,0.00026174,8.53E-09,1.745575688,6.271317075,3,42.93940434,-44.03999575,-45.79637021,1.756374458,0.959839777,0.005126657,0.663097872,0.49204234,0.008655533,75.56218602,7.635367254,296.8634389,0.235162994,1.614936233,0.037676755,0.060845557,0.75359338,0.50617818,2.302584316,0.00065628,0.138177674,0.127696675,0.127808338,0.129410111,1334.347656,5.675408192,0.001883797,0.022007309,0.0834009,0.629053217,0.333327174,5.44943961,6.98612803,75023.03687,0.996678015,0.818509387,1.205678692,19.63922025,0.051863604,42460.16364,1.96E-19,3.96E-05,0.048887315,2.962322483,42.97742912,-34.20102905,0.224012888,0.019496136,0.996382899,0.010667184,110,3.731563515,0,0,0
Old Sneed Park_20240826_234700.WAV,Old Sneed Park ,Post-light treatment,0.000262517,8.65E-09,1.765192774,6.387841503,3,42.96873595,-44.01066414,-45.78185817,1.771194028,0.959505882,0.005656246,0.609143412,0.48641214,0.008219814,61.39076654,6.89475354,296.8554223,0.232823806,1.606963064,0.03830995,0.061562674,0.732242793,0.510475846,2.302580397,0.001541247,0.138614101,0.1275457,0.127785678,0.129551798,1335.808594,5.711491168,0.00187622,0.02192681,0.0830457,0.629212434,0.333327059,5.440240637,6.984035585,74946.5831,0.996659124,0.82015777,1.205901699,21.82135583,0.058531241,42458.65455,-3.58E-19,3.99E-05,0.046391617,3.019515761,43.00578066,-34.17378491,0.217895929,0.019557384,0.996213319,0.009406517,97,3.979802537,0.000290923,0.016,0.018184463
Old Sneed Park_20240826_234800.WAV,Old Sneed Park ,Post-light treatment,0.000262905,8.87E-09,1.730289514,6.02647692,3,42.99219064,-43.98720945,-45.77990068,1.792691233,0.958771857,0.00936443,0.675279346,0.474942779,0.011674236,95.78027375,8.864255932,296.9277518,0.259034789,1.699182054,0.037557859,0.06381764,0.781955747,0.515558039,2.302584143,0.000735563,0.136496622,0.127581694,0.127837343,0.129416741,1334.416016,5.793224052,0.001904823,0.021756334,0.08435994,0.629319453,0.333327134,5.446245289,6.979450098,74704.33874,0.996646252,0.819627928,1.207077096,20.73028804,0.07315458,42332.14545,-3.02E-19,4.01E-05,0.049140357,3.028515122,43.03266758,-34.1738766,0.245442353,0.019557177,0.995755751,0.014158262,146,3.977714412,0.000290923,0.016,0.018184463
Old Sneed Park_20240826_234900.WAV,Old Sneed Park ,Post-light treatment,0.000266469,1.15E-08,2.633522686,13.77216903,3,43.23441662,-43.74498346,-45.77374501,2.028761551,0.946112886,0.061966538,0.762362078,0.657453853,0.0186429,116.7763101,10.08416552,297.5335554,0.394447898,2.302771131,0.037824132,0.087100319,0.902093714,0.545738933,2.302565302,0.003206337,0.137118934,0.128819487,0.128008651,0.129518081,1335.460938,6.628325146,0.002150502,0.021601034,0.092351934,0.629960715,0.333317489,4.977032952,6.899974374,72160.0224,0.995646113,0.842488117,1.213057921,44.73377946,0.093062779,42093.76364,-2.64E-19,4.24E-05,0.063521069,3.612220408,43.27244686,-34.1468782,0.411390201,0.019618061,0.992016522,0.028995345,299,5.308863351,0.009794414,0.016323232,0.600087285
Old Sneed Park_20240826_235000.WAV,Old Sneed Park ,Post-light treatment,0.000263092,8.71E-09,1.719617193,6.029479418,3,42.98876341,-43.99063667,-45.77507648,1.784439806,0.959549333,0.010052208,0.728276279,0.611525776,0.007323766,86.11781931,7.685471183,297.2752097,0.260825976,1.705722787,0.03720502,0.063461451,0.720950026,0.51484738,2.302578766,0.001822493,0.135332816,0.128227586,0.128102009,0.129349875,1333.726563,5.812889197,0.001876599,0.021884935,0.08329434,0.62914012,0.333327258,5.456320596,6.984315835,74915.02901,0.996677305,0.820617337,1.206088101,17.45708467,0.049382183,42518.49091,8.29E-20,4.01E-05,0.046503055,3.048434609,43.02758076,-34.18332099,0.253143162,0.019535924,0.995626484,0.015321955,158,4.289697702,0.001745539,0.016,0.109106779
Old Sneed Park_20240826_235100.WAV,Old Sneed Park ,Post-light treatment,0.000266573,1.06E-08,2.19269366,9.759038992,3,43.19319454,-43.78620555,-45.77986551,1.993659962,0.951132953,0.037688037,0.683556066,0.53606779,0.027540531,141.1113252,11.26282498,297.4666843,0.388540222,2.270861099,0.036770937,0.083501689,0.971743348,0.536670715,2.302565427,0.003204489,0.135890473,0.129805323,0.128456408,0.13018011,1342.287109,6.403659418,0.002311321,0.021784714,0.100024248,0.629191532,0.333322899,5.185878705,6.931534621,73021.47661,0.996127508,0.836364504,1.213154818,77.46581321,0.127461722,42159.87273,7.94E-20,4.20E-05,0.066059167,3.868073782,43.22919801,-34.17374451,0.464586395,0.019557475,0.989752508,0.029480217,304,5.77945633,0.012800621,0.017170732,0.745562991
Old Sneed Park_20240826_235200.WAV,Old Sneed Park ,Post-light treatment,0.000290278,1.55E-08,1.548053377,4.529599062,8,44.06286927,-42.91653081,-45.74819224,2.831661424,0.943731088,0.01232348,0.218344867,0.180944899,0.008201906,109.5711094,9.26944002,300.9354146,0.340514696,2.032668034,0.038220202,0.077688982,0.680414806,0.92243487,2.300896252,0.02833328,0.138226166,0.129356397,0.128962174,0.130242997,1342.935547,7.736042876,0.002103715,0.022605867,0.091392894,0.629740533,0.333325848,5.351969523,6.885383719,70068.48787,0.996173183,0.731972953,1.231852334,53.46232179,0.112137523,42428.01818,-8.27E-20,5.25E-05,0.943128084,1745.528323,44.20044446,-34.17373493,3.142153028,0.019557496,0.690859925,0.019491854,201,17.29818856,0.004945694,0.017,0.290951411
Old Sneed Park_20240826_235300.WAV,Old Sneed Park ,Post-light treatment,0.000260642,8.45E-09,1.815469547,6.579926736,2,42.90204731,-44.07735277,-45.78597255,1.708619773,0.959681259,2.32E-05,0.003009227,0.0024551,0.002579436,3.047796352,0.181106012,296.4721753,0.19466467,1.483437551,0.037610653,0.055793056,0.556548686,0.50345919,2.302582662,0.001064943,0.138816151,0.126150933,0.127871786,0.129267477,1332.876953,5.461778691,0.001590951,0.021859183,0.070933389,0.628719319,0.333327003,5.435747042,6.985127173,75062.22476,0.996654247,0.810910116,1.202642646,0,0.006004661,42677.63636,4.13E-19,3.93E-05,0.047786641,3.050096207,42.93922382,-34.20121934,0.198839084,0.019495709,0.995858535,0.00882467,91,4.234298879,0,0,0
Old Sneed Park_20240826_235400.WAV,Old Sneed Park ,Post-light treatment,0.0002607,8.47E-09,1.834409244,6.763386663,2,42.90479573,-44.07460435,-45.77906181,1.704457453,0.9595753,2.20E-05,0.003835936,0.003195133,0.002382308,2.962782512,0.356747638,296.6275133,0.185755146,1.456263604,0.03836674,0.055872087,0.617270507,0.502753423,2.302585065,0.000111314,0.13832315,0.126562864,0.127513761,0.129096619,1331.115234,5.456431198,0.001559318,0.02162482,0.06969019,0.626535938,0.333326886,5.426642357,6.984460129,75046.68855,0.996642283,0.813282473,1.202729164,1.091067792,0.007046479,42663.76364,-2.61E-19,3.93E-05,0.046718795,2.949451182,42.94150346,-34.18747096,0.189689785,0.019526592,0.996613524,0.006885182,71,3.827967332,0,0,0
Old Sneed Park_20240826_235500.WAV,Old Sneed Park ,Post-light treatment,0.000260774,8.45E-09,1.837343965,6.779079882,2,42.90619235,-44.07320773,-45.77707076,1.703863027,0.959646986,2.01E-05,0.003060469,0.002646083,0.00221315,4.562611734,0.414516311,296.6115815,0.18672421,1.459190381,0.038294476,0.055878931,0.580787463,0.502681081,2.30258507,0.000112805,0.138719167,0.125824987,0.128660345,0.129352906,1333.757813,5.453477041,0.001600422,0.021715727,0.071253069,0.628669365,0.333326893,5.427126218,6.984908346,75070.8166,0.996644316,0.81414262,1.202318973,0,0.006383504,42692.72727,-3.08E-19,3.93E-05,0.042120331,2.940075323,42.94432559,-34.1832424,0.182690307,0.0195361,0.996802899,0.005915438,61,3.581593321,0,0,0
Old Sneed Park_20240826_235600.WAV,Old Sneed Park ,Post-light treatment,0.000261014,8.44E-09,1.830804676,6.7253139,2,42.91231794,-44.06708214,-45.77252581,1.705443667,0.959809628,3.22E-05,0.02915101,0.027263646,0.002282851,3.122390321,0.37208697,296.936055,0.186639572,1.458934478,0.038254356,0.055810598,0.685396798,0.505110901,2.302583236,0.001016415,0.136278408,0.126146933,0.128296883,0.129177691,1331.951172,5.471463594,0.001674107,0.02190124,0.074520907,0.630856383,0.333326951,5.431659747,6.985927403,75111.9198,0.996653141,0.813958685,1.202917603,1.091067792,0.008656562,42676.8,3.24E-19,3.94E-05,0.040919752,2.946055813,42.9529189,-34.19686552,0.196568288,0.019505484,0.996707157,0.007564003,78,3.611562751,0,0,0
Old Sneed Park_20240826_235700.WAV,Old Sneed Park ,Post-light treatment,0.000271049,1.06E-08,1.984938237,8.423821794,5,43.31583335,-43.66356673,-45.76154591,2.097979174,0.953589556,0.042083545,0.700493053,0.541775284,0.002354254,2.939852623,0.117115337,297.5815563,0.400529875,2.336279686,0.039632655,0.092592967,0.643381556,0.583354717,2.222076241,0.193463594,0.135017619,0.126353899,0.128535264,0.129265961,1332.861328,6.929894046,0.001604779,0.021765536,0.071359629,0.625150403,0.333324514,5.269985243,6.9469552,73441.06066,0.996316851,0.848593321,1.207613164,0,0.01498324,42684.03636,-1.28E-19,4.39E-05,1.106114849,370.7695307,43.42840911,-34.18737679,0.771071627,0.019526804,0.923244395,0.008145849,84,13.08191858,0.000484872,0.026666667,0.018184463
Old Sneed Park_20240826_235800.WAV,Old Sneed Park ,Post-light treatment,0.000261282,8.48E-09,1.81266802,6.528865262,2,42.92251341,-44.05688668,-45.76048581,1.703599133,0.959749196,2.57E-05,0.004357588,0.003598237,0.003106028,4.640361214,0.643664504,296.7505601,0.192708891,1.477421065,0.037771536,0.055804463,0.697492565,0.506500188,2.302583907,0.000816159,0.135938965,0.12586798,0.127547298,0.12876551,1327.701172,5.462093805,0.001606294,0.021848424,0.071359629,0.628155576,0.333327045,5.439105038,6.985553275,75081.3731,0.996658778,0.811600321,1.202025037,4.364271167,0.009073289,42734.81818,1.80E-19,3.94E-05,0.040224432,2.980994397,42.95866702,-34.18732512,0.202650784,0.01952692,0.99649749,0.007757952,80,3.919460216,0,0,0
Old Sneed Park_20240826_235900.WAV,Old Sneed Park ,Post-light treatment,0.000260891,8.42E-09,1.806374237,6.614905625,3,42.90761133,-44.07178876,-45.79046294,1.718674183,0.959935698,0.000374495,0.49513273,0.426904033,0.003403303,11.88501834,1.878566806,297.0317412,0.203093449,1.509704555,0.037848166,0.057139549,0.629149759,0.506031229,2.30258082,0.001525237,0.136997705,0.126969796,0.12807663,0.129273728,1332.941406,5.524179544,0.001669561,0.021831209,0.074520907,0.628395988,0.333327029,5.437837123,6.986719426,75118.04489,0.996664176,0.813802335,1.203536623,5.455338958,0.015475736,42637.78182,-7.63E-20,3.93E-05,0.049105241,2.995546807,42.94388729,-34.21483086,0.203731098,0.019465181,0.996284077,0.00969744,100,3.927797873,0.000290923,0.016,0.018184463
Old Sneed Park_20240827_000000.WAV,Old Sneed Park ,Post-light treatment,0.000261354,8.43E-09,1.809836575,6.577988116,3,42.9220787,-44.05732138,-45.7736497,1.716328314,0.959987608,0.000283429,0.453756068,0.374127682,0.002810765,2.783338624,0.194546513,296.8135722,0.201498789,1.504692508,0.037827811,0.056919223,0.612250882,0.507296983,2.302582249,0.001234181,0.13518734,0.126440884,0.127730389,0.129151361,1331.679688,5.515524743,0.001614439,0.021682933,0.071963468,0.628649789,0.333327063,5.440539493,6.987044646,75141.30907,0.996666921,0.81355259,1.204054819,5.455338958,0.019605124,42668.63636,3.47E-19,3.94E-05,0.045750129,3.093775901,42.95881813,-34.20100261,0.220257398,0.019496195,0.99565821,0.009988363,103,4.297951344,0,0,0
Old Sneed Park_20240827_000100.WAV,Old Sneed Park ,Post-light treatment,0.000261305,8.44E-09,1.816639692,6.584980398,2,42.92135769,-44.0580424,-45.76553644,1.707494045,0.959891515,2.74E-05,0.266912633,0.252589832,0.002566014,3.092468348,0.477037987,296.6325424,0.189100755,1.466397659,0.038316704,0.056187525,0.601070516,0.505430773,2.302583715,0.000830849,0.137191672,0.125781994,0.128230716,0.128943755,1329.539063,5.469013929,0.001692481,0.02184969,0.075586506,0.628031422,0.333327043,5.438944092,6.986442814,75124.02843,0.996662189,0.814052681,1.202689032,0,0.008580794,42710.54545,-3.37E-19,3.94E-05,0.039932966,2.945148128,42.95886296,-34.19686058,0.203801792,0.019505495,0.996654114,0.008145849,84,3.800701889,0,0,0
Old Sneed Park_20240827_000200.WAV,Old Sneed Park ,Post-light treatment,0.000260966,8.44E-09,1.808656249,6.529448054,2,42.91095647,-44.06844362,-45.77546187,1.707018249,0.959845714,3.10E-05,0.005063029,0.004113135,0.002824608,2.691044954,0.222562601,296.6561276,0.193823311,1.480845734,0.037804259,0.055982275,0.623540183,0.503791335,2.302585045,0.000163757,0.13930107,0.125918972,0.127870879,0.129104574,1331.197266,5.462774304,0.001589057,0.021527685,0.071217549,0.627307481,0.333327062,5.440461535,6.986157499,75102.60103,0.996662983,0.811885106,1.202370613,0,0.009092232,42683.78182,-7.24E-20,3.93E-05,0.043976246,2.936462088,42.94671634,-34.20091646,0.195091616,0.019496389,0.996619999,0.009600465,99,3.634427055,0,0,0
Old Sneed Park_20240827_000300.WAV,Old Sneed Park ,Post-light treatment,0.000262253,8.40E-09,1.791112604,6.531880524,3,42.94722095,-44.03217914,-45.77162343,1.739444288,0.960415635,0.001551872,0.67856322,0.63461324,0.003117928,4.192497162,0.428001997,297.0835975,0.213938792,1.54433113,0.038147079,0.058911722,0.607972394,0.517110856,2.302507775,0.006221215,0.136108687,0.126444884,0.127832811,0.129418446,1334.433594,5.611753076,0.001638685,0.02178507,0.073490827,0.626132894,0.333327161,5.448401508,6.989724994,75239.96363,0.996687172,0.817305683,1.2036212,6.54640675,0.018108695,42677.01818,3.92E-19,3.96E-05,0.03998411,3.670733631,42.98235435,-34.18734834,0.23101474,0.019526868,0.994518799,0.009309542,96,5.066145044,0,0,0
Old Sneed Park_20240827_000400.WAV,Old Sneed Park ,Post-light treatment,0.000261751,8.41E-09,1.771854854,6.441664279,3,42.93282184,-44.04657825,-45.78472814,1.738149892,0.960302521,0.001428862,0.590532487,0.497498224,0.005866924,30.9882966,4.151605234,296.7608405,0.220719748,1.566470784,0.037736263,0.059112754,0.708832711,0.507143208,2.302582288,0.00123475,0.135947047,0.127342734,0.128209869,0.129315969,1333.376953,5.596010626,0.001962975,0.021774286,0.08382714,0.628410511,0.33332718,5.449978364,6.989019591,75184.07235,0.996687636,0.816159771,1.204616916,41.46057608,0.054572332,42597.90909,2.93E-19,3.95E-05,0.04938374,3.0928991,42.96929638,-34.18326405,0.227250608,0.019536052,0.995060009,0.009309542,96,5.054223325,0.000581846,0.016,0.036368926
Old Sneed Park_20240827_000500.WAV,Old Sneed Park ,Post-light treatment,0.000260965,8.64E-09,1.938600974,7.688624839,2,42.92270297,-44.05669711,-45.77620041,1.719503293,0.958600021,2.46E-05,0.004600413,0.003928395,0.002452411,3.552296339,0.482041643,296.5569698,0.160614989,1.382696826,0.040451322,0.055931915,0.646735308,0.503749841,2.302577252,0.002019702,0.136601688,0.125836985,0.128366675,0.129103059,1331.181641,5.474820768,0.001614629,0.021667517,0.071537229,0.63066577,0.333326157,5.373037852,6.978335732,74861.34688,0.996562446,0.818926382,1.202863021,0,0.01295643,42471.18182,-3.18E-19,3.97E-05,0.049633296,2.978591483,42.99125099,-34.17407134,0.213413944,0.019556739,0.996458788,0.009406517,97,3.780160305,0.000775795,0.021333333,0.036368926
Old Sneed Park_20240827_000600.WAV,Old Sneed Park ,Post-light treatment,0.000261082,8.52E-09,1.86665736,7.037332792,2,42.91937819,-44.0600219,-45.76963438,1.709612477,0.959345969,1.83E-05,0.057979941,0.057199925,0.002613768,3.090626018,-0.027441219,296.6207229,0.183421743,1.44924474,0.038668127,0.056039579,0.590453096,0.504901201,2.302583576,0.000875462,0.137450296,0.126596858,0.127606213,0.129101733,1331.167969,5.471217584,0.001599475,0.021742565,0.071572749,0.629108992,0.333326684,5.411164157,6.983018824,75011.06906,0.996621163,0.813954622,1.202885814,1.091067792,0.011782017,42570.32727,-3.69E-19,3.95E-05,0.042917477,2.968311666,42.96932728,-34.20068136,0.217485079,0.019496917,0.996212632,0.008921645,92,4.150752112,0,0,0
Old Sneed Park_20240827_000700.WAV,Old Sneed Park ,Post-light treatment,0.000279181,1.28E-08,2.796045384,18.26806813,6,43.65248142,-43.32691867,-45.73397269,2.407054026,0.94495589,0.016147099,0.432307956,0.261411783,0.003090905,3.976465661,0.45336959,298.9898719,0.177825209,1.432572758,0.058482503,0.083780441,0.655738344,0.715347977,2.301661539,0.020996864,0.142121682,0.126452882,0.129120792,0.129798425,1338.351563,7.157316031,0.002034387,0.022066708,0.085638659,0.627181248,0.333309761,4.778413271,6.892603845,71845.39017,0.995348417,0.833818988,1.218397425,3.273203375,0.047431141,41967.69091,4.75E-19,4.95E-05,0.770419489,209.1146006,43.94436168,-34.12948011,1.772266556,0.019657396,0.834178909,0.01939488,200,14.00372778,0.008630721,0.023733333,0.363689264
Old Sneed Park_20240827_000800.WAV,Old Sneed Park ,Post-light treatment,0.000261333,8.75E-09,1.969873788,8.005506988,2,42.93977514,-44.03962495,-45.77114678,1.731521835,0.958145811,2.44E-05,0.064146441,0.062765125,0.002156718,3.264181142,0.126734423,296.6321848,0.161843872,1.386190274,0.040416774,0.056025339,0.593125363,0.507222669,2.302556568,0.003700225,0.135656095,0.126063947,0.128306853,0.129290207,1333.111328,5.491747729,0.001643421,0.021746179,0.072531788,0.629492388,0.333325853,5.352340219,6.975485879,74759.01996,0.996530066,0.816916224,1.203793131,0,0.008486083,42481.78182,7.44E-20,3.99E-05,0.043925865,3.023829706,43.00970121,-34.18382179,0.220248028,0.019534797,0.996037932,0.008145849,84,4.344890798,0.000290923,0.016,0.018184463
University Botanic Garden 24kHz_20240828_210400.WAV,University Botanic Garden ,Pre-light treatment,0.000265015,8.85E-09,2.291824695,12.25921855,5,43.0528428,-43.92655729,-45.67698381,1.75042652,0.958158713,6.75E-05,0.012238887,0.009484175,0.003620434,6.244005804,0.599888572,297.0078278,0.115063936,1.260050282,0.044858618,0.056524114,0.613090604,0.520893483,2.302290507,0.011799047,0.136666343,0.126761831,0.128339483,0.12959063,1336.208984,5.504450624,0.001663689,0.021954362,0.074165707,0.628631471,0.333323045,5.192936566,6.975482664,74976.75389,0.996365509,0.826803761,1.204646703,2.182135583,0.012861719,42248.78182,-4.89E-19,4.07E-05,0.048914156,3.080949488,43.09809543,-34.08918957,0.265400535,0.019748791,0.995630959,0.017261443,178,4.10724446,0.000387898,0.021333333,0.018184463
University Botanic Garden 24kHz_20240828_210500.WAV,University Botanic Garden ,Pre-light treatment,0.000266923,1.13E-08,3.57391112,26.2404647,6,43.23756038,-43.7418397,-45.67111435,1.929274642,0.944461149,6.37E-05,0.196016166,0.192215079,0.003883584,11.87026123,1.687572232,296.8739543,-0.052173354,0.900827455,0.062995317,0.056747911,0.588602824,0.539754936,2.257947561,0.143746671,0.138428216,0.12610894,0.128243406,0.129077866,1330.921875,5.609403191,0.001728282,0.021722839,0.076119305,0.627691463,0.333302456,4.643436342,6.889290072,72543.23445,0.994901015,0.854341343,1.204080556,0,0.01348681,42204.81818,3.51E-19,4.23E-05,-0.036430975,12.92971324,43.26311214,-34.0927018,0.337485954,0.019740807,0.990218273,0.018425136,190,5.440619375,0.001648565,0.045333333,0.036368926
University Botanic Garden 24kHz_20240828_210600.WAV,University Botanic Garden ,Pre-light treatment,0.000263424,8.38E-09,1.973986519,8.934015916,5,42.98057318,-43.9988269,-45.72164395,1.72281705,0.96049027,7.54E-05,0.014848731,0.011416817,0.003546352,7.743693009,1.1528287,296.7458761,0.152892806,1.360976291,0.041450424,0.056413045,0.639649259,0.51265068,2.302585054,0.000157294,0.135357062,0.126241918,0.128811713,0.129618664,1336.498047,5.489727609,0.001769765,0.021870237,0.078925383,0.627717764,0.333325808,5.349321422,6.990146961,75374.38138,0.996601287,0.820276194,1.204790027,0,0.012748066,42319.8,-9.49E-20,4.00E-05,0.056901951,2.965533264,43.01799383,-34.13342933,0.235401312,0.019648461,0.996138928,0.013576416,140,3.853380628,0,0,0
University Botanic Garden 24kHz_20240828_210700.WAV,University Botanic Garden ,Pre-light treatment,0.000266315,1.05E-08,3.253492368,22.82168697,6,43.18200236,-43.79739773,-45.69201289,1.894615162,0.948493235,6.43E-05,0.109549675,0.10622649,0.003918006,6.936773948,0.514782467,297.0255077,-0.008753292,0.982645326,0.057772794,0.056770166,0.637524458,0.540104653,2.276761899,0.110795018,0.139276824,0.126163931,0.128876066,0.129886127,1339.255859,5.587724412,0.001813521,0.022059604,0.080168583,0.626541618,0.333309181,4.766251023,6.914672369,73243.75198,0.995351819,0.847482496,1.204015608,2.182135583,0.01189567,42321.30909,3.11E-19,4.20E-05,-0.032005668,12.60345926,43.22955748,-34.10623464,0.307001332,0.019710075,0.991305126,0.014449185,149,5.544548505,0.000678821,0.037333333,0.018184463
University Botanic Garden 24kHz_20240828_210800.WAV,University Botanic Garden ,Pre-light treatment,0.0002641,8.33E-09,1.899239365,8.203362468,7,42.99741305,-43.98198704,-45.69795039,1.715963353,0.961084428,9.74E-05,0.022796482,0.017169758,0.00411848,12.48855013,1.478880061,296.7076164,0.16464734,1.394198399,0.040542642,0.056524487,0.644867532,0.515472962,2.302585052,0.000150025,0.137329066,0.126064947,0.128861564,0.129323356,1333.453125,5.499701891,0.001656302,0.021728818,0.073881547,0.625573272,0.333326342,5.38609751,6.993880547,75485.08807,0.996654816,0.817934367,1.204974041,3.273203375,0.015229488,42386.69091,-3.14E-20,4.01E-05,0.053944617,2.978012048,43.0327379,-34.1064081,0.241372776,0.019709681,0.995922505,0.015612878,161,3.979968061,0,0,0
University Botanic Garden 24kHz_20240828_210900.WAV,University Botanic Garden ,Pre-light treatment,0.000267327,1.13E-08,3.58263664,26.36107519,7,43.25058769,-43.72881239,-45.66539683,1.936584439,0.944446183,0.00010878,0.202999412,0.198613117,0.004042339,7.829648361,1.174704426,296.925787,-0.053634839,0.898190841,0.063340809,0.056892134,0.600211564,0.546363468,2.252285086,0.153167005,0.138622183,0.126028953,0.128899633,0.129540244,1335.689453,5.625067722,0.001769576,0.02211439,0.078392584,0.62638751,0.333302274,4.640495453,6.889193233,72547.3895,0.994894247,0.855042233,1.204783327,2.182135583,0.016081885,42138.6,-3.97E-19,4.24E-05,-0.043486868,13.7311882,43.27726069,-34.05256617,0.312737598,0.019832236,0.991106073,0.015806827,163,5.435788756,0.000678821,0.037333333,0.018184463
University Botanic Garden 24kHz_20240828_211000.WAV,University Botanic Garden ,Pre-light treatment,0.000264583,8.45E-09,1.932071748,8.528363042,5,43.01829143,-43.96110866,-45.68014975,1.719041093,0.960617295,8.59E-05,0.017838996,0.013718659,0.004275279,5.914481394,0.59089369,296.9272396,0.155377206,1.367920941,0.041275854,0.056462105,0.680011191,0.518152769,2.302585039,0.000183666,0.136262244,0.126213922,0.127951548,0.129174471,1331.917969,5.494061745,0.001656112,0.021764021,0.073774987,0.628665042,0.33332605,5.365631592,6.990950207,75377.23819,0.996622691,0.818652896,1.204328347,0,0.01445286,42404.96364,-2.96E-19,4.03E-05,0.050469598,2.975441949,43.0545464,-34.09258881,0.23874939,0.019741064,0.99595287,0.015321955,158,3.977907965,0,0,0
University Botanic Garden 24kHz_20240828_211100.WAV,University Botanic Garden ,Pre-light treatment,0.000266558,1.05E-08,3.159218409,21.61082187,6,43.1840972,-43.79530289,-45.68904481,1.893741928,0.949233472,7.70E-05,0.151825759,0.14877156,0.003320893,8.918860404,0.7446093,296.8506692,-0.003210392,0.993599763,0.05721744,0.056851235,0.706775007,0.545133571,2.269997196,0.123692395,0.137110852,0.125652016,0.128916854,0.129334532,1333.568359,5.602777098,0.001732828,0.021933699,0.076829705,0.626706041,0.33331093,4.803838417,6.919343127,73354.65145,0.99545587,0.84646417,1.205406374,0,0.010323471,42444.98182,-1.53E-19,4.19E-05,-0.020681715,12.54087329,43.22105891,-34.1062488,0.304664759,0.019710042,0.991421269,0.015031032,155,5.44522284,0.001066718,0.029333333,0.036368926
University Botanic Garden 24kHz_20240828_211200.WAV,University Botanic Garden ,Pre-light treatment,0.000264594,8.51E-09,2.002454929,9.209934264,6,43.02215719,-43.95724289,-45.67716279,1.7199199,0.960177745,7.43E-05,0.015479053,0.012194489,0.003896678,5.342940533,0.423256144,296.9779191,0.146488951,1.34326199,0.042063942,0.056502894,0.63985796,0.517980016,2.302585075,9.15E-05,0.135648013,0.126247917,0.128947671,0.129654275,1336.865234,5.489212336,0.001698353,0.021656938,0.075657546,0.628474891,0.333325563,5.333282374,6.988185096,75309.66627,0.996577063,0.820586697,1.203988952,2.182135583,0.01365729,42324.58182,3.90E-19,4.03E-05,0.048563112,2.976163814,43.05643861,-34.10228683,0.248427738,0.019719035,0.995952706,0.015612878,161,3.973407053,0,0,0
University Botanic Garden 24kHz_20240828_211300.WAV,University Botanic Garden ,Pre-light treatment,0.000265789,1.03E-08,3.102803817,21.02179308,6,43.15498884,-43.82441125,-45.70980352,1.885392272,0.949740896,7.11E-05,0.11049474,0.107099303,0.003381285,6.942677926,0.847684821,296.7788571,0.006234675,1.01254758,0.056002416,0.056705111,0.62272199,0.533923136,2.280881878,0.100410749,0.137215918,0.126473879,0.12917155,0.129761299,1337.96875,5.584707355,0.00173529,0.022119573,0.076936265,0.62992175,0.333311828,4.824304526,6.922538977,73429.62058,0.995515704,0.843996152,1.204314695,1.091067792,0.013941422,42358.96364,3.99E-19,4.17E-05,-0.029357233,12.3793401,43.19891305,-34.10234931,0.290879629,0.019718893,0.99166923,0.015418929,159,5.431252894,0.00087277,0.048,0.018184463
University Botanic Garden 24kHz_20240828_211400.WAV,University Botanic Garden ,Pre-light treatment,0.000263902,8.28E-09,1.879298595,8.030970703,6,42.9886494,-43.99075068,-45.70121566,1.710464976,0.961308307,8.23E-05,0.018247234,0.014090914,0.003779688,8.615997211,0.920865924,296.7078511,0.166364901,1.399131231,0.040282841,0.05636098,0.609687328,0.513408488,2.302585062,0.000118683,0.134694339,0.125823987,0.128400211,0.12917466,1331.919922,5.489201173,0.00169267,0.021495966,0.075799626,0.627548946,0.33332648,5.396066119,6.995285352,75533.07387,0.996671021,0.817489045,1.204598948,1.091067792,0.016384959,42417.67273,1.82E-19,4.01E-05,0.051208108,2.973781923,43.02840734,-34.13295911,0.258008035,0.019649524,0.995854234,0.015806827,163,3.99344253,0,0,0
University Botanic Garden 24kHz_20240828_211500.WAV,University Botanic Garden ,Pre-light treatment,0.000266339,1.08E-08,3.365214502,23.94120891,7,43.19762262,-43.78177747,-45.68052557,1.898748094,0.946896127,9.27E-05,0.090368146,0.086843161,0.003759967,7.218105895,0.909534513,297.0106768,-0.023909269,0.953298072,0.059412473,0.056637796,0.639074671,0.538687068,2.285589444,0.088897009,0.14027899,0.126381894,0.128464565,0.129572067,1336.017578,5.592580043,0.001753664,0.021807354,0.077540104,0.626331119,0.333306987,4.722791255,6.90462608,72947.23453,0.995188031,0.848675137,1.204707295,1.091067792,0.015835637,41977.43636,2.72E-19,4.24E-05,-0.047925002,11.90676041,43.27021493,-34.0624032,0.324441848,0.019809789,0.99184988,0.018328161,189,5.035450478,0.000775795,0.042666667,0.018184463
University Botanic Garden 24kHz_20240828_211600.WAV,University Botanic Garden ,Pre-light treatment,0.000264393,8.87E-09,2.254377631,11.848228,6,43.03605618,-43.94334391,-45.67276601,1.729422104,0.957959848,9.86E-05,0.01981673,0.015067171,0.003696349,10.84971512,1.265150449,296.9277746,0.115536792,1.261258561,0.044584508,0.056232592,0.628784852,0.519616909,2.302584869,0.000347348,0.137822067,0.125665014,0.128848875,0.129440608,1334.662109,5.497418873,0.001683768,0.021846472,0.074805066,0.626396339,0.333323226,5.201816215,6.974245414,74890.73993,0.996371997,0.824663351,1.204240205,4.364271167,0.019245224,41987.05455,-1.35E-19,4.07E-05,0.056537178,2.976898292,43.10051792,-34.08908602,0.27589738,0.019749027,0.995767795,0.017067494,176,4.006391222,0,0,0
University Botanic Garden 24kHz_20240828_211700.WAV,University Botanic Garden ,Pre-light treatment,0.00026605,1.08E-08,3.345238706,23.45875565,6,43.18882503,-43.79057505,-45.69495493,1.904379872,0.946874297,6.54E-05,0.158095945,0.153574764,0.003396024,8.830535455,0.495965551,296.9254516,-0.026038911,0.949243815,0.059655426,0.056627544,0.63753115,0.535340417,2.272514539,0.119127451,0.137668509,0.126653849,0.128255189,0.129475651,1335.023438,5.592487709,0.001728471,0.021822074,0.076261385,0.629269073,0.333307681,4.73612496,6.904500121,72933.35832,0.995207761,0.849801065,1.204995838,1.091067792,0.013240562,42034.16364,3.49E-19,4.21E-05,-0.040994087,11.22840785,43.24511624,-34.07749881,0.31591387,0.019775391,0.991600537,0.01697052,175,5.237769758,0.00087277,0.024,0.036368926
University Botanic Garden 24kHz_20240828_211800.WAV,University Botanic Garden ,Pre-light treatment,0.000263544,8.29E-09,1.884086765,8.060381482,5,42.97862534,-44.00077475,-45.72650041,1.72572566,0.961157026,7.45E-05,0.013345636,0.010342289,0.003708447,5.403993669,0.231814583,296.9093291,0.166569762,1.399720948,0.04018002,0.056240815,0.607278353,0.513268545,2.302585019,0.000206224,0.134775159,0.126448883,0.129767049,0.129834794,1338.726563,5.502549821,0.001743057,0.021741384,0.077966344,0.628233091,0.33332643,5.392455985,6.994337803,75494.08766,0.996663456,0.817869532,1.204541277,1.091067792,0.014850645,42403.69091,-4.16E-19,3.99E-05,0.055597309,2.976712798,43.01480646,-34.13321256,0.248919805,0.019648951,0.995846363,0.014643134,151,4.038736705,0,0,0
University Botanic Garden 24kHz_20240828_211900.WAV,University Botanic Garden ,Pre-light treatment,0.000266444,1.04E-08,3.198856741,21.89903246,5,43.17917122,-43.80022887,-45.70139536,1.901166491,0.949208751,7.36E-05,0.162775091,0.158990416,0.004117139,6.396259608,0.599275253,297.1034153,-0.003985549,0.992060544,0.057182039,0.056728045,0.620680211,0.536587313,2.269450002,0.123987745,0.137288656,0.126222921,0.128548859,0.129731181,1337.658203,5.625282184,0.001739079,0.022109574,0.077362505,0.627146312,0.333310852,4.802104964,6.919181049,73389.42525,0.995440224,0.848678395,1.205812552,1.091067792,0.018752728,42458.98182,3.70E-19,4.18E-05,-0.026229468,11.21770233,43.20659896,-34.09280919,0.301538059,0.019740563,0.991410573,0.014740109,152,5.518944519,0.000678821,0.037333333,0.018184463
University Botanic Garden 24kHz_20240828_212000.WAV,University Botanic Garden ,Pre-light treatment,0.000263747,8.27E-09,1.869531389,7.899950785,5,42.98391717,-43.99548291,-45.72564969,1.730166776,0.961294923,7.40E-05,0.018316758,0.014679742,0.003671948,6.357528312,0.598545013,297.1543654,0.167524539,1.402473219,0.04001544,0.056120583,0.603239422,0.515959398,2.302584566,0.000554882,0.135462128,0.126232919,0.128645843,0.129621127,1336.523438,5.533396998,0.001741541,0.02170203,0.077824264,0.627701669,0.333326547,5.401011264,6.995203951,75523.64272,0.996675143,0.818040733,1.205562105,2.182135583,0.026253819,42418.27273,3.75E-19,4.00E-05,0.056900255,3.030451624,43.01984054,-34.11986624,0.24748911,0.019679166,0.995416664,0.015321955,158,4.245434028,0.000581846,0.032,0.018184463
University Botanic Garden 24kHz_20240828_212100.WAV,University Botanic Garden ,Pre-light treatment,0.000266581,1.03E-08,3.101697535,20.87688581,7,43.17802212,-43.80137796,-45.68193062,1.880552657,0.949966355,0.000111765,0.072152397,0.067668712,0.004098957,14.14913227,1.569619083,297.1500293,0.006442459,1.012968466,0.055959184,0.056684889,0.656614349,0.534991177,2.288046485,0.082839907,0.137571526,0.126385894,0.128258814,0.129447427,1334.732422,5.618252281,0.001687177,0.021564957,0.075124746,0.627550138,0.333312289,4.835139739,6.923955835,73491.58369,0.99553598,0.845213621,1.205820511,5.455338958,0.024549025,42365.90909,4.49E-19,4.18E-05,-0.0250568,10.92887056,43.21514368,-34.1059808,0.326006524,0.019710651,0.991730421,0.01697052,175,5.217390303,0.000581846,0.032,0.018184463
University Botanic Garden 24kHz_20240828_212200.WAV,University Botanic Garden ,Pre-light treatment,0.000264496,8.90E-09,2.324155866,12.65016532,5,43.04081222,-43.93858787,-45.69749133,1.758903465,0.957685206,8.05E-05,0.017413681,0.013452757,0.004371265,6.64128878,0.455865884,297.1411575,0.111690564,1.251467697,0.044958724,0.05626439,0.631775172,0.521462462,2.302584249,0.00066558,0.139988039,0.126696842,0.129135294,0.129882907,1339.222656,5.550174716,0.001864286,0.02206311,0.082264261,0.628499148,0.33332257,5.17036834,6.972509448,74870.74793,0.996327351,0.827501786,1.205508127,3.273203375,0.028034381,42025.83636,3.46E-19,4.08E-05,0.057801341,3.042458478,43.10487038,-34.07927392,0.275297162,0.019771349,0.995186476,0.017261443,178,4.247143236,0.000484872,0.026666667,0.018184463
University Botanic Garden 24kHz_20240828_212300.WAV,University Botanic Garden ,Pre-light treatment,0.000266681,1.02E-08,3.095503947,20.6986199,5,43.1755588,-43.80384129,-45.70168625,1.897844962,0.950450521,7.63E-05,0.157434501,0.153141794,0.003902994,5.17505539,0.192270807,297.1131057,0.009813194,1.019820894,0.055760609,0.056865834,0.642055151,0.536118631,2.271217992,0.121079287,0.138703003,0.126834819,0.127826466,0.129615255,1336.462891,5.640390297,0.001723357,0.021834671,0.076616585,0.628271516,0.333312863,4.848969143,6.926995882,73616.11259,0.995574713,0.847280371,1.206026299,6.54640675,0.025022579,42492.67273,9.19E-20,4.17E-05,-0.025486748,10.98318729,43.20267897,-34.11591986,0.330367525,0.019688109,0.991388357,0.017358417,179,5.327291173,0.001066718,0.029333333,0.036368926
University Botanic Garden 24kHz_20240828_212400.WAV,University Botanic Garden ,Pre-light treatment,0.00026465,8.30E-09,1.906717893,8.230033382,5,43.01188019,-43.96751989,-45.69656442,1.72904453,0.961340096,7.53E-05,0.01326635,0.010289889,0.003928699,4.56385921,0.251397223,297.0934298,0.161046888,1.383923454,0.040812801,0.056481793,0.663719104,0.518939708,2.302584934,0.000304536,0.138266576,0.12640689,0.128771832,0.129732507,1337.671875,5.53378638,0.001809733,0.022040891,0.080381702,0.628898216,0.333326391,5.389597299,6.995480084,75568.87072,0.996663961,0.821970069,1.206093359,2.182135583,0.024757389,42464.09091,3.37E-19,4.03E-05,0.05225738,2.997584362,43.05163041,-34.13322619,0.273490116,0.01964892,0.995616575,0.017649341,182,4.063090296,0.000290923,0.016,0.018184463
University Botanic Garden 24kHz_20240828_212500.WAV,University Botanic Garden ,Pre-light treatment,0.000266381,1.03E-08,3.076492465,20.52903906,5,43.16948195,-43.80991814,-45.70290821,1.892990076,0.950193263,6.98E-05,0.147628541,0.143976149,0.003889663,12.18067099,1.251019479,297.0260273,0.005081721,1.010215354,0.056090879,0.056663868,0.605704537,0.545284958,2.274157683,0.115642148,0.139850645,0.126457882,0.128569706,0.129716406,1337.505859,5.608341484,0.001746087,0.021922984,0.077682184,0.62780268,0.333312742,4.84600224,6.92538664,73532.56713,0.99556607,0.846108006,1.205482081,2.182135583,0.019548298,42427.98182,3.20E-19,4.17E-05,-0.021709723,10.88466601,43.20166382,-34.12928426,0.309162185,0.01965784,0.991896086,0.015806827,163,5.301315186,0.000775795,0.042666667,0.018184463
University Botanic Garden 24kHz_20240828_212600.WAV,University Botanic Garden ,Pre-light treatment,0.00026448,8.45E-09,1.98403655,9.016416165,5,43.0151432,-43.96425689,-45.70072001,1.736463124,0.960475199,8.75E-05,0.024113331,0.018866552,0.003671914,5.57289812,0.484717494,297.3767813,0.150958522,1.355597521,0.041482034,0.056232943,0.624465261,0.521457541,2.30258476,0.00041917,0.135437882,0.12688681,0.12838299,0.12969879,1337.324219,5.552190531,0.001688503,0.021866205,0.075408906,0.625867981,0.333325744,5.345078949,6.990050973,75381.34733,0.996597412,0.82182969,1.206452122,6.54640675,0.026367472,42340.92727,-3.14E-19,4.03E-05,0.057859225,3.023620547,43.05551223,-34.11927178,0.2832263,0.019680513,0.995299348,0.017843289,184,4.212046377,0.001066718,0.019555556,0.05455339
University Botanic Garden 24kHz_20240828_212700.WAV,University Botanic Garden ,Pre-light treatment,0.000263878,8.40E-09,1.929407004,8.519908315,6,42.99460018,-43.9847999,-45.70521785,1.720417947,0.960666177,8.29E-05,0.018043157,0.01403379,0.003512158,5.661742684,0.436178902,296.7243823,0.158172518,1.375783689,0.040860188,0.05621478,0.625606554,0.514731991,2.302585062,0.00013643,0.135324734,0.126089943,0.129383645,0.129685151,1337.183594,5.486890193,0.001650429,0.02192841,0.073810507,0.629213815,0.333326063,5.366530685,6.991256452,75388.09146,0.996625278,0.81792806,1.2041336,0,0.012501818,42391.14545,-4.21E-19,4.01E-05,0.050944281,2.979140904,43.03387498,-34.0925536,0.234763539,0.019741144,0.99595896,0.015612878,161,3.909089031,0,0,0
University Botanic Garden 24kHz_20240828_212800.WAV,University Botanic Garden ,Pre-light treatment,0.000266138,1.02E-08,3.015965435,19.76434803,5,43.1559506,-43.82344948,-45.7005209,1.877071415,0.950820633,7.88E-05,0.11532891,0.112160864,0.004424607,11.98002273,1.237595327,297.0478879,0.011827698,1.023938534,0.055263428,0.056586354,0.613084054,0.542864539,2.278375969,0.10585862,0.136537032,0.126125937,0.128837998,0.129671702,1337.044922,5.617345389,0.001750444,0.021823638,0.077540104,0.627888539,0.333313902,4.874994288,6.929337592,73644.39161,0.995639315,0.845725626,1.206099554,4.364271167,0.021082612,42406.98182,4.51E-19,4.16E-05,-0.036750519,10.25227758,43.18956773,-34.12948897,0.325592641,0.019657376,0.991679493,0.018231187,188,5.185057174,0.000678821,0.037333333,0.018184463
University Botanic Garden 24kHz_20240828_212900.WAV,University Botanic Garden ,Pre-light treatment,0.00026479,8.34E-09,1.925548449,8.370188335,5,43.01822625,-43.96117384,-45.68669954,1.725525701,0.96115454,7.95E-05,0.01525404,0.011649398,0.003858375,13.76254852,1.548855348,297.1741725,0.159837563,1.380492046,0.040880847,0.056435684,0.60552566,0.519276876,2.302584808,0.000403595,0.137523034,0.125762998,0.128708384,0.129609383,1336.402344,5.532468092,0.001646452,0.02149798,0.073597387,0.625907068,0.333326272,5.381113959,6.994315709,75533.94961,0.996650445,0.821412899,1.204886239,3.273203375,0.023791339,42452.4,5.21E-19,4.03E-05,0.047826854,2.992758092,43.05610009,-34.13325166,0.255020073,0.019648863,0.995861095,0.014837083,153,4.054748462,0,0,0
University Botanic Garden 24kHz_20240828_213000.WAV,University Botanic Garden ,Pre-light treatment,0.000266699,1.02E-08,3.135650314,21.09135786,5,43.1771565,-43.80224359,-45.69312848,1.890884895,0.950246674,7.88E-05,0.127466171,0.124529905,0.00364325,5.296550344,0.420258898,297.0489902,0.005861248,1.011791609,0.056081291,0.05674258,0.645858269,0.535029322,2.274242715,0.115194637,0.137700837,0.125979961,0.129085443,0.129368628,1333.919922,5.641980711,0.001732449,0.021948559,0.077184905,0.629437206,0.333312458,4.839175862,6.925708606,73601.65106,0.995543904,0.848716982,1.206673066,2.182135583,0.024871042,42435.10909,2.02E-19,4.17E-05,-0.025551516,10.2378139,43.20506254,-34.09284054,0.31709753,0.019740492,0.991643096,0.016485648,170,5.235059571,0.000581846,0.032,0.018184463
University Botanic Garden 24kHz_20240828_213100.WAV,University Botanic Garden ,Pre-light treatment,0.000263874,8.25E-09,1.908982037,8.259761947,7,42.98656755,-43.99283253,-45.71723115,1.72439862,0.961322067,7.82E-05,0.016316216,0.012367863,0.003868886,12.59603141,1.454341541,297.1045621,0.159616929,1.379867074,0.040639341,0.056076889,0.603086681,0.515137299,2.302584795,0.000414044,0.135761161,0.126664847,0.128713823,0.129731559,1337.662109,5.520194929,0.001703089,0.022067846,0.075906186,0.627819817,0.333326369,5.38803725,6.995366709,75565.16504,0.996662168,0.821195662,1.204127884,2.182135583,0.023696629,42450.49091,-2.46E-19,4.00E-05,0.053800884,2.981248475,43.02338056,-34.14681373,0.256284456,0.019618207,0.995852601,0.016194725,167,3.979029997,0,0,0
University Botanic Garden 24kHz_20240828_213200.WAV,University Botanic Garden ,Pre-light treatment,0.000265701,8.65E-09,1.910853164,8.171587332,4,43.06206707,-43.91733301,-45.68784955,1.770516536,0.960087473,9.16E-05,0.130188802,0.124580036,0.00377711,8.290501085,0.807338449,297.093901,0.15717947,1.372984436,0.041065894,0.056382833,0.61676696,0.525413292,2.302563923,0.003260788,0.137434132,0.125162098,0.128512604,0.129301951,1333.232422,5.596235756,0.001699868,0.021702566,0.075657546,0.627057701,0.333326121,5.370586775,6.987640263,75217.84262,0.996613123,0.816945595,1.205941756,3.273203375,0.030440034,42483.21818,-1.58E-19,4.07E-05,0.067884753,5.283433217,43.0979625,-34.09301374,0.295233621,0.019740098,0.992007029,0.014643134,151,5.407258193,0.000484872,0.026666667,0.018184463
University Botanic Garden 24kHz_20240828_213300.WAV,University Botanic Garden ,Pre-light treatment,0.00026645,1.01E-08,2.8838512,18.36972146,6,43.16050466,-43.81889543,-45.71439855,1.895503123,0.951656828,0.000108355,0.119615849,0.113431083,0.004368601,10.23781749,1.195755187,297.5358472,0.029507039,1.060808352,0.053208312,0.056443822,0.641028049,0.543601701,2.286194447,0.087508265,0.136819901,0.126915805,0.128485412,0.129473378,1335,5.662768035,0.001680926,0.022115002,0.074130187,0.625643372,0.333315515,4.918328631,6.934611739,73743.15155,0.995753051,0.840870393,1.206486365,2.182135583,0.031140893,42441.16364,2.52E-19,4.17E-05,0.008450733,9.934686284,43.19859073,-34.13128151,0.348948721,0.01965332,0.991201437,0.018231187,188,5.429030457,0.001260667,0.034666667,0.036368926
University Botanic Garden 24kHz_20240828_213400.WAV,University Botanic Garden ,Pre-light treatment,0.000264435,8.25E-09,1.850394712,7.707199108,5,43.00290977,-43.97649032,-45.71777993,1.741289614,0.961622231,8.50E-05,0.017675656,0.013659365,0.003924821,7.951077071,1.101975356,297.5471975,0.168617473,1.405631505,0.04000527,0.056232668,0.601760823,0.521190957,2.302584578,0.000547137,0.137224,0.126774829,0.129033778,0.13002592,1340.697266,5.560867228,0.001678274,0.021840871,0.074947146,0.626916392,0.333326724,5.414176448,6.997256237,75603.67215,0.996695828,0.81951947,1.20656495,2.182135583,0.027068331,42529.05455,2.26E-19,4.01E-05,0.051380608,3.0110528,43.03537995,-34.13305186,0.269695334,0.019649315,0.995521203,0.017552366,181,4.162426449,0,0,0
University Botanic Garden 24kHz_20240828_213500.WAV,University Botanic Garden ,Pre-light treatment,0.000263569,8.20E-09,1.846182113,7.691107861,5,42.97452411,-44.00487598,-45.72667851,1.72180253,0.961625268,7.36E-05,0.013532097,0.010458901,0.003491825,7.563640465,0.759200303,297.1563858,0.170295509,1.410496774,0.039724779,0.056031673,0.62101832,0.513531124,2.302585075,0.000102403,0.133530534,0.125639018,0.129478816,0.129652381,1336.845703,5.516334746,0.001652892,0.021751689,0.073419787,0.62564313,0.333326727,5.414452856,6.997275699,75599.8028,0.996696859,0.818264002,1.204309919,4.364271167,0.021897124,42510.74545,-1.86E-20,3.99E-05,0.055494646,2.985869697,43.01054462,-34.13309678,0.254948077,0.019649213,0.995872346,0.015806827,163,3.981253392,0.000290923,0.016,0.018184463
University Botanic Garden 24kHz_20240828_213600.WAV,University Botanic Garden ,Pre-light treatment,0.000266016,1.02E-08,3.090170391,20.67467387,6,43.15678424,-43.82261584,-45.697867,1.875251157,0.950223386,7.19E-05,0.050172317,0.047743799,0.004184974,5.006102109,0.028160482,297.2511031,0.009925385,1.020049773,0.055353173,0.056462991,0.611323396,0.533477269,2.290760912,0.074002725,0.13644813,0.126308906,0.128750078,0.129570172,1335.998047,5.620060726,0.001747413,0.021782685,0.077575624,0.62906729,0.333312721,4.84550896,6.925572167,73551.55952,0.99556131,0.845843584,1.205726824,2.182135583,0.021972893,42254.49091,1.10E-19,4.18E-05,-0.010407784,9.247326459,43.21203969,-34.10633521,0.302876465,0.019709846,0.992613373,0.016582622,171,5.084519034,0.000581846,0.032,0.018184463
University Botanic Garden 24kHz_20240828_213700.WAV,University Botanic Garden ,Pre-light treatment,0.000264585,8.46E-09,2.034289173,9.521424783,5,43.01905317,-43.96034691,-45.686403,1.726056083,0.960319433,7.77E-05,0.014885056,0.011302267,0.003656114,14.94290303,1.711465991,296.8605701,0.148188897,1.347938402,0.041877978,0.056448935,0.646746197,0.517645943,2.302584926,0.000316126,0.140206252,0.12526908,0.128401118,0.129314453,1333.361328,5.505029379,0.001719,0.021770544,0.076438985,0.628792209,0.333325402,5.323066426,6.989066023,75379.27053,0.99657129,0.822441795,1.204636852,2.182135583,0.023147306,42227.2,-9.32E-20,4.05E-05,0.044975036,2.96825063,43.07823317,-34.10239376,0.260338884,0.019718792,0.996048866,0.014740109,152,3.989674477,0,0,0
University Botanic Garden 24kHz_20240828_213800.WAV,University Botanic Garden ,Pre-light treatment,0.000265816,9.95E-09,2.911741758,18.63147119,4,43.13590682,-43.84349326,-45.71060248,1.867109219,0.951902083,7.24E-05,0.104727041,0.101492199,0.003036265,7.814762872,1.254066919,296.9821411,0.025826386,1.053022143,0.053746836,0.056596609,0.617016626,0.540742304,2.282338133,0.096291303,0.135720751,0.126448883,0.128209869,0.129406891,1334.314453,5.614545757,0.001630351,0.02168863,0.072673868,0.624323392,0.333315521,4.91849629,6.936143218,73832.98417,0.995756045,0.843870611,1.205764383,2.182135583,0.022976827,42446.70909,-1.75E-19,4.14E-05,0.012494053,9.27938805,43.17061978,-34.11971155,0.315142707,0.019679516,0.992580695,0.016873545,174,5.081659678,0.000775795,0.042666667,0.018184463
University Botanic Garden 24kHz_20240828_213900.WAV,University Botanic Garden ,Pre-light treatment,0.000264633,8.32E-09,1.823340149,7.443696885,5,43.01279001,-43.96661008,-45.71861256,1.752002485,0.961420092,8.27E-05,0.033955501,0.029492322,0.003782069,6.862842694,0.677278781,297.209704,0.173610563,1.420166463,0.039533306,0.056143876,0.656695294,0.520706221,2.302583734,0.000841838,0.13648854,0.126723837,0.128570613,0.129952804,1339.943359,5.579565438,0.001849701,0.02215367,0.081482822,0.628358646,0.33332681,5.42072853,6.995996282,75523.36272,0.996697853,0.816577439,1.206251958,4.364271167,0.032485786,42520.14545,-2.39E-19,4.03E-05,0.056322886,3.226892961,43.0495521,-34.13323076,0.298922854,0.01964891,0.994362335,0.018037238,186,4.619026938,0.001357642,0.037333333,0.036368926
University Botanic Garden 24kHz_20240828_214000.WAV,University Botanic Garden ,Pre-light treatment,0.00026466,8.27E-09,1.881954538,8.003256413,5,43.01078714,-43.96861295,-45.70307415,1.734461199,0.961509072,0.000100882,0.02110868,0.01595195,0.00462389,9.679714352,1.115576626,297.1492326,0.166119938,1.398426453,0.040252675,0.056290406,0.632077731,0.520277465,2.302584615,0.000512684,0.13624608,0.125955965,0.129232278,0.129556723,1335.859375,5.543711713,0.001766924,0.021798088,0.078889863,0.628030987,0.33332654,5.400464815,6.996542216,75597.67164,0.996679821,0.819802685,1.206213592,5.455338958,0.032239538,42495.74545,3.28E-19,4.03E-05,0.050165444,3.024337948,43.05154906,-34.11970932,0.265218234,0.019679521,0.995477846,0.016000776,165,4.240326258,0.000678821,0.018666667,0.036368926
University Botanic Garden 24kHz_20240828_214100.WAV,University Botanic Garden ,Pre-light treatment,0.000266265,9.87E-09,2.850100459,18.00529644,5,43.14457915,-43.83482093,-45.70593491,1.871113973,0.952570437,7.61E-05,0.080963879,0.078373488,0.003865487,6.766875507,0.586861128,297.1607037,0.036337795,1.075416043,0.052643307,0.056613457,0.612741537,0.537446098,2.287271084,0.084389775,0.135979375,0.126207923,0.129042842,0.129877225,1339.164063,5.609021811,0.001759536,0.022005646,0.077966344,0.626646676,0.333316395,4.94365662,6.940346921,73951.96835,0.995823744,0.840820242,1.205650271,8.728542333,0.029095141,42499.89091,5.01E-19,4.16E-05,0.000158613,9.253422976,43.18663595,-34.10641584,0.314260321,0.019709663,0.991847112,0.017649341,182,5.30097113,0.001163693,0.032,0.036368926
University Botanic Garden 24kHz_20240828_214200.WAV,University Botanic Garden ,Pre-light treatment,0.000264562,8.33E-09,1.931839771,8.468991022,4,43.01097669,-43.96842339,-45.70013762,1.731714226,0.961125787,6.98E-05,0.012932245,0.010268208,0.004366155,6.54883704,0.339793357,296.8252764,0.158862371,1.377732171,0.040851664,0.056282652,0.611556248,0.516845015,2.302584929,0.000314014,0.136916885,0.125704007,0.12848088,0.12942375,1334.488281,5.532337254,0.001795905,0.02182157,0.080097543,0.628283761,0.333326208,5.376621243,6.994134003,75528.37929,0.996645845,0.821321831,1.205645128,5.455338958,0.031652331,42442.63636,4.48E-19,4.03E-05,0.049992916,2.997882704,43.04877173,-34.13316587,0.264031056,0.019649057,0.995707427,0.014061288,145,4.185869904,0.000484872,0.026666667,0.018184463
University Botanic Garden 24kHz_20240828_214300.WAV,University Botanic Garden ,Pre-light treatment,0.000264843,9.74E-09,2.876560682,18.31768544,5,43.09649017,-43.88290992,-45.74644034,1.863530425,0.95263525,6.83E-05,0.071676465,0.068519384,0.004021059,10.3183134,0.997082824,297.3392311,0.036959095,1.076754986,0.052251323,0.056261872,0.621212958,0.526829643,2.291614387,0.071067,0.136561278,0.126064947,0.128928637,0.129700684,1337.34375,5.593265715,0.001760105,0.021863363,0.078072904,0.627669784,0.333316206,4.938119969,6.940746389,73989.72175,0.995814228,0.841759674,1.204882594,2.182135583,0.019510414,42493.14545,-1.53E-19,4.11E-05,-0.001233851,8.875684758,43.13816842,-34.15631361,0.290167587,0.019596762,0.992867878,0.015224981,157,5.089178382,0.001066718,0.029333333,0.036368926
University Botanic Garden 24kHz_20240828_214400.WAV,University Botanic Garden ,Pre-light treatment,0.000264675,8.26E-09,1.843636334,7.622908036,5,43.01014418,-43.9692559,-45.70658278,1.737326878,0.961682707,9.69E-05,0.023962677,0.018552193,0.003815717,6.766860169,0.93828505,297.2292508,0.169916356,1.409395744,0.040030032,0.056418157,0.635181884,0.52033308,2.302584809,0.000402263,0.137272492,0.126247917,0.129361892,0.129743493,1337.785156,5.545002421,0.00180083,0.021850964,0.079884423,0.629101983,0.333326781,5.418526224,6.997636275,75617.15105,0.996701308,0.818878234,1.206643799,2.182135583,0.028091207,42525.52727,-2.88E-19,4.03E-05,0.049816972,3.021284313,43.04789002,-34.11983012,0.268012707,0.019679248,0.995391065,0.015806827,163,4.248957156,0.000484872,0.026666667,0.018184463
University Botanic Garden 24kHz_20240828_214500.WAV,University Botanic Garden ,Pre-light treatment,0.000264286,8.23E-09,1.830970428,7.520874718,5,42.99709547,-43.98230462,-45.71344496,1.731140341,0.961736711,9.63E-05,0.021145836,0.016064269,0.003807662,8.181924001,1.208699429,297.0843995,0.17387456,1.420939852,0.03958877,0.056253261,0.608767074,0.516751545,2.30258504,0.000172398,0.136941131,0.126261914,0.128999336,0.129807328,1338.443359,5.52605413,0.001855573,0.022119912,0.082654981,0.624548954,0.333326845,5.423439071,6.997976348,75621.0537,0.996707601,0.817451265,1.205398985,6.54640675,0.027769191,42558.50909,1.51E-19,4.01E-05,0.0509772,3.022581514,43.03019162,-34.14301607,0.266339632,0.019626786,0.995506703,0.016388673,169,4.149636905,0.000581846,0.016,0.036368926
University Botanic Garden 24kHz_20240828_214600.WAV,University Botanic Garden ,Pre-light treatment,0.000265534,9.95E-09,2.876412294,18.14237745,4,43.12784468,-43.8515554,-45.72644161,1.874886207,0.951894715,7.24E-05,0.064156685,0.061384038,0.00306811,7.125944886,0.483175148,297.0733417,0.03053442,1.062992272,0.052946845,0.056282087,0.59034136,0.528786212,2.289232416,0.07904458,0.13742605,0.126290909,0.128278755,0.129467127,1334.935547,5.6284687,0.001792496,0.022046079,0.079671303,0.625809186,0.333316,4.932128384,6.9361075,73802.95862,0.995776051,0.840976694,1.206009258,1.091067792,0.022901058,42443.16364,3.87E-19,4.13E-05,-0.000633572,8.875226813,43.16229098,-34.14642043,0.322067667,0.019619095,0.991724125,0.015806827,163,5.435805498,0.001163693,0.032,0.036368926
University Botanic Garden 24kHz_20240828_214700.WAV,University Botanic Garden ,Pre-light treatment,0.000264781,8.50E-09,2.060864527,9.773937152,5,43.02657298,-43.95282711,-45.68636324,1.733536135,0.96016977,6.77E-05,0.017044986,0.01419951,0.003762837,4.088014702,0.062191382,296.8433892,0.143837419,1.336004917,0.0420978,0.056242868,0.648318504,0.519515679,2.302584932,0.000302764,0.137870559,0.126602857,0.128489944,0.129195875,1332.138672,5.535983646,0.001680547,0.021973201,0.074449867,0.628232301,0.333325224,5.311950301,6.988124046,75359.13098,0.996554818,0.823676976,1.205015662,1.091067792,0.023336728,42319.47273,-3.24E-19,4.05E-05,0.050612797,3.028655562,43.07794803,-34.10434853,0.261505934,0.019714355,0.995521411,0.016582622,171,4.215232825,0.000484872,0.026666667,0.018184463
University Botanic Garden 24kHz_20240828_214800.WAV,University Botanic Garden ,Pre-light treatment,0.000263997,8.38E-09,2.00289825,9.163463198,5,42.99692989,-43.9824702,-45.70349265,1.721022457,0.960608443,8.08E-05,0.014743147,0.011217964,0.004104786,9.252041612,1.136569447,296.9307478,0.149493334,1.351539476,0.041579151,0.056195864,0.639934045,0.515511611,2.30258494,0.000308861,0.135874309,0.126145934,0.128406556,0.129480955,1335.078125,5.517747598,0.00173226,0.021634338,0.077326985,0.627508543,0.333325708,5.34270488,6.990881992,75437.20727,0.996597043,0.823089497,1.205338989,0,0.020438579,42403.14545,-3.56E-19,4.01E-05,0.053376578,2.979880021,43.03317288,-34.10246497,0.238281366,0.019718631,0.99589384,0.015515904,160,3.936742742,0,0,0
University Botanic Garden 24kHz_20240828_214900.WAV,University Botanic Garden ,Pre-light treatment,0.00026441,8.20E-09,1.849711007,7.698148765,5,42.99946173,-43.97993836,-45.71547522,1.735536861,0.961825948,7.33E-05,0.01425493,0.011139713,0.00397838,7.233439679,0.832772682,297.0629315,0.172651876,1.417362102,0.039740758,0.056327044,0.642314919,0.518657879,2.302583824,0.000795187,0.13555103,0.126075945,0.128749172,0.129301951,1333.232422,5.57035195,0.001712749,0.021916588,0.076225865,0.626690709,0.33332677,5.417679962,6.998531419,75663.04873,0.996704445,0.820514022,1.206027668,1.091067792,0.027617653,42529.96364,-1.19E-19,4.02E-05,0.054574021,3.096889307,43.03712437,-34.13295805,0.271160359,0.019649527,0.994978218,0.017164469,177,4.393800138,0.000775795,0.021333333,0.036368926
University Botanic Garden 24kHz_20240828_215000.WAV,University Botanic Garden ,Pre-light treatment,0.000264453,8.18E-09,1.886332671,8.058598115,6,42.99950102,-43.97989907,-45.70515817,1.7252591,0.961852042,0.000104106,0.023280785,0.017449384,0.004798189,12.71243736,1.720455678,297.0946124,0.166930697,1.400760649,0.040222716,0.056342398,0.6494021,0.517603361,2.302584888,0.000354106,0.133255746,0.125564031,0.12879993,0.12946959,1334.960938,5.546820285,0.001728092,0.021716814,0.076865225,0.628995183,0.333326592,5.404294081,6.998687862,75699.69056,0.996691947,0.821954663,1.20630546,3.273203375,0.02687891,42539.12727,3.84E-19,4.01E-05,0.046244686,2.987429561,43.03614728,-34.14307064,0.260641816,0.019626663,0.995867749,0.015418929,159,4.000823001,0,0,0
University Botanic Garden 24kHz_20240828_215100.WAV,University Botanic Garden ,Pre-light treatment,0.00026627,9.82E-09,2.81958506,17.49704588,5,43.1417766,-43.83762349,-45.70755529,1.869931804,0.952881085,8.72E-05,0.10082105,0.097949656,0.003809408,5.819394894,0.664114377,297.3782817,0.039188821,1.081574448,0.052288534,0.056553942,0.643848553,0.535527644,2.284933019,0.090789147,0.13718359,0.12664385,0.129481535,0.130066078,1341.111328,5.629150071,0.001818446,0.021941786,0.080701382,0.629950557,0.333317123,4.965614807,6.942304582,74013.29495,0.99586248,0.841257762,1.206346147,4.364271167,0.029852827,42456.90909,-4.63E-19,4.14E-05,0.006041366,7.550320719,43.17280786,-34.10242406,0.325464172,0.019718723,0.992227852,0.017843289,184,5.24766331,0.001454616,0.04,0.036368926
University Botanic Garden 24kHz_20240828_215200.WAV,University Botanic Garden ,Pre-light treatment,0.000263779,8.25E-09,1.869579237,7.946700581,6,42.98377461,-43.99562548,-45.71665744,1.721031961,0.961396427,9.15E-05,0.01825303,0.013699961,0.003955106,13.0149335,1.564954814,297.0905579,0.166529803,1.399605898,0.040235576,0.05631395,0.654028133,0.515636846,2.302585061,0.000134283,0.136900721,0.125942968,0.128812619,0.129421098,1334.460938,5.503172101,0.001717106,0.021806496,0.076616585,0.624420889,0.333326542,5.400624893,6.995838592,75550.16391,0.996678005,0.818390572,1.205026305,1.091067792,0.021745587,42446.30909,-1.23E-19,4.00E-05,0.053149839,2.978006305,43.0221094,-34.14671938,0.250073281,0.01961842,0.995929981,0.015418929,159,3.996795834,0.000290923,0.016,0.018184463
University Botanic Garden 24kHz_20240828_215300.WAV,University Botanic Garden ,Pre-light treatment,0.000264088,8.25E-09,1.904678254,8.267043796,5,42.9928483,-43.98655179,-45.7100869,1.723535116,0.961396521,7.65E-05,0.012944371,0.009890913,0.004109666,9.212609811,0.977804368,297.0236998,0.163684639,1.391442383,0.040401888,0.056216899,0.623303288,0.515958893,2.302585006,0.00022199,0.134338732,0.125698008,0.128870628,0.129609193,1336.400391,5.521191125,0.001707066,0.02155226,0.075906186,0.626768827,0.33332637,5.388098624,6.995832879,75581.02546,0.996665578,0.820392646,1.204885202,2.182135583,0.020135505,42466.32727,-2.38E-19,4.01E-05,0.054241075,2.981727153,43.02976098,-34.13322769,0.259397606,0.019648917,0.995908919,0.016582622,171,3.889442785,0.000290923,0.016,0.018184463
University Botanic Garden 24kHz_20240828_215400.WAV,University Botanic Garden ,Pre-light treatment,0.000265902,9.93E-09,2.842979039,17.76627022,5,43.13725174,-43.84214835,-45.70806994,1.865921594,0.952202959,8.71E-05,0.091226681,0.08815939,0.003687722,6.737817577,0.938987153,297.2525996,0.032741598,1.067699796,0.052857234,0.056435658,0.648811423,0.535021422,2.283982982,0.093648727,0.135874309,0.126034952,0.128345828,0.129412005,1334.367188,5.627234918,0.001710097,0.02173055,0.076545545,0.625446606,0.333316515,4.947201616,6.938048002,73853.2024,0.99581068,0.841080158,1.206604034,3.273203375,0.029417158,42421.94545,3.52E-19,4.13E-05,0.008484175,7.667670551,43.16090991,-34.11924821,0.344699023,0.019680566,0.990969748,0.017164469,177,5.676185511,0.001066718,0.029333333,0.036368926
University Botanic Garden 24kHz_20240828_215500.WAV,University Botanic Garden ,Pre-light treatment,0.000264057,8.24E-09,1.883825171,8.041767836,6,42.99115818,-43.98824191,-45.70586273,1.717620819,0.96149434,7.76E-05,0.014045885,0.010704758,0.003530935,7.760590278,0.717963274,296.8829351,0.164271047,1.393120391,0.040304965,0.056149668,0.630811926,0.515217016,2.302585037,0.00017455,0.134904471,0.124830153,0.129356454,0.129172955,1331.902344,5.503053719,0.001684715,0.021543028,0.075302346,0.627515416,0.333326518,5.398860354,6.996449363,75593.35682,0.996677942,0.81975206,1.204287644,2.182135583,0.017085819,42486.27273,1.54E-19,4.01E-05,0.048340639,2.978199745,43.02657111,-34.11620786,0.242117384,0.019687456,0.995989582,0.016873545,174,3.833342453,0,0,0
University Botanic Garden 24kHz_20240828_215600.WAV,University Botanic Garden ,Pre-light treatment,0.000263493,8.33E-09,1.914675218,8.385384773,6,42.9797244,-43.99967569,-45.72126569,1.721590001,0.960874238,0.000105873,0.022524111,0.01697321,0.004947663,9.420992419,1.34650439,297.1890283,0.158743364,1.377395807,0.040771495,0.056158486,0.622667151,0.514936223,2.302585047,0.000163199,0.137684673,0.12616793,0.128576958,0.129567331,1335.96875,5.498200079,0.001727335,0.02156896,0.076971785,0.629954752,0.333326188,5.37518815,6.992561511,75435.54242,0.996639369,0.81876977,1.205207873,3.273203375,0.014092959,42422.07273,-3.45E-19,3.99E-05,0.058022091,2.975871873,43.01114007,-34.12968501,0.245238273,0.019656933,0.995878065,0.01609775,166,3.936581373,0,0,0
University Botanic Garden 24kHz_20240828_215700.WAV,University Botanic Garden ,Pre-light treatment,0.000265332,9.73E-09,2.791425475,17.37395478,6,43.10995966,-43.86944043,-45.71356051,1.844120082,0.953075303,9.66E-05,0.046822488,0.042286326,0.004334206,8.828301034,1.112770561,296.776608,0.045741081,1.095867232,0.051446722,0.056378777,0.641935904,0.525807067,2.294772029,0.060114141,0.137822067,0.125980961,0.129067315,0.129505201,1335.328125,5.567821056,0.001682442,0.02192239,0.075089226,0.627079624,0.33331723,4.968946013,6.943525157,74030.12085,0.995880326,0.83760383,1.205374298,2.182135583,0.01551362,42436.87273,-2.28E-20,4.12E-05,-0.006505924,7.755128132,43.14681342,-34.11955182,0.288206454,0.019679878,0.992990392,0.017358417,179,4.896038694,0.000678821,0.037333333,0.018184463
University Botanic Garden 24kHz_20240828_215800.WAV,University Botanic Garden ,Pre-light treatment,0.000269313,1.02E-08,2.046627011,9.76165392,7,43.25127278,-43.72812731,-45.68140283,1.953275522,0.954168862,0.000663308,0.373108517,0.35567229,0.004419892,6.638081462,0.726892819,298.3851083,0.109085203,1.24488358,0.045146773,0.056202477,0.621456059,0.60460512,2.302546136,0.004312938,0.140707335,0.126616855,0.129264908,0.129828164,1338.658203,5.850321444,0.001824318,0.02138819,0.079884423,0.624681511,0.33332329,5.204971553,6.950553445,73636.97873,0.996286794,0.804107391,1.212299161,5.455338958,0.045366447,42059.32727,-2.39E-19,4.27E-05,0.206800921,64.97072991,43.30105262,-34.07920991,1.264677696,0.019771495,0.896443194,0.021625291,223,11.77135089,0.00155159,0.017066667,0.090922316
University Botanic Garden 24kHz_20240828_215900.WAV,University Botanic Garden ,Pre-light treatment,0.000263863,8.50E-09,1.963947692,8.884672761,6,43.0001752,-43.97922489,-45.7113211,1.732096208,0.960114194,8.46E-05,0.043934015,0.039995846,0.003690742,7.988880701,0.737607277,297.158242,0.151301391,1.356549167,0.041474385,0.056262042,0.675248323,0.518715577,2.302584814,0.000383173,0.136706753,0.125576029,0.129094507,0.12968553,1337.1875,5.510043181,0.00170593,0.021770381,0.076581065,0.627615191,0.333325712,5.342960026,6.987794072,75256.67885,0.996587775,0.818548037,1.204919288,6.54640675,0.024264893,42358.96364,-3.78E-19,4.01E-05,0.058832328,3.215786917,43.02986751,-34.12915702,0.321424979,0.019658128,0.992975418,0.018231187,188,5.071982787,0,0,0
University Botanic Garden 24kHz_20240828_220000.WAV,University Botanic Garden ,Pre-light treatment,0.000264558,8.42E-09,1.834700633,7.652410779,6,43.01608891,-43.96331118,-45.70621657,1.742905385,0.96096175,0.000108606,0.234171875,0.226390873,0.003621769,12.34064602,1.282774042,297.2022872,0.165717184,1.397268603,0.0401753,0.056135685,0.683127334,0.525427039,2.302580148,0.001625026,0.136900721,0.12610494,0.129108102,0.129450269,1334.761719,5.536157835,0.001740026,0.021835686,0.077220425,0.62517482,0.33332659,5.404160242,6.993124109,75393.0903,0.996672294,0.815049831,1.20603958,3.273203375,0.019737719,42494.23636,-3.89E-19,4.02E-05,0.065465163,4.401836139,43.04712333,-34.11593017,0.371336752,0.019688086,0.985562117,0.017261443,178,6.328705544,0,0,0
University Botanic Garden 24kHz_20240828_220100.WAV,University Botanic Garden ,Pre-light treatment,0.000265757,9.97E-09,2.749061057,16.80229358,5,43.13508513,-43.84431495,-45.71649059,1.872175638,0.95225403,8.47E-05,0.089434144,0.087054022,0.003833049,10.57256624,1.022735335,297.3628188,0.038776262,1.080681033,0.052253786,0.056469676,0.600342001,0.539737441,2.286564188,0.085859723,0.136229916,0.126304907,0.128657626,0.129875709,1339.148438,5.611602814,0.001750255,0.02169076,0.077753224,0.626419036,0.333317243,4.969340438,6.938389943,73780.41356,0.995856619,0.836062262,1.206741025,6.54640675,0.025003637,42373.50909,-4.25E-19,4.14E-05,0.00666856,8.466290445,43.16475686,-34.14670432,0.429824173,0.019618454,0.98472939,0.016873545,174,6.929163684,0.000678821,0.037333333,0.018184463
University Botanic Garden 24kHz_20240828_220200.WAV,University Botanic Garden ,Pre-light treatment,0.000264257,8.38E-09,1.873002848,7.994207199,5,43.00499693,-43.97440316,-45.70830923,1.733906075,0.960962461,0.000105811,0.03660541,0.031364861,0.003954945,6.086666718,0.591997299,297.1750547,0.163993013,1.392324505,0.040367724,0.056204971,0.581368757,0.519387114,2.302584943,0.000278892,0.136100605,0.126061948,0.128895101,0.129578507,1336.083984,5.527078971,0.001700626,0.022138509,0.075799626,0.627421709,0.333326413,5.391191233,6.99312156,75426.41595,0.996658507,0.816344727,1.205938999,1.091067792,0.020987901,42443,-2.99E-19,4.02E-05,0.057674088,3.192410789,43.03921562,-34.10634869,0.324527552,0.019709816,0.992554303,0.018716059,193,5.160410802,0.000581846,0.016,0.036368926
University Botanic Garden 24kHz_20240828_220300.WAV,University Botanic Garden ,Pre-light treatment,0.00026498,9.47E-09,2.575813246,14.85794511,6,43.08571662,-43.89368347,-45.72886238,1.835178916,0.954666407,0.000119837,0.075962269,0.071192534,0.004469272,13.62722804,1.870598159,297.4180273,0.062511405,1.133359286,0.049706268,0.056335061,0.603737841,0.529503338,2.290685428,0.074121298,0.138395888,0.126993792,0.129157954,0.130063994,1341.089844,5.577857964,0.001727713,0.021950044,0.076900745,0.625536148,0.333320049,5.065147005,6.953549936,74274.63974,0.996075377,0.83474865,1.205115357,2.182135583,0.022749521,42482.03636,-2.82E-19,4.08E-05,0.021108958,5.986482698,43.10977401,-34.14660126,0.299820171,0.019618687,0.993317829,0.018910008,195,4.693960908,0.000581846,0.032,0.018184463
University Botanic Garden 24kHz_20240828_220400.WAV,University Botanic Garden ,Light treatment,0.000266176,1.18E-08,4.217022301,35.84030007,5,43.24671931,-43.73268078,-45.72288529,1.99020451,0.939729751,9.09E-05,0.017887029,0.013698171,0.004112389,10.48387002,1.116501362,297.1714756,-0.077017087,0.856980752,0.065416877,0.056061004,0.611200319,0.526506721,2.288013843,0.082736162,0.139769825,0.126563864,0.129494225,0.129996939,1340.398438,5.671141382,0.001780941,0.021904668,0.077717704,0.628326033,0.333282867,4.397796845,6.859336537,71937.11027,0.994046104,0.857985137,1.205956512,4.364271167,0.017123703,42142.72727,4.12E-19,4.23E-05,0.015646677,7.210223034,43.26821359,-34.11958038,0.343026437,0.019679814,0.992759622,0.020267649,209,4.998942791,0.003588053,0.028190476,0.127291242
University Botanic Garden 24kHz_20240828_220500.WAV,University Botanic Garden ,Light treatment,0.000264693,9.70E-09,2.899008497,19.24680508,6,43.08991,-43.88949009,-45.7122191,1.822729011,0.952777967,6.52E-05,0.012485815,0.009713055,0.00340773,8.735631471,0.776111145,297.0079477,0.04907618,1.103217899,0.050887514,0.056140016,0.595794245,0.522021493,2.302194726,0.013688389,0.140658843,0.12658486,0.129017463,0.129775126,1338.111328,5.545650872,0.001805566,0.021686827,0.078499144,0.628396155,0.333314975,4.903407632,6.941623352,74022.01769,0.995788793,0.836983392,1.204662726,5.455338958,0.013903537,42037.85455,-5.75E-20,4.15E-05,0.058995169,3.359717037,43.18544129,-34.09257689,0.304545221,0.019741091,0.9948549,0.020655547,213,4.320312197,0.003103181,0.024380952,0.127291242
University Botanic Garden 24kHz_20240828_220600.WAV,University Botanic Garden ,Light treatment,0.00026354,8.24E-09,1.863070559,7.871266953,6,42.97605556,-44.00334453,-45.72669537,1.723350845,0.961398588,7.58E-05,0.013552375,0.01043143,0.004526124,7.343715464,0.758566513,296.9244445,0.169877085,1.409281761,0.03996405,0.056320607,0.659608201,0.512629365,2.302585078,9.55E-05,0.13628649,0.125552033,0.128735576,0.129645941,1336.779297,5.488519596,0.00164702,0.021714013,0.073384267,0.627618782,0.333326586,5.40386085,6.99585351,75545.8436,0.996680835,0.817072418,1.204122481,2.182135583,0.014509686,42488.36364,-2.45E-19,3.99E-05,0.05542198,2.974466616,43.00874727,-34.14272383,0.247096084,0.019627447,0.995936836,0.013576416,140,4.002671143,0,0,0
University Botanic Garden 24kHz_20240828_220700.WAV,University Botanic Garden ,Light treatment,0.000263962,8.38E-09,1.935417236,8.53342538,6,42.99603405,-43.98336604,-45.71270437,1.729338334,0.960750549,6.86E-05,0.013062341,0.010050743,0.003907831,11.15776272,1.226061054,297.0046338,0.158067434,1.375487159,0.040888127,0.056241094,0.606400017,0.515097296,2.302584953,0.000283747,0.13816151,0.126016955,0.128288725,0.129552935,1335.820313,5.496165139,0.001680737,0.02150711,0.074698506,0.627442331,0.333326076,5.367450178,6.991784097,75420.98971,0.996627876,0.819358351,1.203411515,3.273203375,0.014433918,42415.85455,-2.78E-20,4.01E-05,0.050410569,2.975733785,43.03503268,-34.11958721,0.227090617,0.019679798,0.996051786,0.013479441,139,3.960431252,0,0,0
University Botanic Garden 24kHz_20240828_220800.WAV,University Botanic Garden ,Light treatment,0.000265409,9.74E-09,2.909070959,19.23292868,7,43.11268313,-43.86671695,-45.69743213,1.830715173,0.95279934,0.000119315,0.028080903,0.021140576,0.004414382,6.895859561,0.756485064,296.9286528,0.047180144,1.099032662,0.051162527,0.056229288,0.689417858,0.523139414,2.301928318,0.017504575,0.139834481,0.126374895,0.129390896,0.129564679,1335.941406,5.565542786,0.001807649,0.021756941,0.078783304,0.62842984,0.333315135,4.907788865,6.941757191,74040.06348,0.995789644,0.837222316,1.206187337,2.182135583,0.021253091,42112.74545,1.48E-19,4.12E-05,0.042153476,3.261509554,43.1542269,-34.06602636,0.284036038,0.019801527,0.995057976,0.021528317,222,4.152262532,0.001842514,0.020266667,0.090922316
University Botanic Garden 24kHz_20240828_220900.WAV,University Botanic Garden ,Light treatment,0.000265421,9.71E-09,2.710794871,16.35295973,6,43.11157407,-43.86782602,-45.69858046,1.830754439,0.953381776,0.000100992,0.036408849,0.03212031,0.003762329,10.44847435,1.284090882,297.281639,0.049398963,1.103932063,0.051071172,0.056379104,0.626259172,0.530308081,2.296695714,0.052087329,0.138630265,0.126921804,0.129167018,0.129856956,1338.955078,5.561969912,0.001824129,0.022152302,0.080097543,0.627645561,0.333318268,5.002240505,6.945467773,74047.7836,0.995940752,0.836251617,1.205101521,1.091067792,0.017881389,42142.03636,-3.43E-20,4.15E-05,0.014107162,5.778645283,43.17882402,-34.07547252,0.285050527,0.019780004,0.99390377,0.016776571,173,4.730421348,0.000678821,0.037333333,0.018184463
University Botanic Garden 24kHz_20240828_221000.WAV,University Botanic Garden ,Light treatment,0.000263964,8.21E-09,1.843302101,7.665256228,5,42.98678321,-43.99261688,-45.70839654,1.715779664,0.96169211,8.56E-05,0.016412366,0.012417627,0.003846455,10.13893819,1.210483532,297.0931878,0.173104778,1.418686124,0.039628192,0.056219966,0.611522004,0.514793778,2.302585056,0.000147491,0.135688423,0.126246917,0.128741014,0.129406323,1334.308594,5.490226126,0.001669561,0.021807826,0.074414347,0.627714514,0.333326758,5.416781287,6.99769454,75616.36497,0.996700549,0.816524103,1.204158066,0,0.013505752,42530.89091,2.32E-19,4.00E-05,0.050880458,2.99009423,43.02044511,-34.12937916,0.253122679,0.019657625,0.995800543,0.015128006,156,4.115699714,0,0,0
University Botanic Garden 24kHz_20240828_221100.WAV,University Botanic Garden ,Light treatment,0.000264761,9.24E-09,2.486181131,13.86246546,4,43.06696264,-43.91243744,-45.72751612,1.815078673,0.955827185,7.01E-05,0.041929664,0.039856433,0.003803246,7.130513913,0.637016934,297.0249082,0.07548059,1.163286112,0.048371826,0.056270273,0.61175162,0.53017284,2.295745566,0.055906266,0.136933049,0.125673013,0.128770925,0.129297216,1333.183594,5.582328789,0.0016993,0.021933724,0.075231306,0.627582504,0.333321275,5.11357812,6.960843497,74516.41666,0.996178623,0.834838257,1.204893128,0,0.015077951,42453.69091,1.87E-19,4.07E-05,0.031528102,5.516447113,43.09995797,-34.12963647,0.2988445,0.019657042,0.993812571,0.016873545,174,4.814621372,0.000969744,0.026666667,0.036368926
University Botanic Garden 24kHz_20240828_221200.WAV,University Botanic Garden ,Light treatment,0.000263733,8.31E-09,1.902413369,8.235556168,6,42.98543615,-43.99396394,-45.71306471,1.719100772,0.961068513,6.88E-05,0.012754761,0.009917202,0.00373986,7.422503597,1.037714172,296.7936786,0.162560177,1.388231303,0.04053651,0.056274053,0.642612399,0.513660078,2.302584811,0.000377725,0.135171176,0.126004957,0.128535264,0.129361619,1333.847656,5.495857485,0.001767871,0.021969281,0.078818824,0.627315595,0.333326316,5.384235412,6.993780328,75483.6858,0.996652972,0.818506857,1.204786695,1.091067792,0.012009323,42400.61818,-4.79E-19,4.00E-05,0.054783166,2.97846852,43.02500001,-34.14317144,0.258524873,0.019626435,0.995944754,0.016679597,172,3.917259245,0,0,0
University Botanic Garden 24kHz_20240828_221300.WAV,University Botanic Garden ,Light treatment,0.00026498,9.44E-09,2.584698369,14.93983592,5,43.08423431,-43.89516577,-45.71579013,1.820624358,0.954762268,7.49E-05,0.086726165,0.082783034,0.003518286,12.27101766,1.563326761,296.8347732,0.065460742,1.14009201,0.049442162,0.056368613,0.616619579,0.523496365,2.296704682,0.052100629,0.135704587,0.126024954,0.128286913,0.129333206,1333.554688,5.545853825,0.001724304,0.021826366,0.076119305,0.626680028,0.33332004,5.064810548,6.954148786,74309.44008,0.996077054,0.834325309,1.20423351,1.091067792,0.012444992,42417.92727,3.56E-19,4.09E-05,0.020291217,5.679929373,43.12136365,-34.13298824,0.277480806,0.019649459,0.993912733,0.015224981,157,4.821443026,0.000581846,0.032,0.018184463
University Botanic Garden 24kHz_20240828_221400.WAV,University Botanic Garden ,Light treatment,0.000263603,8.19E-09,1.804929039,7.335611884,7,42.97501873,-44.00438136,-45.7318047,1.727423339,0.961775054,0.00010751,0.023858566,0.017940224,0.003756752,7.566550001,1.126974169,297.3102569,0.175853914,1.42675423,0.039375862,0.056179677,0.637366513,0.515120127,2.302584967,0.000264675,0.135712669,0.126271913,0.129021995,0.129839151,1338.771484,5.508125177,0.001769386,0.021767366,0.079209543,0.627372673,0.333326941,5.430866533,6.998220291,75606.91475,0.996716993,0.815512239,1.205215468,1.091067792,0.015930347,42466.6,3.78E-19,3.99E-05,0.052480847,2.990246047,43.01413477,-34.14650175,0.249665619,0.019618912,0.995882356,0.016194725,167,3.912878172,0,0,0
University Botanic Garden 24kHz_20240828_221500.WAV,University Botanic Garden ,Light treatment,0.000263782,8.35E-09,1.883146852,8.052587847,5,42.98906106,-43.99033903,-45.72818559,1.737846559,0.960955861,9.59E-05,0.019935151,0.015241123,0.004028298,8.557178036,1.109735956,296.8769042,0.164948078,1.395060652,0.040286155,0.056201629,0.613231774,0.515279342,2.302583461,0.000936177,0.137813985,0.126394892,0.128218027,0.129477735,1335.044922,5.508173822,0.001743625,0.021995654,0.077184905,0.626649579,0.333326382,5.388987979,6.993078871,75435.41948,0.996655508,0.816721532,1.20485873,1.091067792,0.01983243,42432.45455,-2.49E-19,4.01E-05,0.055737802,3.063747388,43.03024437,-34.15829834,0.298845939,0.019592285,0.994615662,0.017164469,177,4.597451831,0.000290923,0.016,0.018184463
University Botanic Garden 24kHz_20240828_221600.WAV,University Botanic Garden ,Light treatment,0.000263431,8.26E-09,1.843333332,7.644512657,5,42.97384393,-44.00555615,-45.72260247,1.717046314,0.961330314,7.69E-05,0.015835728,0.012249691,0.003406652,12.21967399,1.148023378,296.8144607,0.171330963,1.413508783,0.039695728,0.05611026,0.615806612,0.512768347,2.302585082,8.21E-05,0.136617851,0.126102941,0.128508978,0.129222394,1332.412109,5.486055933,0.001629025,0.021938983,0.072744908,0.628325484,0.333326692,5.411763974,6.995430457,75512.31088,0.996686449,0.815741848,1.204662772,2.182135583,0.013164794,42469.30909,-2.73E-20,3.99E-05,0.05585078,2.983405287,43.00928879,-34.15646494,0.267397435,0.019596421,0.995752307,0.015612878,161,4.167828933,0.000290923,0.016,0.018184463
University Botanic Garden 24kHz_20240828_221700.WAV,University Botanic Garden ,Light treatment,0.000263688,8.14E-09,1.80845166,7.322994875,5,42.97453927,-44.00486082,-45.72594054,1.721079719,0.962013173,7.22E-05,0.012544309,0.00974439,0.003562659,9.687822342,0.875558148,296.9736975,0.177181162,1.430668706,0.039309027,0.056238194,0.629796469,0.513632262,2.302585071,0.000110471,0.13616526,0.125597025,0.129443467,0.129924012,1339.646484,5.490977792,0.001711044,0.022005432,0.076474505,0.626972865,0.333327,5.435550938,6.999710513,75682.52442,0.996726462,0.816856599,1.204192367,1.091067792,0.012369223,42558.70909,4.13E-19,3.99E-05,0.048290419,2.979252115,43.01259854,-34.14671499,0.25639956,0.01961843,0.995953558,0.01454616,150,4.06118376,0,0,0
University Botanic Garden 24kHz_20240828_221800.WAV,University Botanic Garden ,Light treatment,0.000263978,8.20E-09,1.806965992,7.320551766,5,42.98640567,-43.99299441,-45.71533699,1.72234258,0.961838951,7.42E-05,0.012858035,0.010012582,0.003919404,6.103536272,0.500106701,296.8373557,0.177024173,1.430205037,0.039366587,0.056302291,0.635992241,0.514103328,2.302585069,0.000114882,0.135858145,0.126231919,0.129201461,0.129639501,1336.712891,5.494887118,0.001684525,0.021504384,0.075266826,0.626157445,0.333326964,5.432702876,6.998620283,75629.57725,0.996719737,0.815945037,1.203853772,2.182135583,0.01365729,42539.41818,-2.33E-19,4.00E-05,0.051418213,2.982699024,43.02571102,-34.11586306,0.241801212,0.019688238,0.995841551,0.01454616,150,4.065485311,0.000290923,0.016,0.018184463
University Botanic Garden 24kHz_20240828_221900.WAV,University Botanic Garden ,Light treatment,0.00026505,9.49E-09,2.599225887,15.00902661,5,43.08911008,-43.89029001,-45.72051199,1.830221984,0.954503059,9.40E-05,0.158573353,0.150037324,0.003993053,12.49282138,1.497008037,297.134452,0.059733047,1.127055507,0.050082733,0.05644602,0.613180871,0.52469207,2.294925823,0.059683961,0.13648854,0.127163764,0.128795398,0.129789901,1338.263672,5.561800017,0.001726766,0.021882915,0.076936265,0.626035122,0.3333199,5.059593802,6.952522843,74256.77181,0.996059374,0.835630169,1.20457057,0,0.014680166,42447.78182,-3.55E-20,4.09E-05,0.015389866,6.385607353,43.1208309,-34.13309649,0.289085556,0.019649214,0.993360757,0.015321955,158,4.984583119,0.00087277,0.024,0.036368926
University Botanic Garden 24kHz_20240828_222000.WAV,University Botanic Garden ,Light treatment,0.000263865,8.23E-09,1.841373704,7.696786852,7,42.98510724,-43.99429285,-45.71352043,1.719227575,0.96157763,9.48E-05,0.022010041,0.016732609,0.003366519,7.241198932,0.646621335,297.0676687,0.171738772,1.414697117,0.039695934,0.056157723,0.594707485,0.514916606,2.302585069,9.80E-05,0.135090357,0.126649849,0.129440748,0.129556723,1335.859375,5.493671356,0.001717864,0.021793429,0.076936265,0.6264111,0.333326705,5.412769714,6.996977735,75579.0027,0.996695311,0.816298146,1.204828502,1.091067792,0.014736992,42481.76364,-2.65E-19,4.01E-05,0.052060186,2.984418264,43.02658509,-34.14286273,0.26443165,0.019627133,0.995784912,0.018037238,186,3.919702181,0.000581846,0.016,0.036368926
University Botanic Garden 24kHz_20240828_222100.WAV,University Botanic Garden ,Light treatment,0.000263888,8.16E-09,1.789884812,7.185151532,7,42.98148912,-43.99791097,-45.72181615,1.723905189,0.962032335,0.00011283,0.024614864,0.01845607,0.004245561,7.91429828,1.163907961,296.996723,0.178312121,1.434014243,0.039234278,0.056262514,0.610537408,0.515071537,2.302585052,0.000141416,0.138977791,0.125912973,0.128925918,0.129631545,1336.630859,5.494554428,0.001670698,0.021749234,0.074485387,0.627025239,0.333327072,5.441263831,6.999833322,75670.33704,0.996732924,0.81584886,1.20452046,0,0.015835637,42533.47273,-3.01E-19,4.00E-05,0.049777098,2.984673546,43.01774374,-34.12948364,0.249914525,0.019657388,0.995848355,0.016000776,165,3.939434176,0,0,0
University Botanic Garden 24kHz_20240828_222200.WAV,University Botanic Garden ,Light treatment,0.000264209,8.10E-09,1.776506565,7.078835034,6,42.98763651,-43.99176358,-45.70942609,1.717662518,0.962405394,8.53E-05,0.016138119,0.012619147,0.003766483,5.116951569,0.138271072,297.1201556,0.184105826,1.451298299,0.038835185,0.056361438,0.62352502,0.515855994,2.302585077,9.58E-05,0.137013869,0.12562602,0.128857939,0.12938094,1334.046875,5.492772589,0.001650051,0.021667778,0.073952587,0.626427395,0.333327193,5.451013684,7.002170185,75768.43261,0.996752002,0.815555194,1.204272394,0,0.013259504,42588.98182,-4.01E-19,4.00E-05,0.046732629,2.988108504,43.02222765,-34.10603128,0.227580022,0.019710536,0.995907408,0.013576416,140,4.061244272,0,0,0
University Botanic Garden 24kHz_20240828_222300.WAV,University Botanic Garden ,Light treatment,0.000263591,8.14E-09,1.77873757,7.098294342,6,42.9718934,-44.00750668,-45.72793683,1.720430151,0.962047072,7.73E-05,0.0151247,0.01179753,0.004014085,6.489305468,0.787427333,296.8261891,0.181577314,1.443725026,0.038784145,0.05599364,0.615902509,0.513234398,2.302585052,0.000148835,0.136933049,0.126021954,0.129054625,0.129552556,1335.816406,5.488274922,0.001617281,0.021463793,0.072212108,0.626306921,0.333327113,5.444571279,6.999927361,75664.87419,0.996737095,0.81455319,1.204122315,1.091067792,0.014055075,42550.05455,3.60E-19,3.99E-05,0.05075961,2.981164808,43.01079779,-34.17371303,0.25984323,0.019557545,0.995906774,0.015224981,157,4.013129806,0,0,0
University Botanic Garden 24kHz_20240828_222400.WAV,University Botanic Garden ,Light treatment,0.00026366,8.11E-09,1.790810796,7.219486975,6,42.9723155,-44.00708458,-45.72570241,1.718617825,0.962163065,8.38E-05,0.01598592,0.012072454,0.004023444,11.56560967,1.154738312,296.8459728,0.18104512,1.442136984,0.038948471,0.05616903,0.636910467,0.513197477,2.30258508,8.65E-05,0.137078525,0.126179928,0.129031059,0.129668861,1337.015625,5.489262436,0.001660279,0.022092924,0.073774987,0.628864366,0.333327076,5.441578138,7.000650954,75708.17933,0.996737115,0.815621274,1.204933352,4.364271167,0.011156926,42550.58182,2.06E-19,3.99E-05,0.051193401,2.982964431,43.00834153,-34.13319059,0.239490749,0.019649001,0.995892661,0.014643134,151,4.096094648,0,0,0
University Botanic Garden 24kHz_20240828_222500.WAV,University Botanic Garden ,Light treatment,0.000264882,9.34E-09,2.514880259,14.24866175,6,43.07614429,-43.9032558,-45.72148926,1.818233465,0.955341276,7.16E-05,0.160057429,0.154173271,0.003268623,7.067723339,-0.00101005,297.1184616,0.070273859,1.151171094,0.049070093,0.056488072,0.620168852,0.530892581,2.295532916,0.057507039,0.134387224,0.126384894,0.128232529,0.129332827,1333.550781,5.558280803,0.001703089,0.021598943,0.076119305,0.628440212,0.333320746,5.092084042,6.957791511,74404.58725,0.996137711,0.833883134,1.205615776,7.637474542,0.016403901,42471.12727,3.54E-19,4.09E-05,0.028672155,6.465198935,43.11356264,-34.12924987,0.283775075,0.019657917,0.993619128,0.016873545,174,4.77585822,0.000969744,0.026666667,0.036368926
University Botanic Garden 24kHz_20240828_222600.WAV,University Botanic Garden ,Light treatment,0.000264112,8.64E-09,2.152900378,10.84920939,7,43.01503765,-43.96436244,-45.7084879,1.744125457,0.959143526,0.000119194,0.030621907,0.023118981,0.004447387,13.99399371,1.65766294,297.1295453,0.128732277,1.295505672,0.043195558,0.055960091,0.641996939,0.51853018,2.302582023,0.001256821,0.136617851,0.126255915,0.128420152,0.129363135,1333.863281,5.514615731,0.001775637,0.022005665,0.078570184,0.626045067,0.333324236,5.254460137,6.981678102,75136.20262,0.996468009,0.823291566,1.205112439,4.364271167,0.023526149,42081.09091,3.68E-19,4.08E-05,0.054378633,3.002556643,43.10142841,-34.10619328,0.280931501,0.019710168,0.995570315,0.017261443,178,4.041826266,0.000290923,0.016,0.018184463
University Botanic Garden 24kHz_20240828_222700.WAV,University Botanic Garden ,Light treatment,0.000263715,8.15E-09,1.789248513,7.214764339,7,42.9759776,-44.00342248,-45.72883084,1.725408359,0.962024743,0.000107869,0.025691225,0.019666405,0.004756677,10.06207297,1.383829906,297.0167795,0.180312351,1.439953807,0.039009322,0.056171621,0.645118624,0.515079756,2.302585073,0.00010963,0.135728833,0.126633852,0.12854614,0.129630787,1336.623047,5.508665757,0.001719379,0.02151503,0.076758665,0.629209283,0.333327049,5.439398573,6.999785451,75665.76513,0.996731929,0.81510123,1.20585307,0,0.019434645,42545.14545,-3.15E-20,3.99E-05,0.05273089,2.991727408,43.01193478,-34.14657294,0.263792292,0.019618751,0.995617441,0.017067494,176,4.116414363,0,0,0
University Botanic Garden 24kHz_20240828_222800.WAV,University Botanic Garden ,Light treatment,0.0002631,8.17E-09,1.819079154,7.475939726,6,42.95883492,-44.02056517,-45.74429377,1.723728595,0.961711722,9.96E-05,0.019665595,0.014509506,0.004101622,15.09676204,1.647068896,296.739407,0.175633628,1.426105754,0.039280967,0.056018813,0.613391284,0.51105751,2.302585068,0.000122414,0.138751495,0.125640018,0.128994804,0.129647835,1336.798828,5.495774081,0.001704225,0.021949512,0.075835146,0.627922131,0.333326855,5.424234649,6.997821209,75599.54184,0.996709097,0.815401872,1.204542325,2.182135583,0.014490744,42518.6,-3.59E-19,3.98E-05,0.055835398,2.989834194,42.99353536,-34.16002493,0.263270929,0.019588391,0.995544661,0.01697052,175,4.190600355,0,0,0
University Botanic Garden 24kHz_20240828_222900.WAV,University Botanic Garden ,Light treatment,0.000267547,1.28E-08,4.514248164,39.82680539,6,43.33690906,-43.64249103,-45.47860301,1.836111974,0.934672176,0.000356159,0.747832466,0.682308458,0.003924302,10.01487112,1.09965167,296.8696069,-0.113791257,0.795668612,0.070637328,0.056203905,0.646627446,0.536932071,2.302463179,0.007548527,0.144845311,0.126859814,0.12910629,0.130034444,1340.785156,5.551746092,0.00198741,0.021931774,0.085709699,0.62992143,0.33326787,4.267705105,6.827436665,71053.87826,0.993363431,0.860743926,1.205336231,9.819610125,0.027712364,41019.61818,-4.10E-19,4.29E-05,0.05328928,3.092849089,43.32455527,-33.89354736,0.248788428,0.020198663,0.995247399,0.016291699,168,4.188878976,0.00087277,0.024,0.036368926
University Botanic Garden 24kHz_20240828_223000.WAV,University Botanic Garden ,Light treatment,0.000267093,1.29E-08,4.555638398,39.68841233,6,43.32573007,-43.65367002,-45.50386852,1.850198502,0.934137456,7.38E-05,0.155916204,0.152089644,0.003834387,5.532871762,0.541479229,296.6824512,-0.13098261,0.768373785,0.073324135,0.056340343,0.624116976,0.54969214,2.292870128,0.06704367,0.140416384,0.125824987,0.129080911,0.129241715,1332.611328,5.54133441,0.001858035,0.022002994,0.081553862,0.626915997,0.33326878,4.274702725,6.824079545,70995.86915,0.993319705,0.867485454,1.204488503,7.637474542,0.022768463,40897.63636,-2.91E-19,4.35E-05,0.036628943,6.336812138,43.38411094,-33.9429619,0.30149459,0.020084078,0.993517824,0.014740109,152,4.962316681,0.000775795,0.042666667,0.018184463
University Botanic Garden 24kHz_20240828_223100.WAV,University Botanic Garden ,Light treatment,0.000263842,8.18E-09,1.787898297,7.171275864,6,42.98152669,-43.9978734,-45.72188015,1.724006746,0.961918478,9.73E-05,0.022008576,0.016800573,0.004464462,6.258763642,0.613227982,296.9347577,0.179889589,1.438696026,0.039048845,0.056179418,0.651440102,0.513766678,2.30258507,0.000112223,0.138088773,0.12640589,0.129165205,0.12961355,1336.445313,5.500026917,0.001717485,0.021766228,0.076119305,0.628102213,0.333327051,5.439610638,6.999121087,75635.3643,0.996729028,0.814645659,1.204355248,5.455338958,0.018032926,42531.92727,2.71E-19,4.00E-05,0.053405187,2.988096772,43.01997667,-34.13299006,0.264393917,0.019649454,0.995799531,0.017649341,182,3.89361897,0.000290923,0.016,0.018184463
University Botanic Garden 24kHz_20240828_223200.WAV,University Botanic Garden ,Light treatment,0.000263582,8.20E-09,1.817137867,7.418316561,6,42.97492041,-44.00447967,-45.73259226,1.728112587,0.961696099,0.000109686,0.026552762,0.020343001,0.003979322,7.674322731,0.785167794,296.8954987,0.176185728,1.427731673,0.039359196,0.056194371,0.635064674,0.513885255,2.302585052,0.000155581,0.136884557,0.125671013,0.128499008,0.129605215,1336.359375,5.50865953,0.001756316,0.021688502,0.077966344,0.627778437,0.333326886,5.426588801,6.997724342,75595.84129,0.996710245,0.815410796,1.204873711,3.273203375,0.019150513,42511.47273,-2.62E-19,3.99E-05,0.053955749,2.992614297,43.00975769,-34.14677169,0.267529807,0.019618302,0.995683395,0.016776571,173,4.091308105,0.000290923,0.016,0.018184463
University Botanic Garden 24kHz_20240828_223300.WAV,University Botanic Garden ,Light treatment,0.000264167,8.27E-09,1.814163364,7.411141365,7,42.99596879,-43.9834313,-45.71270983,1.729278527,0.961566857,0.000103463,0.023629378,0.018140208,0.003722243,8.524047511,0.698115236,297.1153358,0.174177383,1.421827593,0.039525076,0.056197844,0.633577203,0.516869861,2.302585075,0.000105192,0.136601688,0.126484877,0.129419901,0.129978186,1340.205078,5.503942919,0.001732828,0.02173075,0.076758665,0.625556999,0.333326855,5.424236011,6.996915757,75554.81011,0.996705622,0.815106657,1.204852265,7.637474542,0.020950017,42539.43636,1.55E-19,4.01E-05,0.049037801,2.995326241,43.0276342,-34.14303196,0.256169332,0.019626751,0.995808726,0.015709853,162,4.059531083,0.000581846,0.032,0.018184463
University Botanic Garden 24kHz_20240828_223400.WAV,University Botanic Garden ,Light treatment,0.000263651,8.16E-09,1.775502983,7.058147466,6,42.97482521,-44.00457488,-45.72838643,1.723811547,0.961978411,9.05E-05,0.016680462,0.012715279,0.003678765,7.323431399,0.894960987,296.7757875,0.179892455,1.438704549,0.03900601,0.056118124,0.613002083,0.512606572,2.302585063,0.00012738,0.137668509,0.125890976,0.129560391,0.129435494,1334.609375,5.496348659,0.001708014,0.022001347,0.075622026,0.626711964,0.333327123,5.44531969,6.999498388,75642.28006,0.996735794,0.814419201,1.204265794,5.455338958,0.013562579,42558.18182,4.06E-19,3.99E-05,0.054609148,2.982730992,43.00951508,-34.14294702,0.256528647,0.019626942,0.99590883,0.015128006,156,4.054664245,0.000290923,0.016,0.018184463
University Botanic Garden 24kHz_20240828_223500.WAV,University Botanic Garden ,Light treatment,0.000264216,8.85E-09,2.24545408,11.79303203,6,43.02964622,-43.94975387,-45.70518729,1.755433421,0.958027518,7.45E-05,0.014699751,0.011460035,0.003458514,5.848451202,0.377869927,297.0970531,0.118338453,1.268444175,0.044196884,0.056061281,0.636878744,0.520395033,2.30258461,0.000506759,0.139858727,0.125938968,0.128745546,0.129606541,1336.373047,5.514082506,0.001742678,0.021732569,0.076545545,0.626415914,0.33332325,5.203000808,6.974670573,74902.04942,0.996377997,0.824310312,1.204868031,4.364271167,0.021253091,41930.65455,-1.53E-20,4.10E-05,0.055236922,2.99635949,43.1243525,-34.06614675,0.267725191,0.019801253,0.995681934,0.017649341,182,3.969974244,0.001066718,0.029333333,0.036368926
University Botanic Garden 24kHz_20240828_223600.WAV,University Botanic Garden ,Light treatment,0.000264667,9.61E-09,2.655861351,15.67438398,6,43.0846225,-43.89477759,-45.73568676,1.84090917,0.953702068,7.84E-05,0.176143486,0.170464458,0.00373714,6.460463873,0.353555725,296.839065,0.052008822,1.109724274,0.050779657,0.056351418,0.615015594,0.526072802,2.288486108,0.081036456,0.137571526,0.126369896,0.128426497,0.12948266,1335.095703,5.567198028,0.001700437,0.021707068,0.075728586,0.624434026,0.333318973,5.026203259,6.947489489,74088.45438,0.995987289,0.836295333,1.204279979,2.182135583,0.011554711,42501.76364,3.36E-20,4.08E-05,0.005798287,7.456723505,43.10817151,-34.1567053,0.303275171,0.019595878,0.992912705,0.018619085,192,4.820627819,0.000969744,0.026666667,0.036368926
University Botanic Garden 24kHz_20240828_223700.WAV,University Botanic Garden ,Light treatment,0.000263312,8.17E-09,1.793028192,7.226285702,6,42.96548082,-44.01391926,-45.7329519,1.719032642,0.961796121,8.29E-05,0.015618298,0.012002468,0.00378165,11.33767134,1.385805061,296.9361106,0.177183367,1.430675219,0.039172129,0.056042594,0.591977526,0.511701946,2.302585046,0.000169337,0.135979375,0.126263914,0.129023808,0.129297784,1333.189453,5.495858261,0.001734911,0.021908864,0.077078345,0.625292255,0.333326999,5.435430045,6.998354304,75603.27014,0.996722118,0.814950685,1.203734345,7.637474542,0.017729852,42536.54545,1.64E-19,3.98E-05,0.05594478,2.979518175,42.99917205,-34.17351961,0.271475698,0.019557981,0.995743099,0.018619085,192,3.898159867,0.001066718,0.029333333,0.036368926
University Botanic Garden 24kHz_20240828_223800.WAV,University Botanic Garden ,Light treatment,0.000263641,8.18E-09,1.779447131,7.127415722,7,42.97584392,-44.00355617,-45.7343736,1.730817434,0.961870768,0.000116656,0.030809513,0.024164783,0.003637093,13.38913199,1.802309441,296.9142391,0.181331302,1.442990681,0.038884629,0.056110157,0.635389976,0.514992019,2.30258491,0.000314696,0.133110271,0.126450883,0.129321104,0.129708261,1337.421875,5.50939744,0.001759536,0.022062799,0.077859784,0.629166386,0.333327063,5.44052955,6.998823568,75611.89268,0.99672924,0.813984362,1.205040989,7.637474542,0.024245951,42533.81818,-1.57E-19,3.99E-05,0.055209616,3.093810017,43.00928223,-34.16996006,0.291959038,0.019565998,0.99488267,0.017552366,181,4.351266837,0.000969744,0.026666667,0.036368926
University Botanic Garden 24kHz_20240828_223900.WAV,University Botanic Garden ,Light treatment,0.000263916,8.32E-09,1.798634298,7.2901941,6,42.99168923,-43.98771085,-45.73074075,1.743029895,0.961298835,0.000126593,0.333509364,0.310238953,0.004036086,5.641724235,0.505338444,297.1832736,0.176251314,1.427924966,0.039282777,0.056092858,0.631550859,0.517573171,2.302560235,0.003507423,0.136803737,0.126396892,0.12970904,0.129923443,1339.640625,5.5259264,0.001824887,0.021849224,0.080914502,0.626460988,0.333326861,5.424698372,6.995240904,75461.56614,0.996699926,0.812744945,1.205461768,8.728542333,0.025060463,42477.72727,2.18E-19,4.01E-05,0.058660706,3.027702593,43.02620634,-34.16012796,0.297395036,0.019588158,0.995399505,0.019006982,196,4.112777966,0.001745539,0.024,0.072737853
University Botanic Garden 24kHz_20240828_224000.WAV,University Botanic Garden ,Light treatment,0.000263229,8.23E-09,1.820935199,7.459651557,5,42.96612673,-44.01327336,-45.73453351,1.721260154,0.961467119,8.34E-05,0.01750656,0.013415199,0.003352756,9.746270184,1.046698072,296.6818027,0.175040726,1.424362102,0.039363286,0.056067573,0.650577934,0.512008008,2.302585059,0.000139647,0.136860311,0.125623021,0.128249751,0.129337752,1333.601563,5.49510896,0.001669561,0.022025921,0.074272267,0.629160196,0.333326814,5.4210603,6.996290481,75531.70335,0.996699504,0.815063251,1.205269289,2.182135583,0.015627273,42493.27273,1.07E-20,3.98E-05,0.055381347,2.990887519,42.99879402,-34.14316137,0.26452268,0.019626458,0.995672061,0.018037238,186,4.002883035,0.000387898,0.021333333,0.018184463
University Botanic Garden 24kHz_20240828_224100.WAV,University Botanic Garden ,Light treatment,0.000265445,9.68E-09,2.640342992,15.48624215,5,43.11083579,-43.8685643,-45.72046494,1.851900641,0.953678965,7.68E-05,0.163765566,0.159808853,0.003472905,7.345363731,0.593816141,297.0484046,0.048613939,1.102196029,0.051120614,0.056344937,0.625225673,0.534179152,2.289654742,0.07790982,0.138056445,0.126549866,0.129091787,0.129640448,1336.722656,5.589046154,0.001753475,0.022017574,0.077504584,0.62775239,0.333319084,5.030105031,6.94734884,74071.0546,0.995994129,0.836319618,1.205182006,10.91067792,0.018317058,42502.49091,-1.88E-19,4.11E-05,-0.011194298,7.791530681,43.13883395,-34.13310426,0.29630701,0.019649196,0.992848736,0.018134213,187,4.86983409,0.001454616,0.026666667,0.05455339
University Botanic Garden 24kHz_20240828_224200.WAV,University Botanic Garden ,Light treatment,0.000263663,8.15E-09,1.783591284,7.121252957,6,42.97473443,-44.00466566,-45.72852249,1.723856833,0.961996667,8.01E-05,0.014314822,0.011135451,0.003893202,8.128525631,0.785147401,297.0793824,0.182276749,1.445815254,0.038771882,0.056056979,0.606424941,0.514149542,2.302585059,0.000123377,0.135106521,0.126004957,0.129780644,0.12964291,1336.748047,5.502009366,0.001735859,0.021764851,0.077291465,0.627359355,0.333327094,5.443003666,6.999611338,75655.3971,0.996733946,0.81403043,1.205869059,5.455338958,0.015627273,42552.18182,-2.26E-19,3.99E-05,0.051791395,2.984349418,43.0110543,-34.14477939,0.258517152,0.019622803,0.995873325,0.015515904,160,4.021821306,0.000484872,0.026666667,0.018184463
University Botanic Garden 24kHz_20240828_224300.WAV,University Botanic Garden ,Light treatment,0.000264086,8.25E-09,1.841768934,7.650101695,6,42.9926356,-43.98676449,-45.70679203,1.720027548,0.96155252,8.41E-05,0.017084239,0.013090866,0.003845118,6.575462673,0.842743695,296.7267459,0.170416986,1.410849747,0.039733943,0.056058624,0.620009302,0.51567636,2.30258503,0.000190388,0.134969127,0.125972963,0.128384803,0.129140943,1331.572266,5.489399,0.001760673,0.021831598,0.078392584,0.625242088,0.333326734,5.414970186,6.996821189,75574.66853,0.996695487,0.816709763,1.204534427,0,0.014490744,42518.92727,-7.41E-20,4.01E-05,0.047003195,2.981809848,43.0274947,-34.14663966,0.264880486,0.0196186,0.995982204,0.015806827,163,3.884786391,0,0,0
University Botanic Garden 24kHz_20240828_224400.WAV,University Botanic Garden ,Light treatment,0.000263994,8.21E-09,1.820486696,7.475068138,7,42.98771375,-43.99168633,-45.70870347,1.717017141,0.961752522,0.00013552,0.033302935,0.02472687,0.00441539,17.56489838,2.19187426,297.1610656,0.174210869,1.421925799,0.039543083,0.05622733,0.678786766,0.517127823,2.302585075,9.66E-05,0.135413636,0.124361232,0.129355547,0.129186215,1332.039063,5.506545504,0.001662363,0.021608814,0.074130187,0.627162502,0.333326867,5.425156808,6.998076489,75613.45148,0.996710601,0.815966314,1.204686369,2.182135583,0.016820628,42495.21818,1.91E-19,4.00E-05,0.054249834,2.992586159,43.01878299,-34.11937948,0.251993731,0.019680269,0.995879723,0.016485648,170,3.930050624,0,0,0
University Botanic Garden 24kHz_20240828_224500.WAV,University Botanic Garden ,Light treatment,0.000263825,8.22E-09,1.790729437,7.196649642,7,42.98343317,-43.99596692,-45.71699828,1.721031361,0.961722022,0.000119784,0.028122434,0.021124012,0.004019985,9.686508159,1.160271778,296.9381022,0.179738488,1.43824679,0.039069149,0.056191078,0.650893221,0.514258112,2.302585074,0.000101602,0.136916885,0.125607024,0.128640405,0.129213492,1332.320313,5.507595801,0.001672402,0.021985666,0.074805066,0.626682605,0.333327,5.435559159,6.997891095,75579.87112,0.996720213,0.814169276,1.204947937,4.364271167,0.018336,42537.49091,-9.40E-20,3.99E-05,0.05259453,2.996970794,43.01319201,-34.15639639,0.281776053,0.019596575,0.995694739,0.017455392,180,4.049462874,0,0,0
University Botanic Garden 24kHz_20240828_224600.WAV,University Botanic Garden ,Light treatment,0.00026432,8.17E-09,1.789327745,7.19380383,6,42.9948448,-43.98455529,-45.70816714,1.723611846,0.962101479,0.000100276,0.019807765,0.014796657,0.004771849,14.06346432,1.558160615,297.1688723,0.182835891,1.447488796,0.03899686,0.056447517,0.629278011,0.516250569,2.302585064,0.000123328,0.136876475,0.126184927,0.129189678,0.129780241,1338.164063,5.495526093,0.001697595,0.022016803,0.075941706,0.624502574,0.333327077,5.441627958,7.000265968,75689.74238,0.996735528,0.815083987,1.2036482,3.273203375,0.015343141,42568.54545,-3.53E-19,4.01E-05,0.047114786,2.991623519,43.02783644,-34.10615351,0.239570113,0.019710259,0.995886298,0.014934057,154,4.014188505,0,0,0
University Botanic Garden 24kHz_20240828_224700.WAV,University Botanic Garden ,Light treatment,0.00026366,8.16E-09,1.791730572,7.179971517,6,42.97515358,-44.00424651,-45.72833366,1.724087145,0.961935003,7.67E-05,0.01501197,0.011659445,0.003530199,8.441210024,0.700992449,296.786873,0.178369967,1.434185607,0.039114032,0.056096781,0.626389943,0.513335313,2.302585008,0.00021259,0.13457311,0.125428054,0.129395428,0.129350254,1333.730469,5.493919604,0.001682252,0.022029251,0.074982666,0.62431339,0.333327055,5.439914575,6.999224172,75645.02293,0.99672902,0.815156548,1.203896964,1.091067792,0.012179802,42569.32727,3.74E-19,3.99E-05,0.052435523,2.985553048,43.00943114,-34.14686957,0.261160957,0.019618081,0.995739753,0.015903801,164,4.061572019,0,0,0
University Botanic Garden 24kHz_20240828_224800.WAV,University Botanic Garden ,Light treatment,0.000264848,9.91E-09,2.787575722,17.04638944,6,43.10604506,-43.87335502,-45.73034313,1.856988108,0.952068632,8.37E-05,0.185384074,0.17878199,0.00402187,6.732082325,0.235796449,297.0340995,0.029585796,1.060975603,0.053097517,0.05633517,0.583102807,0.530691927,2.286674824,0.086019518,0.138355478,0.126361898,0.128912322,0.129547252,1335.761719,5.584917226,0.001765029,0.022002415,0.078641224,0.62837387,0.333317049,4.963339875,6.937221772,73773.85833,0.995833625,0.839768125,1.204750721,4.364271167,0.01365729,42382.8,3.63E-19,4.10E-05,0.014278047,8.039879484,43.12872198,-34.1425023,0.314094644,0.019627947,0.992677758,0.017067494,176,5.096810956,0.000678821,0.037333333,0.018184463
University Botanic Garden 24kHz_20240828_224900.WAV,University Botanic Garden ,Light treatment,0.00026393,8.35E-09,1.92552734,8.456038481,7,42.99364102,-43.98575907,-45.7055121,1.719753035,0.960881021,0.00010231,0.024318622,0.018411274,0.003625249,6.0352543,0.658585124,296.9304937,0.158203322,1.375870625,0.040885015,0.056252491,0.619354514,0.515729723,2.30258507,0.000113697,0.137789739,0.125732003,0.128537983,0.1291453,1331.617188,5.497407344,0.001675812,0.021825735,0.074876106,0.625232191,0.333326157,5.373044365,6.992602383,75448.39707,0.996636509,0.818823096,1.204080326,4.364271167,0.019017918,42420.23636,-3.70E-20,4.01E-05,0.050931434,2.979498695,43.02710267,-34.14291473,0.257278552,0.019627015,0.995878987,0.016388673,169,3.976831941,0,0,0
University Botanic Garden 24kHz_20240828_225000.WAV,University Botanic Garden ,Light treatment,0.000263975,8.15E-09,1.783821692,7.137446534,6,42.98400281,-43.99539728,-45.71875583,1.723358552,0.962075032,0.000125844,0.029483716,0.021975576,0.003870768,8.480212275,1.366525623,297.2158113,0.180738528,1.441223063,0.038906504,0.056072951,0.67377714,0.515940033,2.302585065,0.000121592,0.135930883,0.125662014,0.129216869,0.129571309,1336.009766,5.505723312,0.00166009,0.021511459,0.074272267,0.627423107,0.333327102,5.443691455,7.000101519,75677.45397,0.996736568,0.815001546,1.205231852,4.364271167,0.021120496,42605.36364,3.26E-19,4.00E-05,0.052748205,2.99163829,43.01751207,-34.13331754,0.269853217,0.019648714,0.995676862,0.018134213,187,3.997296115,0.000290923,0.016,0.018184463
University Botanic Garden 24kHz_20240828_225100.WAV,University Botanic Garden ,Light treatment,0.000263876,8.29E-09,1.817764214,7.41091821,6,42.98878189,-43.9906182,-45.71093156,1.720313367,0.961368657,8.32E-05,0.017048217,0.013242627,0.003708015,5.643214081,0.494943543,296.8859595,0.171612396,1.414328739,0.039689028,0.056133334,0.58297099,0.513969069,2.302584845,0.000377233,0.134670093,0.126506873,0.128860658,0.12944648,1334.722656,5.496467381,0.001624289,0.02169433,0.072318668,0.62919776,0.333326819,5.421443982,6.995675128,75501.90729,0.996697264,0.815288787,1.204812641,1.091067792,0.01428238,42545.78182,-1.06E-19,4.00E-05,0.053730906,2.993947702,43.02177914,-34.13301002,0.265933068,0.019649409,0.99564168,0.015612878,161,4.228139458,0,0,0
University Botanic Garden 24kHz_20240828_225200.WAV,University Botanic Garden ,Light treatment,0.000264217,8.40E-09,1.911536225,8.320742483,6,43.00476762,-43.97463246,-45.70623483,1.731602369,0.960781216,7.96E-05,0.015240712,0.011810184,0.003368178,7.33572082,0.558353857,296.9619948,0.159973534,1.380877368,0.04065994,0.056146391,0.648640818,0.517227053,2.302583997,0.000759651,0.138395888,0.126210923,0.129494225,0.129827407,1338.650391,5.496178618,0.001686609,0.021812403,0.075124746,0.626817051,0.333326199,5.376016419,6.991980363,75408.52439,0.996637657,0.817347584,1.205614325,1.091067792,0.015475736,42449.94545,4.46E-19,4.02E-05,0.052133608,2.986064778,43.03852291,-34.11602296,0.259428746,0.019687875,0.995885095,0.014934057,154,3.97656126,0,0,0
University Botanic Garden 24kHz_20240828_225300.WAV,University Botanic Garden ,Light treatment,0.00026456,8.32E-09,1.833519431,7.554628215,5,43.01033223,-43.96906786,-45.69577189,1.726704034,0.961404757,8.66E-05,0.016453764,0.012839048,0.004001006,7.053756793,0.564365637,296.9577722,0.171897203,1.415159092,0.039820331,0.056352104,0.628388314,0.517907972,2.302585063,0.000133981,0.136254162,0.125465047,0.12878724,0.129696516,1337.300781,5.49685105,0.001772985,0.022071253,0.079316103,0.627626994,0.333326753,5.416421294,6.995898177,75525.8287,0.996693021,0.815503081,1.205291311,4.364271167,0.013562579,42556.30909,3.98E-19,4.02E-05,0.04796657,2.989269972,43.04284999,-34.10237944,0.248585375,0.019718825,0.995771843,0.015709853,162,4.097682599,0,0,0
University Botanic Garden 24kHz_20240828_225400.WAV,University Botanic Garden ,Light treatment,0.000263917,8.19E-09,1.812977516,7.377992421,6,42.98417246,-43.99522763,-45.7094608,1.714233168,0.961842999,7.77E-05,0.015640095,0.011940396,0.004106378,12.47981828,1.353206633,296.8106201,0.176123746,1.42754903,0.039348864,0.056172432,0.633275912,0.513527866,2.302585058,0.000143785,0.137878641,0.126939801,0.12873195,0.129498382,1335.257813,5.481523191,0.001688124,0.021926705,0.075764106,0.628023528,0.333326934,5.430355035,6.998644505,75635.80108,0.996717702,0.815965525,1.203386056,2.182135583,0.012539703,42577.01818,-2.42E-19,4.00E-05,0.050669427,2.98274246,43.01878222,-34.13324186,0.251108586,0.019648885,0.995842393,0.013770365,142,4.207724014,0,0,0
University Botanic Garden 24kHz_20240828_225500.WAV,University Botanic Garden ,Light treatment,0.000263568,8.21E-09,1.834917341,7.58972648,6,42.97507167,-44.00432841,-45.73002713,1.725698717,0.961608078,8.33E-05,0.018014415,0.013865514,0.003910837,10.65011148,0.964013521,297.1161386,0.172194533,1.416026567,0.039626275,0.056111858,0.605960838,0.513194988,2.302585061,0.000140419,0.134686257,0.126321904,0.129506914,0.12990507,1339.451172,5.500622286,0.001731691,0.02153514,0.077433544,0.628628593,0.333326779,5.418393456,6.997170108,75584.5811,0.9967001,0.816150326,1.204789248,2.182135583,0.013051141,42522.38182,-4.11E-19,3.99E-05,0.05594064,2.982876431,43.00790064,-34.16978141,0.282565714,0.0195664,0.995692708,0.018231187,188,3.971537744,0,0,0
University Botanic Garden 24kHz_20240828_225600.WAV,University Botanic Garden ,Light treatment,0.000265503,9.57E-09,2.611982439,15.32835819,7,43.10609176,-43.87330833,-45.71163137,1.838323046,0.954308825,0.000110087,0.171227364,0.16594985,0.004340715,15.3309525,2.21127798,296.9765922,0.058629822,1.124562735,0.050110023,0.056351865,0.647240531,0.534511923,2.29155614,0.071815112,0.136634015,0.125812989,0.128766393,0.129282062,1333.027344,5.576792013,0.001696648,0.021907196,0.075622026,0.627586916,0.333319433,5.042498328,6.951299715,74209.33275,0.996036989,0.834682555,1.204393914,2.182135583,0.01498324,42529.65455,3.34E-19,4.12E-05,0.017302365,7.774559995,43.1438755,-34.11962361,0.29864922,0.019679716,0.993008809,0.01697052,175,4.944827721,0.000775795,0.042666667,0.018184463
University Botanic Garden 24kHz_20240828_225700.WAV,University Botanic Garden ,Light treatment,0.000264035,8.26E-09,1.79252906,7.150642335,6,42.99142364,-43.98797645,-45.72294696,1.734970514,0.961624228,9.95E-05,0.028729304,0.024135884,0.003706455,8.568301777,0.680406435,297.3010591,0.178383182,1.434224759,0.039081212,0.056051242,0.586022664,0.518491933,2.302584339,0.00064123,0.138622183,0.125937968,0.129249499,0.130185224,1342.339844,5.518199655,0.001767113,0.022024669,0.078605704,0.627159001,0.333327009,5.436251729,6.997279629,75557.05545,0.996717405,0.813911279,1.204784982,5.455338958,0.020154447,42522.58182,-2.64E-19,4.00E-05,0.054056247,3.052060034,43.02579649,-34.133187,0.280963714,0.019649009,0.995020952,0.01609775,166,4.525955943,0.000678821,0.018666667,0.036368926
University Botanic Garden 24kHz_20240828_225800.WAV,University Botanic Garden ,Light treatment,0.000264456,8.27E-09,1.845960216,7.652243035,5,43.00454515,-43.97485494,-45.6978199,1.722964964,0.961557592,7.79E-05,0.01572074,0.012261134,0.003828407,6.969838054,0.672221627,296.7714045,0.17091663,1.412302638,0.039867512,0.056304992,0.612762216,0.516522664,2.302584636,0.00050914,0.137660427,0.126359898,0.128910509,0.12951202,1335.398438,5.491238269,0.001677706,0.021738901,0.074449867,0.624301279,0.33332674,5.415448295,6.996852669,75581.70286,0.996695161,0.816623909,1.204758381,3.273203375,0.012748066,42550.61818,2.61E-19,4.02E-05,0.04653179,2.990658481,43.03899519,-34.11581463,0.265479212,0.019688348,0.995614374,0.016388673,169,4.143419059,0,0,0
University Botanic Garden 24kHz_20240828_225900.WAV,University Botanic Garden ,Light treatment,0.000264019,8.25E-09,1.825434492,7.437049683,6,42.99060437,-43.98879572,-45.71527995,1.726484234,0.961568815,8.08E-05,0.013726719,0.01066044,0.003934042,5.31929924,0.166599773,296.9990367,0.173300539,1.419258867,0.039522782,0.056093058,0.640081075,0.51596457,2.302584886,0.000341199,0.136795655,0.126157932,0.128825309,0.129563353,1335.927734,5.497383124,0.001687556,0.021961155,0.074627467,0.626677843,0.333326856,5.424258069,6.996927031,75569.54727,0.996703733,0.815660425,1.205165203,1.091067792,0.011270579,42531.58182,-3.91E-19,4.00E-05,0.051421418,2.979723061,43.02421536,-34.13340996,0.25317269,0.019648505,0.995825598,0.015224981,157,4.071923304,0,0,0
University Botanic Garden 24kHz_20240828_230000.WAV,University Botanic Garden ,Light treatment,0.000264505,8.31E-09,1.878826637,7.966870514,6,43.00825893,-43.97114116,-45.68774142,1.716600262,0.961316951,7.08E-05,0.014629181,0.011371763,0.00394889,8.376550783,0.829796621,296.8433248,0.16580172,1.397511537,0.040192998,0.056170178,0.665798004,0.51670369,2.302584879,0.000356353,0.136642097,0.126274912,0.128883318,0.129267098,1332.873047,5.488610136,0.001713128,0.021905488,0.076403465,0.625667257,0.333326519,5.398926343,6.99534039,75539.30623,0.996673221,0.817412549,1.203940946,2.182135583,0.015835637,42557.10909,4.62E-19,4.02E-05,0.047441002,2.981973665,43.04166406,-34.11580698,0.246343739,0.019688365,0.99597125,0.015128006,156,4.016570966,0,0,0
University Botanic Garden 24kHz_20240828_230100.WAV,University Botanic Garden ,Light treatment,0.00026363,8.33E-09,1.925836443,8.466186277,6,42.9834921,-43.99590799,-45.72661704,1.730709057,0.960900938,8.35E-05,0.014930092,0.011302615,0.004162564,14.60782256,1.620200648,296.8017282,0.15985595,1.380544145,0.040580143,0.056022679,0.626761611,0.5128299,2.302557965,0.003732166,0.137725083,0.125953966,0.129091787,0.129470347,1334.96875,5.495895418,0.001740594,0.021882567,0.077362505,0.627848845,0.333326147,5.372331267,6.99272692,75454.93037,0.996637103,0.818633384,1.203822524,1.091067792,0.01498324,42450.72727,2.11E-20,4.00E-05,0.050821935,2.987865588,43.02060476,-34.12915991,0.235195305,0.019658121,0.995892905,0.013770365,142,4.107959676,0.000581846,0.016,0.036368926
University Botanic Garden 24kHz_20240828_230200.WAV,University Botanic Garden ,Light treatment,0.000264259,8.28E-09,1.872048375,7.964243044,7,42.9992076,-43.98019249,-45.70150764,1.721315152,0.961415919,0.000109598,0.026254887,0.01990822,0.003606314,7.486345385,0.78241839,297.1206438,0.167853925,1.403424183,0.040034156,0.056184903,0.650453051,0.517016234,2.302582004,0.001290532,0.135995539,0.12568701,0.129006587,0.129323546,1333.455078,5.505463136,0.001727713,0.021914322,0.077220425,0.626241608,0.333326535,5.400090173,6.995960219,75558.30554,0.996678068,0.817107915,1.20491209,1.091067792,0.01348681,42511.58182,3.69E-19,4.02E-05,0.048413556,2.989884599,43.0374562,-34.1195973,0.25774378,0.019679775,0.995732223,0.017261443,178,3.980559294,0.000290923,0.016,0.018184463
University Botanic Garden 24kHz_20240828_230300.WAV,University Botanic Garden ,Light treatment,0.000267226,1.27E-08,4.615721127,40.92521747,6,43.32115673,-43.65824336,-45.68283215,2.02458879,0.934811938,9.37E-05,0.020590873,0.0158899,0.004055382,7.049727747,0.861623823,296.9203903,-0.113646565,0.795901916,0.070695604,0.056266767,0.629400007,0.536046796,2.293966423,0.063117768,0.141240746,0.126351899,0.128726512,0.12960711,1336.378906,5.650316464,0.001897435,0.021790711,0.081909061,0.628546875,0.333267796,4.26714245,6.828286725,71181.24921,0.993319818,0.863463839,1.205107282,2.182135583,0.021347802,42020.56364,2.55E-19,4.30E-05,0.049802877,6.16726363,43.33675135,-34.06612371,0.330668386,0.019801305,0.993021619,0.019588829,202,5.060384602,0.002909232,0.032,0.090922316
University Botanic Garden 24kHz_20240828_230400.WAV,University Botanic Garden ,Post-light treatment,0.000288858,1.39E-08,2.192255236,10.94483503,15,43.95485899,-43.0245411,-45.6913478,2.666806694,0.946390305,0.01269419,0.343294598,0.210615898,0.003528848,11.68545544,1.297748696,298.7788241,0.190895309,1.471868007,0.056102034,0.082574789,0.696674272,0.762010987,2.291355631,0.072740166,0.138977791,0.125955965,0.129420807,0.129671702,1337.044922,7.624604962,0.001789654,0.022119526,0.078037384,0.625790189,0.333319804,5.056009084,6.901803961,71584.82356,0.995841675,0.796858283,1.218167063,5.455338958,0.029644463,42291.63636,-5.26E-19,5.26E-05,1.588375828,2186.168767,44.20618881,-34.1061136,1.662038568,0.019710349,0.811008819,0.018716059,193,13.8052479,0.001745539,0.024,0.072737853
University Botanic Garden 24kHz_20240828_230500.WAV,University Botanic Garden ,Post-light treatment,0.000264019,8.40E-09,1.918017314,8.320856681,6,42.99893273,-43.98046736,-45.7099277,1.729460344,0.960705549,7.71E-05,0.0142355,0.011066815,0.003690796,5.938945511,0.381471819,296.9413998,0.159333541,1.379064824,0.04070795,0.056138902,0.621983241,0.515607996,2.302584658,0.000491383,0.138799987,0.126517872,0.128857939,0.129509179,1335.369141,5.501900412,0.001714454,0.021443605,0.076048265,0.627384097,0.333326189,5.375300024,6.991506389,75395.91327,0.996633796,0.817842325,1.204694503,1.091067792,0.015475736,42440.38182,-2.11E-19,4.01E-05,0.051581477,2.988298128,43.035724,-34.11970733,0.2717958,0.019679526,0.995737274,0.017552366,181,4.020203577,0,0,0
University Botanic Garden 24kHz_20240828_230600.WAV,University Botanic Garden ,Post-light treatment,0.000263697,8.41E-09,1.958575178,8.743391175,6,42.98984069,-43.9895594,-45.71813506,1.728575663,0.960495754,8.14E-05,0.016086352,0.012306795,0.003907101,7.189693747,0.876811242,296.9385946,0.154183063,1.364577856,0.041030179,0.055988874,0.61696679,0.513341662,2.302583013,0.001051473,0.138274658,0.126190926,0.128801742,0.129463339,1334.896484,5.497999613,0.001783782,0.021870606,0.079316103,0.62699372,0.333325896,5.355206603,6.990184948,75368.2534,0.996608748,0.818875853,1.203997807,2.182135583,0.015854579,42444.69091,2.75E-19,4.00E-05,0.054672861,2.985621378,43.02424991,-34.11979212,0.263504718,0.019679334,0.995661979,0.017358417,179,4.01811529,0.000290923,0.016,0.018184463
University Botanic Garden 24kHz_20240828_230700.WAV,University Botanic Garden ,Post-light treatment,0.00026529,9.36E-09,2.639147848,16.24282104,6,43.088827,-43.89057309,-45.6899251,1.799352011,0.955138705,7.90E-05,0.016847186,0.013041477,0.003861007,6.133952295,0.54191442,296.9423031,0.079198843,1.172021598,0.047995382,0.056251625,0.642242084,0.520312008,2.30226525,0.012185315,0.139874891,0.125819988,0.128618652,0.129548768,1335.777344,5.534991074,0.001798746,0.02173545,0.078925383,0.628990255,0.333318786,5.019755728,6.956483176,74432.94958,0.996050458,0.831519262,1.204833942,3.273203375,0.01621448,42321.89091,2.42E-19,4.11E-05,0.058937496,3.229632529,43.13539652,-34.09292899,0.268072362,0.019740291,0.995402722,0.016873545,174,4.260385232,0.001745539,0.024,0.072737853
University Botanic Garden 24kHz_20240828_230800.WAV,University Botanic Garden ,Post-light treatment,0.000264116,8.14E-09,1.762628537,6.941297921,7,42.98727756,-43.99212253,-45.70775967,1.715637144,0.962228831,0.000114924,0.02840657,0.021253774,0.004091028,11.09064895,1.245547806,296.7927991,0.185177396,1.45452199,0.038644002,0.056208551,0.631677762,0.514888627,2.302585074,9.35E-05,0.138210002,0.126401891,0.128406556,0.129137344,1331.535156,5.497984503,0.001719189,0.021939144,0.076865225,0.626718323,0.333327228,5.453839919,7.001067851,75705.45004,0.996750215,0.814032715,1.204975939,4.364271167,0.019188397,42585.23636,-8.48E-20,4.00E-05,0.047969389,2.984666472,43.01993256,-34.14291897,0.272415226,0.019627006,0.995855436,0.015806827,163,4.045650085,0,0,0
University Botanic Garden 24kHz_20240828_230900.WAV,University Botanic Garden ,Post-light treatment,0.000264111,8.15E-09,1.778467146,7.081525361,7,42.9876749,-43.99172519,-45.71329091,1.721565719,0.962147814,0.000102159,0.023153049,0.017844135,0.003613378,4.845076167,0.286649874,297.1683402,0.182974796,1.447904898,0.038711321,0.056050311,0.607037088,0.516083029,2.302585072,0.000100538,0.135155012,0.126004957,0.12874464,0.129507095,1335.347656,5.501673734,0.001670508,0.02153636,0.075018186,0.625791289,0.333327143,5.446967345,7.000558067,75695.12849,0.996741548,0.814074844,1.204565893,1.091067792,0.017066876,42613.49091,3.87E-19,4.00E-05,0.043673685,2.996586204,43.02092333,-34.14295695,0.266833515,0.01962692,0.995735935,0.014934057,154,4.244284057,0,0,0
University Botanic Garden 24kHz_20240828_231000.WAV,University Botanic Garden ,Post-light treatment,0.000263715,8.16E-09,1.824873826,7.468999426,6,42.97679026,-44.00260983,-45.72473008,1.722120252,0.961868556,7.64E-05,0.013694389,0.010614601,0.004066487,5.980274559,0.196915793,296.9447886,0.176738788,1.429362603,0.03932488,0.056209512,0.606740431,0.51415774,2.302585067,0.000119725,0.136310736,0.12658786,0.128642218,0.129440229,1334.658203,5.50032207,0.001744193,0.021728412,0.077717704,0.62493644,0.333326898,5.427544854,6.998802547,75654.23099,0.996714969,0.816710277,1.205169592,2.182135583,0.017237356,42531.16364,2.89E-19,3.99E-05,0.051430016,2.98595967,43.01332615,-34.11967344,0.246544329,0.019679603,0.995840315,0.015515904,160,3.997452001,0,0,0
University Botanic Garden 24kHz_20240828_231100.WAV,University Botanic Garden ,Post-light treatment,0.000263803,8.26E-09,1.849438117,7.704638608,6,42.98496357,-43.99443651,-45.72169796,1.727261443,0.961404648,8.00E-05,0.017259272,0.014223607,0.003697999,7.003809471,0.566394989,296.97518,0.168286583,1.404674445,0.039853262,0.055980859,0.632331496,0.514211217,2.302583715,0.00084265,0.136763327,0.125938968,0.128724699,0.129637985,1336.697266,5.501765218,0.001774122,0.021825881,0.078889863,0.625296035,0.333326679,5.410842624,6.995894511,75538.59336,0.996687126,0.816508161,1.20498426,3.273203375,0.016100827,42544.90909,-3.72E-19,4.00E-05,0.050454026,2.990183261,43.02257639,-34.13317744,0.267681005,0.019649031,0.995615393,0.017067494,176,4.09571152,0,0,0
University Botanic Garden 24kHz_20240828_231200.WAV,University Botanic Garden ,Post-light treatment,0.00026421,8.14E-09,1.785939932,7.116981584,6,42.99029213,-43.98910795,-45.70664785,1.71753989,0.962174284,7.74E-05,0.0154463,0.011777976,0.003850468,10.59476223,1.334310466,296.8031884,0.181618384,1.443847662,0.038871013,0.056123821,0.605488279,0.514333622,2.302585036,0.00017766,0.138670675,0.126389893,0.127916199,0.129141133,1331.574219,5.486783721,0.001675623,0.022096027,0.074378827,0.626299313,0.333327131,5.44599205,7.000722843,75711.71215,0.996740863,0.815559638,1.204331196,0,0.015324199,42637.78182,-3.53E-19,4.01E-05,0.045463708,2.979072998,43.02749519,-34.1198461,0.247942683,0.019679212,0.995929832,0.015224981,157,4.013285943,0,0,0
University Botanic Garden 24kHz_20240828_231300.WAV,University Botanic Garden ,Post-light treatment,0.000264299,8.21E-09,1.803048497,7.303802557,7,42.99664549,-43.98275459,-45.70701503,1.724260442,0.961875383,0.000113941,0.02842555,0.02151855,0.003534652,6.849526816,0.547067962,296.9292009,0.177592286,1.431883805,0.039270442,0.05623071,0.605863924,0.516729199,2.302585052,0.00016218,0.135672259,0.126259915,0.129300257,0.129745766,1337.808594,5.501138973,0.001750255,0.022024115,0.077895304,0.628442201,0.333326977,5.433737539,6.99884874,75635.98351,0.996722087,0.815292001,1.205190309,1.091067792,0.020059736,42549.54545,2.50E-19,4.01E-05,0.050539458,2.985902705,43.03107391,-34.11990878,0.256021036,0.01967907,0.995791798,0.01697052,175,3.981075735,0,0,0
University Botanic Garden 24kHz_20240828_231400.WAV,University Botanic Garden ,Post-light treatment,0.000266151,9.70E-09,2.635810733,15.3718441,6,43.13225368,-43.84714641,-45.70304753,1.85590112,0.953820361,0.000113399,0.209353835,0.199412207,0.004233453,7.090136441,0.832564344,297.0122456,0.048722456,1.102435838,0.051297035,0.05655169,0.659478161,0.531831617,2.290041137,0.076124311,0.136900721,0.126619854,0.128815338,0.129579075,1336.089844,5.596705766,0.001605726,0.021662439,0.071714829,0.627728909,0.333319295,5.037537239,6.948237077,74107.21423,0.996006242,0.836999751,1.205901829,3.273203375,0.019472529,42526.43636,-3.25E-19,4.13E-05,0.010644818,7.610549441,43.1598415,-34.11615425,0.313455668,0.019687578,0.992032889,0.016388673,169,5.33512133,0.000678821,0.037333333,0.018184463
University Botanic Garden 24kHz_20240828_231500.WAV,University Botanic Garden ,Post-light treatment,0.000263905,8.21E-09,1.791680985,7.1828911,6,42.9851474,-43.99425269,-45.72240745,1.728154755,0.961785813,0.000102512,0.022328812,0.017114521,0.003863968,6.357677726,0.297190131,296.9422454,0.179767389,1.438332705,0.039062019,0.05618418,0.608854212,0.516519386,2.302585049,0.000144435,0.13612485,0.126543867,0.128925918,0.129817367,1338.546875,5.497202896,0.001643421,0.021651398,0.073171148,0.626323586,0.333327023,5.437390992,6.99829046,75600.9225,0.99672302,0.814532255,1.205164027,0,0.014168728,42554.41818,1.97E-19,4.00E-05,0.0551213,2.994051774,43.01754494,-34.15641431,0.284230057,0.019596535,0.995393223,0.017649341,182,4.244372443,0,0,0
University Botanic Garden 24kHz_20240828_231600.WAV,University Botanic Garden ,Post-light treatment,0.000264422,8.22E-09,1.796132779,7.195991153,5,43.0006924,-43.97870769,-45.70830348,1.729595787,0.961883834,8.68E-05,0.016025077,0.012384994,0.00478724,10.54055334,1.289859151,296.949138,0.176776158,1.429472881,0.039230609,0.056079091,0.583978707,0.516846198,2.302585078,9.06E-05,0.137046197,0.12538706,0.12894042,0.129617907,1336.490234,5.502910719,0.001669372,0.021662107,0.074343307,0.62916277,0.333327036,5.438421576,6.998903493,75635.67372,0.996726102,0.815342687,1.204803018,1.091067792,0.016006116,42600.63636,3.44E-19,4.01E-05,0.044779817,2.997078382,43.03357133,-34.13328555,0.270940152,0.019648786,0.995675603,0.01609775,166,4.179753587,0,0,0
University Botanic Garden 24kHz_20240828_231700.WAV,University Botanic Garden ,Post-light treatment,0.000263855,8.26E-09,1.844911321,7.614651664,6,42.98650251,-43.99289758,-45.71868545,1.725787874,0.961421746,7.64E-05,0.014345356,0.011303582,0.004241957,4.871490354,0.580109654,297.1418824,0.170902775,1.412262324,0.039658335,0.056007972,0.642633806,0.515067842,2.302585054,0.000150072,0.137894805,0.126546867,0.129544076,0.129884423,1339.238281,5.498882231,0.001694186,0.021969932,0.075764106,0.62853032,0.333326729,5.414623971,6.996003046,75543.30683,0.996690821,0.816674323,1.203967033,2.182135583,0.01428238,42575.94545,2.32E-19,4.00E-05,0.050989623,2.988033774,43.01880006,-34.14686508,0.259184192,0.019618091,0.995715494,0.016194725,167,4.099212047,0.000290923,0.016,0.018184463
University Botanic Garden 24kHz_20240828_231800.WAV,University Botanic Garden ,Post-light treatment,0.000264284,8.36E-09,1.840912117,7.605017101,7,43.00469338,-43.97470671,-45.70706965,1.732362941,0.961118104,9.24E-05,0.021096967,0.016524312,0.003172708,5.236242929,0.285153806,296.9233782,0.169888055,1.409313602,0.039735538,0.055999834,0.613429785,0.5176482,2.302585047,0.000149783,0.13559144,0.126014956,0.128652188,0.129134692,1331.507813,5.516519052,0.001665394,0.021483738,0.074236747,0.625270445,0.333326667,5.409908871,6.994102993,75449.6714,0.996679213,0.814856535,1.204665563,5.455338958,0.022901058,42523.67273,-1.91E-19,4.02E-05,0.054784987,3.025640724,43.03856839,-34.13341592,0.298292511,0.019648491,0.995069848,0.019103957,197,4.404433119,0.001745539,0.016,0.109106779
University Botanic Garden 24kHz_20240828_231900.WAV,University Botanic Garden ,Post-light treatment,0.000263769,8.16E-09,1.793554245,7.192795191,5,42.97805017,-44.00134992,-45.71893264,1.717582719,0.961983325,7.68E-05,0.014344543,0.011028675,0.003608687,8.938310614,0.892283485,297.0004911,0.178068595,1.433293081,0.039049964,0.055970043,0.612465463,0.513457994,2.302585068,0.000110627,0.135672259,0.127027786,0.129117166,0.129729097,1337.636719,5.49424536,0.001754611,0.022005137,0.078179464,0.627298505,0.333327057,5.440050203,6.999526316,75661.14749,0.996730406,0.815648574,1.20393157,0,0.013089025,42611.34545,1.82E-19,3.99E-05,0.051441946,2.980237787,43.01076793,-34.13287068,0.239791075,0.019649725,0.9958993,0.015321955,158,4.075867365,0.000290923,0.016,0.018184463
University Botanic Garden 24kHz_20240828_232000.WAV,University Botanic Garden ,Post-light treatment,0.000264289,8.36E-09,1.88744817,8.021991491,7,43.00462645,-43.97477364,-45.69686052,1.722086885,0.961025171,9.69E-05,0.02416816,0.018510274,0.003626179,5.973159843,0.573115884,297.0712374,0.16434639,1.393336156,0.04022315,0.056044369,0.569740864,0.517813078,2.302584991,0.000251093,0.135704587,0.125530036,0.129291193,0.129526037,1335.542969,5.496598107,0.001682442,0.021844756,0.075124746,0.626060474,0.333326431,5.392483958,6.993512877,75463.0688,0.996658719,0.817109811,1.204668934,3.273203375,0.015456794,42554.67273,5.00E-19,4.01E-05,0.048940456,2.989610773,43.03398237,-34.11949826,0.265455127,0.01968,0.995617789,0.015224981,157,4.244547517,0,0,0
University Botanic Garden 24kHz_20240828_232100.WAV,University Botanic Garden ,Post-light treatment,0.000264168,8.32E-09,1.870232473,7.905910015,7,42.99869644,-43.98070365,-45.70367405,1.722970399,0.961222472,0.000104569,0.023821617,0.018065293,0.004025053,12.74641079,1.868484916,297.0215731,0.165686665,1.397180911,0.040117394,0.056051258,0.604369382,0.516520212,2.302585044,0.000169822,0.135688423,0.126314905,0.128939514,0.129482849,1335.097656,5.501214561,0.001689071,0.021839657,0.075337866,0.629350264,0.333326535,5.400093032,6.994750344,75502.58675,0.996671884,0.816939498,1.204834857,2.182135583,0.014907471,42534.29091,9.15E-21,4.01E-05,0.0515903,2.991581925,43.02742839,-34.10619134,0.257725454,0.019710173,0.99564416,0.017358417,179,4.067907822,0,0,0
University Botanic Garden 24kHz_20240828_232200.WAV,University Botanic Garden ,Post-light treatment,0.000264413,8.25E-09,1.819457764,7.443765416,6,43.00242519,-43.9769749,-45.69670131,1.719726408,0.961677204,9.22E-05,0.016657193,0.012828225,0.004416903,8.816332437,0.771933583,296.9900195,0.175350147,1.425271759,0.039412532,0.056173569,0.632716965,0.517181428,2.302585061,0.00013944,0.136916885,0.125680011,0.129369143,0.129546684,1335.755859,5.495931807,0.00171256,0.021788417,0.076616585,0.628123416,0.333326866,5.42507875,6.997605613,75592.33327,0.996708564,0.815330724,1.204549423,2.182135583,0.01577881,42575.09091,7.21E-20,4.01E-05,0.046447094,2.992890886,43.03501546,-34.10628033,0.247396185,0.019709971,0.995944206,0.014643134,151,4.018950217,0.000290923,0.016,0.018184463
University Botanic Garden 24kHz_20240828_232300.WAV,University Botanic Garden ,Post-light treatment,0.000263816,8.15E-09,1.810354343,7.342325796,6,42.97884862,-44.00055147,-45.72357355,1.72302208,0.9620028,8.07E-05,0.014953707,0.011598209,0.004113759,6.662765615,0.73545419,296.9492382,0.176525078,1.428732127,0.039230896,0.056050442,0.670418746,0.514131131,2.302585044,0.000174334,0.134702421,0.125668013,0.128993897,0.129381887,1334.056641,5.494135395,0.00168945,0.02176536,0.075373386,0.62629941,0.333326988,5.434588995,6.999645235,75681.1484,0.996725335,0.816523417,1.204362877,1.091067792,0.013297389,42621.29091,3.80E-19,3.99E-05,0.050934328,2.987833796,43.01280055,-34.13330415,0.247507448,0.019648744,0.995889318,0.015031032,155,4.078966663,0,0,0
University Botanic Garden 24kHz_20240828_232400.WAV,University Botanic Garden ,Post-light treatment,0.000263695,8.21E-09,1.829135441,7.524814184,6,42.97873549,-44.0006646,-45.71783404,1.717169444,0.961660037,8.68E-05,0.016192916,0.012441839,0.003488038,4.55565639,0.329682596,296.5280787,0.17452666,1.422852325,0.039405512,0.056068224,0.631684375,0.512187741,2.302585078,9.45E-05,0.135567194,0.125634019,0.128837092,0.129271265,1332.916016,5.491030306,0.001716916,0.021781643,0.076438985,0.628558922,0.333326819,5.421462363,6.997496536,75596.29923,0.99670464,0.815747098,1.204542776,2.182135583,0.012179802,42554.23636,1.04E-19,3.99E-05,0.051729717,2.983225378,43.01255907,-34.16978484,0.263558492,0.019566392,0.995887991,0.015224981,157,4.00939492,0,0,0
University Botanic Garden 24kHz_20240828_232500.WAV,University Botanic Garden ,Post-light treatment,0.000265478,9.61E-09,2.632295587,15.30482382,6,43.1077308,-43.87166928,-45.70848318,1.836813894,0.954030485,7.74E-05,0.226588124,0.216918364,0.004385041,10.02269153,0.980178822,297.1637172,0.052580324,1.110996902,0.050779688,0.056416076,0.593962564,0.527078047,2.291484175,0.071891796,0.136504704,0.126292909,0.128161831,0.129632492,1336.640625,5.572738121,0.001686798,0.021815604,0.074698506,0.626883603,0.33331947,5.043822239,6.949555103,74161.97639,0.996020469,0.836703302,1.204548279,0,0.011384232,42523.38182,-1.41E-19,4.10E-05,0.013074043,7.382888787,43.13225246,-34.13327552,0.301474796,0.019648809,0.992751345,0.01697052,175,4.982132176,0.000581846,0.032,0.018184463
University Botanic Garden 24kHz_20240828_232600.WAV,University Botanic Garden ,Post-light treatment,0.000263634,8.24E-09,1.820901946,7.427491715,6,42.97881078,-44.00058931,-45.72342023,1.722830924,0.961516471,9.11E-05,0.01954824,0.015177044,0.004097469,6.127202532,0.399509049,297.0556588,0.172158813,1.415922317,0.039537334,0.055981794,0.611139556,0.514056947,2.302585067,0.000119352,0.136504704,0.126755832,0.128631341,0.129792553,1338.291016,5.500300913,0.001727713,0.021842257,0.077362505,0.624953765,0.333326847,5.423590149,6.9965998,75547.97529,0.996702361,0.815591898,1.204427913,2.182135583,0.01630919,42496.89091,-7.26E-20,3.99E-05,0.054675043,2.99909287,43.0120094,-34.13334671,0.273814205,0.019648648,0.995549799,0.018619085,192,4.013681262,0,0,0
University Botanic Garden 24kHz_20240828_232700.WAV,University Botanic Garden ,Post-light treatment,0.000264121,8.60E-09,2.057432724,9.743478275,7,43.01319911,-43.96620098,-45.70434984,1.738148864,0.959527001,0.000120332,0.029401204,0.02210346,0.00438247,10.22365257,1.335249084,296.8982055,0.138431805,1.321348457,0.042247602,0.055823804,0.648628159,0.516982755,2.302584894,0.00034319,0.138694921,0.127116771,0.129483348,0.129710723,1337.447266,5.509782783,0.001804808,0.02186449,0.079742343,0.626935246,0.333325068,5.302416002,6.98410045,75171.04879,0.996527382,0.820530679,1.205975888,2.182135583,0.017559372,42451.27273,-1.58E-19,4.01E-05,0.050772073,2.99307838,43.03384553,-34.11950997,0.268659609,0.019679973,0.995641645,0.017261443,178,4.013275425,0,0,0
University Botanic Garden 24kHz_20240828_232800.WAV,University Botanic Garden ,Post-light treatment,0.000264301,8.50E-09,1.977711727,8.912574834,6,43.01297023,-43.96642985,-45.69092303,1.724493179,0.960194532,9.95E-05,0.022763263,0.017316462,0.003624329,9.890714397,1.204915743,296.7477423,0.150049419,1.353077984,0.041372385,0.055980063,0.614624223,0.516578775,2.30258508,8.80E-05,0.138185756,0.126326903,0.128549766,0.12952168,1335.498047,5.496403051,0.001764461,0.021645816,0.078534664,0.626190123,0.333325738,5.344669632,6.988295839,75297.48542,0.996588934,0.819006803,1.204464312,3.273203375,0.016347075,42451.25455,-1.17E-19,4.02E-05,0.048061405,2.996397023,43.04048441,-34.1330196,0.278724759,0.019649388,0.995586885,0.01697052,175,4.147667917,0,0,0
University Botanic Garden 24kHz_20240828_232900.WAV,University Botanic Garden ,Post-light treatment,0.000263679,8.27E-09,1.875672451,7.959480583,6,42.98151545,-43.99788463,-45.71873283,1.720848197,0.961295352,8.47E-05,0.016205236,0.012233391,0.004338989,13.11952441,1.531127474,296.9709645,0.167722355,1.403044238,0.03996011,0.056065802,0.590777961,0.513259192,2.302585053,0.000142193,0.136617851,0.126135935,0.128929544,0.129602753,1336.333984,5.496980904,0.001716538,0.021571931,0.076545545,0.628738734,0.333326514,5.39854036,6.995205474,75528.90414,0.996672871,0.817219576,1.204454176,2.182135583,0.014623339,42501.70909,2.95E-19,3.99E-05,0.052932163,2.99223227,43.01439775,-34.14276365,0.27761693,0.019627357,0.995680418,0.016388673,169,4.148105508,0,0,0
University Botanic Garden 24kHz_20240828_233000.WAV,University Botanic Garden ,Post-light treatment,0.00026344,8.25E-09,1.842567572,7.635249088,6,42.97358353,-44.00581656,-45.72552005,1.719703493,0.961374488,8.37E-05,0.016709831,0.013009484,0.00372914,5.507287027,0.343103525,296.7151009,0.172441964,1.416748931,0.039489909,0.055947287,0.60890552,0.512757801,2.302585073,9.98E-05,0.136706753,0.126243917,0.128294164,0.129210461,1332.289063,5.492194104,0.001713507,0.021952646,0.076652105,0.626731573,0.333326703,5.412609668,6.995707114,75525.074,0.996688608,0.815502097,1.204668447,3.273203375,0.014623339,42537.16364,-3.82E-19,3.99E-05,0.053323952,2.989266883,43.00620258,-34.15613384,0.266817218,0.019597168,0.995621491,0.015806827,163,4.201853634,0,0,0
University Botanic Garden 24kHz_20240828_233100.WAV,University Botanic Garden ,Post-light treatment,0.000263702,8.24E-09,1.851240634,7.720649977,6,42.98073517,-43.99866492,-45.72028176,1.721616846,0.961468576,7.66E-05,0.014881438,0.011381095,0.004316675,9.549303279,0.918205947,296.9601038,0.17011909,1.409984343,0.039642583,0.055895422,0.623699888,0.513610469,2.302585066,0.000120068,0.135761161,0.126591859,0.128693882,0.129795584,1338.322266,5.498023261,0.001677327,0.021726148,0.074947146,0.628091014,0.333326678,5.410724497,6.996294325,75559.6846,0.996689156,0.816588345,1.204126296,1.091067792,0.013259504,42564.74545,-1.32E-19,3.99E-05,0.049386817,2.988647463,43.01340486,-34.11992822,0.23806373,0.019679026,0.99590976,0.014934057,154,4.007341196,0,0,0
University Botanic Garden 24kHz_20240828_233200.WAV,University Botanic Garden ,Post-light treatment,0.000264034,8.35E-09,1.89368176,8.136180177,7,42.99662505,-43.98277504,-45.71083209,1.728057052,0.960987309,0.00012851,0.029784788,0.022347323,0.004637486,9.902092525,0.906324448,297.1808543,0.161562586,1.385389735,0.040307374,0.055841422,0.601448739,0.516765584,2.302585054,0.000151203,0.137595772,0.126331903,0.129760704,0.12974122,1337.761719,5.508739272,0.001742109,0.021886022,0.077824264,0.626635035,0.333326348,5.386545876,6.993273954,75454.39802,0.996653338,0.817002004,1.205688636,3.273203375,0.020154447,42528.54545,-1.51E-19,4.00E-05,0.05376479,2.99402478,43.02366312,-34.11975103,0.272462047,0.019679427,0.995626336,0.017164469,177,4.044761496,0,0,0
University Botanic Garden 24kHz_20240828_233300.WAV,University Botanic Garden ,Post-light treatment,0.000264312,8.33E-09,1.875425143,7.976125442,6,43.00379204,-43.97560805,-45.69940565,1.723797595,0.961184753,0.0001142,0.02583303,0.019486854,0.003806021,10.61264786,1.411636657,297.0148588,0.165812516,1.397542565,0.040051359,0.055973479,0.626688561,0.51792847,2.302585058,0.000138669,0.135850063,0.126234919,0.12919149,0.129460308,1334.865234,5.511224354,0.00176806,0.022054177,0.078357064,0.627658258,0.33332648,5.396083842,6.994513006,75495.22283,0.996667876,0.816705285,1.205157825,2.182135583,0.020476463,42567.30909,3.84E-19,4.01E-05,0.051023122,3.01444108,43.03056317,-34.10633869,0.278808895,0.019709838,0.995082082,0.018425136,190,4.334613381,0,0,0
University Botanic Garden 24kHz_20240828_233400.WAV,University Botanic Garden ,Post-light treatment,0.000263578,8.18E-09,1.80215471,7.252174611,6,42.97362699,-44.0057731,-45.7320364,1.726263303,0.961817165,9.53E-05,0.021610972,0.016532868,0.004016159,10.26607011,1.117967156,296.9027942,0.175738582,1.426414675,0.039199058,0.055914112,0.650624733,0.514133784,2.302585073,0.000103714,0.136601688,0.126092942,0.128421058,0.12958722,1336.173828,5.510993599,0.001704225,0.021833133,0.076048265,0.623831628,0.333326998,5.435366112,6.998485148,75620.76682,0.996721246,0.815787611,1.205404258,4.364271167,0.019226281,42583.70909,-2.69E-19,3.99E-05,0.053704689,2.991028676,43.00616203,-34.15627951,0.262229383,0.019596839,0.99572365,0.01454616,150,4.214604063,0,0,0
University Botanic Garden 24kHz_20240828_233500.WAV,University Botanic Garden ,Post-light treatment,0.000263567,8.21E-09,1.841887547,7.649096485,6,42.97509834,-44.00430175,-45.72699449,1.722692739,0.961584214,9.41E-05,0.01962327,0.015182013,0.003696669,11.49782093,0.877236067,296.9835255,0.173545543,1.41997606,0.039411934,0.055964002,0.628335523,0.513179442,2.302585054,0.000147619,0.133999289,0.126461881,0.128793585,0.129652002,1336.841797,5.499094251,0.001671834,0.021529938,0.074911626,0.624860396,0.333326739,5.415360947,6.997019572,75584.44883,0.996696807,0.815775252,1.204228724,2.182135583,0.016157653,42565.50909,1.35E-19,3.99E-05,0.056192296,2.991830213,43.00547585,-34.11986823,0.249250706,0.019679161,0.995642064,0.016194725,167,4.206610556,0,0,0
University Botanic Garden 24kHz_20240828_233600.WAV,University Botanic Garden ,Post-light treatment,0.000263961,8.29E-09,1.851047533,7.711348278,6,42.99086047,-43.98853962,-45.70664613,1.718106519,0.961343037,9.02E-05,0.018282038,0.014077392,0.003883204,5.589304093,0.323977137,296.6875119,0.170437632,1.410909749,0.039686333,0.055993834,0.633317822,0.515891161,2.302585077,9.12E-05,0.135583358,0.125397059,0.128975769,0.129214249,1332.328125,5.497866562,0.001675054,0.021661034,0.074805066,0.627397183,0.333326655,5.409003678,6.995508749,75523.56654,0.996684336,0.816268076,1.204417569,2.182135583,0.015797752,42610.45455,4.10E-19,4.00E-05,0.053181331,2.988585129,43.02071522,-34.14290592,0.275270559,0.019627035,0.995508587,0.017067494,176,4.260573444,0,0,0
University Botanic Garden 24kHz_20240828_233700.WAV,University Botanic Garden ,Post-light treatment,0.000264139,8.24E-09,1.808013977,7.310728766,6,42.99330035,-43.98609974,-45.71296251,1.726862769,0.961710075,9.50E-05,0.020752028,0.015784481,0.004094218,9.791621862,1.168985619,296.9756404,0.17645347,1.42852095,0.039264351,0.056089948,0.610401335,0.515569343,2.302585071,0.000112533,0.138129182,0.126281911,0.129029247,0.129848622,1338.869141,5.502005685,0.001709908,0.0216861,0.076332425,0.626587088,0.333326943,5.431038962,6.997813816,75594.3347,0.996714766,0.815041243,1.204604823,2.182135583,0.015911405,42577.4,-4.57E-19,4.00E-05,0.046741975,2.990702952,43.02433091,-34.13320418,0.24890019,0.01964897,0.995701884,0.014643134,151,4.289250897,0.000290923,0.016,0.018184463
University Botanic Garden 24kHz_20240828_233800.WAV,University Botanic Garden ,Post-light treatment,0.000265281,9.44E-09,2.502178999,14.00660716,7,43.0927962,-43.88660389,-45.71339827,1.826794384,0.955068988,0.000124013,0.214034685,0.20906766,0.004240643,13.52209727,1.719155518,297.1700141,0.065304837,1.139735048,0.049393992,0.056296064,0.597645089,0.534918676,2.29331712,0.065505785,0.136585524,0.125659015,0.128924105,0.129272781,1332.931641,5.58577517,0.001680926,0.021753229,0.074627467,0.625371768,0.333320831,5.095471797,6.956090417,74325.51217,0.996132674,0.834085545,1.205494175,6.54640675,0.02185924,42502.10909,-1.30E-20,4.10E-05,0.019885246,7.000684322,43.12367934,-34.14689424,0.327098055,0.019618025,0.992670054,0.018425136,190,4.972847552,0.000678821,0.037333333,0.018184463
University Botanic Garden 24kHz_20240828_233900.WAV,University Botanic Garden ,Post-light treatment,0.000263966,8.21E-09,1.78504259,7.112083638,7,42.98707224,-43.99232785,-45.7173799,1.725052051,0.961808045,0.000106617,0.02508618,0.019224093,0.004104671,10.36893846,1.269451225,296.9929919,0.179711099,1.43816538,0.038859743,0.055886737,0.637561098,0.515604754,2.302585072,0.000105655,0.134306404,0.126023954,0.12887516,0.129607678,1336.384766,5.499638046,0.001758779,0.021829089,0.078463624,0.627768469,0.333327065,5.440678403,6.998430937,75602.4786,0.996726554,0.81377939,1.205161867,3.273203375,0.019605124,42598.78182,-4.66E-19,4.00E-05,0.050792332,3.004912411,43.02028502,-34.13304925,0.293835857,0.019649321,0.995460687,0.020073701,207,4.046019883,0,0,0
University Botanic Garden 24kHz_20240828_234000.WAV,University Botanic Garden ,Post-light treatment,0.000263999,8.19E-09,1.805222427,7.261328537,6,42.98644967,-43.99295041,-45.7254598,1.732509388,0.961886451,9.81E-05,0.019616262,0.015095095,0.003791812,7.480338955,0.569425073,297.2343722,0.178547579,1.43471192,0.038992635,0.055943198,0.601520191,0.516612098,2.302585073,0.000106304,0.13624608,0.126742834,0.128562455,0.130195074,1342.441406,5.518971062,0.001790791,0.021976666,0.079955463,0.627378241,0.33332701,5.436295934,6.998918468,75644.80474,0.99672342,0.815532645,1.205622236,1.091067792,0.018032926,42608.69091,-1.09E-19,4.00E-05,0.049196334,3.003879762,43.01840552,-34.13283437,0.259642513,0.019649807,0.99556047,0.01697052,175,4.239002711,0,0,0
University Botanic Garden 24kHz_20240828_234100.WAV,University Botanic Garden ,Post-light treatment,0.00026434,8.20E-09,1.782779804,7.097566613,6,42.99718649,-43.98221359,-45.70590783,1.723694235,0.961980055,8.90E-05,0.017105789,0.013112768,0.004014178,8.685345798,0.813003879,296.9440286,0.180352166,1.440072331,0.03888089,0.055991295,0.607415317,0.516594652,2.302585063,0.000123327,0.134969127,0.125900975,0.128993897,0.129440797,1334.664063,5.508428749,0.001679411,0.021865663,0.075231306,0.628079145,0.333327102,5.443654477,6.99950776,75651.36071,0.996734046,0.814435437,1.204681344,2.182135583,0.016006116,42630.94545,4.70E-19,4.01E-05,0.047650263,2.996333238,43.02928495,-34.14306878,0.270732539,0.019626667,0.995509828,0.017552366,181,4.237543005,0,0,0
University Botanic Garden 24kHz_20240828_234200.WAV,University Botanic Garden ,Post-light treatment,0.000263611,8.16E-09,1.797404873,7.237236166,6,42.97364976,-44.00575033,-45.72684298,1.721092657,0.961913,7.45E-05,0.013729021,0.010809264,0.003661257,5.877660995,0.382071549,297.301953,0.178772199,1.435377855,0.039043559,0.05604226,0.677466471,0.514512877,2.302585064,0.000132195,0.135357062,0.126263914,0.128802649,0.129530204,1335.585938,5.497836925,0.00170915,0.021671661,0.076296905,0.626975234,0.333327022,5.437252555,6.999085375,75642.99544,0.996725982,0.815433867,1.203660495,1.091067792,0.014907471,42586.90909,2.03E-19,3.99E-05,0.054792948,2.989428502,43.00619536,-34.14657787,0.264639089,0.01961874,0.995596049,0.018619085,192,4.053304414,0,0,0
University Botanic Garden 24kHz_20240828_234300.WAV,University Botanic Garden ,Post-light treatment,0.00026375,8.17E-09,1.798319717,7.227973415,6,42.97818278,-44.00121731,-45.72767032,1.726453013,0.961913138,7.74E-05,0.23195893,0.216267341,0.004521722,8.685445582,0.965841322,296.8956092,0.179650181,1.437984327,0.039073501,0.056187083,0.660440673,0.51376906,2.302584051,0.000746605,0.135639931,0.126280911,0.128855219,0.129450269,1334.761719,5.509221452,0.00165365,0.021680364,0.074059147,0.625287601,0.333327025,5.437542353,6.999086328,75645.25448,0.996726159,0.815789176,1.204831746,2.182135583,0.016081885,42579.76364,3.17E-19,3.99E-05,0.051557721,2.997614142,43.01365525,-34.14670619,0.263009636,0.01961845,0.995653788,0.01609775,166,4.16772627,0,0,0
University Botanic Garden 24kHz_20240828_234400.WAV,University Botanic Garden ,Post-light treatment,0.000264176,8.19E-09,1.811652498,7.353421219,7,42.99185051,-43.98754958,-45.70821812,1.720668539,0.961909687,0.00010267,0.022920227,0.017389794,0.003595926,13.46669609,1.251084804,296.9375595,0.177500764,1.431613202,0.039194399,0.056111219,0.65058946,0.515969373,2.302585062,0.000137735,0.135357062,0.12664585,0.128935888,0.129360293,1333.833984,5.504589892,0.001738321,0.021661143,0.077504584,0.625932918,0.333326964,5.432701703,6.999062267,75654.77949,0.99672116,0.815926527,1.205005058,1.091067792,0.019074744,42614.2,-3.77E-19,4.00E-05,0.048493677,2.990818957,43.02495189,-34.13308931,0.252155822,0.01964923,0.995744206,0.018716059,193,3.922506138,0,0,0
University Botanic Garden 24kHz_20240828_234500.WAV,University Botanic Garden ,Post-light treatment,0.000265013,8.29E-09,1.785062139,7.13498398,6,43.022088,-43.95731208,-45.71293746,1.755625376,0.961761866,0.000113098,0.07440919,0.071482324,0.003675438,8.146730659,0.68013456,297.3148627,0.180695867,1.441095949,0.039247793,0.056559835,0.610312062,0.525242542,2.302584194,0.000696535,0.138032199,0.126032952,0.129669158,0.129713754,1337.478516,5.583683757,0.001792496,0.021919839,0.079848903,0.624454355,0.33332704,5.438699978,6.998141628,75587.65931,0.996724114,0.813730073,1.20787465,5.455338958,0.032163769,42583.94545,-1.22E-19,4.04E-05,0.069156767,5.350087335,43.05871885,-34.13320932,0.370776883,0.019648958,0.986834293,0.019297905,199,5.831619229,0.000290923,0.016,0.018184463
University Botanic Garden 24kHz_20240828_234600.WAV,University Botanic Garden ,Post-light treatment,0.000264314,8.24E-09,1.800629156,7.255770921,6,42.99849054,-43.98090954,-45.70134408,1.72043454,0.961771088,8.14E-05,0.01704094,0.013366439,0.003568661,9.174969674,0.927633188,297.0175956,0.177607779,1.43192962,0.039097721,0.055985185,0.682903514,0.516619103,2.302585066,0.000126296,0.136189506,0.125247084,0.128706571,0.129139617,1331.558594,5.497335139,0.001652703,0.021908891,0.073703947,0.624868631,0.33332698,5.433967497,6.998196829,75605.41037,0.99671952,0.814759592,1.204010877,2.182135583,0.014168728,42613.25455,1.77E-19,4.01E-05,0.048180916,3.002275344,43.03199079,-34.11582247,0.258646223,0.01968833,0.995479373,0.016679597,172,4.226223772,0,0,0
University Botanic Garden 24kHz_20240828_234700.WAV,University Botanic Garden ,Post-light treatment,0.000264019,8.25E-09,1.815084322,7.388300886,6,42.9905526,-43.98884749,-45.70255525,1.713707767,0.961602196,7.45E-05,0.014870347,0.011622717,0.003467994,6.310067406,0.0871152,296.702171,0.174481836,1.422720769,0.039385666,0.056034805,0.689883696,0.514150255,2.302585068,0.00012142,0.135437882,0.125799991,0.128341296,0.129099081,1331.140625,5.487647032,0.001640769,0.021863297,0.072993548,0.629026352,0.333326878,5.426023668,6.997137196,75567.96177,0.996707564,0.815251091,1.204598406,2.182135583,0.012615471,42587.30909,3.52E-19,4.00E-05,0.048824647,2.983513384,43.02498477,-34.13304978,0.263515175,0.019649319,0.995742017,0.017649341,182,3.94198848,0,0,0
University Botanic Garden 24kHz_20240828_234800.WAV,University Botanic Garden ,Post-light treatment,0.000263663,8.22E-09,1.814220885,7.397685264,6,42.97871749,-44.0006826,-45.72063426,1.719951662,0.96161575,8.04E-05,0.015204398,0.011897691,0.004200298,8.094556119,0.871008155,296.909919,0.176307648,1.428091017,0.039079667,0.055809322,0.606823699,0.513832867,2.302585055,0.000153615,0.136262244,0.126350899,0.127936139,0.129458224,1334.84375,5.497899903,0.001703278,0.021802887,0.075941706,0.626485551,0.333326873,5.425574441,6.997221951,75570.39257,0.996707967,0.814631346,1.203953966,1.091067792,0.010077223,42577.70909,-3.96E-19,3.99E-05,0.050111548,2.993437989,43.01433579,-34.14666327,0.26063891,0.019618547,0.995624196,0.016194725,167,4.139754491,0,0,0
University Botanic Garden 24kHz_20240828_234900.WAV,University Botanic Garden ,Post-light treatment,0.000263954,8.16E-09,1.815165319,7.398123462,7,42.98379553,-43.99560456,-45.71059096,1.714986406,0.961960524,7.47E-05,0.014305189,0.011023425,0.003993101,15.45371256,1.42773823,297.102344,0.17608706,1.427440939,0.039283782,0.056075279,0.616496964,0.515214529,2.302585069,0.000121109,0.135195422,0.125874979,0.128369394,0.129586652,1336.167969,5.487824104,0.001708014,0.021948082,0.076367945,0.626277483,0.33332695,5.431606019,6.999379632,75672.14934,0.996721632,0.816286275,1.204519491,0,0.011933554,42613.12727,-5.01E-20,4.00E-05,0.048757944,2.98033567,43.01791339,-34.15629529,0.259516031,0.019596803,0.995795638,0.017067494,176,4.0031456,0.000290923,0.016,0.018184463
University Botanic Garden 24kHz_20240828_235000.WAV,University Botanic Garden ,Post-light treatment,0.00026444,8.22E-09,1.818232387,7.379577295,7,43.00107804,-43.97832205,-45.70030156,1.721979511,0.961846903,0.000101002,0.023787738,0.018337023,0.003951129,6.178436591,0.375089546,296.8868855,0.173969899,1.421219274,0.039375887,0.055961769,0.645498482,0.516710521,2.302585034,0.000187812,0.135615686,0.125835985,0.128461846,0.129469779,1334.962891,5.508154546,0.001704604,0.021782508,0.076225865,0.627357316,0.33332694,5.430800411,6.998668637,75644.54519,0.996717258,0.816843274,1.205582059,1.091067792,0.017426777,42638.12727,-2.44E-19,4.01E-05,0.046053204,2.995706331,43.03253477,-34.11588824,0.252567941,0.019688181,0.995864906,0.015612878,161,4.058288303,0.000290923,0.016,0.018184463
University Botanic Garden 24kHz_20240828_235100.WAV,University Botanic Garden ,Post-light treatment,0.000264129,8.15E-09,1.816740898,7.386789443,7,42.9880777,-43.99132238,-45.7157302,1.724407815,0.962067954,0.000103082,0.021958824,0.016784851,0.004041912,7.840215912,0.870981251,297.0203453,0.178487762,1.43453464,0.039037632,0.056000836,0.597046659,0.516166146,2.302585066,0.000129614,0.136973459,0.125840985,0.128206244,0.129455383,1334.814453,5.515822437,0.001791548,0.021847282,0.079884423,0.626132533,0.333326979,5.433917088,7.00005205,75706.5487,0.996726068,0.816960842,1.205379377,3.273203375,0.016176595,42620.4,-2.14E-19,4.00E-05,0.044795609,2.991211571,43.02267003,-34.14677896,0.251144294,0.019618286,0.995851946,0.014740109,152,4.091296514,0,0,0
University Botanic Garden 24kHz_20240828_235200.WAV,University Botanic Garden ,Post-light treatment,0.000263822,8.20E-09,1.797048989,7.219270324,6,42.98219332,-43.99720677,-45.72230529,1.725098527,0.9617908,9.73E-05,0.018415973,0.014006377,0.004378896,8.854532627,1.030585977,297.2018207,0.177215626,1.43077052,0.039189732,0.056071513,0.599420331,0.516330603,2.302585066,0.000108561,0.138104936,0.12616693,0.129289381,0.129480197,1335.070313,5.505788699,0.00168945,0.021900079,0.075337866,0.626911346,0.333327009,5.436264576,6.998320866,75607.55423,0.996721628,0.815237042,1.205526281,2.182135583,0.015835637,42546.25455,-1.09E-19,4.00E-05,0.053609165,2.992469535,43.01685769,-34.16017315,0.284683753,0.019588056,0.995477648,0.017649341,182,4.19283038,0.000290923,0.016,0.018184463
University Botanic Garden 24kHz_20240828_235300.WAV,University Botanic Garden ,Post-light treatment,0.000263892,8.18E-09,1.810064781,7.311451571,6,42.9828896,-43.99651049,-45.71730339,1.720792898,0.961879189,7.32E-05,0.01420782,0.0111952,0.003704531,7.179128254,0.311271264,296.6801986,0.177601349,1.431910603,0.039073215,0.055949351,0.646858004,0.513955802,2.302585079,9.08E-05,0.137442214,0.126579861,0.129167018,0.129517134,1335.451172,5.488408652,0.001678653,0.021887349,0.074876106,0.624865273,0.333326979,5.43391535,6.99887208,75646.76043,0.996721278,0.815524593,1.204407318,2.182135583,0.008486083,42605.32727,3.24E-19,4.00E-05,0.050042466,2.991407203,43.01620297,-34.13342094,0.269509424,0.01964848,0.995665839,0.017067494,176,4.041243254,0,0,0
University Botanic Garden 24kHz_20240828_235400.WAV,University Botanic Garden ,Post-light treatment,0.000263499,8.25E-09,1.834640213,7.575722386,6,42.97535316,-44.00404693,-45.72148162,1.71743469,0.961407418,8.51E-05,0.015275703,0.011662772,0.004216348,8.313211638,0.941314077,297.1254241,0.171489308,1.413970053,0.039580244,0.05596528,0.64681335,0.513763103,2.302585007,0.000222046,0.136189506,0.125654016,0.128639499,0.129555019,1335.841797,5.492340857,0.001669182,0.021874273,0.074378827,0.627622051,0.333326741,5.415471332,6.995914468,75526.84243,0.996692427,0.815637993,1.204308451,1.091067792,0.013827769,42517.63636,4.05E-19,3.99E-05,0.054554939,2.985024861,43.00924615,-34.14265181,0.260803528,0.01962761,0.995635909,0.016291699,168,4.198308033,0,0,0
University Botanic Garden 24kHz_20240828_235500.WAV,University Botanic Garden ,Post-light treatment,0.000263593,8.25E-09,1.832960005,7.555701627,6,42.97785451,-44.00154558,-45.72081129,1.719265712,0.961457963,8.38E-05,0.018802559,0.01435857,0.00378319,8.864337736,1.012079059,296.8925264,0.174501153,1.42277746,0.03935781,0.055997405,0.603609604,0.513811853,2.302585065,0.000124388,0.13750687,0.126133936,0.12855883,0.129558239,1335.875,5.494694729,0.001685283,0.021896016,0.074982666,0.625846217,0.333326761,5.41699221,6.996231197,75540.82069,0.996695227,0.815097775,1.204157592,0,0.015456794,42553.12727,-1.45E-19,3.99E-05,0.055288891,2.987564777,43.01088408,-34.13335934,0.263831536,0.019648619,0.995739567,0.016582622,171,4.0268113,0,0,0
University Botanic Garden 24kHz_20240828_235600.WAV,University Botanic Garden ,Post-light treatment,0.00026393,8.30E-09,1.854792403,7.788985271,7,42.99065665,-43.98874344,-45.71075676,1.722013324,0.961277407,0.000137142,0.031198657,0.023315264,0.004197405,8.267362294,0.962257263,297.1198367,0.169089977,1.406999488,0.03971239,0.055875312,0.612626994,0.517279985,2.30258506,0.000143208,0.137240164,0.125194093,0.128406556,0.12917163,1331.888672,5.508342827,0.001694754,0.021681791,0.075764106,0.624482129,0.333326596,5.404653577,6.995096679,75504.5512,0.996679088,0.815684384,1.204376414,1.091067792,0.017767736,42486.43636,-1.71E-19,4.01E-05,0.052792193,2.992089977,43.02954797,-34.13316771,0.266699229,0.019649053,0.995600346,0.019685803,203,3.971397106,0,0,0
University Botanic Garden 24kHz_20240828_235700.WAV,University Botanic Garden ,Post-light treatment,0.000263434,8.18E-09,1.798545574,7.235383079,7,42.96931663,-44.01008346,-45.73614541,1.726061955,0.961794581,0.000132499,0.029233617,0.021736134,0.004363831,13.71238538,1.750005976,297.0789401,0.176387881,1.42832755,0.039004738,0.055711542,0.599898738,0.514042133,2.30258507,0.000118267,0.136310736,0.126212922,0.128960361,0.129681363,1337.144531,5.501477228,0.001682252,0.021762096,0.075089226,0.626226837,0.333327,5.43552772,6.998344231,75609.93436,0.996721189,0.814886445,1.204849404,3.273203375,0.016441785,42594.83636,-3.51E-19,3.98E-05,0.052722333,2.98950785,43.00139062,-34.16506678,0.26782971,0.019577026,0.995635008,0.017067494,176,4.06758336,0,0,0
University Botanic Garden 24kHz_20240828_235800.WAV,University Botanic Garden ,Post-light treatment,0.00026454,8.27E-09,1.810662635,7.332487917,7,43.00701667,-43.97238342,-45.7009718,1.728588383,0.961660846,0.000112714,0.022810005,0.017334671,0.003974026,9.888035696,1.252244959,297.017323,0.174850338,1.423802727,0.039391182,0.056085272,0.641979685,0.517452246,2.302585062,0.000119765,0.137409886,0.125482044,0.129913884,0.129634765,1336.664063,5.507836874,0.001690776,0.021821984,0.075231306,0.628558497,0.333326923,5.429487015,6.997505269,75582.25249,0.99671191,0.815139757,1.204945017,7.637474542,0.019320992,42600.76364,3.49E-19,4.02E-05,0.049065167,2.99618305,43.03977851,-34.12933043,0.270955257,0.019657735,0.995625659,0.016873545,174,4.129458358,0,0,0
University Botanic Garden 24kHz_20240828_235900.WAV,University Botanic Garden ,Post-light treatment,0.000265212,9.29E-09,2.399714143,12.84608376,5,43.08243874,-43.89696135,-45.72059319,1.823631842,0.955975522,8.42E-05,0.173858473,0.169681317,0.003522564,5.860922372,0.733893625,297.0063008,0.076548499,1.165787805,0.048243957,0.056242217,0.629869086,0.528871529,2.294509297,0.061390054,0.135930883,0.125614022,0.128697508,0.129465991,1334.923828,5.582036557,0.001742678,0.02179234,0.077575624,0.626702359,0.333322048,5.146709498,6.96179384,74488.62868,0.996227785,0.832720038,1.20569179,1.091067792,0.019245224,42550.58182,-1.59E-19,4.08E-05,0.032902278,6.231461816,43.11113961,-34.12918391,0.292916704,0.019658067,0.993425651,0.016388673,169,4.9781055,0.000581846,0.032,0.018184463
Fenswood Farm 24kHz_20240904_204900.WAV,Fenswood Farm,Pre-light treatment,0.000271625,1.01E-08,1.71713968,6.488968264,5,43.30687077,-43.67252932,-45.51185969,1.839330372,0.956544281,0.000377136,0.062687768,0.057717034,0.006844483,9.531444763,2.115252353,296.5743607,0.211663299,1.536987047,0.043258141,0.066487203,0.959387619,0.557158792,2.302520195,0.005944312,0.140424466,0.130011288,0.135234397,0.131917862,1360.205078,5.723203022,0.003913637,0.02297369,0.15415669,0.627131121,0.333326428,5.392278937,6.965502826,73979.85157,0.996545106,0.795019863,1.208922329,156.0226942,0.225600997,41588.8,-2.97E-19,4.31E-05,0.074904519,3.980283476,43.34523094,-33.8721815,0.405975804,0.020248413,0.989487925,0.02492242,257,5.245515172,0.002618309,0.020571429,0.127291242
Fenswood Farm 24kHz_20240904_205000.WAV,Fenswood Farm,Pre-light treatment,0.000274419,1.25E-08,2.6368051,15.23781281,5,43.50499941,-43.47440067,-45.47218938,1.997788713,0.945159709,0.000933982,0.652194961,0.607238924,0.006386942,9.912234569,2.169435104,296.6336459,0.041146261,1.085823852,0.063804932,0.069280917,1.019067176,0.604768048,2.296679104,0.055702482,0.139519284,0.130563196,0.135079404,0.131792844,1358.916016,5.88643404,0.003821957,0.022522044,0.149468053,0.629533192,0.333314761,4.897621374,6.893963097,71790.02782,0.995518796,0.824912011,1.208878356,123.2906605,0.214709261,41333.38182,-3.86E-19,4.49E-05,0.382616846,29.35994595,43.52533556,-33.84124723,0.546303405,0.020320652,0.976234555,0.028801396,297,6.240879084,0.004169899,0.019111111,0.218213558
Fenswood Farm 24kHz_20240904_205100.WAV,Fenswood Farm,Pre-light treatment,0.000271649,1.42E-08,4.622933214,44.49504728,5,43.51893794,-43.46046214,-45.43878722,1.978325079,0.93024234,0.00051337,0.062839821,0.04683386,0.0071889,8.40192352,1.872844966,296.6747091,-0.054154761,0.897254629,0.073201104,0.06568003,0.914313838,0.567749795,2.302573823,0.002482842,0.148118514,0.129451382,0.134337977,0.131667826,1357.626953,5.714229676,0.004013652,0.022693749,0.152238611,0.627669501,0.333241581,4.098901683,6.799415715,70006.80946,0.992618494,0.840864087,1.208299678,136.383474,0.218156732,39172.90909,2.65E-19,4.85E-05,0.06896178,3.280743883,43.85803687,-33.64760271,0.410647035,0.020778771,0.992874073,0.039080683,403,4.149239413,0.010473235,0.024,0.436427117
Fenswood Farm 24kHz_20240904_205200.WAV,Fenswood Farm,Pre-light treatment,0.000272205,1.14E-08,2.514240051,14.13638028,5,43.38952757,-43.58987251,-45.53411105,1.944238535,0.949194274,0.000712258,0.688839875,0.653092267,0.005599153,7.868526857,1.728424555,296.5124696,0.087549783,1.191900405,0.057342945,0.068347079,0.970123045,0.562607877,2.29554676,0.061130962,0.138266576,0.130890141,0.133943697,0.131503408,1355.931641,5.794085534,0.003596546,0.022723784,0.142328538,0.628123908,0.333317902,4.990256797,6.91927878,72729.69802,0.99580912,0.822600574,1.2073631,82.92115217,0.163489689,41702.92727,4.81E-20,4.41E-05,0.302258061,27.48561259,43.44908423,-33.91660362,0.477104241,0.020145118,0.980202969,0.02337083,241,6.196323135,0.002521334,0.023111111,0.109106779
Fenswood Farm 24kHz_20240904_205300.WAV,Fenswood Farm,Pre-light treatment,0.000271172,9.61E-09,1.631489503,6.121269693,5,43.27049734,-43.70890275,-45.51120232,1.802299566,0.958500149,0.000701865,0.067680286,0.05061752,0.006444602,9.5801507,2.13398622,296.2751097,0.270771904,1.742626086,0.040181693,0.070021667,1.070188991,0.544311418,2.302581284,0.001532529,0.137159344,0.132651847,0.136596702,0.132513025,1366.341797,5.691259281,0.004501223,0.022859164,0.173621636,0.625144779,0.333326989,5.434677229,6.977754199,74441.21582,0.996644607,0.792360837,1.207473689,187.6636602,0.252214716,41552.56364,1.40E-19,4.28E-05,0.067821746,3.879058927,43.31462218,-33.85081768,0.362453844,0.020298274,0.991843862,0.02492242,257,4.590820728,0.00242436,0.019047619,0.127291242
Fenswood Farm 24kHz_20240904_205400.WAV,Fenswood Farm,Pre-light treatment,0.000275105,1.17E-08,2.454128304,13.75061824,6,43.48680678,-43.49259331,-45.486528,1.99393469,0.94901652,0.001239346,0.667030662,0.625072518,0.008066484,9.69959566,2.086708834,296.1809554,0.10881492,1.244202741,0.059117865,0.073554609,1.096232295,0.586256104,2.295515797,0.061797891,0.136585524,0.132436883,0.135094813,0.132064853,1361.720703,5.906835904,0.004630787,0.022815796,0.177706433,0.627593986,0.333318116,4.997243057,6.918175931,72595.02365,0.995820974,0.82156223,1.209103859,193.1189991,0.283071477,41535.27273,-2.95E-19,4.52E-05,0.359136804,35.0447046,43.5468761,-33.8505336,0.564489681,0.020298938,0.972683971,0.028122576,290,6.513587177,0.004266874,0.021333333,0.200029095
Fenswood Farm 24kHz_20240904_205500.WAV,Fenswood Farm,Pre-light treatment,0.000282412,1.34E-08,1.636192111,5.397753447,8,43.76241167,-43.21698841,-45.43701716,2.220028741,0.94797116,0.004144969,0.51204665,0.466564616,0.009927232,11.2715087,2.474691791,296.8467492,0.317944226,1.932311514,0.039775124,0.07685793,1.206080241,0.786354045,2.292378731,0.07635492,0.138420134,0.133867644,0.138631549,0.132989799,1371.257813,6.267768849,0.005099037,0.0226747,0.193583861,0.627380601,0.333325763,5.346301886,6.911882323,71401.23442,0.996268588,0.746394917,1.21233118,209.485016,0.330616271,41381.30909,2.62E-20,4.69E-05,0.218587364,351.6810931,43.71531848,-33.74689869,1.322766678,0.020542584,0.873185362,0.032874321,339,10.2304132,0.00572149,0.019666667,0.290951411
Fenswood Farm 24kHz_20240904_205600.WAV,Fenswood Farm,Pre-light treatment,0.000274618,9.91E-09,1.520607124,5.607612638,6,43.38302546,-43.59637462,-45.42049963,1.824125006,0.958666536,0.001199234,0.151640423,0.142726004,0.009195521,19.15530723,3.379873921,296.1107686,0.316584007,1.926475265,0.039851145,0.076772246,1.215198406,0.555458021,2.302575446,0.002456842,0.135704587,0.134196589,0.137190388,0.132701688,1368.287109,5.738524679,0.00514734,0.022967693,0.194436341,0.627179075,0.333327293,5.459216162,6.978811109,74343.34213,0.996682168,0.788325367,1.208544975,228.0331685,0.335768536,41400.76364,1.06E-19,4.39E-05,0.066372662,3.093024703,43.42328028,-33.72467706,0.421742314,0.020595206,0.993584275,0.03878976,400,4.062402062,0.009988363,0.020345679,0.490980506
Fenswood Farm 24kHz_20240904_205700.WAV,Fenswood Farm,Pre-light treatment,0.000279714,2.02E-08,5.80813177,60.39225964,5,44.00428093,-42.97511916,-45.35176104,2.376641886,0.903944716,0.001607812,0.637961404,0.602243939,0.007701536,15.59174588,2.606118916,296.4359442,-0.219406564,0.640142065,0.11531019,0.073814903,1.003088535,0.643015147,2.294748412,0.064081136,0.156669253,0.131971961,0.138284402,0.133309921,1374.558594,6.088106393,0.00551709,0.022731984,0.201149616,0.628053398,0.333104519,3.641993511,6.633050792,65779.51746,0.988138448,0.865502076,1.210770949,195.3011347,0.272615411,38002.67273,-3.01E-19,5.49E-05,0.393510985,28.10947219,44.39561725,-33.4428744,0.732320068,0.021274349,0.973548116,0.059833204,617,5.340871914,0.022304112,0.025034014,0.891038697
Fenswood Farm 24kHz_20240904_205800.WAV,Fenswood Farm,Pre-light treatment,0.000274447,9.96E-09,1.514497802,5.534377978,5,43.38044743,-43.59895265,-45.44621174,1.847259087,0.958466947,0.001555799,0.163437704,0.117641646,0.008254728,14.41565965,2.593136969,295.9632724,0.297270442,1.84604508,0.039590203,0.0730853,1.120232274,0.556316333,2.302584885,0.000358699,0.138088773,0.132899806,0.138801951,0.132842807,1369.742188,5.809703004,0.005269516,0.022704116,0.197420018,0.631824031,0.333327305,5.460174334,6.977563943,74278.6217,0.996678028,0.78466744,1.210385487,185.4815246,0.295819543,41486.81818,3.76E-19,4.39E-05,0.064284003,3.24418476,43.42340035,-33.78890733,0.511915266,0.020443471,0.991351868,0.05159038,532,4.525138415,0.029965089,0.028912281,1.036514402
Fenswood Farm 24kHz_20240904_205900.WAV,Fenswood Farm,Pre-light treatment,0.00027794,1.07E-08,1.391653885,4.920911152,5,43.51565607,-43.46374402,-45.37682003,1.913076009,0.957027837,0.003866703,0.39598652,0.26055134,0.012094137,17.95769262,3.304009309,295.9285386,0.321150807,1.946162448,0.041323891,0.080423004,1.283639892,0.570273162,2.302583549,0.000982639,0.138654511,0.134966461,0.139815296,0.13337584,1375.238281,5.954890409,0.005735493,0.02325727,0.212409448,0.6288248,0.333327414,5.469296086,6.968579558,73671.85985,0.996664409,0.78007745,1.212078625,218.2135583,0.340977627,41183.63636,1.01E-19,4.52E-05,0.071139,3.38144756,43.55367127,-33.68582236,0.582772617,0.020687541,0.989924775,0.062451513,644,4.636788131,0.041214119,0.031924883,1.291096887
Fenswood Farm 24kHz_20240904_210000.WAV,Fenswood Farm,Pre-light treatment,0.000282037,1.21E-08,1.424501777,4.914673995,6,43.69362237,-43.28577771,-45.28887859,2.003100875,0.95318449,0.00700182,0.452243509,0.299022199,0.020561649,45.77720607,5.798837109,295.9189197,0.374365923,2.196756817,0.0409828,0.090029244,1.23661249,0.588134509,2.302582993,0.001165152,0.140190088,0.133992623,0.144946373,0.134486607,1386.691406,6.047835837,0.006316449,0.023160755,0.231021914,0.627835023,0.333326865,5.424991306,6.944531531,72553.03564,0.996520998,0.769412253,1.213344419,261.85627,0.37132295,40914.2,-4.22E-19,4.71E-05,0.075893167,3.462731765,43.72980614,-33.54614673,0.652666885,0.021022902,0.988539185,0.066524438,686,4.863250138,0.047517455,0.036807512,1.291096887
Fenswood Farm 24kHz_20240904_210100.WAV,Fenswood Farm,Pre-light treatment,0.0002794,1.12E-08,1.518881405,5.43786094,8,43.57798992,-43.40141016,-45.36633154,1.964921377,0.95532366,0.006266882,0.421433924,0.256361072,0.021782451,55.63739179,6.422586257,295.8218528,0.373248731,2.191058559,0.040032829,0.087714273,1.262465375,0.573633106,2.302582426,0.001313228,0.138703003,0.133963628,0.141116873,0.133457859,1376.083984,5.999544939,0.005916959,0.023111172,0.217630884,0.625174232,0.333326889,5.426837792,6.957897743,73336.24852,0.996563733,0.779842384,1.211846009,258.5830666,0.373520239,41066.47273,2.68E-19,4.59E-05,0.07366405,3.588469794,43.61555839,-33.68620461,0.555026903,0.020686631,0.990110551,0.04916602,507,4.792072786,0.027249806,0.03568254,0.763747454
Fenswood Farm 24kHz_20240904_210200.WAV,Fenswood Farm,Pre-light treatment,0.000286108,1.56E-08,2.656597888,15.69474444,8,43.95890081,-43.02049928,-45.36020575,2.339706469,0.937890577,0.007913472,0.641576557,0.602963012,0.026963455,26.6122005,4.629394391,296.1516981,0.157196614,1.373032707,0.072387436,0.099390317,1.33825609,0.653115931,2.276054382,0.122430856,0.137636181,0.13556736,0.144164158,0.134474863,1386.570313,6.410595489,0.006575388,0.023056205,0.240576788,0.628261818,0.333309286,4.768446659,6.848380433,69846.18962,0.995053465,0.81605562,1.216252662,309.8632528,0.46281353,40783.90909,4.04E-19,4.98E-05,0.477088914,51.65675176,43.97150375,-33.60950401,0.786791358,0.020870113,0.968452152,0.05246315,541,6.059602302,0.027055857,0.035428571,0.763747454
Fenswood Farm 24kHz_20240904_210300.WAV,Fenswood Farm,Pre-light treatment,0.000284376,1.64E-08,2.84171772,16.25398697,7,43.95132201,-43.02807808,-45.38938434,2.36130626,0.93324687,0.007323113,0.320947672,0.269469429,0.029877996,25.4745974,4.529460298,295.9957415,0.111856523,1.251888407,0.075374658,0.094360661,1.251598726,0.602222868,2.227785976,0.20463418,0.136714835,0.133857646,0.143156252,0.134147732,1383.197266,6.38998457,0.005986477,0.022899319,0.220543522,0.626966962,0.333306837,4.719952196,6.819238877,69002.66042,0.994710718,0.820999939,1.214328343,266.2205412,0.399830884,40826.74545,3.47E-19,5.01E-05,0.328378368,42.08404636,43.9954297,-33.66046556,0.715934155,0.020748023,0.978242605,0.053432894,551,5.692477331,0.027249806,0.03842735,0.709194065
Fenswood Farm 24kHz_20240904_210400.WAV,Fenswood Farm,Pre-light treatment,0.000280137,1.16E-08,1.544408825,5.566503304,8,43.61651608,-43.36288401,-45.3550192,1.992135198,0.954076684,0.005922928,0.364116143,0.243840922,0.026150951,37.78930492,5.236604669,296.1123032,0.393926725,2.299931018,0.04000903,0.092018008,1.285492833,0.582109924,2.302579166,0.00194222,0.137361394,0.133871643,0.141763129,0.133905462,1380.699219,6.033956151,0.00596905,0.02287884,0.220579042,0.629619453,0.333326594,5.40448574,6.950090761,72997.38307,0.996508143,0.781035443,1.212864663,294.5883038,0.415458158,40838.2,-2.53E-20,4.62E-05,0.082900853,3.755988464,43.65011468,-33.64774184,0.563906067,0.020778439,0.988759569,0.050814585,524,4.787525002,0.025989139,0.029777778,0.872854233
Fenswood Farm 24kHz_20240904_210500.WAV,Fenswood Farm,Pre-light treatment,0.000279755,1.15E-08,1.456220322,5.052285293,7,43.60419108,-43.37520901,-45.345264,1.970054988,0.954427774,0.004122655,0.315093558,0.213904565,0.02178947,19.62732138,3.716075181,296.1431166,0.388366035,2.269929589,0.040622593,0.092210425,1.254059412,0.58130926,2.302583991,0.000840462,0.139389972,0.133680675,0.141948939,0.133824768,1379.867188,5.960276754,0.005866384,0.023046341,0.219939682,0.628372022,0.33332698,5.43398568,6.952304811,72982.11783,0.996555427,0.77940036,1.213272306,273.8580157,0.37361495,40784.18182,-1.24E-19,4.61E-05,0.087817435,3.415489396,43.64058673,-33.62235983,0.572336743,0.020839246,0.989917048,0.056923972,587,4.550807097,0.023467804,0.027460993,0.85466977
Fenswood Farm 24kHz_20240904_210600.WAV,Fenswood Farm,Pre-light treatment,0.00028765,1.30E-08,1.288707486,4.468369318,7,43.88232165,-43.09707843,-45.25074014,2.153661704,0.952534625,0.00405283,0.319061751,0.239078877,0.027956016,35.89593336,4.82706878,296.3019403,0.29053411,1.819022068,0.049619015,0.090258083,1.39444486,0.623130801,2.302419627,0.009984474,0.142792487,0.135517369,0.145975127,0.135355673,1395.652344,6.315402318,0.007319246,0.02383932,0.269596607,0.629868795,0.333327021,5.43720903,6.940487132,72108.26388,0.99654019,0.773871774,1.219337145,361.143439,0.554019979,40589.21818,-1.37E-19,4.92E-05,0.129233582,8.419735879,43.92107476,-33.47113326,1.127715062,0.021205247,0.956248234,0.05973623,616,7.275576545,0.020849496,0.024397163,0.85466977
Fenswood Farm 24kHz_20240904_210700.WAV,Fenswood Farm,Pre-light treatment,0.000285216,1.49E-08,2.93763558,20.01386966,9,43.90664376,-43.07275632,-45.31015435,2.237398032,0.939140261,0.002567444,0.531255615,0.496761726,0.019052174,29.37659189,4.446980423,295.8677739,0.080858251,1.17594294,0.075808831,0.089146859,1.474973385,0.615099331,2.287745746,0.094161743,0.139042447,0.135851313,0.141490306,0.133821548,1379.833984,6.207151243,0.006398658,0.023461357,0.238907349,0.627740889,0.333303859,4.666692096,6.856072043,70388.16683,0.994850362,0.823401545,1.212985538,290.2240326,0.425194422,40703.76364,-3.47E-19,4.98E-05,0.412448323,47.5299581,43.97230632,-33.57119361,0.80978282,0.020962367,0.964420457,0.050329713,519,6.264856503,0.014352211,0.021333333,0.672825138
Fenswood Farm 24kHz_20240904_210800.WAV,Fenswood Farm,Pre-light treatment,0.000280412,1.09E-08,1.458558544,5.88904449,8,43.59056039,-43.38883969,-45.27458682,1.885747128,0.95706204,0.001689754,0.169930115,0.104646656,0.017324943,60.90655432,6.302463842,295.5632869,0.343818763,2.047938416,0.042779305,0.087609381,1.542137965,0.57690237,2.302583073,0.001125156,0.138630265,0.135137432,0.140361849,0.133479642,1376.308594,5.834675983,0.005856723,0.023104699,0.220614562,0.627450617,0.333326755,5.416526838,6.96877092,73714.92295,0.996621066,0.786344171,1.210883147,255.3098633,0.391553165,40699.47273,-4.30E-19,4.61E-05,0.06852463,3.150227644,43.63990708,-33.57134382,0.471920977,0.020962004,0.992737335,0.044026377,454,4.081618138,0.011830877,0.020333333,0.581902822
Fenswood Farm 24kHz_20240904_210900.WAV,Fenswood Farm,Pre-light treatment,0.000281302,1.33E-08,2.687172532,19.1137206,9,43.72912346,-43.25027663,-45.22056693,1.970290295,0.944850255,0.001370272,0.083782922,0.063192369,0.009973067,12.61298001,2.721916633,296.0259216,0.192575472,1.477011695,0.058238152,0.086018432,1.39678483,0.60141259,2.302582929,0.001165766,0.147762907,0.134837482,0.140134345,0.133842006,1380.044922,5.860353324,0.005765611,0.023046175,0.214540646,0.626928622,0.333307285,4.728469332,6.891919946,71525.35504,0.995301143,0.802392479,1.211613982,247.6723887,0.361075247,39044.23636,2.37E-19,4.99E-05,0.079258167,3.497494103,43.97946865,-33.34667257,0.550241855,0.021511286,0.988868427,0.048099302,496,4.720715282,0.018425136,0.023565891,0.781931917
Fenswood Farm 24kHz_20240904_211000.WAV,Fenswood Farm,Pre-light treatment,0.000285921,2.04E-08,6.211877363,72.57529939,6,44.16465886,-42.81474122,-45.26365366,2.448912437,0.906112048,0.002303113,0.201427688,0.174595124,0.01859914,30.62387857,4.487966647,296.524769,-0.103234641,0.812850979,0.104017593,0.084550802,1.461843423,0.641238871,2.302544415,0.004959201,0.149056024,0.135047447,0.139968476,0.133659593,1378.164063,6.202380536,0.006526896,0.023247915,0.234858072,0.629339705,0.333045462,3.527192593,6.646152759,66314.9348,0.98736456,0.846346438,1.214585753,276.0401513,0.431502158,38145.4,4.18E-19,5.90E-05,0.108751083,33.84682413,44.70936028,-33.359365,1.007679192,0.021479875,0.951196153,0.079228084,817,5.891371487,0.047323507,0.032945148,1.436572592
Fenswood Farm 24kHz_20240904_211100.WAV,Fenswood Farm,Pre-light treatment,0.000285404,1.19E-08,1.326897771,4.899831911,9,43.77325317,-43.20614691,-45.28416341,2.078016501,0.955360183,0.003529999,0.169693985,0.119971344,0.020049981,32.35129633,4.617817545,296.2690075,0.376364409,2.207001055,0.041261735,0.091064692,1.449596966,0.614907526,2.30255738,0.004126417,0.139842563,0.136400221,0.143526966,0.134660496,1388.484375,6.218744313,0.007353153,0.023518354,0.269170367,0.629470233,0.33332714,5.446730585,6.9581515,73022.3997,0.99661531,0.769172772,1.218614308,330.5935409,0.543109301,40730.74545,-2.98E-19,4.79E-05,0.110275278,11.5800011,43.80699663,-33.59696338,0.905652935,0.020900267,0.966608711,0.056051202,578,6.508290295,0.029480217,0.026579235,1.109252255
Fenswood Farm 24kHz_20240904_211200.WAV,Fenswood Farm,Pre-light treatment,0.00028764,1.47E-08,2.452660263,15.23348026,8,43.96042351,-43.01897658,-45.13530068,2.116324106,0.942571733,0.003763205,0.17499011,0.133043121,0.015946777,18.62789089,3.395753984,295.8557323,0.197122051,1.491038648,0.06242116,0.093072362,1.395418871,0.623957903,2.302578511,0.002011887,0.143810817,0.135652346,0.145217384,0.134906365,1391.019531,6.198767749,0.008072576,0.023670188,0.286575155,0.630340836,0.333312179,4.832516052,6.877746189,70681.12451,0.995376893,0.795449254,1.215770948,362.2345068,0.566805929,39680.85455,-4.03E-19,4.99E-05,0.085662265,4.430963459,43.98074126,-33.39626083,0.771983892,0.021388827,0.982667752,0.0564391,582,5.700039426,0.027249806,0.026292398,1.036514402
Fenswood Farm 24kHz_20240904_211300.WAV,Fenswood Farm,Pre-light treatment,0.000289132,1.35E-08,1.278294438,4.306848739,5,43.94538226,-43.03401782,-45.23514994,2.201132122,0.951250254,0.002268203,0.259104393,0.252317015,0.011580058,15.46022266,3.133996812,296.1908401,0.380449518,2.228146954,0.04109186,0.091558702,1.400760219,0.72832612,2.302176194,0.015525184,0.13714318,0.134997455,0.143553251,0.134154362,1383.265625,6.305220355,0.00707262,0.023508358,0.258052615,0.62733739,0.333326961,5.432482729,6.932457049,71702.97138,0.996504722,0.746842229,1.21759576,312.0453884,0.472701332,40643.90909,-4.76E-19,4.95E-05,0.177964388,350.0114139,43.94395235,-33.55856936,1.629005869,0.020992856,0.87298954,0.069045772,712,8.520800907,0.040147401,0.027949367,1.436572592
Fenswood Farm 24kHz_20240904_211400.WAV,Fenswood Farm,Pre-light treatment,0.000296509,1.39E-08,0.971337784,3.285304603,11,44.15046402,-42.82893607,-45.00745248,2.178516413,0.953645684,0.004657304,0.196699583,0.136924009,0.024866896,48.93664636,5.960839759,295.5943396,0.465130164,2.7392275,0.039640222,0.108583587,1.911592275,0.642668477,2.302584321,0.000704532,0.135454046,0.141164426,0.152598124,0.1374556,1417.304688,6.357670807,0.009929096,0.024304793,0.346071112,0.630717328,0.33332803,5.524267714,6.947492542,71869.98199,0.996687696,0.742668688,1.220611844,435.3360489,0.762440446,39876.21818,1.57E-19,5.23E-05,0.130823643,4.435252537,44.18569356,-33.18528519,1.142053871,0.021914711,0.973389308,0.085434445,881,6.208650702,0.052851047,0.032296296,1.636601688
Fenswood Farm 24kHz_20240904_211500.WAV,Fenswood Farm,Pre-light treatment,0.000295323,1.41E-08,1.057361952,3.354239188,9,44.12788584,-42.85151425,-45.11860031,2.267086063,0.952350423,0.003192634,0.3986112,0.363605512,0.017154595,12.67186527,2.740900135,296.055115,0.446685757,2.614582539,0.039180098,0.102439601,1.761493622,0.684849153,2.301545012,0.025426516,0.137927133,0.139717667,0.144659048,0.135812747,1400.365234,6.478436799,0.008219946,0.023888037,0.294354029,0.626909932,0.333327849,5.507462565,6.939381898,71646.58522,0.99662711,0.736706253,1.220243805,408.0593541,0.587661236,40328.18182,-3.11E-19,5.25E-05,0.172918426,267.722269,44.19942478,-33.35624049,1.595466085,0.021487603,0.885983922,0.067591156,697,8.494497614,0.035007758,0.026374429,1.327465813
Fenswood Farm 24kHz_20240904_211600.WAV,Fenswood Farm,Pre-light treatment,0.000294346,1.57E-08,2.047677696,11.54329188,10,44.17248351,-42.80691658,-45.07528726,2.268370679,0.943302596,0.002766243,0.655227299,0.608207068,0.013982687,15.92204307,3.035512527,295.4982268,0.219138328,1.561273105,0.067890683,0.105995898,1.825452463,0.67254629,2.276531208,0.126844823,0.138711085,0.138815818,0.145981472,0.135548693,1397.642578,6.302042068,0.007938086,0.023833702,0.287960434,0.626832592,0.333316791,4.955480923,6.882452488,70311.67041,0.995666072,0.789623151,1.215520132,364.4166424,0.519204309,40273.67273,2.58E-19,5.27E-05,0.44305594,47.88439469,44.2146263,-33.34376178,1.020157706,0.021518496,0.964430216,0.0806827,832,5.902254568,0.048584174,0.024971963,1.945737562
Fenswood Farm 24kHz_20240904_211700.WAV,Fenswood Farm,Pre-light treatment,0.000298529,1.48E-08,1.118794543,3.864237945,10,44.23947028,-42.7399298,-44.87197917,2.13204937,0.95093405,0.003236186,0.213922442,0.162760662,0.019310316,20.62793223,3.591194034,295.2212091,0.497147467,2.977309187,0.039574408,0.117825248,1.997331367,0.655850226,2.302584027,0.000830968,0.136924967,0.14017859,0.149152933,0.13646985,1407.140625,6.197696999,0.009175009,0.023913173,0.329945043,0.628851026,0.333327283,5.458417061,6.930504477,71261.22203,0.996544426,0.738506824,1.217719378,402.6040151,0.654621733,39834.05455,4.82E-20,5.34E-05,0.090648209,4.094255767,44.27589495,-33.11268234,1.093738296,0.022098657,0.976753945,0.097944143,1010,5.606789695,0.065748642,0.02916129,2.254873436
Fenswood Farm 24kHz_20240904_211800.WAV,Fenswood Farm,Pre-light treatment,0.000298763,1.59E-08,1.491373758,6.53473357,10,44.29197748,-42.68742261,-44.91083487,2.223412263,0.946237168,0.002236508,0.639047872,0.593910683,0.013905463,14.38820114,2.728808628,295.4278902,0.3191113,1.937337628,0.058280056,0.112908145,1.92999997,0.690051571,2.292693443,0.078423305,0.139648595,0.138748829,0.148008161,0.136008609,1402.384766,6.2720001,0.008682892,0.023475645,0.316660573,0.626152496,0.333323807,5.23143668,6.901011755,70372.59603,0.99616384,0.764169961,1.217419032,357.8702357,0.604481864,39942.43636,5.74E-20,5.38E-05,0.240305156,17.88374107,44.30917344,-33.12801586,0.969793789,0.02205968,0.97131455,0.083785881,864,5.590142834,0.050426687,0.026666667,1.891184172
Fenswood Farm 24kHz_20240904_211900.WAV,Fenswood Farm,Pre-light treatment,0.000291719,1.40E-08,1.35854532,5.331124314,9,44.03092404,-42.94847605,-44.94912167,2.000645625,0.950489877,0.001699694,0.10738788,0.078735293,0.01432684,11.03342601,2.538730563,294.8942059,0.427213966,2.491705248,0.043706814,0.108904498,1.881184342,0.628513772,2.302583386,0.00104586,0.142905635,0.138496871,0.143557783,0.13481317,1390.058594,5.914843302,0.007071862,0.023238055,0.257732935,0.626788248,0.333325895,5.355138254,6.927667906,71523.57028,0.99641448,0.757224145,1.213391145,326.2292697,0.506323647,39579.94545,-8.41E-20,5.14E-05,0.082290997,3.357553709,44.11123989,-33.13984447,0.619933975,0.022029659,0.989450605,0.064875873,669,4.49181046,0.036462374,0.025383966,1.436572592
Fenswood Farm 24kHz_20240904_212000.WAV,Fenswood Farm,Pre-light treatment,0.000297739,1.65E-08,1.620619113,7.119307937,9,44.29092844,-42.68847164,-44.78360628,2.09513464,0.943520137,0.002339097,0.105180783,0.074221748,0.014042773,11.29719628,2.543135427,295.4858966,0.455599157,2.673763595,0.048409284,0.129434982,2.056477311,0.668615942,2.302583009,0.001151842,0.144408884,0.140763492,0.144314619,0.135608361,1398.257813,5.970765257,0.008104967,0.0232055,0.293927789,0.626825979,0.33332254,5.168965274,6.883977495,69814.27938,0.995996048,0.752971741,1.214188918,354.5970323,0.544643615,38649.90909,-2.37E-19,5.50E-05,0.089500874,4.342520446,44.40291751,-32.96116527,0.817948006,0.022487529,0.984429596,0.083882855,865,4.863121198,0.050426687,0.028013468,1.800261856
Fenswood Farm 24kHz_20240904_212100.WAV,Fenswood Farm,Pre-light treatment,0.000296174,1.49E-08,1.191835684,4.013962785,8,44.18239071,-42.79700937,-44.82167934,2.024669965,0.94973161,0.001867686,0.157743456,0.135920929,0.012040012,7.186043042,1.829067417,295.6281923,0.520951017,3.174938408,0.040162484,0.127513413,2.124541011,0.656350745,2.30256495,0.003529921,0.136464294,0.13946371,0.143873207,0.135414394,1396.257813,5.918747466,0.007184947,0.023095783,0.263771331,0.624979238,0.333326998,5.435412795,6.922972274,71044.49482,0.996482725,0.747001455,1.212799574,288.041897,0.477891481,39472.76364,2.26E-19,5.29E-05,0.081008191,5.621032975,44.23123501,-33.0202217,0.719328795,0.022335152,0.985187458,0.071373157,736,4.731278997,0.036753297,0.027315315,1.345650276
Fenswood Farm 24kHz_20240904_212200.WAV,Fenswood Farm,Pre-light treatment,0.000295901,1.45E-08,1.084755387,3.438711996,7,44.15873068,-42.82066941,-44.8048275,1.984158094,0.951265697,0.001771839,0.101774311,0.077044669,0.011177871,6.281555156,1.69492669,295.1370415,0.524848322,3.209182229,0.039124647,0.125558121,2.186988875,0.647973463,2.302584354,0.000682586,0.136512786,0.140191588,0.143332092,0.134913374,1391.091797,5.873081541,0.006994199,0.023331149,0.255637257,0.62738154,0.333327651,5.489773283,6.932592949,71353.48701,0.996583158,0.746962026,1.212130901,278.2222869,0.436749133,39532.78182,-3.53E-20,5.24E-05,0.071503769,3.30323298,44.19618062,-32.98168302,0.59183361,0.022434472,0.990992349,0.068754849,709,4.107835068,0.029674166,0.024358209,1.218359034
Fenswood Farm 24kHz_20240904_212300.WAV,Fenswood Farm,Pre-light treatment,0.00029559,1.48E-08,1.167540793,3.878216249,9,44.16555758,-42.81384251,-44.8594782,2.045635691,0.94981353,0.002427072,0.125022322,0.107275085,0.013247383,6.135561252,1.582292725,295.2851958,0.507720996,3.062736748,0.039891724,0.122177849,2.067113979,0.65241884,2.302581375,0.001535967,0.136173342,0.139324733,0.144647264,0.13523558,1394.414063,5.977451701,0.007513782,0.023106319,0.267287808,0.627582057,0.333327117,5.444878361,6.923490616,71029.93374,0.996497209,0.744699797,1.213122957,279.3133547,0.522272937,39589.69091,2.41E-19,5.25E-05,0.078898397,4.162585244,44.20112005,-33.05609538,0.737701872,0.022243096,0.985657906,0.085240497,879,4.483843717,0.047323507,0.026289562,1.800261856
Fenswood Farm 24kHz_20240904_212400.WAV,Fenswood Farm,Pre-light treatment,0.00029344,1.46E-08,1.252357692,4.305790157,9,44.10316549,-42.8762346,-44.87102699,1.994792396,0.949363119,0.001937881,0.098709504,0.072396578,0.012327582,7.136141167,1.740393352,294.9204141,0.528909524,3.245468976,0.039068413,0.126795321,2.020500534,0.640989847,2.302584423,0.000660521,0.137062361,0.139867642,0.142322372,0.134806919,1389.994141,5.850558013,0.006978477,0.023093106,0.255956937,0.625405047,0.333326715,5.413510292,6.92065378,71039.02057,0.996443551,0.747517207,1.211733454,260.7652022,0.423072902,39574.47273,4.61E-19,5.17E-05,0.07605261,3.395180928,44.13692608,-33.0887299,0.663629846,0.022159681,0.989776238,0.080585725,831,4.138321033,0.037432118,0.023393939,1.600232761
Fenswood Farm 24kHz_20240904_212500.WAV,Fenswood Farm,Pre-light treatment,0.000297601,1.63E-08,1.382368529,5.018595382,8,44.27780152,-42.70159857,-44.70109319,1.999494618,0.945119853,0.001772408,0.082799064,0.059913087,0.012982311,8.096155077,1.977201682,295.1056886,0.55014517,3.445878688,0.040775993,0.140509127,2.171034546,0.665771399,2.30258199,0.001414344,0.139050529,0.140809485,0.142631452,0.134729445,1389.195313,5.816130194,0.006733934,0.022899243,0.25133934,0.627767524,0.333325382,5.321809749,6.894073848,69948.86897,0.996226784,0.741410908,1.211927396,241.125982,0.354066652,39191.87273,-4.56E-20,5.38E-05,0.078537465,3.376066753,44.3092385,-32.89057608,0.675550701,0.022671027,0.9896925,0.081361521,839,4.184742762,0.036462374,0.024757202,1.472941519
Fenswood Farm 24kHz_20240904_212600.WAV,Fenswood Farm,Pre-light treatment,0.000295864,1.51E-08,1.24604679,4.247152094,8,44.18618525,-42.79321484,-44.75965985,1.966445011,0.948584258,0.001600587,0.098128938,0.06766527,0.012583614,7.297636193,1.938545506,295.4881115,0.535853856,3.308987642,0.039785824,0.131650799,2.195053635,0.656203539,2.302584625,0.000545101,0.139236414,0.138753828,0.141768568,0.134772065,1389.634766,5.796895154,0.006008639,0.022817648,0.227292317,0.626584503,0.333326657,5.409159368,6.915783499,70783.52217,0.996420633,0.745995285,1.210650629,212.7582194,0.326032271,39398,3.50E-19,5.28E-05,0.083078964,3.354500661,44.22273306,-32.94640578,0.639657811,0.022525773,0.989870612,0.072827773,751,4.321440425,0.036850272,0.026666667,1.382019203
Fenswood Farm 24kHz_20240904_212700.WAV,Fenswood Farm,Pre-light treatment,0.000302951,1.80E-08,1.432921002,5.520747393,8,44.47763068,-42.50176941,-44.5980618,2.09629239,0.941812194,0.002250142,0.09581982,0.076323234,0.013232286,8.546121903,2.181294405,295.0681728,0.592511218,3.908110579,0.038885937,0.151970542,2.314228127,0.693598705,2.30258242,0.001297204,0.137159344,0.141147428,0.145805632,0.135996296,1402.257813,5.927549672,0.007546931,0.023160631,0.276274362,0.628362656,0.333324164,5.25052194,6.873355577,68988.95036,0.996059972,0.724713435,1.214417071,284.7686936,0.458362125,38851.38182,-3.15E-19,5.65E-05,0.096166088,4.718434688,44.51761075,-32.71693802,0.841849717,0.0231288,0.982958958,0.093289372,962,4.777669882,0.05799069,0.029530864,1.963922025
Fenswood Farm 24kHz_20240904_212800.WAV,Fenswood Farm,Pre-light treatment,0.000299716,1.66E-08,1.357570835,5.0693958,8,44.34415222,-42.63524786,-44.67370356,2.0384557,0.944969718,0.001970718,0.17533312,0.163499328,0.011538605,6.473941266,1.667039411,294.895422,0.562513654,3.571571247,0.038976528,0.139207447,2.12477908,0.675296313,2.302579125,0.001957065,0.135357062,0.139728665,0.145096834,0.135377078,1395.873047,5.878851463,0.007221316,0.022933412,0.267110209,0.62806585,0.333325268,5.314638839,6.893135236,69823.55652,0.996222849,0.732173409,1.213590408,308.772185,0.459517596,39150.8,2.21E-19,5.47E-05,0.083946061,3.689193089,44.38105498,-32.85562231,0.753435105,0.022762444,0.987779338,0.086792087,895,4.424897654,0.046547711,0.0256,1.818446319
Fenswood Farm 24kHz_20240904_212900.WAV,Fenswood Farm,Pre-light treatment,0.00030471,1.96E-08,2.005057414,10.31558383,10,44.58234605,-42.39705404,-44.65515125,2.258097216,0.935288985,0.001963661,0.67333233,0.626072701,0.011662037,10.62893572,2.098557315,295.659612,0.31621099,1.92487883,0.070991977,0.136650953,2.097299892,0.711637339,2.276569304,0.12740829,0.138387806,0.139772658,0.145378722,0.135757247,1399.792969,6.150803217,0.007203131,0.022929645,0.269063807,0.626222769,0.333315313,4.912700075,6.832294433,68018.93141,0.995334462,0.76656129,1.213636932,341.5042188,0.463969002,38998.6,3.25E-19,5.80E-05,0.369784643,45.00507653,44.63483722,-32.84108564,0.874549441,0.022800571,0.970604202,0.086695112,894,5.064709507,0.044123351,0.02379085,1.854815246
Fenswood Farm 24kHz_20240904_213000.WAV,Fenswood Farm,Pre-light treatment,0.000299707,1.61E-08,1.273265477,4.703296523,9,44.3226342,-42.65676588,-44.71628627,2.05952039,0.946880298,0.002029213,0.400806042,0.36612787,0.011012473,4.814553789,1.262628759,294.658032,0.523773129,3.199679024,0.040089041,0.128272065,2.010911144,0.666359288,2.302543785,0.005066382,0.137959461,0.138577857,0.149119396,0.135723151,1399.441406,5.96077588,0.008137737,0.023437727,0.297692907,0.62748883,0.333325954,5.359097503,6.905107971,70243.23775,0.996329997,0.731935058,1.213555502,379.6915915,0.486623812,39215.69091,-3.29E-21,5.45E-05,0.089063482,3.502465148,44.36254004,-32.93462595,0.802771365,0.022556344,0.987819843,0.094647013,976,4.443312671,0.055663305,0.025300275,2.200320047
Fenswood Farm 24kHz_20240904_213100.WAV,Fenswood Farm,Pre-light treatment,0.000302035,1.67E-08,1.166318744,4.188928982,10,44.40172853,-42.57767155,-44.69485899,2.117187442,0.94659736,0.003236839,0.208171687,0.147531361,0.013751405,8.660292579,2.075288884,294.99433,0.509972352,3.081402364,0.0401433,0.123697658,1.96684941,0.688173117,2.302580079,0.001775417,0.138791905,0.139215751,0.14975387,0.136420979,1406.636719,6.086958806,0.008506351,0.02352692,0.305045541,0.623595777,0.333326358,5.387243323,6.903363656,69940.86655,0.996371077,0.722255558,1.215458833,412.4236253,0.569552541,39192.69091,1.52E-19,5.55E-05,0.099309508,4.292068927,44.44130189,-32.8670876,0.846418183,0.022732417,0.983995714,0.095034911,980,4.700282328,0.054596587,0.027547401,1.982106488
Fenswood Farm 24kHz_20240904_213200.WAV,Fenswood Farm,Pre-light treatment,0.000310068,1.88E-08,1.078987203,3.715888624,9,44.67866903,-42.30073105,-44.43341215,2.132681095,0.943761946,0.003257671,0.214909095,0.139447432,0.018196293,12.9067955,2.634956283,294.7365127,0.553008123,3.474354236,0.039439071,0.137025305,2.13481492,0.723899305,2.302582183,0.001352515,0.138678757,0.138975791,0.152796623,0.136982425,1412.425781,6.070050161,0.0086899,0.023458473,0.312114016,0.622274119,0.333326388,5.389419975,6.885651741,68847.33951,0.996323685,0.703668208,1.215353558,375.3273203,0.536763681,38812.85455,1.46E-19,5.90E-05,0.101451877,3.942487164,44.71017051,-32.56654022,0.850739611,0.023532767,0.984590024,0.090865012,937,4.843499762,0.054208689,0.029228758,1.854815246
Fenswood Farm 24kHz_20240904_213300.WAV,Fenswood Farm,Pre-light treatment,0.000307611,1.82E-08,1.128384525,3.957588214,9,44.5962874,-42.38311269,-44.47791293,2.094800242,0.944382836,0.002420586,0.19988024,0.139460235,0.014928061,6.312761988,1.616009116,294.7585336,0.53796275,3.328655317,0.03915614,0.130337292,2.034940551,0.709773957,2.30258456,0.000582212,0.136221834,0.138578857,0.152138584,0.136550544,1407.972656,6.017303066,0.008389667,0.023551217,0.30650186,0.626387552,0.333326249,5.379523372,6.889521942,69153.87189,0.996317599,0.706829883,1.214340129,396.0576084,0.511210722,38976.85455,2.73E-19,5.79E-05,0.100006752,3.653922028,44.62838653,-32.63705121,0.823464553,0.023342504,0.986642984,0.093095423,960,4.61357997,0.054402638,0.027962617,1.945737562
Fenswood Farm 24kHz_20240904_213400.WAV,Fenswood Farm,Pre-light treatment,0.000311085,1.99E-08,1.213024398,4.245581522,10,44.74266879,-42.2367313,-44.47994421,2.243212906,0.940605437,0.002532464,0.126045701,0.113940528,0.010649302,7.506681083,1.615362055,295.0793286,0.564767689,3.595247065,0.03962565,0.142464001,2.123219286,0.750364657,2.302512698,0.006705482,0.136957295,0.13939972,0.152186622,0.137170141,1414.361328,6.164793953,0.009487554,0.024057921,0.339855116,0.625426122,0.333325362,5.320553355,6.865872541,68155.05766,0.996148966,0.70111235,1.216732352,404.7861507,0.551046061,38970.87273,5.30E-19,5.99E-05,0.214693893,12.86138519,44.77578618,-32.67142093,1.37607878,0.023250321,0.957642167,0.090574088,934,6.772100914,0.044899147,0.028383142,1.582048298
Fenswood Farm 24kHz_20240904_213500.WAV,Fenswood Farm,Pre-light treatment,0.000307606,2.50E-08,3.82118322,33.71549785,10,44.85042306,-42.12897703,-44.56307473,2.434097703,0.912671987,0.001774818,0.688639849,0.643748182,0.009555981,6.483782424,1.578483482,295.4773099,0.085894878,1.187932166,0.108689781,0.129116086,2.050666903,0.772299909,2.281422671,0.114508454,0.152894967,0.138134931,0.146044919,0.135803087,1400.265625,6.167304916,0.007428543,0.023268001,0.268531008,0.625780289,0.33321855,3.986924555,6.689203041,64756.11952,0.991436159,0.790070531,1.21414468,295.6793715,0.379392306,36589.94545,-4.61E-19,6.73E-05,0.229573879,17.67539743,45.2810777,-32.52474829,0.859522545,0.023646267,0.977357468,0.088343677,911,4.844552432,0.042474787,0.027162791,1.563863835
Fenswood Farm 24kHz_20240904_213600.WAV,Fenswood Farm,Pre-light treatment,0.00029653,1.52E-08,1.250640751,4.527930503,9,44.20648477,-42.77291531,-44.7689161,1.996000793,0.94859286,0.001600449,0.086824566,0.064855644,0.010738854,7.474276711,1.846566236,295.1725607,0.482865893,2.867468752,0.041477613,0.118935758,1.890192651,0.655998199,2.302584089,0.000800162,0.138452462,0.137520034,0.146427416,0.135235201,1394.410156,5.87073446,0.006946844,0.02314761,0.261391493,0.626081192,0.333326387,5.389372548,6.915829211,70752.81828,0.996405002,0.74045375,1.21230574,314.227524,0.374884074,39396.81818,-3.11E-20,5.30E-05,0.090486916,4.032933861,44.24059905,-32.99651325,0.650252719,0.0223962,0.987193416,0.064972847,670,4.500093136,0.023855702,0.024296296,0.981961013
Fenswood Farm 24kHz_20240904_213700.WAV,Fenswood Farm,Pre-light treatment,0.00030091,1.67E-08,1.224850676,4.33215311,9,44.37619816,-42.60320193,-44.59772582,1.994523886,0.945789932,0.001332532,0.066087825,0.048603151,0.010007411,4.720740434,1.293436238,294.8782685,0.54338567,3.380064027,0.03910589,0.132180412,2.054915933,0.680933186,2.302584276,0.000722064,0.135809653,0.137879974,0.146829853,0.13532404,1395.326172,5.815286161,0.006914453,0.023163475,0.259366854,0.628733862,0.333326131,5.371246716,6.898302272,69823.94963,0.996322527,0.7254799,1.211497488,296.7704393,0.380699314,39048.14545,-4.71E-19,5.51E-05,0.09829319,3.34175946,44.40946243,-32.79755485,0.645872616,0.022915126,0.989904589,0.076609775,790,4.234304049,0.037723041,0.025300813,1.491125982
Fenswood Farm 24kHz_20240904_213800.WAV,Fenswood Farm,Pre-light treatment,0.000314175,2.06E-08,1.353413512,5.186725749,13,44.83695927,-42.14244082,-44.32424736,2.181806539,0.939350524,0.002343956,0.442262672,0.400053802,0.009430556,5.490217248,1.39307689,295.4200208,0.577062507,3.728831171,0.042651962,0.159041964,2.262058917,0.768842874,2.301999223,0.019015144,0.138395888,0.138820817,0.151091702,0.136431019,1406.740234,6.267885395,0.00820877,0.023515991,0.300925224,0.62664539,0.33332407,5.245394074,6.857970585,68016.88124,0.996003468,0.706991538,1.217068357,377.5094559,0.494484804,38469.21818,7.22E-20,6.14E-05,0.108780127,15.75682979,44.87999921,-32.51330518,0.946930134,0.02367744,0.974661414,0.09678045,998,5.015054652,0.054984484,0.028,1.963922025
Fenswood Farm 24kHz_20240904_213900.WAV,Fenswood Farm,Pre-light treatment,0.000319722,2.41E-08,1.483278206,6.075628109,11,45.08675803,-41.89264206,-44.05578387,2.163141813,0.932019069,0.003528171,0.507414549,0.323083216,0.017810295,42.24410183,4.958467615,294.8799734,0.626349673,4.352598016,0.039633792,0.172509964,2.366423182,0.790532892,2.30258212,0.00136782,0.137167426,0.140606519,0.152607187,0.137085849,1413.492188,6.071633536,0.008812645,0.023334205,0.325398487,0.627027492,0.333321005,5.102516614,6.812038393,66035.15539,0.995614181,0.683108405,1.217219122,440.7913878,0.55464507,37827.47273,6.39E-20,6.48E-05,0.117507951,3.731607228,45.11751774,-32.17289998,0.897949168,0.024623796,0.985377925,0.112587277,1161,4.531400803,0.069239721,0.028207407,2.454902531
Fenswood Farm 24kHz_20240904_214000.WAV,Fenswood Farm,Pre-light treatment,0.000317697,2.42E-08,1.652410283,7.200156108,12,45.04680912,-41.93259097,-44.10153196,2.168940989,0.929937093,0.001569467,0.062706201,0.049352363,0.013044432,10.25249845,2.135371337,294.8099749,0.616304438,4.212465815,0.040536108,0.170756971,2.279059424,0.78838828,2.30180829,0.021958463,0.13518734,0.140005619,0.153139239,0.13705611,1413.185547,5.985492707,0.008740097,0.023503087,0.32110057,0.629866871,0.333318581,5.012761532,6.798936504,65801.43119,0.995388939,0.68329924,1.215461328,352.4148967,0.521382656,37954.18182,2.57E-20,6.42E-05,0.118117374,4.129102044,45.0774744,-32.24845505,0.965011612,0.024410532,0.982935177,0.115787432,1194,4.735158595,0.074379364,0.030078431,2.473086994
Fenswood Farm 24kHz_20240904_214100.WAV,Fenswood Farm,Pre-light treatment,0.00031757,2.27E-08,1.402163146,5.595679761,11,44.9910545,-41.98834559,-44.16233061,2.17398502,0.935001425,0.001553255,0.056740486,0.04185095,0.014665912,15.42775179,2.858505633,295.3330721,0.608171963,4.104279963,0.039380204,0.16162738,2.285151016,0.802225133,2.302522347,0.006248416,0.138468626,0.139802653,0.152356117,0.13687919,1411.361328,6.052144074,0.008468277,0.023459788,0.310622177,0.626713148,0.333322424,5.163629341,6.830733772,66764.22673,0.995793695,0.687894038,1.217043656,339.3220832,0.513559548,38113.52727,-4.69E-19,6.34E-05,0.126207212,13.48306623,45.01780408,-32.30712161,0.996634697,0.024246216,0.967682325,0.101920093,1051,5.160713243,0.064197052,0.028704607,2.236688973
Fenswood Farm 24kHz_20240904_214200.WAV,Fenswood Farm,Pre-light treatment,0.00031929,2.42E-08,1.477232584,6.110842243,10,45.07965568,-41.89974441,-44.04633029,2.14658588,0.931755875,0.001539437,0.06912714,0.05798338,0.010206259,11.06522547,2.282184127,294.5190495,0.61517547,4.197173886,0.039005995,0.163714946,2.209134023,0.791144765,2.302579484,0.001884455,0.13628649,0.138030949,0.152747678,0.136257698,1404.953125,5.952464611,0.00860163,0.023550081,0.307851619,0.626310597,0.333320751,5.092312195,6.810390451,65937.61244,0.995602327,0.675544001,1.214509093,342.5952866,0.549341268,37965.32727,-3.84E-19,6.48E-05,0.108369446,4.159049343,45.11537321,-32.18368774,0.889329473,0.024593232,0.982997899,0.106865787,1102,4.704463985,0.071373157,0.029737374,2.400349142
Fenswood Farm 24kHz_20240904_214300.WAV,Fenswood Farm,Pre-light treatment,0.000303945,1.87E-08,1.47633425,5.852357354,10,44.52671672,-42.45268337,-44.52015398,2.06747061,0.940193022,0.001958765,0.120325108,0.079532259,0.011588902,13.20110069,2.518424973,295.088802,0.548029037,3.425063031,0.041917373,0.143569646,2.063034279,0.702648474,2.30258183,0.001435965,0.140012285,0.139217751,0.14594159,0.135434093,1396.460938,5.879776225,0.007162405,0.023124132,0.263309571,0.626104435,0.333323449,5.212957781,6.863206901,68561.78721,0.995965174,0.720603617,1.212770356,290.2240326,0.407483513,38590.56364,-2.54E-19,5.75E-05,0.093784925,3.426776023,44.59345301,-32.68275688,0.67774429,0.023219997,0.989209764,0.080197828,827,4.365441648,0.04916602,0.03144186,1.563863835
Fenswood Farm 24kHz_20240904_214400.WAV,Fenswood Farm,Pre-light treatment,0.000310355,2.41E-08,2.598764058,16.39924911,11,44.87883602,-42.10056407,-44.41397283,2.313408762,0.922186855,0.001616604,0.654025543,0.613727958,0.012168246,6.55915316,1.851363076,295.5770577,0.25328965,1.678414728,0.086396603,0.145009331,2.186423011,0.755573403,2.292188144,0.080525382,0.149144926,0.138969792,0.144878394,0.135172692,1393.765625,6.081752083,0.007127931,0.023069505,0.262599172,0.627000395,0.333292619,4.505159503,6.749866714,65432.49356,0.993972935,0.763103494,1.212929734,290.2240326,0.381381231,37104.69091,1.46E-19,6.50E-05,0.217523122,17.02265023,45.12676795,-32.41048229,0.759782997,0.023959397,0.979366665,0.075155159,775,4.842237627,0.033165244,0.027223881,1.218359034
Fenswood Farm 24kHz_20240904_214500.WAV,Fenswood Farm,Pre-light treatment,0.000308239,1.92E-08,1.404362489,5.398361433,12,44.65057117,-42.32882892,-44.45719464,2.128365717,0.940437644,0.010258243,0.704987335,0.564406941,0.012579706,7.854878824,2.061447004,295.5503339,0.597074839,3.963700943,0.039666017,0.157224229,2.259010668,0.724506627,2.302563929,0.003681837,0.137409886,0.1401226,0.146755529,0.13574304,1399.646484,6.205110355,0.007217338,0.023354577,0.270093886,0.627368774,0.333324042,5.243917311,6.864760689,68487.81558,0.996020091,0.721053541,1.216022512,298.9525749,0.464215249,38487.76364,-4.73E-19,5.86E-05,0.10087573,3.578796149,44.6812283,-32.61174305,0.786024577,0.023410616,0.986513542,0.082719162,853,4.778814405,0.050523662,0.027511551,1.836630783
Fenswood Farm 24kHz_20240904_214600.WAV,Fenswood Farm,Pre-light treatment,0.000311226,2.26E-08,1.708623047,7.360198045,11,44.84589999,-42.1335001,-44.34792274,2.214422636,0.931019167,0.002079243,0.150917882,0.147069892,0.014806705,10.59466836,2.492228012,295.3102018,0.597367039,3.967303213,0.040179141,0.159402834,2.15535867,0.774017564,2.30246656,0.008564339,0.136181424,0.137465043,0.149975935,0.135982848,1402.119141,6.01869641,0.008076743,0.023443194,0.295242028,0.62525996,0.33331885,5.02194205,6.805699045,66296.00688,0.995413087,0.694396738,1.215567179,388.4201338,0.531781896,38193.94545,-1.11E-19,6.12E-05,0.130222892,11.28850664,44.87086198,-32.46848028,1.047180899,0.023799947,0.968973495,0.095713732,987,5.590320638,0.064391001,0.032193939,2.000290951
Fenswood Farm 24kHz_20240904_214700.WAV,Fenswood Farm,Pre-light treatment,0.000304438,1.87E-08,1.514408577,6.025334994,10,44.5418914,-42.43750868,-44.52761981,2.090111124,0.939894959,0.001726463,0.072369696,0.056040743,0.018015212,12.99960058,2.85175317,295.0820285,0.567085363,3.619848416,0.03951836,0.143050474,2.122980298,0.70460723,2.302573176,0.002748762,0.136666343,0.13868184,0.147425352,0.135617453,1398.351563,5.920563929,0.007327581,0.023011163,0.270804286,0.626526227,0.333323196,5.20032135,6.861331724,68557.04669,0.995933908,0.717743416,1.213859479,346.9595578,0.478289266,38665.43636,-3.57E-19,5.73E-05,0.10552408,4.056182146,44.57842967,-32.71561473,0.738393396,0.023132324,0.986179053,0.078161365,806,4.613403111,0.039565555,0.026864198,1.472941519
Fenswood Farm 24kHz_20240904_214800.WAV,Fenswood Farm,Pre-light treatment,0.00030363,1.66E-08,1.108605429,3.650788871,11,44.43796634,-42.54143374,-44.53100688,1.989573138,0.947443612,0.001333718,0.284199646,0.268735237,0.018092711,21.96260623,3.601612323,295.4624385,0.548805826,3.432681344,0.039646195,0.136092753,2.243204242,0.697079736,2.302580092,0.001785191,0.136237998,0.140425549,0.1456026,0.135600784,1398.179688,5.878507705,0.006844177,0.0231026,0.26458829,0.62777359,0.333327008,5.436161373,6.908678804,70138.14328,0.996442323,0.728571629,1.213283399,334.957812,0.377782223,38939.07273,-2.31E-19,5.59E-05,0.082491426,3.323561233,44.47516397,-32.66014514,0.473969376,0.023280524,0.991663301,0.048778123,503,4.001580297,0.010861133,0.017568627,0.618271749
Fenswood Farm 24kHz_20240904_214900.WAV,Fenswood Farm,Light treatment,0.000296825,2.83E-08,6.371620435,69.61930982,8,44.73256664,-42.24683344,-45.01082778,2.763994336,0.881553906,0.00177089,0.631006983,0.578323558,0.016938876,8.090155728,2.074735287,296.2289739,-0.174818252,0.702390983,0.148953325,0.104623473,1.685296507,0.669551317,2.195063649,0.256916927,0.150575437,0.138559861,0.143321215,0.13523236,1394.380859,6.313698516,0.007129067,0.023577095,0.26501453,0.628261171,0.332928425,3.356619291,6.490962199,61990.52784,0.983509508,0.84421841,1.215627513,406.9682863,0.524905895,38883.12727,-1.60E-19,6.05E-05,0.15089172,30.73927094,44.82082659,-33.11557458,0.733207356,0.0220913,0.979243978,0.053335919,550,5.615129831,0.018231187,0.023317829,0.781931917
Fenswood Farm 24kHz_20240904_215000.WAV,Fenswood Farm,Light treatment,0.000289391,1.75E-08,3.705835985,31.83106893,8,44.1279527,-42.85144739,-45.10201862,2.250571229,0.928766721,0.00160064,0.158817014,0.153867915,0.013892547,7.947120332,2.175380183,295.605196,0.114682972,1.25907775,0.078088892,0.098319986,1.594341748,0.63847609,2.218797364,0.226697254,0.138517118,0.136120268,0.143288585,0.134477325,1386.595703,6.043155135,0.006484277,0.023093316,0.244555025,0.627601346,0.333263784,4.237433883,6.790527782,68563.97129,0.993230271,0.809029722,1.21246263,345.86849,0.395871975,40105.50909,2.69E-19,5.38E-05,0.266260627,26.36443463,44.31128034,-33.35618996,0.659223164,0.021487728,0.984467929,0.057796742,596,4.98557237,0.02666796,0.022916667,1.163805644
Fenswood Farm 24kHz_20240904_215100.WAV,Fenswood Farm,Light treatment,0.000288651,1.28E-08,1.220585554,4.069753659,9,43.90109236,-43.07830773,-45.02561536,1.947307637,0.953612402,0.001607398,0.09884595,0.067908528,0.013031814,7.539795202,1.974859519,295.609869,0.437155155,2.553377132,0.038862604,0.099230883,1.580513595,0.617361055,2.302583203,0.001093462,0.137288656,0.135346397,0.145632511,0.134899546,1390.949219,5.836177488,0.006721622,0.022976333,0.252902219,0.628679385,0.333327506,5.477181539,6.947243941,72337.44021,0.996606271,0.75431536,1.20992317,322.9560663,0.398220802,40262.34545,-1.13E-19,4.94E-05,0.07911137,3.221691655,43.93629231,-33.26092886,0.525272472,0.021724688,0.991499719,0.056826998,586,4.222900258,0.023758728,0.022528736,1.054698865
Fenswood Farm 24kHz_20240904_215200.WAV,Fenswood Farm,Light treatment,0.000281326,1.09E-08,1.31322256,4.600486006,8,43.61428906,-43.36511102,-45.24752087,1.88240985,0.957799169,0.001717154,0.116906074,0.081192237,0.012846488,8.951716672,2.303935208,295.8244382,0.391881348,2.288831863,0.039314052,0.089983255,1.496977388,0.580995043,2.302584771,0.000441171,0.139058611,0.13628924,0.139479931,0.133668117,1378.251953,5.801795801,0.005949729,0.022986257,0.22338512,0.62564473,0.333327724,5.496227282,6.973416592,73791.08341,0.996714527,0.776751369,1.209872674,271.6758801,0.41045743,40834.90909,8.03E-20,4.63E-05,0.070015779,3.124693092,43.65259214,-33.5210971,0.460248455,0.021083618,0.993120604,0.043056633,444,4.086728709,0.0121218,0.021505376,0.563718359
Fenswood Farm 24kHz_20240904_215300.WAV,Fenswood Farm,Light treatment,0.000284181,1.15E-08,1.221217623,4.198840627,9,43.72383212,-43.25556797,-45.20522658,1.949658605,0.956576722,0.00242887,0.121976517,0.088726132,0.010574427,8.008617398,2.002335696,295.4574514,0.429938424,2.508392922,0.039501348,0.099084901,1.622914439,0.591478828,2.302584094,0.000792498,0.137151262,0.136984124,0.142489148,0.134274266,1384.501953,5.915112486,0.006880357,0.023109053,0.249598861,0.626951465,0.333327783,5.501560899,6.965784139,73268.90489,0.996701608,0.771561821,1.211184537,328.4114053,0.480619151,40620.94545,4.54E-19,4.74E-05,0.066222856,3.274431947,43.7606575,-33.50871775,0.586082121,0.021113689,0.990965526,0.063033359,650,4.394203564,0.03306827,0.028416667,1.163805644
Fenswood Farm 24kHz_20240904_215400.WAV,Fenswood Farm,Light treatment,0.000282331,1.15E-08,1.365954454,4.936143834,6,43.67429227,-43.30510782,-45.29033327,1.985225454,0.955527088,0.003195379,0.698850201,0.657556681,0.013582662,10.41418771,2.477546456,295.9478804,0.376257958,2.206453735,0.042882559,0.094618383,1.374446784,0.587148167,2.3024457,0.009118579,0.139026283,0.134586524,0.144058111,0.134103029,1382.736328,6.002958601,0.006583723,0.023207039,0.238587669,0.625298634,0.333327155,5.447899032,6.959192045,73153.73979,0.996613964,0.780125009,1.213485309,350.2327611,0.497932275,40733.87273,1.39E-19,4.69E-05,0.070217332,3.364910531,43.7127414,-33.55897875,0.593861405,0.020991867,0.99032871,0.060899922,628,4.51303732,0.031904577,0.026994872,1.181990108
Fenswood Farm 24kHz_20240904_215500.WAV,Fenswood Farm,Light treatment,0.000282598,1.14E-08,1.268122562,4.232139919,7,43.67545785,-43.30394223,-45.26352724,1.959585004,0.956350019,0.002983444,0.154714496,0.1069881,0.013669169,8.822652346,2.300017833,295.8873156,0.413705478,2.411254796,0.038830046,0.093629135,1.35610233,0.588080099,2.302584861,0.000386476,0.136294572,0.134865477,0.144462361,0.134263847,1384.394531,5.93786242,0.007058602,0.023029204,0.255956937,0.626959379,0.333327753,5.498852783,6.964361639,73288.80566,0.996685133,0.771535804,1.212145898,384.0558627,0.530285466,40808.29091,-2.70E-19,4.69E-05,0.07431957,3.247008154,43.71117045,-33.55857305,0.593742605,0.020992847,0.99095909,0.064487975,665,4.34269689,0.035880528,0.024978903,1.436572592
Fenswood Farm 24kHz_20240904_215600.WAV,Fenswood Farm,Light treatment,0.00028393,1.35E-08,2.073140713,11.07362488,7,43.80644246,-43.17295763,-45.27184262,2.098884992,0.946977464,0.003439197,0.182850399,0.12058348,0.014625681,10.54202612,2.593683677,295.7369779,0.26637895,1.726203126,0.051907745,0.089603312,1.194418565,0.590179657,2.301943595,0.019432641,0.138412052,0.133508704,0.146123775,0.134713534,1389.03125,6.019608072,0.00722643,0.023408383,0.257413255,0.627946959,0.333319239,5.035557115,6.905485228,71498.35041,0.995879024,0.786343531,1.213572628,363.3255746,0.507914788,40783.34545,-6.62E-20,4.83E-05,0.083163142,3.866933259,43.84128359,-33.57121963,0.693863782,0.020962304,0.988727531,0.074185415,765,4.55909918,0.041602017,0.026298851,1.582048298
Fenswood Farm 24kHz_20240904_215700.WAV,Fenswood Farm,Light treatment,0.000291418,1.48E-08,1.704595579,7.494198199,8,44.05827814,-42.92112195,-45.16293263,2.241810678,0.946415018,0.004704061,0.371639422,0.310175375,0.017004466,9.047150317,2.207973828,296.0109428,0.297245094,1.845942424,0.055302278,0.102084822,1.389069703,0.634957693,2.300435869,0.035482165,0.142323732,0.137342064,0.148961684,0.136021868,1402.521484,6.338793798,0.008780823,0.023912325,0.305684901,0.626139164,0.333323048,5.193083342,6.902081547,70848.65218,0.99608523,0.778952662,1.219595875,427.6985743,0.644752873,40267.90909,8.29E-20,5.11E-05,0.098551989,4.24339297,44.08012892,-33.39614447,0.886222325,0.021389113,0.984869695,0.097362296,1004,4.871723366,0.061675718,0.030017699,2.054844341
Fenswood Farm 24kHz_20240904_215800.WAV,Fenswood Farm,Light treatment,0.000292386,1.93E-08,3.754914607,30.72662098,9,44.27486684,-42.70453324,-45.16639297,2.461859727,0.923497212,0.002819033,0.272681247,0.267550597,0.01431082,12.45337381,2.7754755,296.0502751,0.00570018,1.011465716,0.094013378,0.095091308,1.307947699,0.655126158,2.240042472,0.188909876,0.143285488,0.134700505,0.146612319,0.134925118,1391.212891,6.379879933,0.007765334,0.023480427,0.276487482,0.628571966,0.333261487,4.221184313,6.757448944,67454.49104,0.992820575,0.81971802,1.218238125,357.8702357,0.566275549,40286,-2.41E-19,5.35E-05,0.062888977,15.44683211,44.28482558,-33.42098315,0.947976856,0.021328035,0.977467683,0.088149728,909,5.371962873,0.056148177,0.027571429,2.036659878
Fenswood Farm 24kHz_20240904_215900.WAV,Fenswood Farm,Light treatment,0.000286422,1.27E-08,1.504508891,6.136206806,9,43.83763608,-43.14176401,-45.19873194,2.056967932,0.952319649,0.003337686,0.262641209,0.263930701,0.013719899,8.377879022,2.111002607,295.7983053,0.353770287,2.094874718,0.046381552,0.097163541,1.435929477,0.607301131,2.302545977,0.004881784,0.14141855,0.136773159,0.143411854,0.134733613,1389.238281,6.107216045,0.00737039,0.023436219,0.260929733,0.625191338,0.333325644,5.338549033,6.939086967,72327.96164,0.996423432,0.775922261,1.214570089,298.9525749,0.546443119,40563.32727,-2.02E-19,4.87E-05,0.088625686,4.216860339,43.87242471,-33.44600123,0.685650066,0.021266692,0.98669589,0.075252133,776,4.598223268,0.046935609,0.027460993,1.70933954
Fenswood Farm 24kHz_20240904_220000.WAV,Fenswood Farm,Light treatment,0.000287115,1.25E-08,1.284140969,4.373434794,10,43.84584214,-43.13355794,-45.1600603,2.026502358,0.953978991,0.003241427,0.122913228,0.092554015,0.013276541,11.41520615,2.552227124,295.6405352,0.425269612,2.479892556,0.041387825,0.102637358,1.501120465,0.609179706,2.302574902,0.002557688,0.140715417,0.137794988,0.144415228,0.134879467,1390.742188,6.036841584,0.007595802,0.023302351,0.268246848,0.630138433,0.333327328,5.462159881,6.949525217,72559.73627,0.996595203,0.767453864,1.214838399,333.8667443,0.55932378,40577.90909,2.48E-19,4.87E-05,0.08229693,3.47811338,43.87867495,-33.43374415,0.700092671,0.021296724,0.988688988,0.076512801,789,4.548990252,0.048002327,0.029333333,1.636601688
Fenswood Farm 24kHz_20240904_220100.WAV,Fenswood Farm,Light treatment,0.000294088,5.12E-08,9.000498714,102.7655479,7,45.46069073,-41.51870935,-45.35500414,3.836294787,0.780862397,0.002233148,0.313159442,0.316448981,0.011839198,10.40834154,2.492205406,295.9677499,-0.545893707,0.293750011,0.288538621,0.084758223,1.198060539,0.873083498,0.741677812,0.82921623,0.139834481,0.133689674,0.141456769,0.13381132,1379.728516,7.352424293,0.006249962,0.023421976,0.22338512,0.629503045,0.33160337,2.630521304,5.848443766,50530.09478,0.956189902,0.850717946,1.214263925,267.311609,0.416518918,40892.87273,2.97E-19,6.70E-05,-3.503568426,437.8464468,45.26231426,-33.6696994,1.212763435,0.020725978,0.930769717,0.060608999,625,7.56061721,0.031031808,0.027526882,1.127436718
Fenswood Farm 24kHz_20240904_220200.WAV,Fenswood Farm,Light treatment,0.000277228,1.05E-08,1.410909513,4.886923538,8,43.48262822,-43.49677186,-45.41958402,1.922812154,0.957720333,0.001768353,0.127825419,0.11682188,0.010704944,10.73691501,2.394988081,296.1693019,0.318585244,1.935069988,0.038772531,0.075027561,1.105493967,0.577606568,2.302561273,0.00377426,0.135292406,0.131843982,0.139793542,0.133176189,1373.179688,5.939888958,0.005734546,0.023041567,0.20974545,0.627595804,0.333327562,5.481984407,6.972911176,73924.18403,0.996687477,0.775012235,1.212434546,280.4044225,0.390075678,41512.38182,2.32E-19,4.48E-05,0.074759605,5.905942339,43.50983493,-33.78949076,0.688406145,0.020442098,0.983351785,0.059348332,612,5.22507787,0.03461986,0.0272,1.272912424
Fenswood Farm 24kHz_20240904_220300.WAV,Fenswood Farm,Light treatment,0.000276829,1.04E-08,1.39926493,4.93920454,6,43.46898673,-43.51041336,-45.38966702,1.879253662,0.957861741,0.00174265,0.133310107,0.099482524,0.010410153,11.26886362,2.512996998,295.7667779,0.320813057,1.944697364,0.039327966,0.076480991,1.084841918,0.561844958,2.302584982,0.00026718,0.137571526,0.131887975,0.140816857,0.133479832,1376.310547,5.85068949,0.005898206,0.023094725,0.217950564,0.626728664,0.333327536,5.47971798,6.973795802,73942.59396,0.996692457,0.778356529,1.211154025,292.4061682,0.370906223,41379.14545,-1.45E-19,4.47E-05,0.067039192,3.198339668,43.5035647,-33.73750674,0.557026975,0.020564808,0.991437846,0.059639255,615,4.344320791,0.031904577,0.026189055,1.218359034
Fenswood Farm 24kHz_20240904_220400.WAV,Fenswood Farm,Light treatment,0.000271953,9.89E-09,1.538314261,5.43098255,6,43.3072474,-43.67215269,-45.47811478,1.805962093,0.957889993,0.000912821,0.113762566,0.087733641,0.007777398,11.88529049,2.423085833,296.2828718,0.282732167,1.788358697,0.039154232,0.070021811,0.917734661,0.547188454,2.302583799,0.000869537,0.137086607,0.129970295,0.135805423,0.131790571,1358.892578,5.694789505,0.004080328,0.022823262,0.156785168,0.626583704,0.333327287,5.458758987,6.973954232,74157.44293,0.996657074,0.784865326,1.207252972,188.754728,0.232117096,41611.87273,1.84E-20,4.31E-05,0.074639308,3.13980292,43.34743849,-33.83793618,0.406623826,0.0203284,0.993403145,0.034813809,359,4.190795908,0.011830877,0.020333333,0.581902822
Fenswood Farm 24kHz_20240904_220500.WAV,Fenswood Farm,Light treatment,0.000278127,1.21E-08,1.77287674,6.597535181,7,43.58673535,-43.39266474,-45.42512426,2.032459524,0.95070552,0.001358106,0.394855148,0.359029465,0.009735478,11.51411012,2.553804071,296.5786864,0.108970043,1.244593444,0.061514519,0.076560568,1.073116515,0.585231099,2.299334282,0.041490239,0.145653509,0.131579026,0.135483655,0.132194797,1363.060547,6.086496612,0.004588357,0.023158927,0.169536838,0.628179504,0.333325296,5.316392011,6.928954772,72360.08408,0.996298309,0.819169611,1.212380461,207.3028804,0.31085961,41142.98182,-2.07E-19,4.59E-05,0.075108286,5.084514704,43.62161672,-33.72476763,0.499636477,0.020594992,0.989023875,0.036947246,381,5.099227048,0.013964313,0.023272727,0.600087285
Fenswood Farm 24kHz_20240904_220600.WAV,Fenswood Farm,Light treatment,0.000280709,1.27E-08,1.642402408,5.881513632,5,43.68404843,-43.29535166,-45.37394715,2.078595489,0.949947848,0.003645162,0.25882435,0.236931902,0.012735068,36.59985581,5.177163948,297.0815044,0.23071351,1.599811679,0.048661057,0.077848528,0.973328816,0.614137556,2.302530288,0.005476175,0.143624931,0.13065718,0.138978697,0.133091139,1372.302734,6.100981014,0.004876467,0.023610596,0.177812993,0.624227226,0.333325608,5.336195644,6.924239849,71948.69478,0.996321359,0.780972051,1.214414783,182.2083212,0.27587346,41392.12727,-1.91E-19,4.69E-05,0.100651634,6.506722605,43.7136784,-33.69542258,0.779650373,0.020664689,0.978661571,0.053529868,552,6.127620917,0.032292475,0.032290909,1.000145476
Fenswood Farm 24kHz_20240904_220700.WAV,Fenswood Farm,Light treatment,0.000285066,1.34E-08,1.407054814,4.339553332,7,43.83221837,-43.14718172,-45.24015422,2.092972504,0.949816276,0.002025595,0.16438473,0.137280215,0.010485707,20.46149923,3.397482444,296.6707124,0.327114166,1.972272412,0.040689828,0.080251425,1.138056181,0.623477123,2.302575626,0.002401776,0.138945463,0.132618853,0.141261895,0.133364664,1375.123047,6.108482206,0.006316449,0.025043665,0.217701924,0.624977201,0.3333268,5.419963772,6.92347398,71566.82929,0.996429993,0.7479577,1.214625295,248.7634565,0.506948738,41428.03636,-2.55E-19,4.87E-05,0.106067426,6.284745201,43.87225961,-33.60976855,0.986943655,0.020869477,0.974004543,0.074088441,764,6.138692318,0.048681148,0.039372549,1.236543497
Fenswood Farm 24kHz_20240904_220800.WAV,Fenswood Farm,Light treatment,0.000370272,1.08E-07,5.825869765,48.14900852,18,47.97194596,-39.00745413,-45.32426343,6.316809294,0.769554862,0.261138768,0.743497805,0.472381933,0.014762863,18.32142956,3.454283065,301.3705286,0.286775274,1.804165262,0.321568325,0.580162401,1.320160667,2.762545842,0.947923268,0.772422697,0.159926292,0.133632683,0.13937479,0.134098861,1382.693359,13.8104854,0.006118693,0.023897638,0.214789286,0.626350133,0.332479756,2.98373106,5.784411169,42717.84523,0.968252176,0.665493374,1.249423213,236.7617108,0.404490653,40111.90909,-4.40E-20,0.000124169,0.977144323,2659.480936,47.94012187,-33.57129983,3.531010387,0.020962111,0.702414943,0.076900698,793,12.29707709,0.051299457,0.030014184,1.70933954
Fenswood Farm 24kHz_20240904_220900.WAV,Fenswood Farm,Light treatment,0.000285271,1.63E-08,2.437561534,11.95562982,9,43.97044767,-43.00895242,-45.30952811,2.300575693,0.935545328,0.003938327,0.698179288,0.614407566,0.009196186,6.805476552,1.765139191,297.1583147,-0.054738795,0.896204074,0.094692421,0.084863734,1.175806835,0.657060323,2.251923102,0.166161933,0.15233731,0.133005788,0.1363411,0.132968015,1371.033203,6.48936333,0.00460692,0.023228488,0.174616195,0.628217327,0.333314725,4.896655685,6.833817219,69076.05503,0.995182298,0.842734065,1.215275076,171.2976433,0.220638153,40250.92727,-3.00E-19,5.11E-05,0.052219014,20.51958647,44.08220655,-33.58424397,0.664128714,0.020930895,0.980115638,0.047129558,486,5.708229605,0.017843289,0.024533333,0.727378528
Fenswood Farm 24kHz_20240904_221000.WAV,Fenswood Farm,Light treatment,0.000339354,1.95E-07,9.460465079,114.2097158,10,48.98433434,-37.99506575,-45.26473148,7.269665734,0.590634912,0.072539123,0.603914013,0.531425224,0.008526323,6.200124394,1.590453033,296.6627179,-0.765706422,0.132691129,1.140242234,0.151300029,1.336217902,1.318480893,1.151280074,0.729098499,0.149565189,0.133080776,0.136186107,0.132578754,1367.019531,11.65313063,0.005575243,0.027741486,0.186728506,0.62954849,0.324649715,1.823852318,4.622922052,27278.31142,0.886682038,0.553863305,1.22723346,199.6654059,0.247327642,40260.74545,-2.99E-19,0.000160801,1.223861779,411.1658979,49.06289683,-33.59338915,4.008378227,0.020908869,0.73943842,0.049456943,510,14.90633184,0.025698216,0.041568627,0.618271749
Fenswood Farm 24kHz_20240904_221100.WAV,Fenswood Farm,Light treatment,0.000276711,1.15E-08,2.10459288,11.18018086,7,43.5186359,-43.46076419,-45.2932883,1.832524108,0.95170905,0.000995818,0.10584019,0.076328176,0.008264044,8.663876861,2.012621708,295.8974843,0.212858045,1.540837759,0.049914216,0.076909708,1.167907081,0.569127674,2.302582574,0.001239745,0.140739663,0.131384059,0.135020489,0.131942866,1360.462891,5.723345429,0.004396094,0.023077057,0.166588681,0.627673508,0.333321064,5.104887168,6.935116802,72910.21775,0.99610598,0.799214717,1.20749621,188.754728,0.250415212,40559.29091,3.75E-19,4.57E-05,0.067893131,3.061572265,43.6031345,-33.60963001,0.383782904,0.02086981,0.993997964,0.034328937,354,4.115749878,0.012994569,0.023822222,0.545533896
Fenswood Farm 24kHz_20240904_221200.WAV,Fenswood Farm,Light treatment,0.000276865,1.07E-08,1.503406379,5.605005526,6,43.48519775,-43.49420234,-45.32274481,1.828542474,0.956416584,0.001005296,0.249017284,0.24215603,0.008914987,9.406278476,2.202544585,295.8995422,0.314663535,1.918274602,0.040727474,0.078126479,1.17896391,0.565862694,2.302583322,0.001068991,0.13856561,0.131908971,0.137730597,0.132395773,1365.132813,5.733771239,0.004842939,0.023057922,0.182963389,0.628776911,0.333326876,5.425832589,6.96473442,73631.28834,0.99660107,0.779432507,1.208415001,187.6636602,0.26255713,41151.6,-4.06E-19,4.49E-05,0.073453133,3.110369727,43.52706874,-33.64790793,0.422511957,0.020778041,0.993270124,0.037626067,388,4.261926946,0.016873545,0.0232,0.727378528
Fenswood Farm 24kHz_20240904_221300.WAV,Fenswood Farm,Light treatment,0.000274773,1.09E-08,1.871292452,8.288487831,4,43.43552335,-43.54387674,-45.33036867,1.786491928,0.953994762,0.000562834,0.069013468,0.054641051,0.008923463,14.71519659,3.154107432,296.1948372,0.228328448,1.591776247,0.045116352,0.071815137,0.972086735,0.564351201,2.302584049,0.000805029,0.139689005,0.128820487,0.13500508,0.131308493,1353.921875,5.623483061,0.00352002,0.02266388,0.138492381,0.626354674,0.333324459,5.266864505,6.94950156,73366.23241,0.996354021,0.793218538,1.206244395,113.4710503,0.164266318,41221.23636,1.89E-20,4.44E-05,0.061646402,3.421278898,43.47766939,-33.68620102,0.353347529,0.02068664,0.992108703,0.025310318,261,4.511833618,0.005915438,0.021688889,0.272766948
Fenswood Farm 24kHz_20240904_221400.WAV,Fenswood Farm,Light treatment,0.000276968,1.18E-08,1.650231364,5.724034425,5,43.54058759,-43.4388125,-45.43533551,1.996523016,0.951864325,0.000604717,0.197048444,0.195917534,0.00808767,12.75274253,2.625061805,296.5001673,0.260175305,1.703343121,0.041213685,0.070201047,0.9706605,0.651652717,2.300735866,0.031296096,0.138961627,0.129275411,0.134778483,0.131515342,1356.054688,5.905020518,0.003512443,0.02255727,0.138634461,0.628496394,0.333326102,5.36925185,6.936235946,72548.67089,0.996401833,0.768818965,1.209593322,126.5638638,0.151234119,41601.81818,9.79E-20,4.52E-05,0.217436699,189.9507284,43.55155896,-33.78909077,0.852352893,0.020443039,0.919493452,0.025407292,262,8.991657903,0.002327386,0.018285714,0.127291242
Fenswood Farm 24kHz_20240904_221500.WAV,Fenswood Farm,Light treatment,0.000275934,1.06E-08,1.427964599,4.820217548,7,43.45299865,-43.52640144,-45.3909914,1.86458996,0.956817399,0.002156646,0.198339817,0.129808758,0.009847689,13.60386039,2.901384908,295.9780898,0.347934031,2.067174327,0.038689462,0.079977863,1.032819248,0.562281501,2.302585048,0.000169324,0.136480458,0.130462213,0.139025829,0.132642968,1367.681641,5.769527457,0.004668482,0.022896551,0.172129797,0.627262289,0.333327463,5.473525134,6.96726228,73689.4958,0.996655367,0.779679894,1.208349961,166.9333721,0.230279707,41315.05455,6.67E-20,4.46E-05,0.078602562,3.15918164,43.48911221,-33.72454801,0.443923945,0.020595512,0.992742864,0.045480993,469,4.317961748,0.023564779,0.0324,0.727378528
Fenswood Farm 24kHz_20240904_221600.WAV,Fenswood Farm,Light treatment,0.000275581,1.02E-08,1.467835507,5.158488885,8,43.42659964,-43.55280045,-45.38782066,1.835020208,0.95783174,0.000728548,0.133105606,0.132670044,0.007621639,12.73191269,2.436190113,296.3244511,0.315919745,1.923633571,0.039083246,0.075181843,1.082920468,0.567040381,2.302582817,0.0012005,0.136706753,0.131340066,0.137173167,0.132328528,1364.439453,5.748087978,0.004532099,0.022856737,0.172484996,0.625748715,0.33332742,5.469855955,6.973599366,74037.73289,0.996674007,0.780507829,1.208887199,192.0279313,0.247346584,41462.18182,-2.70E-19,4.43E-05,0.071751636,3.749739235,43.4641402,-33.7245183,0.470075894,0.020595583,0.989460017,0.036171451,373,4.946075647,0.010570209,0.026424242,0.40005819
Fenswood Farm 24kHz_20240904_221700.WAV,Fenswood Farm,Light treatment,0.000271748,9.76E-09,1.548854585,5.498344905,6,43.29453549,-43.68486459,-45.4824814,1.797616805,0.958313493,0.000599141,0.076422371,0.054677937,0.006192311,8.291595535,1.964832249,296.3182183,0.271473587,1.745267659,0.039262165,0.068522988,0.877995479,0.547102778,2.302583205,0.001056929,0.138412052,0.129689342,0.136448961,0.132105958,1362.144531,5.657924947,0.003875185,0.02274796,0.15277141,0.626814025,0.333327313,5.460893469,6.976602211,74299.07691,0.99666914,0.786987794,1.20722482,133.1102706,0.154226978,41669.94545,4.75E-19,4.30E-05,0.06154444,3.052757302,43.3302754,-33.82808702,0.345082495,0.020351464,0.994427289,0.02734678,282,4.102553862,0.006012413,0.020666667,0.290951411
Fenswood Farm 24kHz_20240904_221800.WAV,Fenswood Farm,Light treatment,0.000272376,1.00E-08,1.561071832,5.597560501,4,43.32710113,-43.65229896,-45.45778174,1.805482774,0.957345098,0.000692126,0.098326071,0.074724824,0.007565308,14.99998576,2.893834688,296.292006,0.266844214,1.727933187,0.04032793,0.069683969,1.029815774,0.551303515,2.302573934,0.002569352,0.139616267,0.129176428,0.136541413,0.131854974,1359.556641,5.662924613,0.003822336,0.022736048,0.149965333,0.628399432,0.333327084,5.442247276,6.97054043,74021.73691,0.996628138,0.786924194,1.207298664,123.2906605,0.165251309,41615.78182,-1.89E-19,4.33E-05,0.067204694,3.142971571,43.3628685,-33.81543577,0.389731305,0.020381128,0.993185378,0.03151668,325,4.495429784,0.009988363,0.024969697,0.40005819
Fenswood Farm 24kHz_20240904_221900.WAV,Fenswood Farm,Light treatment,0.000271973,9.72E-09,1.546162004,5.559722612,5,43.29857647,-43.68082362,-45.47596382,1.795140202,0.95857098,0.001112079,0.805842523,0.771771987,0.005779584,7.447970499,1.819467229,296.0317516,0.274588071,1.757054193,0.039415368,0.069254938,0.971007822,0.548307646,2.302471944,0.007795568,0.136981541,0.12778466,0.13567309,0.130974543,1350.478516,5.691622041,0.003604691,0.022926069,0.143109977,0.626454761,0.333327313,5.460891445,6.978212434,74366.76733,0.99667702,0.790222571,1.206550612,122.1995927,0.170233095,41692.74545,-9.11E-20,4.30E-05,0.063796387,3.218638517,43.33898894,-33.85451157,0.368932672,0.020289644,0.993488724,0.028316524,292,4.494725368,0.008921645,0.021333333,0.418242653
Fenswood Farm 24kHz_20240904_222000.WAV,Fenswood Farm,Light treatment,0.000274747,1.03E-08,1.447454196,4.970921817,7,43.40833572,-43.57106436,-45.40268858,1.831624222,0.957288303,0.000898366,0.200507579,0.186473347,0.008548103,14.99606926,2.654667734,296.2331502,0.270035193,1.739858116,0.03969898,0.069070592,0.869884888,0.560733376,2.302579503,0.001787629,0.136884557,0.128115605,0.139944003,0.132195365,1363.066406,5.719622702,0.004369386,0.022748886,0.169643398,0.627178732,0.333327443,5.471807578,6.970204248,73855.832,0.996664023,0.778056977,1.208831781,192.0279313,0.208022682,41527.2,2.51E-19,4.41E-05,0.063714005,3.153748463,43.44169091,-33.76340181,0.405071497,0.02050359,0.993366999,0.034910784,360,4.235035197,0.013867339,0.021790476,0.636456212
Fenswood Farm 24kHz_20240904_222100.WAV,Fenswood Farm,Light treatment,0.000272223,9.88E-09,1.55795419,5.52063962,5,43.31403141,-43.66536868,-45.49963313,1.834264452,0.957957014,0.000769237,0.401909365,0.387032088,0.007473484,12.45268063,2.575600458,296.9039823,0.268738381,1.734999279,0.039580938,0.068672898,0.89334101,0.560067667,2.302572201,0.002662116,0.136860311,0.128647516,0.135786389,0.131546407,1356.375,5.77208275,0.003466224,0.022805998,0.137924061,0.627247619,0.333327248,5.455518211,6.974370712,74204.75522,0.996653875,0.786116915,1.208219112,114.5621181,0.151934978,41683.76364,1.81E-19,4.32E-05,0.044082406,7.324411526,43.35149929,-33.85451147,0.36577242,0.020289644,0.989299206,0.024146625,249,4.957662781,0.004460822,0.020444444,0.218213558
Fenswood Farm 24kHz_20240904_222200.WAV,Fenswood Farm,Light treatment,0.000270426,9.70E-09,1.599264597,5.719322021,5,43.25382112,-43.72557897,-45.53263026,1.807051288,0.958015093,0.000712418,0.120233028,0.098526481,0.00591459,10.19958405,1.932932541,296.4507948,0.248530124,1.661450662,0.039513853,0.065650317,0.869744139,0.542305489,2.302584103,0.000746844,0.13644813,0.128137601,0.135850743,0.131539209,1356.300781,5.696782769,0.003701107,0.02300883,0.144211097,0.629616707,0.333327144,5.447023098,6.974728003,74278.86934,0.996643935,0.788858452,1.20792274,140.7477451,0.182488665,41816.50909,3.21E-19,4.25E-05,0.062262454,3.102311735,43.28838162,-33.9197986,0.355203432,0.020137709,0.994017658,0.029577192,305,4.330989757,0.011830877,0.027111111,0.436427117
Fenswood Farm 24kHz_20240904_222300.WAV,Fenswood Farm,Light treatment,0.000270538,1.03E-08,2.099269031,10.37323216,6,43.29076793,-43.68863215,-45.51442166,1.825789502,0.9540553,0.000423793,0.094806852,0.0853103,0.006027684,11.3277745,2.26180955,296.479659,0.170183245,1.410170664,0.045840772,0.064643312,0.867891715,0.550618738,2.302583789,0.000871984,0.140044613,0.127610689,0.135348602,0.131157335,1352.363281,5.67946973,0.003674777,0.022844391,0.142719258,0.625454582,0.333322809,5.181591129,6.949827127,73634.25867,0.996251526,0.803044524,1.207191833,164.7512365,0.191448302,41178.52727,-1.95E-19,4.37E-05,0.0706799,3.674934852,43.40218856,-33.82495305,0.367245376,0.020358808,0.992073006,0.027443755,283,4.590858472,0.007951901,0.023017544,0.345504801
Fenswood Farm 24kHz_20240904_222400.WAV,Fenswood Farm,Light treatment,0.000268422,9.70E-09,1.689825711,5.960008466,3,43.19686418,-43.78253591,-45.54973496,1.767199056,0.957089429,0.000167024,0.041815544,0.036582216,0.004818202,17.19343098,2.713771655,296.6614205,0.232166474,1.604731276,0.039185845,0.062882752,0.761352849,0.538732177,2.302584423,0.000608543,0.137838231,0.128616521,0.133105285,0.131052964,1351.287109,5.574284913,0.002830147,0.022557237,0.117677676,0.627626759,0.333326877,5.425947399,6.968925613,74141.71848,0.996588607,0.789459831,1.205418228,75.28367763,0.085921589,41940.34545,4.10E-19,4.20E-05,0.062506253,3.062567139,43.23428377,-33.92962242,0.312293218,0.020114946,0.994410392,0.019976726,206,4.424670434,0.00087277,0.024,0.036368926
Fenswood Farm 24kHz_20240904_222500.WAV,Fenswood Farm,Light treatment,0.000268134,9.48E-09,1.669356627,6.003237987,4,43.17683361,-43.80256648,-45.56385991,1.76129343,0.957996666,0.000416836,0.090086336,0.064845676,0.004385684,18.67410542,3.04766026,296.366745,0.244043658,1.64565543,0.039115791,0.064371114,0.809338707,0.533292708,2.302584862,0.000370038,0.136173342,0.129168429,0.131847215,0.130810125,1348.783203,5.61513099,0.003065976,0.022595762,0.122082152,0.625704328,0.333326992,5.434865632,6.974603309,74369.96296,0.996624603,0.791890663,1.206377064,100.3782368,0.121911672,41885.54545,1.52E-19,4.18E-05,0.06257785,3.045515255,43.21322695,-33.94618465,0.293585784,0.020076628,0.994989558,0.01939488,200,3.957989259,0,0,0
Fenswood Farm 24kHz_20240904_222600.WAV,Fenswood Farm,Light treatment,0.000271717,9.87E-09,1.699144306,6.493176612,7,43.29937099,-43.6800291,-45.52545076,1.845421662,0.957418037,0.001083211,0.364054517,0.337257706,0.006175783,16.46773799,2.96677595,296.499364,0.24213109,1.638978817,0.043107696,0.070652601,1.032099008,0.549850587,2.302431062,0.009083867,0.140941713,0.13090014,0.133807738,0.13151913,1356.09375,5.793250292,0.003864767,0.022812748,0.147194774,0.628649642,0.333326589,5.40407302,6.970971908,74204.35008,0.996581558,0.799276741,1.20810964,154.9316264,0.218005195,41675.6,1.84E-19,4.30E-05,0.064781559,3.562090133,43.33608967,-33.89361322,0.378815759,0.02019851,0.992497981,0.028995345,299,4.531851207,0.007757952,0.02245614,0.345504801
Fenswood Farm 24kHz_20240904_222700.WAV,Fenswood Farm,Light treatment,0.000273481,1.17E-08,2.591259019,16.7653592,7,43.44092077,-43.53847931,-45.42656472,1.888085404,0.948354365,0.001127074,0.167684051,0.139568872,0.007787878,14.15548221,2.551126283,296.5799645,0.151849526,1.358072136,0.052900809,0.071843115,1.077877283,0.564171415,2.302583849,0.000882371,0.144837229,0.130945132,0.135450118,0.132860802,1369.927734,5.770270558,0.004539675,0.023101066,0.171099717,0.626806052,0.333313466,4.863921918,6.913952531,72475.99995,0.995640427,0.806749642,1.210101233,185.4815246,0.242421625,40051.32727,-3.86E-19,4.62E-05,0.074876881,3.100176322,43.64602755,-33.66992765,0.397029887,0.020725433,0.993765968,0.035880528,370,4.055869631,0.010376261,0.021948718,0.472796043
Fenswood Farm 24kHz_20240904_222800.WAV,Fenswood Farm,Light treatment,0.000271894,9.77E-09,1.578905708,5.703829478,6,43.29904874,-43.68035135,-45.46912911,1.78877776,0.958238967,0.000679458,0.097609581,0.07076902,0.005711495,10.19572432,2.019856691,296.2665157,0.27874797,1.772955801,0.039198878,0.069497879,0.981234859,0.547275355,2.302585054,0.00014346,0.136375392,0.129956297,0.135074872,0.131571032,1356.628906,5.668319207,0.003911364,0.022596022,0.152132051,0.629277868,0.33332719,5.450742067,6.976130349,74308.78343,0.996655372,0.786515931,1.206429858,185.4815246,0.218289327,41637.67273,-3.66E-19,4.30E-05,0.061469271,3.032648101,43.33813652,-33.83784851,0.345032608,0.020328605,0.994830232,0.02909232,300,3.828561499,0.00397595,0.021866667,0.181844632
Fenswood Farm 24kHz_20240904_222900.WAV,Fenswood Farm,Light treatment,0.000271096,9.78E-09,1.619234338,5.751816699,6,43.27692017,-43.70247992,-45.48749352,1.785013603,0.957817547,0.000478061,0.063169645,0.046660536,0.005554871,11.14559671,2.142220286,296.206509,0.255419973,1.686077959,0.039886341,0.06725148,1.003481521,0.546248251,2.302584734,0.000472548,0.137927133,0.129648349,0.135136507,0.131668394,1357.632813,5.641817577,0.003717776,0.022536927,0.147763094,0.625822284,0.333327109,5.444177152,6.973489972,74249.497,0.99663261,0.789031971,1.20733583,160.3869654,0.171502219,41752.76364,-4.28E-19,4.28E-05,0.058340318,3.086640875,43.31495486,-33.85106115,0.3343256,0.020297705,0.994378514,0.024049651,248,4.138643791,0.001745539,0.016,0.109106779
Fenswood Farm 24kHz_20240904_223000.WAV,Fenswood Farm,Light treatment,0.000273592,1.03E-08,1.553215292,5.525865555,6,43.37299431,-43.60640578,-45.41735199,1.810946218,0.95683221,0.000915629,0.123375779,0.087131165,0.007389064,8.601025931,1.96274294,296.0725222,0.270720369,1.742432277,0.040832608,0.071148054,0.963558697,0.556353261,2.302583003,0.00112091,0.139705169,0.129374394,0.136117222,0.131810081,1359.09375,5.688593736,0.004049642,0.022592989,0.158490126,0.628577423,0.333327046,5.439170113,6.967333041,73858.70376,0.996612523,0.784580309,1.20784765,180.0261856,0.202283211,41525.85455,-4.26E-19,4.38E-05,0.062147249,3.061684262,43.41356662,-33.77642464,0.352929708,0.020472872,0.994542511,0.028122576,290,4.032117691,0.007564003,0.021894737,0.345504801
Fenswood Farm 24kHz_20240904_223100.WAV,Fenswood Farm,Light treatment,0.00029127,5.81E-08,9.749326954,122.0668119,6,45.62471146,-41.35468863,-45.42753976,4.072851132,0.751272741,0.001546482,0.179521279,0.125292446,0.006852114,10.4021247,2.196544975,296.5222486,-0.648072059,0.213539171,0.334453429,0.071418908,0.873535177,0.997540458,0.198306328,0.885360277,0.137660427,0.128651515,0.136301219,0.131778637,1358.769531,7.110988402,0.004085632,0.022802724,0.154938129,0.628952428,0.330287684,2.347714484,5.655995936,47452.62058,0.941958573,0.846812461,1.20998808,152.7494908,0.195899707,41513.92727,-3.85E-19,7.54E-05,4.686299732,1495.741368,45.77300301,-33.78614788,1.475412502,0.020449967,0.864585502,0.038886734,401,10.19306868,0.020364624,0.029473684,0.691009601
Fenswood Farm 24kHz_20240904_223200.WAV,Fenswood Farm,Light treatment,0.000270305,1.01E-08,1.649748239,5.667722862,6,43.27347312,-43.70592697,-45.52813724,1.822210276,0.956015554,0.000400007,0.301976153,0.288242337,0.004925139,10.29907874,1.927526545,296.5428896,0.206047727,1.519043106,0.043141792,0.065534241,0.868236309,0.546267422,2.301478617,0.023879759,0.138929299,0.127396725,0.133351824,0.131024551,1350.994141,5.702601289,0.003002331,0.022614842,0.120803433,0.627237827,0.333326878,5.42599941,6.962213755,73778.4199,0.996563245,0.794359217,1.206481058,77.46581321,0.1043523,41843.56364,4.31E-19,4.28E-05,0.070978024,3.79217069,43.31077134,-33.89840304,0.360930355,0.020187378,0.992453568,0.021916214,226,4.78031844,0.00329713,0.018133333,0.181844632
Fenswood Farm 24kHz_20240904_223300.WAV,Fenswood Farm,Light treatment,0.000274452,1.99E-08,6.746125466,80.15048624,3,43.85987641,-43.11952367,-45.40085284,2.281329166,0.898387047,0.000554895,0.125678183,0.095389511,0.005701693,12.10332376,2.342351137,296.528584,-0.223420243,0.634761245,0.105150224,0.066745287,0.929443883,0.592764303,2.302530721,0.005393403,0.155206414,0.128258581,0.134111379,0.131919378,1360.220703,5.789280252,0.004052673,0.022988185,0.149290453,0.628446606,0.332968165,3.40827034,6.597009304,65550.30818,0.985542164,0.863004076,1.207701294,90.55862671,0.114069622,38094.38182,5.78E-19,5.52E-05,0.064383535,3.690375886,44.42035903,-33.51785983,0.601714866,0.021091478,0.990724936,0.063615206,656,4.344413003,0.032680372,0.029955556,1.091067792
Fenswood Farm 24kHz_20240904_223400.WAV,Fenswood Farm,Light treatment,0.000271499,9.87E-09,1.575282532,5.510967322,5,43.29319676,-43.68620333,-45.50184869,1.815645355,0.957705865,0.001543813,0.212334221,0.142526178,0.006794429,16.95299265,3.205482277,296.5154924,0.294323511,1.834159888,0.039024201,0.071576625,0.949360816,0.546477215,2.302584685,0.00050031,0.135971293,0.129141433,0.133726163,0.131484087,1355.732422,5.705941949,0.003591431,0.02274734,0.136538782,0.624271447,0.333327214,5.452745485,6.972798339,74163.2472,0.99664266,0.788503306,1.206882634,101.4693046,0.154340631,41752.07273,1.85E-19,4.30E-05,0.064418802,3.391617922,43.33182374,-33.88050915,0.38579607,0.020229006,0.992615048,0.032486424,335,4.432299017,0.013091544,0.023225806,0.563718359
Fenswood Farm 24kHz_20240904_223500.WAV,Fenswood Farm,Light treatment,0.000270237,9.65E-09,1.626357314,5.777873345,3,43.24585609,-43.733544,-45.52667678,1.793132781,0.958053311,0.000989214,0.159711671,0.120419163,0.005923889,12.99857108,2.396519624,296.4996527,0.274391773,1.75630833,0.039242027,0.0689211,0.966909255,0.54346698,2.30258486,0.00038771,0.135720751,0.129696341,0.132281376,0.130907488,1349.787109,5.667783347,0.003145723,0.022589565,0.122543912,0.627831196,0.333327128,5.445754327,6.974964367,74331.90076,0.996639835,0.791543799,1.20596257,66.55513529,0.120888796,41847.63636,-2.04E-19,4.25E-05,0.062945247,3.391629033,43.28445535,-33.89376894,0.356480655,0.020198148,0.993088328,0.026861908,277,4.47597211,0.008727696,0.021818182,0.40005819
Fenswood Farm 24kHz_20240904_223600.WAV,Fenswood Farm,Light treatment,0.00027008,9.62E-09,1.594912282,5.615600368,3,43.2400143,-43.73938578,-45.5373101,1.797924312,0.958216535,0.001468234,0.222366922,0.161356337,0.008082977,14.01287773,2.94708948,296.0881733,0.285313197,1.798428613,0.038989465,0.070119769,0.949493804,0.538276999,2.302584744,0.000460353,0.140109268,0.12892247,0.1331216,0.13115885,1352.378906,5.682656024,0.003392539,0.02268484,0.129896547,0.627728821,0.333327246,5.455332189,6.975990506,74340.01685,0.996655505,0.79220305,1.206530861,94.92289788,0.151234119,41780.16364,-3.73E-19,4.24E-05,0.060935466,3.061492748,43.27633906,-33.9199164,0.329794963,0.020137436,0.994732595,0.02734678,282,4.056549879,0.008436773,0.025777778,0.327320338
Fenswood Farm 24kHz_20240904_223700.WAV,Fenswood Farm,Light treatment,0.000268886,9.69E-09,1.728563063,6.639879821,3,43.2098958,-43.76950429,-45.5839784,1.814474113,0.957192667,0.001246797,0.199794697,0.142621083,0.006128918,14.31209649,2.727600152,296.6325009,0.255415131,1.686060493,0.040466215,0.068228486,0.827541503,0.537150815,2.302573852,0.002510545,0.139616267,0.128538534,0.133981765,0.131386535,1354.726563,5.698772451,0.003427392,0.022457342,0.131104226,0.630590884,0.333326433,5.392651119,6.969557269,74182.29636,0.996564299,0.796139233,1.207182147,90.55862671,0.164001127,41812.36364,1.35E-19,4.21E-05,0.066735003,3.159622626,43.24768982,-33.97291319,0.377412249,0.020014942,0.993648646,0.03064391,316,4.317632204,0.011539953,0.026444444,0.436427117
Fenswood Farm 24kHz_20240904_223800.WAV,Fenswood Farm,Light treatment,0.000272435,1.02E-08,1.72772384,6.964305412,6,43.33900731,-43.64039278,-45.50156129,1.861168514,0.956102444,0.001560621,0.174491838,0.1344783,0.007655275,12.92001837,2.706563224,296.4296854,0.251980259,1.673726229,0.042048074,0.070376964,0.851991784,0.5535099,2.302582454,0.001244811,0.14141855,0.128409556,0.136010268,0.131590353,1356.828125,5.786211987,0.003951711,0.022879737,0.146697495,0.628887645,0.333325944,5.358439554,6.962728463,73832.80438,0.996509509,0.792012447,1.208961423,126.5638638,0.207189228,41556.47273,-1.95E-19,4.35E-05,0.081815511,4.258433533,43.38784199,-33.84114828,0.452763226,0.020320883,0.989475431,0.034910784,360,4.991059646,0.016873545,0.029,0.581902822
Fenswood Farm 24kHz_20240904_223900.WAV,Fenswood Farm,Light treatment,0.000274634,1.03E-08,1.810734293,7.832024788,5,43.40370459,-43.5756955,-45.48177653,1.906081027,0.956284594,0.003367995,0.472267348,0.436285907,0.007597025,13.51108981,2.753502794,297.2371605,0.280567679,1.779969627,0.043515071,0.077455504,0.957133606,0.58634668,2.302477983,0.007652137,0.139406136,0.128725503,0.133471467,0.131280838,1353.636719,6.021940704,0.003294797,0.022495169,0.130074147,0.625435526,0.333325392,5.322392882,6.963847381,73956.47194,0.996475295,0.797766822,1.211644474,92.74076229,0.138789127,41637.94545,4.04E-19,4.42E-05,0.090240461,11.73252008,43.45300552,-33.8280502,0.536123302,0.02035155,0.97633435,0.025601241,264,6.736481274,0.004169899,0.020848485,0.200029095
Fenswood Farm 24kHz_20240904_224000.WAV,Fenswood Farm,Light treatment,0.000270583,1.00E-08,1.629740602,5.531364883,4,43.27619051,-43.70320957,-45.53012175,1.826912179,0.956543678,0.000467561,0.524933403,0.502428805,0.006174017,7.466640937,1.584705166,297.0026238,0.260939428,1.706138139,0.039104333,0.066717393,0.946652071,0.564050815,2.302367187,0.010719923,0.138670675,0.127773662,0.132710099,0.130789478,1348.570313,5.68333917,0.002994186,0.022582471,0.120981033,0.62554591,0.333327044,5.438990048,6.965522306,73911.94094,0.99659096,0.784658531,1.206676394,111.2889148,0.137842019,41914.23636,-4.11E-19,4.27E-05,0.080597199,7.71052848,43.3086832,-33.893738,0.402491808,0.02019822,0.985390198,0.019006982,196,6.163254129,0.000775795,0.021333333,0.036368926
Fenswood Farm 24kHz_20240904_224100.WAV,Fenswood Farm,Light treatment,0.000270148,9.54E-09,1.635730385,5.886458391,5,43.23775969,-43.7416404,-45.51977551,1.778135111,0.958428066,0.000597004,0.085261119,0.061013784,0.007765222,9.949278772,2.392104433,296.4402687,0.270063321,1.739963695,0.039099347,0.068031444,0.9367729,0.540588807,2.302584248,0.000722351,0.136933049,0.128590525,0.134015302,0.131181581,1352.613281,5.638450131,0.003537825,0.022450447,0.13973558,0.630315709,0.333327133,5.446149293,6.977306853,74448.70583,0.996649125,0.791850367,1.205972441,145.1120163,0.177923607,41825.38182,-3.82E-21,4.24E-05,0.058615457,3.010705654,43.27539691,-33.88037624,0.282895699,0.020229316,0.995284241,0.020752521,214,3.936176006,0.00155159,0.021333333,0.072737853
Fenswood Farm 24kHz_20240904_224200.WAV,Fenswood Farm,Light treatment,0.00027068,9.76E-09,1.661301471,5.969859904,5,43.26424123,-43.71515885,-45.48929662,1.774137762,0.957625223,0.0001783,0.076796776,0.075020459,0.005959245,8.28218748,1.581385661,296.588963,0.25611041,1.688571028,0.03945653,0.066625153,0.909873432,0.548835991,2.302583423,0.001003356,0.137595772,0.129005456,0.132670218,0.13104425,1351.197266,5.614829087,0.003071469,0.022394238,0.126557669,0.625065831,0.333326951,5.431691054,6.972280022,74247.13955,0.996612427,0.788707513,1.206927287,108.0157114,0.133276961,41802.78182,-2.70E-19,4.27E-05,0.063931154,3.427070243,43.30187667,-33.85432406,0.305704294,0.020290082,0.992894496,0.017067494,176,4.927793117,0.000290923,0.016,0.018184463
Fenswood Farm 24kHz_20240904_224300.WAV,Fenswood Farm,Light treatment,0.000271753,1.02E-08,1.615009003,5.575273972,5,43.3153293,-43.66407079,-45.50626553,1.842194738,0.956495852,0.000372894,0.200708516,0.175689789,0.005735518,7.370340526,1.590186806,296.6890738,0.237713161,1.623684285,0.042009408,0.068210015,0.981812681,0.562788386,2.302268391,0.013074205,0.137005787,0.128885476,0.133388986,0.131233482,1353.148438,5.735862082,0.003254829,0.022615875,0.130891106,0.625198235,0.333326997,5.435337307,6.965223229,73866.05905,0.996589564,0.790552471,1.208216412,147.2941519,0.170687706,41745.2,5.09E-19,4.31E-05,0.089698507,6.309300243,43.34426432,-33.90332283,0.467995705,0.020175944,0.981364241,0.019976726,206,6.560284182,0.001163693,0.021333333,0.05455339
Fenswood Farm 24kHz_20240904_224400.WAV,Fenswood Farm,Light treatment,0.000273858,1.05E-08,1.551513159,5.310663128,6,43.39004842,-43.58935166,-45.48416632,1.894814659,0.956154847,0.0004623,0.371991511,0.351054359,0.006130158,15.70662526,2.774748021,297.199713,0.26924449,1.736893493,0.040125497,0.069693715,0.966308029,0.588215182,2.302486908,0.007306368,0.138169592,0.130032285,0.134064247,0.131600771,1356.935547,5.828875301,0.003360906,0.02262748,0.135508703,0.626581566,0.333327082,5.442071723,6.963098897,73673.33417,0.996595416,0.779288436,1.209620464,137.4745418,0.161387111,41658.78182,1.01E-19,4.40E-05,0.047737765,32.71165678,43.43607247,-33.84116806,0.656563531,0.020320837,0.956237459,0.02094647,216,8.367715829,0.001939488,0.017777778,0.109106779
Fenswood Farm 24kHz_20240904_224500.WAV,Fenswood Farm,Light treatment,0.000269914,9.64E-09,1.657313362,5.907168761,6,43.23611169,-43.7432884,-45.51196017,1.768671769,0.957900345,0.00027157,0.101679982,0.092728154,0.003834161,7.485349879,1.591876945,296.6498804,0.260801281,1.705632393,0.039587438,0.067521616,1.015825262,0.542887015,2.302584668,0.000510765,0.138517118,0.130331235,0.131423024,0.131066792,1351.429688,5.615928229,0.003254829,0.022773889,0.130109667,0.62705405,0.333327045,5.439123605,6.974002897,74325.88244,0.996625492,0.791215808,1.205961533,117.8353215,0.154340631,41758.4,2.19E-19,4.24E-05,0.064898488,3.04625,43.27085819,-33.90663788,0.316267195,0.020168245,0.994642956,0.020655547,213,4.216400012,0.001260667,0.017333333,0.072737853
Fenswood Farm 24kHz_20240904_224600.WAV,Fenswood Farm,Light treatment,0.000272734,1.00E-08,1.593444702,5.608387003,5,43.33533489,-43.6440652,-45.45266738,1.808602182,0.957448798,0.00037446,0.04661015,0.038551703,0.005229173,6.228396663,1.525835567,296.4549395,0.284898175,1.796804495,0.039439488,0.07086505,1.116040847,0.56151621,2.302577481,0.002178592,0.137676591,0.131206089,0.133666341,0.131561371,1356.529297,5.678689573,0.003839005,0.02283261,0.150320532,0.625394025,0.333327134,5.446249935,6.971186777,74104.67375,0.996626946,0.78460305,1.207408833,145.1120163,0.198096996,41627.01818,4.27E-19,4.33E-05,0.069597154,5.312250503,43.36905941,-33.78934725,0.383328312,0.020442436,0.987434159,0.019200931,198,5.628731465,0.000581846,0.016,0.036368926
Fenswood Farm 24kHz_20240904_224700.WAV,Fenswood Farm,Light treatment,0.000274745,1.07E-08,1.870478311,8.222300049,8,43.42686548,-43.5525346,-45.39237945,1.839844841,0.954587466,0.000620454,0.629489502,0.605071234,0.007321702,6.618838103,1.653648214,296.0608586,0.239089385,1.628429623,0.045396102,0.073924358,1.229611686,0.563307186,2.302551698,0.004387374,0.139292988,0.13167601,0.134129507,0.131949875,1360.535156,5.709731174,0.004248156,0.022856103,0.161331724,0.626504404,0.333324696,5.280428154,6.953213077,73537.39556,0.996381849,0.795842568,1.207020066,187.6636602,0.241379807,41340.12727,-3.82E-19,4.45E-05,0.057302806,3.116941513,43.48051816,-33.73762567,0.325573698,0.020564527,0.99457422,0.025407292,262,4.049724075,0.002812258,0.025777778,0.109106779
Fenswood Farm 24kHz_20240904_224800.WAV,Fenswood Farm,Light treatment,0.000275025,1.06E-08,1.646781259,6.248649786,7,43.42714782,-43.55225227,-45.37873247,1.826480207,0.955893662,0.000768453,0.421028309,0.401810444,0.009930799,11.99891767,2.610675178,296.254277,0.290614383,1.819341063,0.041752056,0.075961229,1.14791285,0.567748201,2.302580259,0.001697865,0.136391556,0.132103939,0.133765138,0.131908202,1360.105469,5.719068687,0.004190572,0.022965613,0.160550285,0.627051606,0.333326405,5.390607535,6.961440338,73682.75388,0.996537695,0.787274541,1.208801958,206.2118126,0.258787642,41338.14545,-4.42E-19,4.44E-05,0.08555431,4.814253946,43.47298511,-33.71196457,0.439237847,0.020625371,0.984296468,0.022788984,235,5.976071908,0.002327386,0.016,0.145475706
Fenswood Farm 24kHz_20240904_224900.WAV,Fenswood Farm,Post-light treatment,0.000278191,2.36E-08,6.840371068,73.25250615,6,44.11372983,-42.86567025,-45.46756512,2.601894867,0.88312673,0.000441893,0.063372512,0.046195096,0.006086576,8.708603094,1.974249348,296.2195914,-0.314192007,0.521847637,0.131333598,0.068536128,1.044523225,0.622008845,1.951657517,0.417323141,0.142606601,0.129862313,0.133213146,0.131239923,1353.214844,6.070337219,0.003685953,0.0229539,0.142719258,0.625485047,0.332962059,3.399978809,6.500889365,63240.9409,0.983703128,0.878563465,1.207734799,138.5656095,0.179552632,41292.38182,-1.20E-19,5.15E-05,0.108433278,68.86129242,44.12047772,-33.81532528,0.570460782,0.020381387,0.977344711,0.027152832,280,6.683140758,0.004266874,0.03352381,0.127291242
Fenswood Farm 24kHz_20240904_225000.WAV,Fenswood Farm,Post-light treatment,0.000271397,9.90E-09,1.709857374,6.309473845,4,43.29190434,-43.68749575,-45.50188664,1.814390896,0.957123804,0.000411124,0.228029857,0.222760824,0.006166377,7.424024085,1.698079685,296.9696829,0.250518317,1.668510845,0.040757383,0.068004135,0.947963507,0.553863806,2.302570851,0.002822411,0.138953545,0.130107272,0.133500472,0.13129637,1353.796875,5.714381994,0.003309004,0.022984452,0.130749026,0.625778505,0.333326659,5.409310138,6.969133201,74153.98438,0.996575113,0.792382017,1.208003087,117.8353215,0.143411011,41766.78182,-2.01E-19,4.29E-05,0.069758277,3.670584227,43.32712583,-33.86738783,0.349742955,0.020259588,0.99210735,0.020364624,210,4.96722663,0.001939488,0.021333333,0.090922316
Fenswood Farm 24kHz_20240904_225100.WAV,Fenswood Farm,Post-light treatment,0.000270351,9.89E-09,1.716648614,6.366399528,5,43.26189204,-43.71750805,-45.51272116,1.795213115,0.956837092,0.00041472,0.121683259,0.098792505,0.005466184,6.085142391,1.588771717,296.4750669,0.23821809,1.625423332,0.04096056,0.06657825,0.90986727,0.545234362,2.302554136,0.004118223,0.137951379,0.128632518,0.133803206,0.131268904,1353.513672,5.632264347,0.00335958,0.02284502,0.134052384,0.626009164,0.333326572,5.40287261,6.967337525,74076.81583,0.996561051,0.792631795,1.206789714,105.8335758,0.129185457,41812.03636,1.59E-19,4.27E-05,0.069304717,3.196579496,43.30077799,-33.90660246,0.356399749,0.020168327,0.993687144,0.02492242,257,4.369575222,0.002812258,0.022095238,0.127291242
Fenswood Farm 24kHz_20240904_225200.WAV,Fenswood Farm,Post-light treatment,0.000269158,9.60E-09,1.695323113,6.196124743,4,43.21277567,-43.76662442,-45.5492278,1.782603382,0.957708947,0.000652631,0.109974343,0.084972873,0.004882774,8.085124157,1.81625495,296.2427831,0.249470326,1.664784712,0.040409813,0.067273638,0.949275413,0.538140393,2.302583149,0.001061811,0.13750687,0.129001457,0.13363643,0.130826605,1348.953125,5.648139198,0.00358215,0.022836054,0.138421341,0.626060656,0.333326835,5.422652895,6.972797862,74311.58593,0.996603633,0.795513184,1.206909147,148.3852197,0.163110846,41850.96364,-1.82E-19,4.22E-05,0.060970834,3.040034575,43.24907688,-33.93317671,0.314624005,0.020106717,0.994885324,0.024146625,249,3.971185074,0.00397595,0.019878788,0.200029095
Fenswood Farm 24kHz_20240904_225300.WAV,Fenswood Farm,Post-light treatment,0.000272824,1.01E-08,1.582180975,5.793086449,5,43.34261134,-43.63678875,-45.47251332,1.835724575,0.957194138,0.001877915,0.17736472,0.120894002,0.012078584,15.1240058,3.211230049,296.0837844,0.299539539,1.855264659,0.040422289,0.074994043,1.018267697,0.549755228,2.302584853,0.000392229,0.13726441,0.129455381,0.13776504,0.132255601,1363.6875,5.742096009,0.004393063,0.022911016,0.163889163,0.627497744,0.333326925,5.429660411,6.969590965,73997.74427,0.996612843,0.790199998,1.208299864,182.2083212,0.227230021,41556.49091,-3.47E-19,4.34E-05,0.061305086,3.104963622,43.37646823,-33.80247671,0.395374,0.020411558,0.993710584,0.03791699,391,4.152760719,0.014740109,0.028952381,0.509164969
Fenswood Farm 24kHz_20240904_225400.WAV,Fenswood Farm,Post-light treatment,0.00027773,1.15E-08,1.694592953,6.80569632,5,43.54855569,-43.43084439,-45.39116264,1.960318249,0.953050663,0.002392552,0.191604696,0.186247884,0.015743553,28.12142404,4.544766108,296.1771618,0.267491704,1.730344502,0.045579534,0.078868295,1.034645793,0.589825568,2.302210732,0.014340591,0.137894805,0.130354231,0.139953973,0.132668161,1367.941406,5.886709251,0.004976292,0.02305085,0.184632828,0.626880059,0.333325361,5.320476265,6.943633849,72883.19856,0.996396877,0.787766872,1.21042645,164.7512365,0.241985956,41204.69091,1.67E-19,4.57E-05,0.047595429,7.590354965,43.60323212,-33.69511152,0.595851923,0.020665429,0.984283463,0.051881303,535,5.118100474,0.029965089,0.032313725,0.927407623
Fenswood Farm 24kHz_20240904_225500.WAV,Fenswood Farm,Post-light treatment,0.000275006,1.01E-08,1.491656482,5.311497161,5,43.40573437,-43.57366571,-45.41085657,1.837190855,0.957954953,0.001395944,0.164263485,0.112149065,0.011132826,14.93601563,3.179234486,296.0891976,0.311805363,1.906154586,0.03953066,0.07535155,1.059295068,0.559172611,2.302584928,0.000320093,0.13824233,0.130616187,0.138812828,0.132401645,1365.193359,5.743322012,0.004510315,0.023028939,0.170815558,0.628654519,0.333327341,5.46320948,6.974365992,74106.26474,0.996670051,0.784433705,1.209090403,196.3922025,0.243955939,41438.50909,-1.62E-19,4.41E-05,0.068697725,3.091320694,43.44463218,-33.77284867,0.415965453,0.020481302,0.993752427,0.036462374,376,4.101615147,0.008727696,0.024,0.363689264
Fenswood Farm 24kHz_20240904_225600.WAV,Fenswood Farm,Post-light treatment,0.000273135,9.87E-09,1.556621524,5.686044854,4,43.33938269,-43.6400174,-45.45135287,1.811335472,0.95827181,0.000871604,0.124946359,0.101133338,0.010535547,21.2299,3.735179366,296.3142455,0.293579073,1.831173206,0.039813167,0.072904805,1.071383037,0.551319241,2.302584162,0.000752631,0.135793489,0.130048282,0.137259274,0.132045532,1361.521484,5.692683991,0.00421065,0.022643107,0.162965643,0.627572439,0.333327187,5.450516989,6.976337634,74281.76681,0.996660185,0.787897531,1.208090174,230.215304,0.252460964,41431.21818,-2.45E-19,4.34E-05,0.063366248,3.02676535,43.37834026,-33.7858535,0.318476991,0.02045066,0.994906834,0.026280062,271,3.864642856,0.000969744,0.017777778,0.05455339
Fenswood Farm 24kHz_20240904_225700.WAV,Fenswood Farm,Post-light treatment,0.00027219,9.76E-09,1.614539427,5.986053446,5,43.30713322,-43.67226686,-45.47694302,1.804676152,0.958241962,0.000726909,0.083509848,0.057642368,0.006535461,11.9142217,2.327163128,296.052374,0.275131744,1.759122066,0.040139707,0.070610645,1.072074838,0.548151984,2.302584884,0.000347572,0.138185756,0.13095513,0.136097281,0.132111451,1362.201172,5.677044578,0.004181858,0.022931754,0.163356363,0.62441576,0.333327027,5.43766465,6.976141941,74345.88405,0.996641355,0.790341362,1.207171903,206.2118126,0.22527898,41561.6,-4.57E-19,4.31E-05,0.066034244,3.053357803,43.34486965,-33.83805988,0.347781043,0.02032811,0.99446849,0.026861908,277,4.02225277,0.002812258,0.019333333,0.145475706
Fenswood Farm 24kHz_20240904_225800.WAV,Fenswood Farm,Post-light treatment,0.0003115,2.63E-08,2.056599219,8.67525923,10,44.98428371,-41.99511637,-44.66684093,2.671724556,0.918982789,0.001730416,0.143221734,0.136685162,0.008110556,9.077243873,1.997234967,300.4066379,-0.065569211,0.876931109,0.092699862,0.081291393,1.284691077,0.922427745,2.302566464,0.00330994,0.189037597,0.135325401,0.152239193,0.140773317,1451.513672,6.526580541,0.008179788,0.023537211,0.308704099,0.611984236,0.333312603,4.842659128,6.73022763,63952.4189,0.994650245,0.74512986,1.238486357,330.5935409,0.511002358,39937.6,5.38E-19,6.34E-05,0.283012293,13.83489779,45.01759995,-32.94619283,2.0207966,0.022526326,0.943800617,0.158844065,1638,6.728619524,0.064003103,0.024109589,2.654931626
Fenswood Farm 24kHz_20240904_225900.WAV,Fenswood Farm,Post-light treatment,0.000423287,1.10E-07,1.557292747,4.542934356,13,48.68882371,-38.29057637,-41.68235471,3.391778342,0.860466879,0.00554077,0.108950075,0.084108991,0.013381155,8.622799581,1.808792352,311.6697079,-0.305082651,0.532469992,0.175948818,0.093687466,1.447927802,2.694381585,2.302517114,0.006267534,0.165753403,0.133273743,0.174380505,0.146791238,1513.564453,7.169152644,0.007171687,0.023181576,0.280323639,0.547783677,0.333307975,4.741888138,6.364335868,45832.12117,0.992953834,0.546010972,1.277450507,414.6057608,1.222261117,37426.69091,2.45E-19,0.00014861,0.345483344,10.87186469,48.72047642,-28.82623826,2.350928878,0.036198293,0.945569127,0.200155159,2064,6.823897527,0.044705198,0.01935958,2.309426826
Fenswood Farm 24kHz_20240904_230000.WAV,Fenswood Farm,Post-light treatment,0.000533122,2.37E-07,1.372433431,3.491780761,11,51.24088214,-35.73851795,-39.96865447,4.230136523,0.839016922,0.00729905,0.116260506,0.092254296,0.02091922,4.041414943,0.932204946,320.8897574,-0.225252824,0.632316173,0.165546757,0.104677892,1.640656538,5.688259416,1.996121015,0.414947101,0.158358387,0.135711336,0.197353883,0.15624356,1611.027344,7.772099228,0.008569239,0.022936907,0.336800399,0.513786882,0.333310439,4.792995034,6.230391077,37813.19548,0.992685321,0.406185451,1.307902014,558.6267093,1.846348105,38601.8,1.03E-19,0.000265859,0.398999984,17.63316562,51.24651309,-26.42504767,2.819227846,0.047725185,0.936837342,0.252812258,2607,7.003890803,0.067203258,0.019555556,3.436863544
Fenswood Farm 24kHz_20240904_230100.WAV,Fenswood Farm,Post-light treatment,0.000577022,3.07E-07,1.370117447,3.431316824,11,52.13321464,-34.84618545,-38.92168315,4.075497701,0.830759418,0.006270387,0.446788706,0.466393503,0.026214225,4.350351171,0.99793766,321.6914315,0.088286976,1.193672732,0.088938488,0.106163448,1.60154127,6.904767668,2.288311809,0.092343073,0.146316232,0.13502745,0.198765133,0.156558757,1614.277344,7.587628346,0.00787141,0.023201432,0.309378978,0.510999435,0.33330949,4.772697359,6.178758574,35177.82559,0.992447253,0.335312242,1.302523065,497.526913,1.767264632,38484.09091,-2.33E-19,0.000328416,0.340903646,12.41635428,52.16423878,-25.13625307,2.586192427,0.055358887,0.943686165,0.25329713,2612,6.653971368,0.058669511,0.018229755,3.218649985
Fenswood Farm 24kHz_20240904_230200.WAV,Fenswood Farm,Post-light treatment,0.000675375,5.01E-07,1.414251095,3.532921241,11,53.88271408,-33.09668601,-37.35261223,4.255926226,0.815227212,0.006236583,0.103174894,0.076147779,0.030819953,4.641162415,0.989868536,323.3189741,0.425798931,2.483100447,0.04354435,0.108124994,1.736870984,10.32401256,2.301982095,0.019614701,0.136642097,0.136320235,0.202465927,0.162104639,1671.460938,7.665065376,0.00971145,0.023507137,0.383225005,0.512826361,0.333306167,4.707459248,6.081569543,30714.32464,0.991862422,0.281377746,1.313424383,596.814082,1.893911842,38651.4,-6.82E-19,0.000490954,0.32937166,11.62320189,53.91040604,-23.20052161,2.353452861,0.069178943,0.945680255,0.246314973,2540,6.448999908,0.061578743,0.019689922,3.127727669
Fenswood Farm 24kHz_20240904_230300.WAV,Fenswood Farm,Post-light treatment,0.000782766,8.08E-07,1.543666228,3.96398758,11,55.59775872,-31.38164137,-35.1233506,3.741709237,0.795967185,0.004291394,0.08296082,0.070325823,0.028396084,3.000271205,0.627106643,323.2666917,0.395968476,2.311085465,0.042737226,0.098769383,1.499844187,14.67403692,2.30192366,0.020179149,0.139090938,0.134582525,0.192875407,0.159814912,1647.851563,7.298554667,0.007624026,0.023119807,0.305436261,0.511311927,0.333298937,4.589475288,5.960920533,26444.54391,0.9908723,0.246580269,1.295176741,435.3360489,1.517304032,39851.89091,4.79E-20,0.000726907,0.289774236,8.994134329,55.61479127,-21.08503294,1.810538066,0.088256836,0.958976106,0.217610551,2244,5.796060403,0.039274631,0.017704918,2.21850451
Fenswood Farm 24kHz_20240904_230400.WAV,Fenswood Farm,Post-light treatment,0.000714229,6.88E-07,1.684588333,4.468234824,10,54.85786008,-32.12154001,-35.7016014,3.580061391,0.788186431,0.004099806,0.096194918,0.080630272,0.025439804,5.589204415,1.229225557,319.8221404,0.330116359,1.985593133,0.04245348,0.084295338,1.299593624,11.959666,2.302125833,0.016469264,0.13742605,0.131252081,0.179236946,0.15585695,1607.041016,7.097706687,0.007008027,0.02291962,0.280607799,0.514716511,0.33329311,4.511220341,5.912031768,26343.92078,0.990178395,0.239624209,1.282245706,430.9717777,1.363342244,41040.30909,-2.73E-19,0.000613303,0.29409042,8.028199414,54.87674964,-21.73378736,1.636101009,0.081905041,0.963522798,0.222265322,2292,5.418440022,0.039274631,0.018,2.182135583
Fenswood Farm 24kHz_20240904_230500.WAV,Fenswood Farm,Post-light treatment,0.000462149,1.59E-07,1.68521801,4.710345321,10,49.78049449,-37.19890559,-41.65600631,4.457100719,0.840740461,0.008764212,0.154412843,0.120585047,0.018881032,12.28543347,2.16534417,316.4986211,0.416228952,2.426000666,0.042205119,0.102389646,1.586770046,3.961561796,2.302454611,0.00905349,0.138096854,0.135773326,0.17764623,0.154274523,1590.724609,7.972451873,0.012888049,0.023871904,0.482609894,0.536898222,0.333304207,4.67262605,6.240823792,41374.90486,0.992053048,0.366459365,1.315624425,926.3165551,2.18421922,41048.03636,1.89E-19,0.000191211,0.372622163,15.99672458,49.81513891,-28.78436681,3.817390811,0.036373212,0.92379917,0.289274631,2983,7.970465035,0.133048875,0.022866667,5.819028222
Fenswood Farm 24kHz_20240904_230600.WAV,Fenswood Farm,Post-light treatment,0.000473976,1.74E-07,1.485244999,3.786244265,11,50.08038126,-36.89901883,-41.01888632,4.119867494,0.841480067,0.009675312,0.146907732,0.110147315,0.022169806,7.955678314,1.851776785,313.800393,0.404557701,2.358847708,0.040561201,0.095677697,1.482915046,4.024948587,2.302436946,0.009621487,0.135914719,0.13376966,0.187174209,0.153279871,1580.46875,7.610415666,0.011721591,0.023676589,0.441513284,0.531057052,0.333309628,4.775592967,6.245704317,39998.33491,0.992580817,0.354787393,1.297949769,741.9260983,1.88561518,39959.2,-5.68E-19,0.000204842,0.356763016,12.12817637,50.11418735,-27.81330112,3.020585334,0.040675691,0.938699875,0.274728472,2833,7.046052167,0.111423584,0.024031373,4.637038115
Fenswood Farm 24kHz_20240904_230700.WAV,Fenswood Farm,Post-light treatment,0.000373734,6.54E-08,1.638056893,4.715962791,11,47.19129508,-39.78810501,-42.40571889,2.617613884,0.881683644,0.002244983,0.117606,0.094449638,0.015178912,14.20552919,2.902288141,303.4243334,0.378268859,2.216824553,0.044768397,0.099243682,1.500606805,1.711636268,2.302522896,0.006220772,0.14117609,0.134478542,0.146036761,0.137844293,1421.3125,6.576798674,0.006233861,0.023459988,0.232442713,0.60322863,0.333313742,4.870895108,6.497076615,52551.96714,0.993715351,0.496904205,1.242137514,376.4183881,0.772044116,41044.90909,-1.71E-19,0.000105511,0.260382549,12.75375284,47.2329932,-30.69851416,2.269668204,0.029179261,0.938408938,0.135376261,1396,7.78157337,0.0443173,0.021761905,2.036659878
Fenswood Farm 24kHz_20240904_230800.WAV,Fenswood Farm,Post-light treatment,0.00041481,1.04E-07,1.633662819,4.667024121,11,48.48139167,-38.49800842,-40.91366559,2.415657173,0.86040725,0.002419453,0.141399637,0.116900224,0.015153631,12.55120507,2.595588451,300.1025347,0.437182019,2.553546738,0.042928938,0.109621049,1.659897648,2.065613558,2.302544342,0.005076233,0.138581774,0.136352229,0.152506578,0.140730887,1451.076172,6.262280134,0.006774091,0.023031683,0.252298379,0.606731747,0.333308871,4.759884397,6.363924999,46435.0422,0.992875131,0.423239631,1.233586494,341.5042188,0.601507947,40718,-7.50E-19,0.000141789,0.230366515,7.119395163,48.51642593,-28.87966409,1.384294747,0.035976325,0.96237119,0.110162917,1136,6.497225107,0.014061288,0.018412698,0.763747454
Fenswood Farm 24kHz_20240904_230900.WAV,Fenswood Farm,Post-light treatment,0.000481941,1.85E-07,1.676129132,4.720706191,11,50.27390242,-36.70549767,-38.96512166,2.259623987,0.835005985,0.001227858,0.110737734,0.084695363,0.013537683,7.39128938,2.053172992,302.4101594,0.369101853,2.170083807,0.042325431,0.091849734,1.461757805,3.278908353,2.302523691,0.006155913,0.137320984,0.134146598,0.139084745,0.137078651,1413.417969,6.181148528,0.004915488,0.022715222,0.190031864,0.604905294,0.333302354,4.641787007,6.204932657,39588.27771,0.991819697,0.346328152,1.231576268,266.2205412,0.506285763,40896.47273,4.19E-19,0.000213516,0.248165313,6.377196002,50.29429812,-27.12890221,1.564048523,0.044010357,0.964791778,0.122769589,1266,6.50636585,0.012315749,0.018306306,0.672825138
Fenswood Farm 24kHz_20240904_231000.WAV,Fenswood Farm,Post-light treatment,0.000402578,9.31E-08,1.712857673,5.081187045,11,48.14100757,-38.83839252,-41.30930644,2.470913924,0.863273451,0.001322001,0.090217814,0.066011588,0.01509718,11.51370091,2.477874047,300.2486716,0.101192093,1.225169566,0.077947375,0.095498751,1.530697711,1.907976354,2.302560695,0.003920423,0.150680503,0.134619519,0.145775721,0.137958135,1422.486328,6.346818854,0.006831107,0.023087823,0.256347656,0.617525961,0.333307276,4.728294251,6.381782283,47771.18527,0.992830742,0.481376023,1.232424197,411.3325575,0.629030889,40050.45455,5.26E-19,0.000134428,0.217278865,7.140486721,48.28488584,-29.55148176,1.678017535,0.033298595,0.958015492,0.126939488,1309,6.663360763,0.03878976,0.020125786,1.927553099
Fenswood Farm 24kHz_20240904_231100.WAV,Fenswood Farm,Post-light treatment,0.000324657,3.14E-08,1.496496342,4.28928108,10,45.43314666,-41.54625342,-43.41536657,1.86911315,0.916704015,0.001530277,0.11013787,0.076434983,0.013915482,10.58078176,2.504172386,295.9296819,0.420390752,2.450600569,0.039325158,0.096370254,1.694203351,0.89603111,2.3025741,0.002661842,0.13816151,0.13515043,0.140082681,0.133808478,1379.699219,5.790932841,0.005277283,0.022833102,0.198947377,0.624985544,0.333321725,5.132604406,6.716291946,61984.10066,0.995201083,0.608315698,1.209701615,259.6741344,0.313473626,40922.01818,1.78E-19,7.02E-05,0.117140981,3.171483814,45.46296549,-31.6682983,0.367930347,0.026096669,0.992730459,0.03151668,325,4.292197755,0.006691234,0.021647059,0.309135874
Fenswood Farm 24kHz_20240904_231200.WAV,Fenswood Farm,Post-light treatment,0.000290096,1.40E-08,1.345279421,4.435574854,8,43.99264023,-42.98675986,-44.92374508,1.936985224,0.949603917,0.002149576,0.165469116,0.125841222,0.012649957,10.73595407,2.47963481,295.545859,0.433474427,2.530290769,0.04164352,0.105370214,1.758266129,0.630360364,2.302571229,0.002992736,0.137498788,0.135579358,0.138365071,0.133217673,1373.607422,5.8575267,0.005379381,0.022924342,0.19553746,0.62898934,0.333326635,5.407526994,6.922148484,71335.755,0.996428699,0.754505463,1.210162103,238.9438464,0.313966122,40370.63636,6.77E-21,5.05E-05,0.108428022,5.045395979,44.03146137,-33.24880065,0.613346684,0.021755044,0.986733367,0.049553918,511,5.314235293,0.03064391,0.040126984,0.763747454
Fenswood Farm 24kHz_20240904_231300.WAV,Fenswood Farm,Post-light treatment,0.000291976,1.52E-08,1.628643918,6.907693813,9,44.0906916,-42.88870849,-44.90473304,2.016024554,0.945544341,0.001868152,0.298573086,0.301378374,0.012723877,7.726800728,1.972348527,295.5705036,0.420388437,2.450586787,0.048096507,0.117864664,1.928038808,0.649807755,2.302571421,0.002970446,0.1412165,0.137695005,0.139361194,0.133947135,1381.128906,5.898693363,0.005764285,0.023332038,0.207720811,0.626264927,0.333323192,5.200122974,6.896654464,70494.89039,0.996094047,0.765406548,1.212319581,195.3011347,0.323512966,39344.49091,-4.42E-19,5.24E-05,0.10332901,4.471423113,44.19420928,-33.13668994,0.643603625,0.022037661,0.985346265,0.056051202,578,5.25964993,0.037335144,0.037333333,1.000145476
Fenswood Farm 24kHz_20240904_231400.WAV,Fenswood Farm,Post-light treatment,0.000288207,1.27E-08,1.195728256,3.925676401,6,43.88346065,-43.09593943,-45.02768047,1.931741039,0.954001009,0.001723546,0.157406929,0.149782522,0.01203239,5.828620664,1.702122763,295.7011338,0.459479769,2.700139027,0.039734558,0.10728883,1.794999533,0.617206422,2.302581016,0.001626612,0.137175508,0.13718809,0.140683618,0.133878943,1380.425781,5.833456282,0.006157146,0.023103929,0.225693918,0.6243213,0.333327638,5.488625732,6.94968018,72427.24276,0.996630104,0.761702764,1.210976311,293.497236,0.406991017,40175.16364,-4.20E-19,4.92E-05,0.077542377,3.184531538,43.9163567,-33.33132513,0.489858719,0.021549329,0.99241811,0.047323507,488,4.245877406,0.018619085,0.0256,0.727378528
Fenswood Farm 24kHz_20240904_231500.WAV,Fenswood Farm,Post-light treatment,0.000287479,1.23E-08,1.177144431,3.787298329,6,43.84541318,-43.13398691,-45.0695223,1.93553539,0.95519631,0.001780884,0.131999731,0.090649372,0.015436273,7.248293703,1.99709553,295.7009788,0.456763321,2.681636526,0.038829513,0.10412664,1.850737204,0.61672973,2.302580714,0.001668122,0.136116768,0.137344064,0.141135907,0.134065713,1382.351563,5.851978811,0.006006366,0.023086779,0.225800478,0.628079808,0.333327899,5.512093781,6.95716127,72780.92133,0.996678663,0.762505279,1.212062213,272.7669479,0.369693925,40288.16364,1.98E-19,4.87E-05,0.073603665,3.605309387,43.87716538,-33.33452154,0.460150636,0.0215414,0.989924547,0.042571761,439,4.50593565,0.017649341,0.026234234,0.672825138
Fenswood Farm 24kHz_20240904_231600.WAV,Fenswood Farm,Post-light treatment,0.000291865,1.35E-08,1.197845719,3.860813191,7,44.01431791,-42.96508217,-44.94745313,1.982370957,0.952486585,0.002095569,0.123855171,0.087911217,0.015234775,5.552427096,1.633183768,295.6335066,0.497519769,2.980256091,0.038669698,0.115245604,1.905110702,0.635118301,2.302578988,0.00198211,0.136375392,0.138574858,0.142638703,0.134550063,1387.345703,5.89303598,0.006278944,0.022977569,0.232407193,0.62646363,0.333327514,5.477861502,6.940208443,71955.31405,0.996581685,0.754343938,1.212342145,247.6723887,0.374126388,39993.63636,-3.85E-19,5.07E-05,0.07621921,3.549895363,44.04777929,-33.22458228,0.525856838,0.021815787,0.990425983,0.052269201,539,4.502365222,0.028413499,0.034725926,0.818300844
Fenswood Farm 24kHz_20240904_231700.WAV,Fenswood Farm,Post-light treatment,0.000288237,1.24E-08,1.099733896,3.584949464,8,43.87082126,-43.10857882,-45.01206297,1.903484142,0.955357638,0.001089845,0.074124128,0.052045579,0.016849356,10.24884143,2.413061502,295.5577815,0.453519472,2.659782731,0.038688542,0.102903115,1.922440562,0.618792224,2.30258398,0.000839526,0.138678757,0.137403054,0.140941939,0.134077646,1382.474609,5.780673133,0.005719203,0.02314295,0.219016163,0.625949446,0.33332803,5.524321262,6.958181278,72691.42748,0.996705724,0.757732659,1.210997402,313.1364562,0.326581594,40063.41818,-4.01E-19,4.91E-05,0.082598283,3.378768319,43.90706182,-33.27293029,0.413079837,0.021694692,0.992145423,0.03064391,316,4.388612454,0.004363848,0.02,0.218213558
Fenswood Farm 24kHz_20240904_231800.WAV,Fenswood Farm,Post-light treatment,0.000289802,1.25E-08,1.128647479,3.719782382,8,43.91449065,-43.06490944,-44.99715048,1.932241036,0.95548358,0.002403978,0.453164557,0.320571416,0.014312635,10.33128044,2.524501409,296.0413885,0.477092605,2.824769014,0.039092927,0.110428489,2.031291505,0.62303685,2.302583772,0.000918057,0.139058611,0.137715002,0.141354347,0.134451185,1386.326172,5.895545752,0.005919232,0.023077662,0.227079197,0.626997409,0.333327967,5.518355405,6.958963628,72775.37789,0.996699147,0.764260003,1.212630471,253.1277277,0.349653131,40021.96364,2.39E-19,4.95E-05,0.066269318,3.142502104,43.9460254,-33.26068811,0.40713848,0.021725291,0.993227176,0.035104732,362,4.135965787,0.008242824,0.020606061,0.40005819
Fenswood Farm 24kHz_20240904_231900.WAV,Fenswood Farm,Post-light treatment,0.000293294,1.58E-08,2.029548427,11.34913357,9,44.14892532,-42.83047477,-44.86041859,2.029943819,0.942767732,0.001684584,0.096136188,0.07057546,0.015856699,8.249410839,2.214554991,296.0282732,0.356361677,2.107335175,0.057676436,0.121543583,2.0499112,0.648560289,2.302405823,0.01067985,0.145281738,0.139790655,0.142753814,0.135203946,1394.087891,5.936121152,0.006809134,0.02328143,0.255139977,0.628361132,0.333316464,4.945702942,6.879109602,70156.91361,0.995653955,0.779517403,1.213899121,304.4079139,0.445197332,38741.98182,2.82E-19,5.32E-05,0.066577147,3.42850875,44.25929392,-33.06040886,0.49112941,0.022232056,0.991801514,0.050814585,524,4.137335329,0.016873545,0.021090909,0.800116381
Fenswood Farm 24kHz_20240904_232000.WAV,Fenswood Farm,Post-light treatment,0.000291945,1.34E-08,1.204157007,4.089972569,12,44.01157286,-42.96782723,-44.98795448,2.020127258,0.952870797,0.00236743,0.464141361,0.411061903,0.015542192,16.43715802,3.141269228,295.8333861,0.487760073,2.90442036,0.04025977,0.116931297,2.007425603,0.63830862,2.30253043,0.005921053,0.136844147,0.139587689,0.14336019,0.13514049,1393.433594,6.005142394,0.007091941,0.023440849,0.260290373,0.62471165,0.333327368,5.465483919,6.94260595,72061.67449,0.996583166,0.759627142,1.214853361,339.3220832,0.497894391,39795.58182,3.00E-19,5.07E-05,0.08253483,4.182954727,44.04677012,-33.23625595,0.54480655,0.021786487,0.990090946,0.053820791,555,4.304430792,0.01939488,0.024806202,0.781931917
Fenswood Farm 24kHz_20240904_232100.WAV,Fenswood Farm,Post-light treatment,0.000288502,1.25E-08,1.170818792,3.889313739,9,43.88286843,-43.09653166,-45.04321076,1.946679101,0.954789233,0.002565256,0.315206891,0.17607425,0.019695705,22.47415656,3.72328729,295.9749866,0.466790602,2.750871621,0.039707363,0.109229858,1.960413683,0.622018726,2.30258407,0.000806933,0.138646429,0.138136931,0.141260082,0.134346814,1385.25,5.896904818,0.006085734,0.022988218,0.230595675,0.626952151,0.333327764,5.499775667,6.954613446,72625.08248,0.996662109,0.765577628,1.213009274,325.1382019,0.36982652,39993.36364,-1.50E-19,4.92E-05,0.078527639,3.525145817,43.91600827,-33.27008105,0.413946998,0.02170181,0.991623847,0.0321955,332,4.384893867,0.00329713,0.020148148,0.163660169
Fenswood Farm 24kHz_20240904_232200.WAV,Fenswood Farm,Post-light treatment,0.000290251,1.34E-08,1.340036611,4.93894908,9,43.96992895,-43.00947114,-45.03046939,2.020998246,0.951723231,0.001755032,0.516591919,0.49093206,0.01813519,35.09061857,4.578714107,296.0841296,0.341270617,2.036148156,0.052106519,0.106096592,1.919332804,0.626954464,2.300840859,0.033213798,0.139196004,0.13946071,0.139802606,0.134489827,1386.724609,6.080261588,0.005819596,0.022942911,0.224450719,0.626994964,0.333326551,5.401254878,6.935395401,71904.55123,0.99648068,0.781447,1.213422671,315.3185918,0.367288272,39947.41818,-7.67E-20,5.01E-05,0.082814695,4.387452626,44.00184961,-33.26122489,0.418456321,0.021723948,0.99161184,0.031225756,322,4.59639037,0.00640031,0.020705882,0.309135874
Fenswood Farm 24kHz_20240904_232300.WAV,Fenswood Farm,Post-light treatment,0.000286792,1.22E-08,1.178731826,3.889383889,7,43.82612714,-43.15327295,-45.06286511,1.909592161,0.95510013,0.001100831,0.08013696,0.060431477,0.014691693,12.53579682,2.592335389,295.8509265,0.444349196,2.599382897,0.039087217,0.101602643,1.796168738,0.618598301,2.302573754,0.002699904,0.137353312,0.136187257,0.14048965,0.133659214,1378.160156,5.799692177,0.005529782,0.023041278,0.210775529,0.625223708,0.333327792,5.502296397,6.956557527,72745.88393,0.996671298,0.762642432,1.211540499,284.7686936,0.325293528,40214.49091,-1.97E-19,4.86E-05,0.075948143,3.89545321,43.86388196,-33.33139647,0.425430641,0.021549152,0.989101278,0.02734678,282,5.033284952,0.002618309,0.018,0.145475706
Fenswood Farm 24kHz_20240904_232400.WAV,Fenswood Farm,Post-light treatment,0.000284256,1.16E-08,1.216178753,4.152391671,8,43.72670276,-43.25269732,-45.12414227,1.871444943,0.956550188,0.000931751,0.472929601,0.451479517,0.013986323,12.88249598,2.527513657,295.9261118,0.427470641,2.493270642,0.039433958,0.098319529,1.784989896,0.599953669,2.302568909,0.003223666,0.136561278,0.136874142,0.138869024,0.133839543,1380.019531,5.765933199,0.005101878,0.022897344,0.198450098,0.627381348,0.333327808,5.503817154,6.965619451,73254.69459,0.996703259,0.770225843,1.210165556,264.0384056,0.283999642,40277.65455,5.65E-19,4.75E-05,0.071522286,3.119743613,43.76814199,-33.38416391,0.316607639,0.021418636,0.994493516,0.021916214,226,3.942322444,0.000581846,0.016,0.036368926
Fenswood Farm 24kHz_20240904_232500.WAV,Fenswood Farm,Post-light treatment,0.000298163,2.84E-08,5.190537597,45.61914438,6,44.76593251,-42.21346758,-45.05140452,2.837936947,0.887289978,0.001058144,0.168506719,0.165448943,0.013668468,10.71003653,2.424717832,295.7932939,-0.211735085,0.650525783,0.155695629,0.101284021,1.80940516,0.8630838,1.23466799,0.735920493,0.136585524,0.137403054,0.141854675,0.13435477,1385.332031,6.761475807,0.005936659,0.023096261,0.225764958,0.625691149,0.333124613,3.687952203,6.528749157,61926.96691,0.987307961,0.847554509,1.211888396,309.8632528,0.311541527,40185.32727,2.88E-19,5.96E-05,1.5236475,359.4592065,44.7539526,-33.33445138,0.832171714,0.021541574,0.941576363,0.030449961,314,8.146146256,0.006206362,0.021333333,0.290951411
Fenswood Farm 24kHz_20240904_232600.WAV,Fenswood Farm,Post-light treatment,0.000292594,1.38E-08,1.17200189,3.748454204,7,44.04666234,-42.93273775,-44.96469533,2.031957584,0.951850989,0.001042726,0.350341514,0.345917407,0.015798809,8.128190061,2.221370241,296.1711844,0.464487273,2.734738503,0.03965653,0.10845024,2.041167341,0.693578409,2.301796585,0.022377023,0.13534898,0.137271076,0.140943752,0.134425424,1386.060547,5.956084034,0.005822059,0.02319151,0.220117282,0.625493666,0.333327496,5.47632053,6.936237847,71709.78792,0.996570621,0.748249141,1.213229212,298.9525749,0.362780041,39937.61818,3.92E-19,5.09E-05,0.134890364,49.69624262,44.06677179,-33.24561385,0.638463996,0.021763027,0.969734876,0.03549263,366,6.170670846,0.005915438,0.020333333,0.290951411
Fenswood Farm 24kHz_20240904_232700.WAV,Fenswood Farm,Post-light treatment,0.000291956,1.31E-08,1.136829058,3.82487882,12,44.00036227,-42.97903782,-44.9237456,1.944707785,0.953961464,0.001494984,0.225821183,0.17381426,0.017388886,9.312048445,2.400052552,295.7752539,0.474704175,2.807378445,0.040256343,0.113014789,2.010285832,0.63493327,2.302584887,0.000357105,0.136666343,0.137832982,0.142559847,0.134645153,1388.326172,5.885372067,0.006301295,0.023332219,0.23691823,0.625432889,0.333327678,5.492174978,6.949440216,72294.16259,0.996643528,0.759522279,1.213278725,301.1347105,0.39793667,39737.63636,2.55E-19,5.06E-05,0.070124652,3.177806261,44.04074114,-33.14880003,0.405875189,0.022006957,0.992798922,0.035977502,371,4.110500593,0.005430566,0.018666667,0.290951411
Fenswood Farm 24kHz_20240904_232800.WAV,Fenswood Farm,Post-light treatment,0.000287145,1.25E-08,1.185119916,3.771022257,7,43.84663756,-43.13276252,-44.9999537,1.867191178,0.954347212,0.000820199,0.05547117,0.038507571,0.013387154,11.16880503,2.525621591,295.5975986,0.433161323,2.528340742,0.038762727,0.098005383,1.757935719,0.616956424,2.302584359,0.000682025,0.138153428,0.134836482,0.139179009,0.133093033,1372.322266,5.720888257,0.005145635,0.022870035,0.200190577,0.624733236,0.33332779,5.502181344,6.951849999,72535.24951,0.996650134,0.75742423,1.209757573,218.2135583,0.281271973,40355.18182,3.45E-20,4.88E-05,0.07463709,3.690493786,43.88384094,-33.28545905,0.37639799,0.021663421,0.99181605,0.024728472,255,4.572124604,0.001163693,0.016,0.072737853
Fenswood Farm 24kHz_20240904_232900.WAV,Fenswood Farm,Post-light treatment,0.000286081,1.20E-08,1.181499018,3.864111214,9,43.79833214,-43.18106795,-45.07413846,1.893070518,0.955517562,0.001200753,0.104085557,0.082713695,0.016256227,10.79013946,2.572646371,295.639515,0.442119968,2.585000152,0.039066596,0.100987155,1.801430737,0.606393809,2.302583829,0.000900926,0.136876475,0.137253079,0.139257865,0.13365732,1378.140625,5.788038024,0.005659725,0.023213626,0.213226407,0.626757871,0.333327864,5.508884873,6.959168858,72888.31791,0.996685726,0.765468717,1.210636301,271.6758801,0.366587413,40251.96364,1.59E-19,4.83E-05,0.072791875,3.06000967,43.83548764,-33.33453838,0.350222371,0.021541358,0.994418192,0.027928627,288,3.782963864,0.002230411,0.01752381,0.127291242
Fenswood Farm 24kHz_20240904_233000.WAV,Fenswood Farm,Post-light treatment,0.000286708,1.25E-08,1.235427361,3.937573175,7,43.83496936,-43.14443073,-45.13233984,1.987909109,0.954022109,0.00156317,0.231727351,0.237856715,0.01851703,18.36720777,3.454723841,296.1029503,0.459348396,2.699239926,0.038727418,0.104534592,1.954103005,0.648950685,2.302144722,0.016718831,0.136076359,0.139207752,0.138152069,0.133827989,1379.900391,5.925764994,0.005542094,0.023041511,0.205447533,0.62801288,0.333327649,5.489595997,6.949808441,72519.47785,0.996623358,0.764843022,1.213178739,310.9543206,0.377990587,40273.01818,-6.37E-21,4.84E-05,0.08998274,19.86331579,43.85267031,-33.36806399,0.565679396,0.021458374,0.972160789,0.028801396,297,6.334309051,0.002812258,0.019333333,0.145475706
Fenswood Farm 24kHz_20240904_233100.WAV,Fenswood Farm,Post-light treatment,0.000291014,1.40E-08,1.243740153,3.864069163,7,44.01382576,-42.96557433,-44.89663943,1.931065101,0.950482313,0.001369712,0.089317147,0.062971214,0.01772914,21.42504055,3.972239177,295.593323,0.510119903,3.082631677,0.03934099,0.121273781,2.096339686,0.636217374,2.302583902,0.000867947,0.138500954,0.137674008,0.138123064,0.133664707,1378.216797,5.766905498,0.005420675,0.023047717,0.202392815,0.628128657,0.333327255,5.456108417,6.927667096,71436.605,0.996505849,0.758385758,1.210654163,272.7669479,0.312659114,39805.69091,1.77E-19,5.06E-05,0.069265668,3.178319794,44.04325395,-33.16369022,0.390478942,0.021969263,0.993208213,0.031807603,328,4.038175139,0.003103181,0.024380952,0.127291242
Fenswood Farm 24kHz_20240904_233200.WAV,Fenswood Farm,Post-light treatment,0.000290924,1.41E-08,1.220566855,3.691019814,7,44.01578279,-42.9636173,-44.91148965,1.947872359,0.950242762,0.001846127,0.116238947,0.076859736,0.018239808,20.04765777,3.654360727,295.7090382,0.518688192,3.155310483,0.037948216,0.119738403,2.008514261,0.635271013,2.302584373,0.000669801,0.136803737,0.138112935,0.139754568,0.133863221,1380.263672,5.797972435,0.00589688,0.022793652,0.217701924,0.624640456,0.333327365,5.465239075,6.926175195,71329.20825,0.996510732,0.752811972,1.210096434,321.8649985,0.390871248,39866.10909,2.60E-19,5.07E-05,0.07290874,3.113463142,44.04705261,-33.1607752,0.421277518,0.021976637,0.993452755,0.036656323,378,3.94192679,0.005527541,0.021714286,0.254582485
Fenswood Farm 24kHz_20240904_233300.WAV,Fenswood Farm,Post-light treatment,0.000301285,1.49E-08,1.015802021,3.365348611,12,44.31022961,-42.66917048,-44.9971769,2.328006427,0.952015168,0.005865913,0.317549244,0.246258096,0.016986541,17.52566379,3.324558545,297.0152463,0.454029885,2.663204167,0.046072033,0.12269923,1.96217477,0.855280794,2.299198629,0.046006798,0.136561278,0.13706811,0.139701997,0.133725512,1378.84375,6.901801166,0.005600057,0.022905902,0.212729128,0.625321782,0.333327809,5.503852469,6.937288669,71419.26772,0.996623552,0.752151099,1.217805184,295.6793715,0.317375709,40053.81818,5.47E-19,5.39E-05,0.209862072,467.3407672,44.31408817,-33.26095456,1.256424716,0.021724624,0.875371405,0.028413499,293,10.4749147,0.002133437,0.019555556,0.109106779
Fenswood Farm 24kHz_20240904_233400.WAV,Fenswood Farm,Post-light treatment,0.000288648,1.26E-08,1.146524555,3.616632207,8,43.8927269,-43.08667318,-44.99161861,1.904945427,0.954461986,0.000928454,0.082983726,0.076192148,0.013986674,12.06575379,2.705363805,295.981199,0.456621606,2.680676344,0.038897269,0.104270988,1.951911166,0.626807381,2.302573088,0.002783109,0.137474542,0.137096105,0.14052228,0.134193383,1383.667969,5.777690626,0.005590586,0.023009989,0.212302888,0.626711652,0.333327916,5.513647832,6.95257452,72502.67628,0.996667048,0.758200113,1.211174074,337.1399476,0.319023676,40178.61818,-3.83E-19,4.92E-05,0.069008375,3.445250486,43.92244214,-33.24902515,0.374571778,0.021754482,0.992164208,0.027540729,284,4.401421462,0.003006206,0.01837037,0.163660169
Fenswood Farm 24kHz_20240904_233500.WAV,Fenswood Farm,Post-light treatment,0.000296667,1.42E-08,1.039037219,3.248462049,9,44.16589454,-42.81350555,-44.86714319,2.053637639,0.952525666,0.003222861,0.210493916,0.153466882,0.018968475,9.235316053,2.35482368,295.4769456,0.508556944,3.069647493,0.038751066,0.118952114,2.021110711,0.651745852,2.302583095,0.001119236,0.136634015,0.13802195,0.146661265,0.135466106,1396.791016,6.102254562,0.007582542,0.023778491,0.267714048,0.625561171,0.333327954,5.517176638,6.940482152,71671.84762,0.996641063,0.743512589,1.215023344,331.6846087,0.474387184,39877.78182,-1.38E-19,5.25E-05,0.090105149,3.73436305,44.2001211,-33.13685139,0.668903828,0.022037252,0.985844344,0.048390225,499,5.634891334,0.021237393,0.0365,0.581902822
Fenswood Farm 24kHz_20240904_233600.WAV,Fenswood Farm,Post-light treatment,0.000306616,1.71E-08,0.933177442,2.793288784,12,44.53159666,-42.44780342,-44.80373699,2.355933569,0.947724904,0.005020822,0.336272382,0.335842248,0.016353364,9.128494275,2.096279325,294.8997288,0.550180685,3.446229702,0.038689412,0.1333326,2.108165884,0.716045427,2.302120133,0.017156549,0.136690589,0.140157594,0.151008314,0.136705301,1409.568359,6.55889059,0.009531689,0.024236663,0.310586657,0.626437923,0.333327802,5.503251535,6.910482422,69881.19538,0.996539184,0.715579867,1.220227134,310.9543206,0.63872927,39706.47273,-3.13E-19,5.76E-05,0.225273917,214.9969746,44.60669854,-33.05598467,1.626254948,0.022243379,0.899066801,0.064294026,663,8.836542011,0.040923196,0.046888889,0.872854233
Fenswood Farm 24kHz_20240904_233700.WAV,Fenswood Farm,Post-light treatment,0.000305685,1.75E-08,1.127637566,3.648113784,10,44.5228846,-42.45651549,-44.82495085,2.368435362,0.945545356,0.009187493,0.209412709,0.162324638,0.01731822,11.2320127,2.51038101,295.0975402,0.57882383,3.748606739,0.038784204,0.145386728,2.067228643,0.704320902,2.302494286,0.007624043,0.134928717,0.139122766,0.147683673,0.135471031,1396.841797,6.652840813,0.008597273,0.024550039,0.283591477,0.627050862,0.333326786,5.418955262,6.896803367,69578.73658,0.996375547,0.721625855,1.220323602,327.3203375,0.601432178,39860.90909,-2.56E-20,5.70E-05,0.204939579,12.92706168,44.55962481,-33.08000404,1.789757941,0.022181954,0.928904544,0.050717611,523,10.10040995,0.023079907,0.043770115,0.527349433
Fenswood Farm 24kHz_20240904_233800.WAV,Fenswood Farm,Post-light treatment,0.000299317,1.62E-08,1.342947414,5.296607506,7,44.315711,-42.66368909,-44.76567959,2.101990507,0.946266133,0.002636247,0.188638276,0.160742622,0.014431579,7.876296341,2.007191352,295.2369725,0.470382706,2.776311728,0.046393614,0.128803135,2.069082984,0.674891426,2.302572194,0.002853829,0.141200336,0.140009618,0.144948186,0.135383707,1395.941406,6.033161117,0.007204268,0.023341625,0.261817732,0.626730243,0.333325001,5.298381112,6.901242251,70175.64905,0.996262242,0.746847563,1.214271925,345.86849,0.433528968,38990.58182,-1.67E-19,5.52E-05,0.122013962,7.442931313,44.42308227,-32.92320066,0.833708044,0.022586033,0.970443587,0.045868891,473,6.669368084,0.009212568,0.028148148,0.327320338
Fenswood Farm 24kHz_20240904_233900.WAV,Fenswood Farm,Post-light treatment,0.000292147,1.36E-08,1.257759376,4.750097807,9,44.02535915,-42.95404094,-44.92796967,1.97392873,0.952179113,0.001294697,0.063880141,0.047115313,0.012087619,7.053025703,1.975609853,295.5546419,0.443204296,2.591981737,0.043027888,0.111527501,1.997656884,0.65151181,2.302555568,0.004357216,0.138977791,0.138014952,0.141156754,0.134343783,1385.21875,5.871300419,0.00632914,0.022910131,0.233011033,0.626518717,0.333326624,5.406711962,6.93825941,71896.52202,0.99652075,0.760764567,1.212735926,326.2292697,0.400777992,39537.27273,-3.24E-19,5.12E-05,0.087805253,5.944648549,44.08977854,-33.15181552,0.544411999,0.021999318,0.983384962,0.03704422,382,5.128017463,0.003588053,0.021925926,0.163660169
Fenswood Farm 24kHz_20240904_234000.WAV,Fenswood Farm,Post-light treatment,0.000291658,1.29E-08,1.041907938,3.329599257,8,43.98146525,-42.99793484,-44.94371076,1.945775921,0.955029317,0.001324115,0.079928464,0.058151104,0.012220646,6.145761235,1.70305905,295.3898891,0.474024476,2.802458309,0.038526144,0.107967913,1.987682892,0.633353567,2.30256061,0.003977593,0.136132932,0.137847979,0.141927186,0.134408376,1385.884766,5.856983497,0.006482951,0.0231551,0.238516629,0.62533981,0.333328168,5.537502199,6.956138337,72486.92981,0.996716042,0.753197046,1.211627203,337.1399476,0.422428868,40010.63636,3.92E-19,5.04E-05,0.094389591,8.905782308,44.02416219,-33.18804249,0.466455867,0.021907755,0.986318311,0.031128782,321,4.91979561,0.003878976,0.021333333,0.181844632
Fenswood Farm 24kHz_20240904_234100.WAV,Fenswood Farm,Post-light treatment,0.000290686,1.26E-08,1.071758222,3.464124409,10,43.94346117,-43.03593891,-44.97434978,1.938410866,0.955535753,0.001273309,0.115659737,0.09469099,0.014436688,10.43812105,2.380425998,295.6142481,0.480123848,2.847070103,0.038914115,0.110791213,2.103450094,0.628460507,2.302583825,0.000903063,0.135955129,0.140016617,0.14122292,0.134932126,1391.285156,5.871766926,0.006531442,0.023061874,0.247787342,0.628915912,0.333328145,5.535195163,6.959300158,72698.21762,0.996721081,0.75907242,1.213037609,331.6846087,0.42852824,39967.43636,6.07E-20,4.99E-05,0.07833266,3.2447689,43.97795874,-33.20028876,0.392006003,0.021876889,0.992849536,0.03151668,325,4.192038418,0.00329713,0.022666667,0.145475706
Fenswood Farm 24kHz_20240904_234200.WAV,Fenswood Farm,Post-light treatment,0.000291798,1.31E-08,1.08291786,3.419657409,8,43.99491521,-42.98448488,-44.90405779,1.919572917,0.954195697,0.000919783,0.046867792,0.037730587,0.009156134,6.488906116,1.736332307,295.3619362,0.481683619,2.858647101,0.039158597,0.111940611,2.083409237,0.634270975,2.302581407,0.001540219,0.137684673,0.13862285,0.142241704,0.134566354,1387.513672,5.792818183,0.006301106,0.023279815,0.240292628,0.625783428,0.333328016,5.522932068,6.950918975,72298.02063,0.996678262,0.754950549,1.211577698,302.2257783,0.337473329,39931.36364,3.77E-19,5.04E-05,0.06829119,3.220638734,44.02746217,-33.16414073,0.394229014,0.021968124,0.99314136,0.030740884,317,4.060467399,0.004751746,0.018666667,0.254582485
Fenswood Farm 24kHz_20240904_234300.WAV,Fenswood Farm,Post-light treatment,0.000291048,1.31E-08,1.071157952,3.37054108,7,43.97472036,-43.00467973,-44.92615093,1.921471197,0.954096206,0.001057403,0.065995358,0.058611393,0.011740286,8.316345849,2.11101605,295.3895243,0.491879035,2.936070613,0.038227184,0.112237711,2.055414533,0.632114971,2.302582185,0.00135903,0.13848479,0.137267076,0.142060425,0.13417122,1383.439453,5.784447625,0.005981362,0.022851099,0.228109276,0.626081925,0.333328035,5.524770317,6.950298905,72246.04351,0.99667941,0.752972289,1.21019494,310.9543206,0.339727445,39893.72727,-2.12E-19,5.03E-05,0.087236807,4.759118971,44.01551978,-33.17618015,0.432230252,0.021937695,0.991098517,0.032001552,330,4.350954629,0.002230411,0.01752381,0.127291242
Fenswood Farm 24kHz_20240904_234400.WAV,Fenswood Farm,Post-light treatment,0.000294362,1.47E-08,1.112388143,3.301553518,8,44.12926414,-42.85013595,-44.90068912,2.050553171,0.949974381,0.001053118,0.125212311,0.116330864,0.013462867,12.21591608,2.542577471,297.2607038,0.477571562,2.828275519,0.039250308,0.111010686,1.984960244,0.694327863,2.302563039,0.003741527,0.136658261,0.136536198,0.143062894,0.135129883,1393.324219,5.956749341,0.005563309,0.02279571,0.214078887,0.619086245,0.33332762,5.487043153,6.924517215,71030.2666,0.996543012,0.738712183,1.217136016,279.3133547,0.335598057,39938.94545,-1.39E-19,5.20E-05,0.115289151,5.172249149,44.15979113,-33.11552878,0.677609758,0.022091416,0.980787495,0.043250582,446,6.048796549,0.00640031,0.018526316,0.345504801
Fenswood Farm 24kHz_20240904_234500.WAV,Fenswood Farm,Post-light treatment,0.000353389,4.26E-08,1.195351593,3.221700502,11,46.31127152,-40.66812857,-43.871752,3.203623432,0.911038489,0.005133148,0.172655384,0.143205095,0.012286059,7.645963651,1.964292606,307.59951,0.526585417,3.224626942,0.041794572,0.134771904,2.113821939,1.576208403,2.302339817,0.01247582,0.140569941,0.13742805,0.162298317,0.142316534,1467.425781,7.209373966,0.007368496,0.023326097,0.281779958,0.572881697,0.333322786,5.180526941,6.680975506,59021.52637,0.995253914,0.575078333,1.272990583,483.3430317,1.01207903,39177.41818,-3.56E-19,8.59E-05,0.340962388,24.87029767,46.33756725,-31.9287863,2.873325609,0.025325655,0.912646093,0.156710628,1616,8.452927049,0.03394104,0.020289855,1.672970614
Fenswood Farm 24kHz_20240904_234600.WAV,Fenswood Farm,Post-light treatment,0.000446427,1.18E-07,1.291666557,3.440677393,12,49.09170465,-37.88769543,-42.20270925,4.315013816,0.868892436,0.012439563,0.213060118,0.175748616,0.012242477,5.528713009,1.220063536,318.8458404,0.534287753,3.294497325,0.043167852,0.142216372,2.305261658,3.632365668,2.302139544,0.016809612,0.142170174,0.137351062,0.188307198,0.151410091,1561.189453,8.036555215,0.008353867,0.023138427,0.330655443,0.531087854,0.333315541,4.919075268,6.417297206,46293.17014,0.993746128,0.42144774,1.320472943,603.3604888,1.738946119,38470.32727,1.87E-19,0.000162569,0.417314881,25.08117429,49.11038079,-29.59940308,4.07148933,0.033115388,0.905808071,0.257176106,2652,8.644479273,0.074476338,0.01978744,3.764183881
Fenswood Farm 24kHz_20240904_234700.WAV,Fenswood Farm,Post-light treatment,0.000763058,6.94E-07,1.482955457,3.873760111,13,55.13065803,-31.84874206,-35.79122442,3.942482362,0.807017317,0.005670822,0.091991837,0.070238894,0.025010691,3.381725888,0.802353607,319.7047508,0.433544163,2.530725379,0.059134359,0.149652824,2.328137444,12.70902622,2.301425656,0.027079861,0.139777907,0.137505037,0.207829947,0.164353262,1694.646484,7.333564404,0.010623894,0.023384099,0.425387215,0.516006363,0.333301311,4.625233086,6.030081174,28690.40186,0.991322574,0.267624138,1.299098281,644.8210649,1.555927074,38743.61818,-2.11E-19,0.000652996,0.299902679,9.211791186,55.14910431,-21.68060758,1.922267993,0.082408048,0.954710333,0.237393328,2448,5.845704506,0.060608999,0.019723866,3.07317428
Fenswood Farm 24kHz_20240904_234800.WAV,Fenswood Farm,Post-light treatment,0.000860839,9.46E-07,1.482741636,3.834685685,14,56.34456475,-30.63483533,-34.04519807,3.410362735,0.801612548,0.006068644,0.780575886,0.738603715,0.023847303,3.564972377,0.748085723,319.449593,0.42592063,2.483838829,0.064829352,0.161025663,2.442507035,16.28155794,2.293479638,0.07579494,0.139325316,0.138179924,0.187032812,0.157323641,1622.164063,7.190358946,0.007503743,0.023138428,0.294957869,0.520174309,0.333300674,4.615376481,5.996286677,26928.29315,0.991167619,0.25684345,1.279282202,450.610998,1.206444422,38920.85455,-4.89E-19,0.000864798,0.257338986,7.640656664,56.36914611,-20.19424345,1.5307714,0.097788511,0.965749734,0.198312645,2045,5.431437338,0.034425912,0.017861635,1.927553099
Fenswood Farm 24kHz_20240904_234900.WAV,Fenswood Farm,Post-light treatment,0.003085588,5.89E-05,7.912577638,76.0674879,16,72.42693123,-14.55246886,-38.51261012,23.96014126,0.445491438,0.141197471,0.286547705,0.124791004,0.103526199,37.52755494,5.096162673,369.4060519,-0.765203997,0.133013524,310.1799793,41.25813197,6.932135346,455.0378798,2.085275728,0.355686304,0.40135939,0.292078223,0.310766924,0.25182053,2596.521484,24.85549612,0.124289669,0.043955929,2.717455652,0,0.325071862,1.848770174,3.709628768,6819.76738,0.870272574,0.118032031,3.077288384,1121.61769,5.067384801,19465.69091,5.60E-18,0.040194441,0.09082776,15.04952675,73.04165994,-19.84057342,10.80901114,0.101852417,0.842174396,0.367145074,3786,15.02907114,0.298196276,0.082828283,3.600523713
Eastwood Farm 24kHz_20240903_205100.WAV,Eastwood Farm,Pre-light treatment,0.000273203,6.31E-09,1.839384934,9.722480471,14,43.15408081,-43.82531927,-45.6200969,1.794777625,0.972198417,0.000556461,0.486515019,0.457013684,0.00650937,19.0578323,3.138442907,297.3444992,0.208978184,1.528375273,0.041903589,0.064044409,0.768183365,0.540913671,2.302556276,0.003810451,0.136504704,0.127086777,0.129770674,0.130029709,1340.736328,5.641432374,0.001894973,0.021896989,0.08336538,0.626870662,0.333328278,5.548252464,7.063428243,78606.78405,0.997082917,0.840421369,1.207003182,16.36601688,0.052412927,42263.65455,-1.24E-19,4.15E-05,0.064551338,3.44199848,43.18418386,-33.99565992,0.387006755,0.019962595,0.992253672,0.027928627,288,4.96322992,0.001260667,0.034666667,0.036368926
Eastwood Farm 24kHz_20240903_205200.WAV,Eastwood Farm,Pre-light treatment,0.000273654,6.09E-09,1.694147231,8.755334207,13,43.15587996,-43.82352013,-45.61306761,1.78954748,0.973420409,0.000741216,0.315204411,0.284911817,0.008760299,30.85348139,4.351223289,298.017352,0.244409109,1.646935034,0.039931673,0.065764871,0.730964399,0.545003597,2.302581069,0.001496522,0.13754728,0.128340567,0.130097881,0.130585661,1346.46875,5.664769555,0.001927174,0.021916023,0.085070339,0.62533659,0.333328757,5.598010753,7.071087947,78882.85429,0.997155474,0.838732363,1.209131041,15.27494908,0.078136365,42253.45455,-4.01E-19,4.16E-05,0.062033912,3.409083188,43.18900468,-33.99567971,0.453729614,0.01996255,0.99104988,0.0321955,332,5.137343942,0.000678821,0.018666667,0.036368926
Eastwood Farm 24kHz_20240903_205300.WAV,Eastwood Farm,Pre-light treatment,0.000273194,6.09E-09,1.712658858,8.851470912,13,43.14227163,-43.83712845,-45.62900609,1.791877638,0.973308383,0.000837122,0.464743816,0.444808881,0.008246712,27.53397087,3.983013028,297.8227612,0.240703651,1.634017672,0.040156718,0.065616787,0.814217509,0.543813502,2.30256696,0.003123856,0.136706753,0.128115605,0.129704508,0.130342254,1343.958984,5.673758832,0.001919976,0.022044839,0.084821699,0.62395882,0.333328715,5.593430706,7.070385576,78861.53276,0.997148478,0.839861718,1.210242685,22.91242363,0.071885456,42268.56364,-2.66E-20,4.14E-05,0.065317698,3.332804065,43.17371868,-34.01276517,0.416394331,0.019923321,0.99204657,0.02977114,307,5.056584237,0.00087277,0.024,0.036368926
Eastwood Farm 24kHz_20240903_205400.WAV,Eastwood Farm,Pre-light treatment,0.000274421,7.34E-09,2.408839576,13.91980614,14,43.24421879,-43.7351813,-45.6405353,1.905353999,0.967045226,0.000916608,0.678126327,0.613437497,0.008301026,34.56332772,4.583784377,297.5245086,0.112362748,1.253172674,0.052021108,0.065191431,0.756022596,0.543781516,2.29294244,0.068564573,0.137442214,0.127671679,0.129379113,0.130155106,1342.029297,5.848101816,0.001915998,0.022069584,0.084502019,0.62557807,0.333325744,5.345066554,7.031109283,77488.60231,0.996742114,0.85883291,1.20851065,16.36601688,0.065464068,42218.23636,-5.37E-19,4.25E-05,0.102644634,10.00347272,43.2841184,-34.03737909,0.431953747,0.019866943,0.989549495,0.028510473,294,5.277002024,0.001842514,0.033777778,0.05455339
Eastwood Farm 24kHz_20240903_205500.WAV,Eastwood Farm,Pre-light treatment,0.00027247,6.00E-09,1.715367092,8.864006248,14,43.11605732,-43.86334277,-45.62653556,1.763192794,0.973549337,0.00046014,0.506109954,0.494001477,0.007592916,29.13147525,3.910192004,297.6811717,0.234558111,1.612869806,0.040095196,0.064668332,0.789207857,0.538245952,2.302565585,0.003160909,0.137781657,0.12742572,0.129757985,0.129989741,1340.324219,5.60132557,0.001787571,0.021770996,0.079138503,0.626329403,0.33332876,5.598281573,7.071893233,78937.67916,0.99715745,0.839365965,1.206577742,20.73028804,0.05103015,42283.49091,3.88E-19,4.12E-05,0.057703958,3.315128773,43.14560715,-33.99946543,0.357697512,0.019953851,0.993165412,0.0242436,250,4.855507097,0.000581846,0.016,0.036368926
Eastwood Farm 24kHz_20240903_205600.WAV,Eastwood Farm,Pre-light treatment,0.000273658,6.57E-09,1.823799898,9.01798201,14,43.18140997,-43.79799012,-45.63089945,1.832909326,0.971175508,0.000449464,0.582054809,0.556281004,0.005956661,13.88916126,2.270924355,297.5108697,0.186343784,1.458040584,0.043180258,0.062958569,0.721732562,0.554664503,2.302259387,0.012602215,0.138395888,0.127406723,0.129341045,0.129877225,1339.164063,5.687525546,0.001815984,0.022009431,0.080701382,0.624173251,0.333328287,5.549102841,7.057032475,78309.16975,0.997053849,0.840110711,1.20724783,7.637474542,0.038717753,42324.65455,7.96E-20,4.19E-05,0.223847011,15.26505276,43.21928612,-34.02571097,0.490389845,0.019893649,0.982775792,0.02579519,266,6.129388965,0.000581846,0.016,0.036368926
Eastwood Farm 24kHz_20240903_205700.WAV,Eastwood Farm,Pre-light treatment,0.000272267,6.21E-09,1.854722847,9.800047524,13,43.12136438,-43.85803571,-45.63253037,1.774494664,0.97239677,0.000267896,0.195645839,0.15485753,0.007070042,21.21172965,3.546502966,297.1538453,0.21394068,1.544337238,0.041045167,0.063387579,0.721508341,0.533590275,2.302518552,0.005891176,0.137272492,0.127471712,0.129522323,0.129859798,1338.984375,5.587276417,0.001954262,0.022145983,0.085922818,0.625663265,0.333328302,5.550583071,7.06466854,78678.3459,0.997088709,0.840030674,1.20677442,13.0928135,0.049135935,42272.50909,-3.06E-19,4.12E-05,0.056825043,3.281475698,43.15157777,-34.01237933,0.378317693,0.019924206,0.993061607,0.025504267,263,4.883940332,0.00087277,0.024,0.036368926
Eastwood Farm 24kHz_20240903_205800.WAV,Eastwood Farm,Pre-light treatment,0.000274869,6.75E-09,2.319097148,14.83145457,14,43.22649312,-43.75290697,-45.60573964,1.852832676,0.969915016,0.000948713,0.283484457,0.200920039,0.009265714,50.12199672,5.668171157,298.2556949,0.202115468,1.506628364,0.044362079,0.066837167,0.778091474,0.554318152,2.301251207,0.025654192,0.137983707,0.129031452,0.130370705,0.130503263,1345.619141,5.733863768,0.00201033,0.022299168,0.088018497,0.626768135,0.333326141,5.371945908,7.049075885,78196.34219,0.996869558,0.845509886,1.212417272,21.82135583,0.088819737,42148.14545,4.06E-19,4.22E-05,0.036576567,4.102449836,43.25645592,-33.97275874,0.488351643,0.020015298,0.988111494,0.034910784,360,5.418446067,0.002327386,0.032,0.072737853
Eastwood Farm 24kHz_20240903_205900.WAV,Eastwood Farm,Pre-light treatment,0.000273553,6.03E-09,1.656236381,8.448155022,13,43.14925163,-43.83014846,-45.60470503,1.774556571,0.973742145,0.000984474,0.566717103,0.472322565,0.008596258,42.19427743,4.957999669,297.885148,0.258990717,1.69902152,0.038424131,0.065283425,0.74733282,0.542866653,2.302576944,0.002147301,0.13530857,0.127676678,0.130131418,0.13032407,1343.771484,5.643064483,0.001868832,0.022043597,0.082193221,0.625880653,0.333328888,5.612473594,7.073104769,78960.36618,0.997174793,0.83662986,1.209665517,21.82135583,0.066827902,42332.30909,2.71E-19,4.15E-05,0.052833559,3.186337394,43.17741139,-33.97268013,0.413399708,0.020015479,0.992115377,0.028898371,298,5.035736801,0.000775795,0.021333333,0.036368926
Eastwood Farm 24kHz_20240903_210000.WAV,Eastwood Farm,Pre-light treatment,0.000274778,9.19E-09,4.692793358,43.72143474,13,43.3504217,-43.62897839,-45.61736524,1.98838685,0.954502908,0.000227949,0.095374224,0.081636555,0.005957614,23.51998205,3.435751604,297.260907,0.003476253,1.006976758,0.062675925,0.0631132,0.738094472,0.554784633,2.246729286,0.164772387,0.135534866,0.127397725,0.129249499,0.129923822,1339.644531,5.694223119,0.001877167,0.022021978,0.0830457,0.62508613,0.333299627,4.599606076,6.952020398,75630.24214,0.99507708,0.871152191,1.207427855,20.73028804,0.046730282,42336.76364,3.95E-19,4.33E-05,-0.333043078,22.19563576,43.36873164,-33.99922228,0.452865856,0.01995441,0.98665442,0.026377036,272,5.843058938,0.001163693,0.032,0.036368926
Eastwood Farm 24kHz_20240903_210100.WAV,Eastwood Farm,Pre-light treatment,0.000273384,6.15E-09,1.611819522,7.910678551,12,43.15117027,-43.82822982,-45.61642181,1.788191989,0.973232444,0.000279165,0.256108719,0.238141084,0.00582597,19.22022733,2.804455823,297.6055928,0.24451625,1.647310415,0.037974694,0.062556108,0.661151648,0.542433167,2.302580853,0.001504091,0.136795655,0.127541701,0.129749827,0.130364227,1344.185547,5.631494272,0.002028325,0.022013301,0.088160577,0.628184546,0.333328922,5.61633764,7.069920892,78784.08149,0.997166366,0.828632737,1.208671055,24.00349142,0.061372563,42442.81818,2.20E-19,4.15E-05,0.059773436,3.903719464,43.1828741,-33.98608345,0.436965218,0.019984617,0.989023658,0.024437548,252,5.790832113,0.002133437,0.023466667,0.090922316
Eastwood Farm 24kHz_20240903_210200.WAV,Eastwood Farm,Pre-light treatment,0.000271218,5.89E-09,1.711324049,8.755969713,13,43.07323726,-43.90616282,-45.64517852,1.739015697,0.973766093,0.000195694,0.084084196,0.069059808,0.005095569,13.56640528,2.334618502,297.2431985,0.236705884,1.620221952,0.038345205,0.062127742,0.755610264,0.527525877,2.302584747,0.000446866,0.137013869,0.126217922,0.128805368,0.129855631,1338.941406,5.547565336,0.001869401,0.021902293,0.0832233,0.626831955,0.333328823,5.605274027,7.073250566,79005.96397,0.997167662,0.836089719,1.207207882,4.364271167,0.037031902,42436.25455,1.60E-19,4.08E-05,0.058933364,3.078270425,43.10339158,-34.0390973,0.346431974,0.019863013,0.993481593,0.02181924,225,4.900750859,0,0,0
Eastwood Farm 24kHz_20240903_210300.WAV,Eastwood Farm,Pre-light treatment,0.000271856,5.90E-09,1.735461603,9.047439335,13,43.09242779,-43.8869723,-45.62648268,1.739510376,0.973831816,0.000272758,0.232574672,0.196512066,0.006500787,20.00060797,3.229228273,297.0697604,0.242694686,1.640942779,0.038429103,0.063059959,0.681607159,0.529369744,2.302584766,0.000441525,0.137846313,0.127029786,0.128654907,0.129677574,1337.105469,5.54885237,0.00186637,0.022142735,0.082619461,0.62836301,0.333328764,5.598776955,7.073658996,79036.87749,0.99716459,0.836404868,1.206220297,13.0928135,0.043093389,42386.18182,-3.23E-19,4.10E-05,0.055751643,3.048233171,43.12635092,-34.01245712,0.337783211,0.019924028,0.994184853,0.021625291,223,4.707379606,0.00087277,0.048,0.018184463
Eastwood Farm 24kHz_20240903_210400.WAV,Eastwood Farm,Pre-light treatment,0.000272169,5.96E-09,1.703105145,8.776086852,12,43.10483658,-43.87456351,-45.63437579,1.759812278,0.973692574,0.000340144,0.162962295,0.134938437,0.006412026,13.59530156,2.435209778,297.4705518,0.244226541,1.646295627,0.038461181,0.063318474,0.70692208,0.534385094,2.302584878,0.00036047,0.136625933,0.12682782,0.129371862,0.129889726,1339.292969,5.594728651,0.001897056,0.022223716,0.08361402,0.627580357,0.333328803,5.603018104,7.072790639,78974.87517,0.997165105,0.835513027,1.208289144,12.00174571,0.054326084,42390.36364,2.72E-19,4.10E-05,0.064512985,3.118479508,43.13300001,-34.02590773,0.39558036,0.019893198,0.99282895,0.03064391,316,4.744172806,0.001260667,0.023111111,0.05455339
Eastwood Farm 24kHz_20240903_210500.WAV,Eastwood Farm,Pre-light treatment,0.000274136,5.95E-09,1.649705262,8.437397867,13,43.16211827,-43.81728182,-45.61042988,1.793148063,0.974188436,0.000556312,0.242867593,0.225464241,0.007677342,18.90437656,3.179595568,297.9236446,0.265150504,1.721645739,0.038450578,0.066198273,0.732112755,0.545619299,2.302580997,0.001511049,0.136706753,0.128484543,0.130064345,0.130583009,1346.441406,5.719935998,0.001986653,0.022010081,0.087485697,0.625760074,0.333328974,5.622307554,7.07589766,79092.09363,0.997192283,0.835850357,1.210141665,17.45708467,0.07315458,42331.38182,1.95E-19,4.16E-05,0.052195662,6.28600248,43.19516107,-33.99563531,0.493951565,0.019962652,0.984223831,0.030352987,313,5.794468732,0.000969744,0.026666667,0.036368926
Eastwood Farm 24kHz_20240903_210600.WAV,Eastwood Farm,Pre-light treatment,0.000272575,5.97E-09,1.689090999,8.76816809,13,43.11727518,-43.86212491,-45.62521585,1.76309094,0.973762757,0.000406944,0.166962057,0.152662973,0.008342047,30.83733401,4.242031912,297.6460914,0.252080738,1.674085427,0.038435704,0.064344652,0.758368378,0.536747498,2.302584758,0.000424364,0.13620567,0.128243583,0.130105132,0.130136543,1341.837891,5.614481135,0.001880955,0.022170771,0.08325882,0.624654343,0.333328815,5.604350331,7.073230355,78984.04002,0.997168882,0.835400883,1.207975679,17.45708467,0.064100233,42294.29091,1.66E-19,4.12E-05,0.069090644,3.599219185,43.14882487,-34.03550534,0.448930072,0.019871229,0.990182173,0.030062064,310,5.192256912,0.000775795,0.021333333,0.036368926
Eastwood Farm 24kHz_20240903_210700.WAV,Eastwood Farm,Pre-light treatment,0.000274047,6.14E-09,1.630254807,8.300927941,12,43.16974395,-43.80965614,-45.60591688,1.796260738,0.973416702,0.001627202,0.445548374,0.313323298,0.012453517,72.10104922,7.184137373,298.0750763,0.274867966,1.758118393,0.038788211,0.068194268,0.854480196,0.547126995,2.302584135,0.000753821,0.13718359,0.130013288,0.130110571,0.130760497,1348.271484,5.697957811,0.002078901,0.022131011,0.091677054,0.624346904,0.333328863,5.609767514,7.071070275,78840.41217,0.997166279,0.838213247,1.211471901,32.73203375,0.088251473,42160.03636,2.36E-20,4.17E-05,0.067282433,3.239773252,43.20171023,-33.9729723,0.446827653,0.020014806,0.991278457,0.030837859,318,5.110000122,0.000290923,0.016,0.018184463
Eastwood Farm 24kHz_20240903_210800.WAV,Eastwood Farm,Pre-light treatment,0.000276423,8.68E-09,4.188908826,37.98694225,12,43.37083629,-43.6085638,-45.59764934,1.989085545,0.958489359,0.001850865,0.550071037,0.422648005,0.01241917,52.05073367,6.038791122,298.4144198,0.089232997,1.195951316,0.057775174,0.069096295,0.939491266,0.565267724,2.280360366,0.104622148,0.135405554,0.129746332,0.129985489,0.130743449,1348.095703,5.802221517,0.001989683,0.021905219,0.087521217,0.626659218,0.333307543,4.733448797,6.977141075,76243.31016,0.995572797,0.866992922,1.211278085,22.91242363,0.097514184,42070.87273,-2.07E-19,4.36E-05,-0.173813496,14.66717762,43.39860497,-33.98254836,0.521517724,0.019992752,0.986769047,0.032971296,340,5.710519351,0.001939488,0.021333333,0.090922316
Eastwood Farm 24kHz_20240903_210900.WAV,Eastwood Farm,Pre-light treatment,0.000275952,6.24E-09,1.601056332,8.126692124,12,43.23081808,-43.74858201,-45.58607244,1.837490434,0.973397608,0.002318919,0.4429514,0.322583823,0.012944737,52.97158992,6.082447769,298.8174994,0.293709527,1.831696131,0.03884243,0.071147528,0.818666921,0.562939835,2.302578258,0.001927315,0.137595772,0.13107511,0.13103237,0.131134226,1352.125,5.810661556,0.002073786,0.02221809,0.090931135,0.626245951,0.333328897,5.613589724,7.070953124,78814.55318,0.997170164,0.839395891,1.21453485,32.73203375,0.120813027,42124.69091,-2.98E-19,4.23E-05,0.066690024,3.82170052,43.25850685,-33.95927207,0.571054632,0.0200464,0.984930746,0.037529092,387,5.812878413,0.002036462,0.0224,0.090922316
Eastwood Farm 24kHz_20240903_211000.WAV,Eastwood Farm,Pre-light treatment,0.000274281,6.06E-09,1.698729491,8.958991431,12,43.17225313,-43.80714696,-45.6027693,1.795622341,0.973694756,0.001060913,0.350637092,0.252024869,0.01188127,50.51248191,5.639860358,298.3230691,0.27093965,1.743257125,0.038846718,0.067719817,0.833424894,0.549499596,2.302582896,0.001125687,0.138993955,0.129440383,0.130302725,0.130622219,1346.845703,5.695397131,0.001910884,0.021921094,0.084928259,0.62720871,0.333328754,5.597693514,7.072803152,78964.19272,0.99716295,0.838452647,1.211187184,13.0928135,0.100469159,42165.90909,3.89E-19,4.17E-05,0.065221161,3.425826639,43.20455963,-33.96898763,0.473799826,0.02002399,0.990066816,0.033747091,348,5.246235753,0.000290923,0.016,0.018184463
Eastwood Farm 24kHz_20240903_211100.WAV,Eastwood Farm,Pre-light treatment,0.00027521,6.15E-09,1.601009918,8.122893843,13,43.20430972,-43.77509036,-45.58479417,1.809703805,0.97363764,0.00184792,0.36066071,0.254260619,0.013366228,62.47067691,6.640079363,298.4405086,0.29000547,1.816923111,0.038485991,0.069926087,0.836951951,0.555938718,2.302584279,0.000694092,0.136674425,0.130932134,0.130335355,0.130550618,1346.107422,5.753123684,0.00193172,0.021897698,0.085709699,0.626807183,0.333328947,5.619168611,7.072455067,78888.635,0.997179203,0.838301272,1.213564279,31.64096596,0.118577854,42103.23636,-4.28E-19,4.20E-05,0.064763585,3.375175341,43.2344928,-33.95587911,0.509717122,0.020054232,0.988370375,0.035977502,371,5.474017065,0.000387898,0.021333333,0.018184463
Eastwood Farm 24kHz_20240903_211200.WAV,Eastwood Farm,Pre-light treatment,0.000274725,6.20E-09,1.624475513,8.213736405,11,43.19280858,-43.7865915,-45.59920509,1.812613591,0.973299455,0.001280562,0.489499343,0.470053697,0.01080201,38.87337923,5.13120139,298.2290484,0.271749673,1.746308412,0.03881292,0.067779329,0.787427007,0.551452364,2.302546927,0.004490783,0.136625933,0.129376394,0.130328104,0.130669006,1347.328125,5.723632284,0.001952936,0.021813447,0.086881858,0.628394751,0.333328861,5.609450254,7.07033749,78803.11118,0.997163551,0.836605292,1.210310952,18.54815246,0.086508795,42200.54545,-5.06E-20,4.20E-05,0.066679937,4.485438723,43.23163781,-33.98235841,0.490705112,0.019993189,0.988500086,0.031031808,320,5.630107107,0.001163693,0.016,0.072737853
Eastwood Farm 24kHz_20240903_211300.WAV,Eastwood Farm,Pre-light treatment,0.000273171,5.98E-09,1.685485439,8.742073972,13,43.13552405,-43.84387604,-45.62425645,1.780380409,0.973825457,0.001211256,0.524967108,0.406266362,0.010587033,38.53185548,4.728834405,297.811918,0.268719707,1.734929439,0.038530494,0.066847688,0.781142311,0.540786365,2.302578007,0.001912894,0.136666343,0.128997457,0.130152265,0.13082509,1348.9375,5.658934609,0.001988547,0.021673942,0.088231617,0.624513466,0.333328836,5.606691841,7.073623003,79000.56507,0.997171862,0.83969065,1.209429018,12.00174571,0.075939076,42203.47273,3.02E-19,4.14E-05,0.061819731,3.182410814,43.16748311,-33.98609958,0.416343285,0.01998458,0.991961545,0.029577192,305,5.035269518,0,0,0
Eastwood Farm 24kHz_20240903_211400.WAV,Eastwood Farm,Pre-light treatment,0.00027341,6.14E-09,1.813432453,9.750855841,11,43.15109006,-43.82831003,-45.61469653,1.786386502,0.973004843,0.000738707,0.298070193,0.223742127,0.00910764,33.13607105,4.326666218,297.816402,0.247455364,1.657649665,0.039874066,0.066097232,0.758339565,0.543199753,2.302564908,0.003279917,0.137700837,0.128969462,0.128836185,0.130223108,1342.730469,5.661954196,0.001916188,0.022292558,0.084999299,0.625570012,0.333328429,5.563342506,7.068476002,78827.27496,0.997116788,0.840102423,1.209726888,19.63922025,0.069820762,42231.94545,-4.43E-20,4.15E-05,0.063599071,3.406466748,43.18497172,-33.99744398,0.474596005,0.019958496,0.98982226,0.030062064,310,5.495324922,0.000290923,0.016,0.018184463
Eastwood Farm 24kHz_20240903_211500.WAV,Eastwood Farm,Pre-light treatment,0.000272993,6.04E-09,1.713098224,8.973770134,10,43.13358062,-43.84581947,-45.63019165,1.78437218,0.973494919,0.000878704,0.285854164,0.216446609,0.008755255,19.21499729,3.320669814,297.7303492,0.257074354,1.692059443,0.038917774,0.065851187,0.746345277,0.53989846,2.302573343,0.002522679,0.137329066,0.127703673,0.130581894,0.130326154,1343.792969,5.655715743,0.001927743,0.022169014,0.084644099,0.625397312,0.333328717,5.593672347,7.071552001,78914.89318,0.997153986,0.838265484,1.210030162,21.82135583,0.081299704,42263.50909,-1.05E-19,4.14E-05,0.070504622,3.329076196,43.16579509,-34.01279807,0.42823694,0.019923246,0.991602698,0.032001552,330,4.904398991,0.000581846,0.016,0.036368926
Eastwood Farm 24kHz_20240903_211600.WAV,Eastwood Farm,Pre-light treatment,0.000272312,5.92E-09,1.665234432,8.399855485,11,43.10705674,-43.87234335,-45.63314823,1.760804886,0.973927051,0.00053336,0.458275034,0.388728604,0.007632751,17.07855408,2.965420475,297.7067912,0.253214651,1.678145738,0.038128445,0.063985088,0.752015686,0.535638614,2.302579898,0.001715061,0.137393722,0.128192592,0.12927941,0.130187308,1342.361328,5.610578051,0.001783214,0.021723266,0.079351623,0.625206823,0.333328937,5.618016478,7.074261817,79027.41647,0.997181844,0.836140979,1.208737701,24.00349142,0.061505158,42380.45455,-4.12E-19,4.11E-05,0.06031522,3.1132527,43.13572585,-34.01258974,0.402924485,0.019923724,0.992554796,0.030256012,312,4.909812251,0.000581846,0.016,0.036368926
Eastwood Farm 24kHz_20240903_211700.WAV,Eastwood Farm,Pre-light treatment,0.0002725,5.94E-09,1.709095073,8.755436992,12,43.11358553,-43.86581456,-45.61424056,1.748426006,0.973817221,0.000424941,0.240243253,0.197715204,0.007106057,21.78433716,3.48129736,297.4932777,0.245811568,1.65185717,0.038312634,0.063286999,0.69033075,0.535240341,2.302584521,0.000564905,0.135615686,0.126759831,0.129278504,0.129825134,1338.626953,5.574001441,0.001890995,0.022078056,0.08379162,0.625014313,0.333328832,5.606248669,7.07357059,79019.84161,0.9971698,0.835957308,1.207306256,16.36601688,0.050916497,42406.67273,-3.74E-19,4.12E-05,0.05237814,3.07720593,43.14392751,-33.99948141,0.362043436,0.019953814,0.993369371,0.026377036,272,4.801510295,0.000581846,0.016,0.036368926
Eastwood Farm 24kHz_20240903_211800.WAV,Eastwood Farm,Pre-light treatment,0.000271839,5.90E-09,1.701039089,8.681328531,13,43.09211927,-43.88728082,-45.63250143,1.74522061,0.973858807,0.000295975,0.09150568,0.068427261,0.007374242,22.60714014,3.506091921,297.3184937,0.246376662,1.653845627,0.038005527,0.062855275,0.681049658,0.531374633,2.302585065,0.000130085,0.135179258,0.126795825,0.129160673,0.129859419,1338.980469,5.561910061,0.001821666,0.021832366,0.081198662,0.624289644,0.333328856,5.608915236,7.07383162,79028.52187,0.99717298,0.835224229,1.20741078,16.36601688,0.047753158,42386.72727,4.47E-19,4.10E-05,0.054889981,3.068826753,43.12462566,-33.99939293,0.34457217,0.019954018,0.994008847,0.024825446,256,4.627277599,0.000290923,0.016,0.018184463
Eastwood Farm 24kHz_20240903_211900.WAV,Eastwood Farm,Pre-light treatment,0.000274503,6.25E-09,1.675681594,8.436096674,12,43.18931632,-43.79008377,-45.61140991,1.821326141,0.972931076,0.000807396,0.27253123,0.258274288,0.008385276,16.25234337,2.809920845,298.1665311,0.240795737,1.634337157,0.040272808,0.065819347,0.864794467,0.557989433,2.302510327,0.006308413,0.14011735,0.128062614,0.129832309,0.130019291,1340.628906,5.733313203,0.001848375,0.021965363,0.081802501,0.628086168,0.333328744,5.596616866,7.068028868,78727.85334,0.997142564,0.83808105,1.209610789,19.63922025,0.075200332,42302.05455,4.20E-19,4.18E-05,0.067066453,6.152405494,43.21583613,-34.01293179,0.548653846,0.019922939,0.980111802,0.029383243,303,6.371325169,0.000775795,0.021333333,0.036368926
Eastwood Farm 24kHz_20240903_212000.WAV,Eastwood Farm,Pre-light treatment,0.000271608,5.90E-09,1.734836493,9.002411589,12,43.08516357,-43.89423652,-45.63770036,1.743463839,0.973776004,0.000311055,0.238441191,0.198518111,0.006828869,25.54449214,3.737400014,297.2087688,0.244622846,1.647683994,0.038190852,0.062926456,0.725625294,0.529835469,2.302584679,0.000501119,0.137013869,0.12736273,0.12864403,0.129843508,1338.816406,5.560888154,0.00181731,0.02181543,0.080488262,0.626462873,0.333328763,5.598677989,7.073310076,79021.21559,0.997163097,0.836632809,1.206807976,13.0928135,0.042752431,42434.45455,2.15E-19,4.09E-05,0.054857154,3.081824542,43.11705304,-34.02564348,0.348295946,0.019893804,0.993679073,0.022304112,230,4.829381522,0,0,0
Eastwood Farm 24kHz_20240903_212100.WAV,Eastwood Farm,Pre-light treatment,0.000271499,5.90E-09,1.736800145,8.966231496,10,43.08211523,-43.89728485,-45.6338461,1.736561248,0.97373652,0.00025164,0.088311625,0.074364744,0.007101727,20.79935521,3.299609221,297.0405656,0.238613634,1.626787253,0.038270808,0.062258462,0.730246922,0.52842363,2.302584665,0.000499887,0.135850063,0.127499708,0.128450063,0.12980998,1338.470703,5.540117754,0.001817878,0.021868005,0.080523782,0.625135336,0.333328764,5.598798062,7.073063187,79012.52504,0.997161943,0.835824668,1.206693886,19.63922025,0.041786381,42451.83636,2.12E-19,4.08E-05,0.057403014,3.153969504,43.1113306,-34.03930039,0.358999863,0.019862549,0.993114299,0.022885958,236,4.928519504,0,0,0
Eastwood Farm 24kHz_20240903_212200.WAV,Eastwood Farm,Pre-light treatment,0.000272015,6.25E-09,1.815117175,9.030141322,12,43.11589532,-43.86350477,-45.64785501,1.78435024,0.972226317,0.000318431,0.089177929,0.064195887,0.005946701,18.73520128,2.826101251,297.3833066,0.196666002,1.489624498,0.041574767,0.061930792,0.740171926,0.532864979,2.301759953,0.01991865,0.137822067,0.126130936,0.129350109,0.129924201,1339.648438,5.608066346,0.00180424,0.021879917,0.079813383,0.625978033,0.33332849,5.569675545,7.06360899,78618.40686,0.997096097,0.840868252,1.207666705,13.0928135,0.04926853,42407.16364,4.75E-19,4.12E-05,0.059703267,3.667825313,43.1490743,-34.03551717,0.401492095,0.019871202,0.991743189,0.030256012,312,4.861114756,0.000387898,0.021333333,0.018184463
Eastwood Farm 24kHz_20240903_212300.WAV,Eastwood Farm,Pre-light treatment,0.000272184,6.17E-09,1.935541964,10.74282157,11,43.11670125,-43.86269884,-45.62205046,1.759351623,0.972441574,0.00033422,0.11142711,0.086316352,0.007691872,29.54173182,4.124206768,297.3856289,0.214297504,1.54549274,0.040229058,0.062173717,0.677703194,0.534329209,2.302575519,0.002275523,0.136052113,0.126177928,0.129043749,0.129717921,1337.521484,5.558950815,0.001738889,0.021832779,0.076865225,0.623447328,0.333328041,5.525340905,7.064939235,78734.35149,0.997071355,0.838725306,1.206166746,14.18388129,0.043813191,42439.10909,-2.49E-19,4.12E-05,0.05179275,3.084710062,43.14654443,-34.02213733,0.348486057,0.019901836,0.994394848,0.024534523,253,4.483060962,0.000581846,0.032,0.018184463
Eastwood Farm 24kHz_20240903_212400.WAV,Eastwood Farm,Pre-light treatment,0.000272484,5.90E-09,1.668398458,8.489604626,11,43.11082056,-43.86857953,-45.62816821,1.759588678,0.974060062,0.000592342,0.385579217,0.33218026,0.007249112,23.74700249,3.697261292,297.6409208,0.257333434,1.692998569,0.037968705,0.064280963,0.719413789,0.536925107,2.302582759,0.001163817,0.136351146,0.127754665,0.128580583,0.12986567,1339.044922,5.617542954,0.00181068,0.021822172,0.080204103,0.625997467,0.333328938,5.618163767,7.075093402,79067.97992,0.997185473,0.836558584,1.208025872,17.45708467,0.061543043,42410.47273,-3.28E-19,4.11E-05,0.056244955,3.189865833,43.14144101,-34.01245064,0.385618699,0.019924043,0.992332942,0.025892164,267,4.99158889,0.000290923,0.016,0.018184463
Eastwood Farm 24kHz_20240903_212500.WAV,Eastwood Farm,Pre-light treatment,0.000271223,5.86E-09,1.749551416,9.052879428,10,43.07125306,-43.90814703,-45.64511752,1.736970488,0.97387201,0.000248533,0.084133803,0.066796681,0.00660932,22.64156387,3.403032532,297.0219536,0.240107481,1.631951164,0.038180232,0.062308274,0.663223485,0.526370135,2.302585068,0.00011669,0.137741247,0.126688843,0.128904165,0.129722846,1337.572266,5.534497203,0.001776205,0.021843962,0.078783304,0.624717394,0.333328773,5.599748598,7.073910023,79061.82473,0.99716514,0.836930282,1.205726713,9.819610125,0.040346778,42434.6,4.22E-19,4.08E-05,0.052258733,3.040148463,43.10290476,-34.02608732,0.318347434,0.019892787,0.994655198,0.020655547,213,4.519987263,0,0,0
Eastwood Farm 24kHz_20240903_212600.WAV,Eastwood Farm,Pre-light treatment,0.000271002,5.86E-09,1.714524776,8.775252539,10,43.0650922,-43.91430788,-45.6545714,1.740263514,0.9738544,0.000262009,0.168060324,0.142554375,0.006357274,19.2877346,2.82376378,297.0422984,0.244315756,1.646608045,0.037880166,0.062373786,0.699820955,0.526626732,2.302584565,0.00054724,0.138856561,0.127091776,0.128726512,0.129559944,1335.892578,5.549291647,0.001808407,0.022008108,0.080346182,0.625684481,0.333328835,5.606643094,7.073802919,79035.29567,0.997170584,0.83588287,1.20603815,13.0928135,0.041256001,42452.14545,-5.11E-20,4.07E-05,0.058621111,3.054591214,43.09676458,-34.02631432,0.331711147,0.019892267,0.994346063,0.024340574,251,4.480726502,0.000678821,0.018666667,0.036368926
Eastwood Farm 24kHz_20240903_212700.WAV,Eastwood Farm,Pre-light treatment,0.000272646,5.95E-09,1.682348642,8.596315665,12,43.11834531,-43.86105477,-45.64135763,1.780302851,0.973855507,0.000592362,0.304591937,0.287516064,0.007710972,21.64139857,3.511311789,297.6667223,0.258566499,1.69747725,0.038185337,0.06481874,0.703428075,0.540207575,2.302582289,0.001272209,0.137894805,0.127469713,0.129015651,0.130004705,1340.478516,5.676701793,0.001904254,0.021921392,0.084750659,0.624356627,0.333328877,5.611248361,7.073812174,79012.98948,0.997175245,0.836291712,1.209913498,15.27494908,0.071279307,42366.09091,-3.81E-19,4.13E-05,0.050848702,5.886953722,43.15499988,-34.01282307,0.461224699,0.019923189,0.983512973,0.025019395,258,6.088655213,0,0,0
Eastwood Farm 24kHz_20240903_212800.WAV,Eastwood Farm,Pre-light treatment,0.000271972,5.98E-09,1.729143704,8.863635609,11,43.10014148,-43.87925861,-45.62938808,1.750129475,0.973519673,0.000385273,0.105384386,0.078621469,0.007375217,19.2232324,3.187797771,297.4878464,0.238147775,1.625181017,0.038405575,0.062416012,0.799076346,0.532802381,2.302585051,0.000163609,0.134500372,0.127074779,0.129264908,0.129868511,1339.074219,5.57069087,0.001757263,0.022067028,0.078214984,0.62604479,0.333328749,5.597105148,7.071707177,78942.87652,0.997155463,0.835257,1.20651756,10.91067792,0.049230646,42424.90909,3.84E-19,4.10E-05,0.057681299,3.170174867,43.12977386,-34.02209356,0.375792054,0.019901936,0.992845759,0.028801396,297,4.739223329,0.000581846,0.016,0.036368926
Eastwood Farm 24kHz_20240903_212900.WAV,Eastwood Farm,Pre-light treatment,0.000272299,6.06E-09,1.696927532,8.661236307,12,43.11400235,-43.86539774,-45.63605933,1.770661591,0.973309313,0.000529825,0.392727537,0.322528749,0.007038545,15.5456989,2.714190568,297.8270965,0.247334242,1.657221987,0.038434199,0.063694,0.746828819,0.537389144,2.302582742,0.001143776,0.136415802,0.127533702,0.130149545,0.1304059,1344.615234,5.612510371,0.001904444,0.021968173,0.084928259,0.623127793,0.333328756,5.597869233,7.070393359,78856.12338,0.9971524,0.834991369,1.208849374,15.27494908,0.056959043,42313.72727,-7.37E-20,4.12E-05,0.06407016,3.145876766,43.14412892,-34.00899781,0.413852882,0.019931965,0.992197226,0.032680372,337,4.868521963,0,0,0
Eastwood Farm 24kHz_20240903_213000.WAV,Eastwood Farm,Pre-light treatment,0.000272565,5.96E-09,1.683929823,8.584766425,12,43.11683042,-43.86256966,-45.6209602,1.758390538,0.973769221,0.000412557,0.21615111,0.17043805,0.008253957,21.6978236,3.488756183,297.62236,0.252107097,1.674179673,0.038235858,0.064013697,0.744783989,0.536737921,2.302584591,0.000518495,0.136027867,0.127920637,0.129537732,0.130362901,1344.171875,5.595085987,0.001860119,0.021720035,0.082406341,0.62619244,0.333328861,5.609548967,7.073272279,78988.78388,0.997172025,0.835919851,1.208123639,21.82135583,0.063437258,42340.49091,-1.05E-19,4.12E-05,0.059945317,3.179745709,43.1467987,-34.01257859,0.436182243,0.019923749,0.99138885,0.02666796,275,5.416769167,0,0,0
Eastwood Farm 24kHz_20240903_213100.WAV,Eastwood Farm,Pre-light treatment,0.000272914,6.00E-09,1.664408328,8.492839285,12,43.12895371,-43.85044637,-45.62302795,1.772581577,0.973725485,0.000476976,0.185059762,0.143599986,0.007052549,15.89321957,2.909396576,297.7490907,0.25798743,1.695372128,0.038328252,0.06498065,0.756230262,0.539974386,2.30258465,0.000507915,0.136553196,0.12838256,0.129835028,0.130105667,1341.519531,5.631681584,0.001910695,0.022126317,0.084608579,0.626113673,0.333328874,5.610895282,7.072999912,78960.78613,0.997172963,0.835929998,1.210262836,18.54815246,0.070123836,42306.96364,-1.72E-19,4.13E-05,0.062416491,3.462545699,43.16138294,-33.99566601,0.431107179,0.019962581,0.99031378,0.026861908,277,5.360240875,0.000581846,0.016,0.036368926
Eastwood Farm 24kHz_20240903_213200.WAV,Eastwood Farm,Pre-light treatment,0.000273024,6.07E-09,1.788354249,9.697247272,12,43.13590313,-43.84349696,-45.6147198,1.771222845,0.973279586,0.000627338,0.219000584,0.164208034,0.010159171,24.53221944,3.988543462,297.7976481,0.252373668,1.675133172,0.039090238,0.065481354,0.775787625,0.539330242,2.30258454,0.000561305,0.138452462,0.128397558,0.129729887,0.130050545,1340.951172,5.626310997,0.001808975,0.022104003,0.079564743,0.626997035,0.33332848,5.568667671,7.070196745,78892.01519,0.997130354,0.838493348,1.208785853,13.0928135,0.071620266,42027.47273,-2.40E-19,4.18E-05,0.063319422,3.140733253,43.20836717,-33.98222864,0.423901729,0.019993488,0.992084305,0.028704422,296,5.085162643,0.000290923,0.016,0.018184463
Eastwood Farm 24kHz_20240903_213300.WAV,Eastwood Farm,Pre-light treatment,0.000273433,6.29E-09,1.986328669,11.62972422,12,43.15996965,-43.81943044,-45.6080705,1.788640059,0.972116165,0.000642049,0.251198938,0.220117941,0.008686984,22.62029234,3.694321469,297.9584477,0.232064176,1.604384295,0.04062682,0.065181031,0.763554835,0.543311761,2.302577843,0.002014026,0.139115184,0.128506539,0.130091536,0.130396808,1344.521484,5.645825018,0.00199745,0.022038112,0.088231617,0.624819058,0.333327686,5.492823349,7.062893983,78652.05448,0.997041229,0.840230255,1.209583269,19.63922025,0.073874382,42041.76364,-1.47E-19,4.21E-05,0.058827323,3.288159233,43.24626994,-33.97304557,0.44089721,0.020014637,0.991563719,0.034038014,351,4.940866525,0.001648565,0.022666667,0.072737853
Eastwood Farm 24kHz_20240903_213400.WAV,Eastwood Farm,Pre-light treatment,0.000289405,2.69E-08,8.379893175,102.560102,13,44.51284712,-42.46655297,-45.64113793,3.174584958,0.869485257,0.01803042,0.68966397,0.616207904,0.006764574,30.04756847,4.116169004,297.8805959,-0.384518631,0.444545386,0.187203629,0.083220509,0.756907376,0.739338249,0.599089167,0.832217544,0.137862477,0.127158764,0.129687286,0.129939544,1339.806641,7.070491452,0.001863339,0.021794655,0.082122181,0.624400182,0.332631473,3.081582272,6.412794538,62636.27226,0.978071671,0.915777881,1.21170876,17.45708467,0.055557323,42273.01818,4.55E-19,5.62E-05,-3.168536883,602.5502757,44.49992422,-34.03909024,1.165154826,0.01986303,0.905666973,0.02977114,307,10.03150449,0.001648565,0.030222222,0.05455339
Eastwood Farm 24kHz_20240903_213500.WAV,Eastwood Farm,Pre-light treatment,0.000272006,6.00E-09,1.793356742,9.415273307,11,43.10226414,-43.87713595,-45.62931447,1.752178523,0.973339293,0.000280691,0.067887461,0.050906413,0.006601651,18.9918488,2.923149691,297.3362979,0.233549609,1.609431768,0.038736739,0.062344139,0.69307379,0.533091676,2.302583247,0.001051045,0.136375392,0.126541868,0.129098132,0.129793879,1338.304688,5.563840055,0.001874705,0.021944634,0.08301018,0.627798606,0.333328578,5.578852237,7.070572263,78925.50651,0.997136339,0.836490935,1.206862744,12.00174571,0.045896827,42423.27273,4.05E-19,4.11E-05,0.055427644,3.205559019,43.13658625,-34.01264702,0.365017766,0.019923592,0.992739078,0.024728472,255,4.944289188,0.000290923,0.016,0.018184463
Eastwood Farm 24kHz_20240903_213600.WAV,Eastwood Farm,Pre-light treatment,0.000271743,5.89E-09,1.742945102,9.01338202,10,43.0887132,-43.89068689,-45.63719504,1.746508151,0.973819483,0.000314372,0.093300344,0.076854294,0.008265741,23.87440791,3.60626544,297.0057342,0.242919955,1.641728589,0.038201069,0.062715787,0.734369206,0.529777574,2.302583886,0.000832877,0.135744997,0.126816822,0.128770019,0.129890673,1339.302734,5.55277596,0.001848375,0.021917038,0.081766981,0.626420783,0.333328772,5.599602389,7.073581815,79041.43806,0.997164087,0.836828559,1.206878304,22.91242363,0.053435803,42424.8,3.59E-19,4.09E-05,0.052379938,3.071413695,43.12135454,-34.03556435,0.346162705,0.019871094,0.993643453,0.024534523,253,4.797658415,0,0,0
Eastwood Farm 24kHz_20240903_213700.WAV,Eastwood Farm,Pre-light treatment,0.000270763,5.87E-09,1.719581271,8.830121835,11,43.05825486,-43.92114523,-45.66183152,1.740686294,0.973785234,0.000274244,0.114887936,0.095104101,0.006241298,24.00641922,3.325694291,297.240213,0.244793347,1.648281755,0.037921634,0.062505538,0.720287162,0.526450005,2.302585007,0.000229805,0.135728833,0.127263747,0.128663065,0.129635523,1336.671875,5.557658701,0.001762378,0.021795071,0.078499144,0.625855083,0.333328809,5.603729381,7.073369543,79016.39648,0.997166817,0.835697036,1.207371387,13.0928135,0.045707406,42389.07273,4.09E-19,4.06E-05,0.06517488,3.060512284,43.08707395,-34.03943211,0.343118434,0.019862248,0.994057553,0.023855702,246,4.689206213,0,0,0
Eastwood Farm 24kHz_20240903_213800.WAV,Eastwood Farm,Pre-light treatment,0.000272322,5.95E-09,1.725055574,8.901630363,10,43.10876904,-43.87063105,-45.62997744,1.759346397,0.973728336,0.000302523,0.160123543,0.148201998,0.006884328,18.72637444,3.046983696,297.907191,0.246947735,1.655858156,0.038369665,0.063534723,0.773327011,0.53740693,2.302584646,0.000520092,0.137417968,0.127641684,0.130195771,0.129971367,1340.134766,5.594998712,0.001900276,0.021931606,0.08425338,0.622270476,0.333328783,5.600796223,7.073012791,79000.72955,0.99716324,0.835983705,1.208870177,18.54815246,0.060406514,42391,3.59E-19,4.11E-05,0.056893539,3.174675102,43.13547636,-34.01265437,0.395113484,0.019923576,0.992367341,0.028413499,293,4.890267137,0.000678821,0.018666667,0.036368926
Eastwood Farm 24kHz_20240903_213900.WAV,Eastwood Farm,Pre-light treatment,0.000273195,5.97E-09,1.702084579,8.845539477,12,43.13588768,-43.84351241,-45.61317219,1.769659786,0.9738264,0.000548846,0.195873226,0.152201587,0.008574355,20.71055698,3.533864655,297.8514298,0.258963535,1.698922514,0.038528786,0.065457421,0.776529637,0.540836563,2.302584983,0.000257083,0.137377558,0.130165262,0.129209618,0.130488109,1345.462891,5.63470143,0.001874515,0.021653044,0.08301018,0.627094393,0.333328811,5.603973486,7.073627619,79012.0108,0.997169353,0.837399585,1.209743617,15.27494908,0.07086258,42304.69091,4.24E-19,4.14E-05,0.059285771,3.141041094,43.16641253,-33.96885145,0.396991017,0.020024304,0.992554709,0.030449961,314,4.787210049,0,0,0
Eastwood Farm 24kHz_20240903_214000.WAV,Eastwood Farm,Pre-light treatment,0.000275099,6.11E-09,1.566631819,7.840255126,13,43.19932675,-43.78007334,-45.58609856,1.806025224,0.973805509,0.001196686,0.271329942,0.193751208,0.010219934,20.71944236,3.777463247,298.8938576,0.286249159,1.802098274,0.038399415,0.069199519,0.858801641,0.555502095,2.302584892,0.000356979,0.136674425,0.131522036,0.131190988,0.131183286,1352.630859,5.719525377,0.002027378,0.022137471,0.089652416,0.623557469,0.333329046,5.630612552,7.073508665,78920.05897,0.997191859,0.836613775,1.212178058,22.91242363,0.107193622,42085.98182,-2.06E-19,4.19E-05,0.064919767,3.214783272,43.22646157,-33.94642742,0.489114803,0.020076067,0.991083162,0.042668735,440,4.799115395,0.001454616,0.016,0.090922316
Eastwood Farm 24kHz_20240903_214100.WAV,Eastwood Farm,Pre-light treatment,0.000275456,6.17E-09,1.627984888,8.22422658,12,43.21279392,-43.76660617,-45.5834729,1.81686673,0.973530665,0.001165484,0.362163973,0.272781489,0.009273208,17.71341382,3.28303413,298.6162731,0.266561107,1.726880207,0.039611802,0.068404837,0.735866638,0.557678468,2.302523887,0.005554143,0.13730482,0.131070111,0.131393113,0.13109672,1351.738281,5.745544732,0.002026052,0.022254898,0.089332736,0.623323064,0.333328905,5.614389028,7.071784014,78876.62793,0.997171831,0.838930746,1.213520052,25.09455921,0.113292994,42196.01818,1.83E-19,4.21E-05,0.061548489,3.305474308,43.24395588,-33.959799,0.498837216,0.020045184,0.99043777,0.036947246,381,5.178379873,0.00087277,0.016,0.05455339
Eastwood Farm 24kHz_20240903_214200.WAV,Eastwood Farm,Pre-light treatment,0.000274605,6.05E-09,1.626120634,8.30005038,12,43.18142292,-43.79797717,-45.59917844,1.801201274,0.973888355,0.00074355,0.225451398,0.172534454,0.008991086,20.33484588,3.552466487,298.4513553,0.274695328,1.757461901,0.038563628,0.067774108,0.82315467,0.551029257,2.302584343,0.000673607,0.137668509,0.130289242,0.130454093,0.13094954,1350.220703,5.699158849,0.002011846,0.022047428,0.088622336,0.625515081,0.333328953,5.619830787,7.074021707,78982.42024,0.997184394,0.836479251,1.212260645,30.54989817,0.100525986,42184.2,2.01E-19,4.18E-05,0.065016061,3.259082493,43.21106499,-33.9728589,0.469260037,0.020015067,0.990786213,0.033262219,343,5.129156926,0.000290923,0.016,0.018184463
Eastwood Farm 24kHz_20240903_214300.WAV,Eastwood Farm,Pre-light treatment,0.000275209,6.17E-09,1.631310027,8.309914772,11,43.20534294,-43.77405714,-45.57830577,1.804248624,0.973501579,0.000568357,0.313389746,0.298771346,0.008672296,14.88424712,2.904789349,298.3704253,0.26922619,1.736824957,0.038540904,0.066938804,0.81681145,0.556385344,2.302569799,0.002826198,0.137030033,0.129309405,0.130280066,0.13040249,1344.580078,5.707377299,0.001915809,0.021899142,0.085070339,0.626714356,0.333328873,5.610863973,7.071601311,78868.32351,0.99716935,0.834010483,1.211669942,20.73028804,0.084330448,42217.50909,4.23E-19,4.21E-05,0.0710575,6.232818142,43.24043441,-33.93343988,0.554219381,0.020106108,0.979986213,0.031419705,324,6.277077932,0,0,0
Eastwood Farm 24kHz_20240903_214400.WAV,Eastwood Farm,Pre-light treatment,0.000274286,6.09E-09,1.604270824,8.122159645,13,43.17446724,-43.80493285,-45.60069762,1.795764773,0.973678003,0.00059327,0.176047674,0.141655013,0.009198996,15.91318818,3.043710724,298.2533789,0.273434456,1.752676639,0.038301566,0.067130259,0.801081182,0.549600122,2.302584478,0.000586081,0.138492872,0.130227252,0.130730542,0.130984204,1350.578125,5.677768558,0.001964301,0.021735026,0.087094978,0.623567375,0.333328953,5.619845887,7.072707525,78904.6558,0.99718052,0.83417056,1.211664345,20.73028804,0.088592432,42134.54545,-1.79E-19,4.17E-05,0.068348254,4.164991853,43.20655496,-33.93340723,0.470962868,0.020106183,0.987998487,0.032680372,337,5.353531812,0,0,0
Eastwood Farm 24kHz_20240903_214500.WAV,Eastwood Farm,Pre-light treatment,0.000276528,6.26E-09,1.583390329,8.0731408,11,43.24851803,-43.73088205,-45.54396003,1.813077976,0.973466521,0.000959232,0.369052398,0.293510664,0.011123058,25.07919146,4.067342765,298.8022554,0.288043217,1.809159276,0.038877157,0.070334969,0.825461834,0.562418966,2.30258094,0.001541715,0.136375392,0.131791991,0.131105788,0.131136688,1352.150391,5.74958206,0.002013361,0.022122699,0.088977536,0.625170761,0.333328925,5.61665569,7.071385329,78820.69431,0.997174746,0.834822334,1.213130282,14.18388129,0.096870151,42027.61818,-5.90E-20,4.25E-05,0.075048399,3.833385476,43.28139053,-33.9202585,0.583528295,0.020136643,0.9859534,0.039371606,406,5.731202744,0.000581846,0.016,0.036368926
Eastwood Farm 24kHz_20240903_214600.WAV,Eastwood Farm,Pre-light treatment,0.000277964,6.12E-09,1.57903526,8.256347752,12,43.28315719,-43.6962429,-45.55625406,1.860011158,0.974284951,0.001079707,0.352736655,0.32895942,0.011489652,21.68587921,3.841102589,299.4065281,0.30993355,1.898271607,0.038851766,0.073751204,0.839562682,0.576762021,2.302572364,0.002654693,0.137628099,0.132617853,0.131596145,0.131460409,1355.488281,5.923748178,0.00210542,0.022219435,0.092778173,0.625258274,0.333329034,5.629256433,7.076505177,79062.4949,0.997203063,0.834310976,1.216883971,28.36776258,0.121513887,42022.96364,-1.29E-19,4.28E-05,0.086012395,11.28129702,43.31574012,-33.90307808,0.759100603,0.020176512,0.969092599,0.041214119,425,6.84427381,0.001454616,0.016,0.090922316
Eastwood Farm 24kHz_20240903_214700.WAV,Eastwood Farm,Pre-light treatment,0.000281947,6.87E-09,1.417328512,6.881757655,11,43.43564907,-43.54375102,-45.46142325,1.917672226,0.972341621,0.001815741,0.323923763,0.284134888,0.013894111,24.40211512,4.122448593,300.4544583,0.33013247,1.985664943,0.039361251,0.078158257,1.086447205,0.607367563,2.302553629,0.004191639,0.138614101,0.135879308,0.134022553,0.132929184,1370.632813,5.942291527,0.002152965,0.022180054,0.095051452,0.62323557,0.333329034,5.629272694,7.064362442,78353.23202,0.997163847,0.83073358,1.220823639,33.82310154,0.17301759,41667.90909,3.09E-19,4.44E-05,0.092462004,6.655946428,43.47120859,-33.78908665,0.809493986,0.020443049,0.974788207,0.051008534,526,6.383029012,0.001842514,0.016888889,0.109106779
Eastwood Farm 24kHz_20240903_214800.WAV,Eastwood Farm,Pre-light treatment,0.000280782,6.79E-09,1.490870414,7.417519983,10,43.39815068,-43.5812494,-45.48838423,1.907134826,0.972326811,0.001326636,0.25405822,0.238044171,0.014228369,25.11389368,4.243631228,299.9908177,0.309090085,1.894733389,0.039988327,0.075767218,1.039715142,0.606603302,2.302561616,0.003650956,0.139939547,0.134557529,0.132914943,0.13221658,1363.285156,5.905159208,0.002121331,0.022041763,0.093666173,0.621788401,0.333328886,5.612258296,7.064262622,78400.89454,0.997149135,0.83191345,1.218625788,36.00523713,0.142596499,41780.54545,9.97E-20,4.39E-05,0.082801722,11.62563884,43.42073504,-33.78931111,0.816891893,0.020442521,0.967430217,0.044414275,458,6.864380671,0.001454616,0.016,0.090922316
Eastwood Farm 24kHz_20240903_214900.WAV,Eastwood Farm,Pre-light treatment,0.000282339,6.80E-09,1.44207814,7.166120464,12,43.44304069,-43.5363594,-45.44450665,1.908147251,0.972661959,0.001471849,0.201504564,0.180706546,0.014285629,25.54626196,4.307689597,300.4521294,0.329380464,1.982316938,0.040009458,0.079311426,1.091725069,0.608530135,2.302582656,0.001196194,0.136634015,0.136119268,0.133921943,0.132526284,1366.478516,5.950109526,0.002166035,0.022179483,0.095619771,0.620957478,0.333329015,5.6270203,7.066363372,78466.03948,0.997168984,0.832966304,1.221629121,34.91416933,0.165781689,41652.01818,3.09E-19,4.44E-05,0.088462069,5.050388971,43.46969861,-33.76341109,0.829238131,0.020503568,0.976341961,0.054305663,560,6.328679283,0.00155159,0.017066667,0.090922316
Eastwood Farm 24kHz_20240903_215000.WAV,Eastwood Farm,Pre-light treatment,0.000281323,6.82E-09,1.419021884,6.808216292,11,43.41497943,-43.56442066,-45.46956032,1.905139667,0.972437508,0.001569892,0.244270065,0.210427119,0.013894322,24.98521097,4.369991333,300.2918191,0.326254247,1.968478822,0.039184158,0.077133186,1.088050972,0.606705553,2.302571216,0.002770516,0.135243914,0.134625518,0.133569357,0.132553182,1366.755859,5.915042403,0.002078522,0.021974578,0.092174334,0.62177481,0.33332907,5.633445856,7.064962878,78389.37097,0.997168328,0.830570185,1.219845164,27.27669479,0.16235316,41721.76364,-4.04E-19,4.41E-05,0.089858703,8.41330026,43.44702636,-33.76347553,0.843986993,0.020503416,0.970542833,0.051881303,535,6.538525303,0.001745539,0.016,0.109106779
Eastwood Farm 24kHz_20240903_215100.WAV,Eastwood Farm,Light treatment,0.00027299,6.12E-09,1.792590382,9.626299482,12,43.13800499,-43.8413951,-45.59418856,1.752793461,0.973014683,0.000320702,0.093481799,0.072974984,0.007912548,16.57480706,2.909140215,297.5147635,0.242005686,1.638542221,0.038895233,0.063731481,0.727586635,0.537569007,2.302580445,0.001604127,0.137531116,0.128054615,0.128831653,0.129888022,1339.275391,5.575460518,0.001880198,0.021884347,0.08350746,0.624639442,0.333328442,5.564701875,7.068539286,78818.55821,0.997120571,0.834710872,1.20756611,24.00349142,0.060501224,42133.76364,1.20E-19,4.17E-05,0.055830599,3.089328433,43.20371687,-33.95973089,0.395007016,0.020045341,0.993388042,0.030546936,315,4.619200069,0.000678821,0.018666667,0.036368926
Eastwood Farm 24kHz_20240903_215200.WAV,Eastwood Farm,Light treatment,0.000271964,5.99E-09,1.700233623,8.730223187,11,43.10036332,-43.87903677,-45.65328236,1.77424559,0.97353399,0.000392958,0.28756525,0.274597145,0.00736144,24.23192847,3.534952321,297.5593078,0.243891444,1.645122824,0.038447274,0.063250487,0.716174081,0.535939863,2.302579772,0.001707068,0.139373808,0.127299741,0.130058906,0.130216668,1342.664063,5.634408428,0.001909747,0.022087634,0.085070339,0.624519598,0.33332878,5.600521757,7.071798714,78925.90251,0.997159872,0.835249377,1.208658625,16.36601688,0.059080563,42349.98182,1.06E-19,4.11E-05,0.0656827,4.233642764,43.14180383,-34.0088837,0.43828927,0.019932227,0.987939031,0.028995345,299,5.565060632,0.00087277,0.016,0.05455339
Eastwood Farm 24kHz_20240903_215300.WAV,Eastwood Farm,Light treatment,0.000271123,5.96E-09,1.775944037,9.252844669,12,43.07374379,-43.9056563,-45.64187255,1.736216256,0.973385887,0.000246328,0.061260345,0.042456362,0.006569953,25.13799678,3.433049043,297.0813176,0.229704584,1.596406467,0.038515821,0.061486905,0.683892611,0.528140523,2.302585058,0.000140895,0.136132932,0.126492876,0.128802649,0.129412005,1334.367188,5.536147955,0.001753096,0.021726182,0.078108424,0.624539294,0.333328626,5.583874042,7.070865604,78930.22104,0.997141643,0.835926035,1.205811727,18.54815246,0.039456497,42427.63636,-4.18E-19,4.09E-05,0.056606979,3.079675682,43.11584199,-34.00892622,0.350254848,0.019932129,0.993720438,0.023079907,238,4.815242988,0,0,0
Eastwood Farm 24kHz_20240903_215400.WAV,Eastwood Farm,Light treatment,0.000271266,5.97E-09,1.873269264,10.23762882,14,43.07898836,-43.90041172,-45.64390493,1.743493203,0.973196901,0.000217054,0.046686417,0.033562498,0.006694473,19.70869608,3.020559967,296.9975006,0.225259206,1.581508571,0.038938109,0.061580953,0.679794285,0.526970226,2.302583249,0.001043832,0.138016035,0.126369896,0.129322011,0.129670566,1337.033203,5.532729737,0.001866749,0.021842444,0.082335301,0.62323237,0.333328333,5.553670612,7.069672609,78925.11164,0.997113852,0.837815509,1.205311854,15.27494908,0.034948265,42364.74545,5.50E-19,4.10E-05,0.055317338,3.241445604,43.13096643,-34.02589265,0.353335384,0.019893233,0.992363068,0.022982933,237,5.034381008,0.000581846,0.032,0.018184463
Eastwood Farm 24kHz_20240903_215500.WAV,Eastwood Farm,Light treatment,0.000270383,5.92E-09,1.808891787,9.642232071,11,43.05005316,-43.92934692,-45.66211331,1.732766385,0.97334025,0.000224234,0.062047831,0.049858551,0.005975071,21.4511804,2.986108503,297.1116623,0.229830031,1.596829377,0.038469346,0.061428981,0.770196828,0.524242602,2.302585038,0.00017756,0.136504704,0.126723837,0.129065502,0.129569793,1335.994141,5.53091857,0.001816552,0.021872057,0.080594822,0.622513093,0.333328516,5.572365926,7.070576124,78931.72267,0.997132182,0.836343598,1.20576149,13.0928135,0.03481567,42384.07273,-1.55E-19,4.07E-05,0.060923649,3.046073768,43.09161017,-34.04866709,0.337245016,0.019841141,0.994166215,0.026280062,271,4.477582317,0,0,0
Eastwood Farm 24kHz_20240903_215600.WAV,Eastwood Farm,Light treatment,0.000272583,5.99E-09,1.756340269,9.259390436,12,43.11856216,-43.86083792,-45.62877178,1.767933856,0.973573232,0.000482928,0.47991728,0.462172374,0.006866432,21.27392723,3.159257671,297.3400591,0.243433894,1.643523128,0.038663019,0.063543567,0.665601915,0.539362186,2.302564791,0.003297907,0.137490706,0.126634852,0.128585115,0.12963628,1336.679688,5.645991192,0.001804429,0.021635049,0.080168583,0.627044366,0.33332866,5.587546142,7.072038608,78968.47026,0.99715018,0.834807982,1.206666896,16.36601688,0.042847141,42429.81818,-6.44E-20,4.13E-05,0.062098264,5.144116862,43.16013014,-34.01285123,0.419141865,0.019923124,0.98856817,0.023273856,240,5.731756928,0.000290923,0.016,0.018184463
Eastwood Farm 24kHz_20240903_215700.WAV,Eastwood Farm,Light treatment,0.000271437,5.96E-09,1.752368075,9.203063287,11,43.08326529,-43.8961348,-45.65322835,1.75709355,0.97347816,0.000260036,0.308003289,0.298214769,0.006795103,21.878737,3.296409218,297.4155376,0.238352746,1.625887495,0.038435407,0.062491648,0.717350831,0.532573649,2.302583198,0.000998327,0.135599522,0.126829819,0.130111477,0.13027482,1343.263672,5.583456405,0.001883607,0.021871635,0.08386266,0.624919094,0.333328656,5.587035757,7.071444185,78938.04359,0.997147515,0.835316577,1.207848419,13.0928135,0.047052299,42398.18182,3.41E-20,4.09E-05,0.066221631,3.465274878,43.1143597,-34.03937636,0.412369069,0.019862375,0.990893419,0.025601241,264,5.31360167,0.000290923,0.016,0.018184463
Eastwood Farm 24kHz_20240903_215800.WAV,Eastwood Farm,Light treatment,0.000270927,5.91E-09,1.732473334,8.910778608,12,43.06520918,-43.91419091,-45.65490145,1.740710538,0.973630871,0.00033039,0.085695312,0.059183396,0.006418926,31.04141672,4.050857562,297.2718469,0.236223407,1.618566762,0.037923441,0.061381621,0.67304585,0.528280388,2.302585068,0.000113948,0.137684673,0.126131936,0.129273066,0.12958722,1336.173828,5.548401681,0.001802914,0.021611456,0.080275142,0.623831907,0.333328757,5.5980273,7.0724026,78978.55243,0.997158914,0.834682415,1.206772434,15.27494908,0.040990811,42504.83636,2.56E-19,4.07E-05,0.059981573,3.082609937,43.09510871,-34.03922841,0.375841256,0.019862714,0.993299025,0.029480217,304,4.633564844,0.000581846,0.016,0.036368926
Eastwood Farm 24kHz_20240903_215900.WAV,Eastwood Farm,Light treatment,0.000270981,5.91E-09,1.728298084,8.810303962,11,43.06705446,-43.91234562,-45.64747235,1.735126724,0.973621817,0.000288239,0.076155143,0.052024902,0.006410705,22.6623788,3.363726957,296.924274,0.233548785,1.609428963,0.037891032,0.060982924,0.626952295,0.526767728,2.30258507,0.000115646,0.137741247,0.125699008,0.128426497,0.129438903,1334.644531,5.526921253,0.001805376,0.021636944,0.079848903,0.625473997,0.333328781,5.60060761,7.072346797,78976.09596,0.99716025,0.834543541,1.206014966,18.54815246,0.037562282,42500.92727,-3.95E-19,4.07E-05,0.054655623,3.049095546,43.09927532,-34.03922172,0.331627878,0.019862729,0.994239618,0.022401086,231,4.616637203,0,0,0
Eastwood Farm 24kHz_20240903_220000.WAV,Eastwood Farm,Light treatment,0.000270515,5.92E-09,1.731868729,8.919543198,11,43.05355546,-43.92584462,-45.66427545,1.738430822,0.97351127,0.000236028,0.078630785,0.065926763,0.006592725,23.17714481,3.171676016,297.2056044,0.236772443,1.620450456,0.037858052,0.061347098,0.71586744,0.526056275,2.302585005,0.000236645,0.135195422,0.126133936,0.128859751,0.129684583,1337.177734,5.540700325,0.001824697,0.021828257,0.080878982,0.62397587,0.333328729,5.594980476,7.071654127,78941.39121,0.99715422,0.834052323,1.206844946,13.0928135,0.035478645,42449.43636,4.69E-20,4.06E-05,0.061742171,3.070898454,43.08269968,-34.04860687,0.339322706,0.019841279,0.994144549,0.023176881,239,4.647990011,0,0,0
Eastwood Farm 24kHz_20240903_220100.WAV,Eastwood Farm,Light treatment,0.000270842,5.90E-09,1.730752865,8.814049795,11,43.06256632,-43.91683376,-45.65275326,1.735919497,0.973619099,0.000259844,0.063523857,0.044191991,0.006371454,23.08373914,3.442263626,297.1468268,0.233916871,1.610682737,0.037892179,0.061032278,0.675304635,0.526207738,2.302585057,0.000148272,0.134653929,0.125519038,0.129732606,0.129791795,1338.283203,5.528084063,0.001814847,0.021863482,0.080452742,0.626601075,0.333328779,5.600408466,7.072329678,78977.356,0.997159926,0.83470998,1.206343481,9.819610125,0.028886777,42521.98182,4.00E-19,4.07E-05,0.052533973,3.033458169,43.09417396,-34.06606312,0.325019956,0.019801443,0.994753773,0.022885958,236,4.398458288,0,0,0
Eastwood Farm 24kHz_20240903_220200.WAV,Eastwood Farm,Light treatment,0.000270189,5.90E-09,1.747443015,8.95235134,11,43.04321089,-43.9361892,-45.67510288,1.738913678,0.973469449,0.000285378,0.063286939,0.042806823,0.006423639,26.74232535,3.919595668,297.3658185,0.229254299,1.594889596,0.038141163,0.060830944,0.667928936,0.523761279,2.302584646,0.000528306,0.137215918,0.125943967,0.129368237,0.12994428,1339.855469,5.52849216,0.001821856,0.02173948,0.080736902,0.624135633,0.333328718,5.593712421,7.07139164,78941.23505,0.997151047,0.835352819,1.205613345,13.0928135,0.036217389,42458.63636,-3.27E-19,4.05E-05,0.061676202,3.036915591,43.0744961,-34.06618875,0.328927294,0.019801157,0.994737664,0.022013189,227,4.443617801,0,0,0
Eastwood Farm 24kHz_20240903_220300.WAV,Eastwood Farm,Light treatment,0.000270502,5.88E-09,1.738331927,8.935451832,12,43.05100346,-43.92839662,-45.66293292,1.734536301,0.973663543,0.000266591,0.065935481,0.049125099,0.006885353,21.70154537,3.278017356,296.9002465,0.234244181,1.611798632,0.03792433,0.061126383,0.642219179,0.524231235,2.302584957,0.00029069,0.137458378,0.126117938,0.12900568,0.129463907,1334.902344,5.527601165,0.001786245,0.021900237,0.079671303,0.625264595,0.333328757,5.5980082,7.072606685,78993.05059,0.99715945,0.83492457,1.205405884,16.36601688,0.036653059,42481.58182,-2.34E-19,4.06E-05,0.060316077,3.037784489,43.08390956,-34.0440539,0.32151424,0.019851685,0.994594317,0.022498061,232,4.452356274,0,0,0
Eastwood Farm 24kHz_20240903_220400.WAV,Eastwood Farm,Light treatment,0.000270995,5.90E-09,1.724556259,8.819628302,11,43.06669938,-43.91270071,-45.65250642,1.739805711,0.973693707,0.000392773,0.111645427,0.074594491,0.006935657,29.56809831,4.108596216,297.2346178,0.235855174,1.617304902,0.037809204,0.06114901,0.644987178,0.528185045,2.302585075,0.000106757,0.13718359,0.126619854,0.129574894,0.129733832,1337.685547,5.544636649,0.001835305,0.021692647,0.081553862,0.626981803,0.33332879,5.60166198,7.072796726,78994.4425,0.997163161,0.834545413,1.206831469,17.45708467,0.04292291,42514.72727,2.58E-19,4.07E-05,0.062609214,3.062714839,43.09774676,-34.05275206,0.375831443,0.019831812,0.99354207,0.029577192,305,4.620060482,0.000290923,0.016,0.018184463
Eastwood Farm 24kHz_20240903_220500.WAV,Eastwood Farm,Light treatment,0.000270613,5.90E-09,1.731970771,8.892238685,11,43.05569499,-43.9237051,-45.66462263,1.740917526,0.973585691,0.000405147,0.115387733,0.075753781,0.007453219,33.90736764,4.353460351,297.1067041,0.234308427,1.612017775,0.037840019,0.060998783,0.686834991,0.527130498,2.30258507,0.000110363,0.136052113,0.126139935,0.129363705,0.129604458,1336.351563,5.542752749,0.001879629,0.021866677,0.08364954,0.626865618,0.333328751,5.597307729,7.072120032,78965.41562,0.997157482,0.834416151,1.207146083,22.91242363,0.040687736,42508.18182,3.12E-19,4.06E-05,0.058308533,3.053373648,43.08656724,-34.05255099,0.334068239,0.019832271,0.994172831,0.02337083,241,4.609737545,0.000290923,0.016,0.018184463
Eastwood Farm 24kHz_20240903_220600.WAV,Eastwood Farm,Light treatment,0.000270575,5.88E-09,1.722654889,8.789830017,11,43.0533543,-43.92604578,-45.66868237,1.74263659,0.973685685,0.000288261,0.069264986,0.046379954,0.007037769,28.83516872,4.039797236,297.0338249,0.237135792,1.621698565,0.037690234,0.061122198,0.642158899,0.525644914,2.302585065,0.000123298,0.13742605,0.12598596,0.129602992,0.129999212,1340.421875,5.529612312,0.001871105,0.021654968,0.08308122,0.622854842,0.333328795,5.602190363,7.07274681,78991.67131,0.997163408,0.834258761,1.206065736,10.91067792,0.034607307,42516.30909,-7.01E-20,4.06E-05,0.057559503,3.053801722,43.0837532,-34.0258342,0.322357427,0.019893367,0.994099921,0.022692009,234,4.656583455,0.000290923,0.016,0.018184463
Eastwood Farm 24kHz_20240903_220700.WAV,Eastwood Farm,Light treatment,0.000270681,5.89E-09,1.741596513,8.920844627,12,43.05700494,-43.92239514,-45.65857677,1.736181627,0.973635565,0.000266504,0.062766581,0.043990376,0.006475174,25.82046787,3.753770901,297.0718557,0.232104297,1.60452037,0.038103093,0.061137189,0.681955252,0.525486444,2.302583897,0.000788336,0.137094689,0.126022954,0.128871535,0.129849948,1338.882813,5.530198944,0.0018139,0.021865586,0.080417222,0.626682295,0.333328758,5.598163004,7.072431584,78987.7475,0.997158325,0.835347966,1.206088554,16.36601688,0.032504728,42483.98182,-3.83E-20,4.06E-05,0.054741945,3.048920129,43.08616318,-34.039553,0.321870841,0.019861971,0.994544665,0.022885958,236,4.495395362,0,0,0
Eastwood Farm 24kHz_20240903_220800.WAV,Eastwood Farm,Light treatment,0.000270767,5.88E-09,1.743601135,8.980679755,12,43.05908227,-43.92031781,-45.64678906,1.726471247,0.973688331,0.000239976,0.069775373,0.055685687,0.006627593,23.38387911,3.563199806,296.5328249,0.233058505,1.607760844,0.03797626,0.061056743,0.707040114,0.523076127,2.302585043,0.000171673,0.137207836,0.126181928,0.128463659,0.129207051,1332.253906,5.518353079,0.001765977,0.021862514,0.078250504,0.624672642,0.333328752,5.597432535,7.072761308,79003.62,0.997159428,0.83528057,1.204957059,14.18388129,0.034266348,42506.58182,2.97E-19,4.07E-05,0.054090688,3.036761425,43.0913717,-34.03525334,0.312657241,0.019871806,0.994431723,0.020558573,212,4.707835101,0,0,0
Eastwood Farm 24kHz_20240903_220900.WAV,Eastwood Farm,Light treatment,0.000270898,6.04E-09,1.776857861,9.175089292,11,43.07163223,-43.90776786,-45.65323009,1.74546223,0.972983148,0.000247464,0.174066226,0.165510182,0.006459466,23.22896221,3.348717385,297.1441726,0.218531177,1.559283163,0.039099008,0.060966424,0.648120718,0.528900677,2.302573559,0.002393807,0.136795655,0.125748,0.128978489,0.129623021,1336.542969,5.541953985,0.001775826,0.021738826,0.078641224,0.625296593,0.333328568,5.577780657,7.068345754,78811.12975,0.997126829,0.835989962,1.206087289,20.73028804,0.034398943,42432.36364,1.73E-19,4.08E-05,0.060250496,3.164642007,43.10217952,-34.02614498,0.332272533,0.019892655,0.993795768,0.022595035,233,4.749972202,0,0,0
Eastwood Farm 24kHz_20240903_221000.WAV,Eastwood Farm,Light treatment,0.000270629,5.91E-09,1.710415873,8.621089181,11,43.05670449,-43.9226956,-45.66713759,1.744441993,0.97357428,0.00039929,0.111811413,0.074748583,0.00734404,25.82099775,3.623200252,297.2967032,0.234781029,1.613630967,0.037721938,0.060869287,0.677902689,0.528176481,2.302585028,0.000195817,0.135858145,0.125893976,0.129670971,0.129625862,1336.572266,5.547747743,0.001803482,0.021781814,0.079955463,0.624824483,0.333328819,5.60477032,7.072051266,78952.29886,0.997162256,0.833769646,1.206982869,20.73028804,0.041918976,42524.92727,2.61E-19,4.06E-05,0.059428296,3.063271007,43.08663263,-34.05269914,0.36017721,0.019831933,0.993992952,0.028995345,299,4.446497985,0,0,0
Eastwood Farm 24kHz_20240903_221100.WAV,Eastwood Farm,Light treatment,0.000276301,6.21E-09,1.722048216,9.169975279,11,43.2392166,-43.74018348,-45.64114261,1.900959131,0.973416933,0.0074629,0.678543916,0.558530013,0.006989338,29.41838665,4.190996646,297.959493,0.302397552,1.866962417,0.039480302,0.07370824,0.704731309,0.58719215,2.299936311,0.035505102,0.138581774,0.127413722,0.129263095,0.130222161,1342.720703,6.144432787,0.002054465,0.022196852,0.089723456,0.627226277,0.333328659,5.587433039,7.071062186,78888.8453,0.997147421,0.843892308,1.212596672,16.36601688,0.064706382,42425.23636,3.38E-19,4.22E-05,0.132960986,20.81356189,43.25040737,-34.01260839,0.604068722,0.019923681,0.970042395,0.025698216,265,7.250410349,0.003006206,0.020666667,0.145475706
Eastwood Farm 24kHz_20240903_221200.WAV,Eastwood Farm,Light treatment,0.000281807,6.59E-09,1.40601866,6.932818996,15,43.41746573,-43.56193436,-45.65129968,2.089365316,0.973421748,0.017872035,0.514675933,0.395208036,0.006919729,18.67269813,2.833558733,298.0022313,0.40474427,2.35990046,0.03797265,0.089611675,0.732208277,0.62592326,2.297843221,0.046811098,0.136884557,0.126861814,0.12997008,0.130123283,1341.701172,6.852999013,0.002038554,0.022032744,0.090043135,0.623074275,0.333329211,5.6501994,7.07112003,78678.58545,0.997202475,0.845608423,1.2141644,22.91242363,0.068115968,42437.4,2.93E-20,4.43E-05,-0.351280165,232.6914219,43.46390024,-34.03554867,0.748989041,0.01987113,0.94371072,0.026764934,276,8.259854999,0.002036462,0.016,0.127291242
Eastwood Farm 24kHz_20240903_221300.WAV,Eastwood Farm,Light treatment,0.000272673,5.99E-09,1.656959422,8.390583294,11,43.12128696,-43.85811312,-45.63060767,1.772494541,0.973733558,0.000495643,0.255354334,0.219830171,0.006103069,14.14305621,2.46312389,297.5272737,0.253328305,1.67855339,0.037735307,0.063340728,0.705461042,0.536120061,2.302584725,0.000467493,0.136278408,0.127641684,0.130496693,0.129920034,1339.605469,5.638281195,0.001975477,0.021904633,0.087840897,0.623126211,0.333328897,5.613545546,7.073051431,78961.24909,0.997175249,0.833200594,1.208600334,26.185627,0.076583109,42428.69091,3.14E-19,4.12E-05,0.056474247,3.119573121,43.15119942,-34.03559394,0.415537207,0.019871027,0.993038549,0.03064391,316,4.735090976,0.001260667,0.017333333,0.072737853
Eastwood Farm 24kHz_20240903_221400.WAV,Eastwood Farm,Light treatment,0.000272417,5.94E-09,1.715356296,8.970787156,12,43.11107075,-43.86832934,-45.63990123,1.771571896,0.973810932,0.001261892,0.408273893,0.324831222,0.006971564,21.07105614,3.345367399,297.2747768,0.258898306,1.698684965,0.038172268,0.064842657,0.743626053,0.53239786,2.302584476,0.000619219,0.136965377,0.12826358,0.128665784,0.130192233,1342.412109,5.664820252,0.002054465,0.021622527,0.090575935,0.623853074,0.333328775,5.599977631,7.073529522,79015.20749,0.997166185,0.837964758,1.20763795,30.54989817,0.080920861,42360.16364,3.12E-20,4.11E-05,0.05810883,3.066841909,43.14323989,-34.03951717,0.351284687,0.019862053,0.994282958,0.024049651,248,4.511867184,0.000290923,0.016,0.018184463
Eastwood Farm 24kHz_20240903_221500.WAV,Eastwood Farm,Light treatment,0.000270678,5.89E-09,1.740826776,8.967706827,11,43.05673362,-43.92266647,-45.66487834,1.742211872,0.973655036,0.000329075,0.090298304,0.064455835,0.006915672,24.08876657,3.623870416,297.4617622,0.235472696,1.615995518,0.03789711,0.06124156,0.675722475,0.527301707,2.302585059,0.000132056,0.137975625,0.126573862,0.12955314,0.130038801,1340.830078,5.548896141,0.001867128,0.02182603,0.082903621,0.626631032,0.333328747,5.596904532,7.072553144,78991.62453,0.997158515,0.835116049,1.206652835,17.45708467,0.036293158,42481.76364,-2.79E-19,4.06E-05,0.05778727,3.048729251,43.08684899,-34.06625903,0.353834296,0.019800997,0.994148653,0.02579519,266,4.563567073,0,0,0
Eastwood Farm 24kHz_20240903_221600.WAV,Eastwood Farm,Light treatment,0.000270752,5.90E-09,1.743174515,8.98180729,11,43.05951737,-43.91988272,-45.65640073,1.73651801,0.973617741,0.000302976,0.087756924,0.060392979,0.006251389,25.62051789,3.535878218,297.222495,0.232434974,1.60564243,0.037946003,0.060927713,0.664064726,0.526170976,2.302585047,0.000163588,0.135672259,0.125888977,0.128795398,0.129565626,1335.951172,5.533164797,0.00182697,0.021686964,0.080843462,0.626290976,0.333328736,5.595703374,7.07231958,78981.83098,0.997156714,0.834841576,1.2059788,12.00174571,0.033906447,42521.74545,1.32E-19,4.06E-05,0.059356065,3.048251009,43.08976054,-34.05269466,0.347007562,0.019831943,0.994255466,0.025019395,258,4.529447141,0,0,0
Eastwood Farm 24kHz_20240903_221700.WAV,Eastwood Farm,Light treatment,0.000271072,5.89E-09,1.708268543,8.61662197,11,43.0685262,-43.91087389,-45.65136963,1.740495742,0.973761437,0.000339996,0.092026979,0.061607225,0.006635351,40.88030723,4.955550092,297.2441761,0.234116631,1.611363662,0.037849582,0.06098944,0.640068926,0.528312072,2.302585074,9.86E-05,0.136052113,0.126476878,0.129051,0.129609951,1336.408203,5.540249949,0.001847428,0.022050235,0.081909061,0.625960225,0.333328853,5.608589187,7.073222539,79008.40181,0.997169677,0.834784714,1.206389983,15.27494908,0.037997951,42513.65455,-4.15E-19,4.07E-05,0.050647307,3.051989,43.09768909,-34.04405404,0.321951829,0.019851685,0.994371829,0.0242436,250,4.455248348,0,0,0
Eastwood Farm 24kHz_20240903_221800.WAV,Eastwood Farm,Light treatment,0.000270552,6.00E-09,1.827365072,9.820972737,12,43.05941595,-43.91998413,-45.7143344,1.794350268,0.973007186,0.000371876,0.501311612,0.485188039,0.006582476,17.63038875,2.877125473,297.1514465,0.225880158,1.583579302,0.039003906,0.061765778,0.660143979,0.533248376,2.302559893,0.003613206,0.140416384,0.128049616,0.130766797,0.131732419,1358.292969,5.649271598,0.002028325,0.022587448,0.088409217,0.625223333,0.333328406,5.561087371,7.068489744,78840.04549,0.997115055,0.836932341,1.208773871,33.82310154,0.087323308,42154.23636,-5.26E-22,4.07E-05,0.078886376,5.761016222,43.09159395,-34.0602862,0.379073765,0.019814617,0.985493398,0.022013189,227,5.774146112,0,0,0
Eastwood Farm 24kHz_20240903_221900.WAV,Eastwood Farm,Light treatment,0.000270079,5.87E-09,1.720153727,8.766188288,11,43.03788748,-43.94151261,-45.67772691,1.736214301,0.973653509,0.000230551,0.224463023,0.219344567,0.006068342,22.66697482,3.279860269,297.1575625,0.23636872,1.619065054,0.037721675,0.061073845,0.637904519,0.523613371,2.302584611,0.000526082,0.135793489,0.126038951,0.128735576,0.129561648,1335.910156,5.544511749,0.001842503,0.021816993,0.081589382,0.628145593,0.333328797,5.602363179,7.072545696,78979.85356,0.997162628,0.834521981,1.206134778,7.637474542,0.033091935,42505.98182,1.53E-19,4.04E-05,0.063494175,3.091716153,43.06770422,-34.0507318,0.334238496,0.019836426,0.994084884,0.023467804,242,4.653829308,0,0,0
Eastwood Farm 24kHz_20240903_222000.WAV,Eastwood Farm,Light treatment,0.000270133,5.86E-09,1.737777224,8.936366691,12,43.03927325,-43.94012684,-45.68069855,1.740571711,0.973656071,0.000297776,0.573793575,0.554492381,0.006877259,37.2211512,4.638295561,296.8326602,0.235958933,1.617660341,0.038028896,0.061517836,0.725063406,0.523656996,2.302575297,0.002253293,0.135615686,0.125402058,0.128939514,0.129465233,1334.916016,5.560144872,0.00184989,0.022005402,0.082157701,0.626684218,0.333328757,5.597970327,7.072559928,78989.93044,0.997159167,0.836184338,1.205096268,8.728542333,0.03199329,42473.65455,-3.59E-19,4.05E-05,0.070232639,3.196330444,43.06989249,-34.06208753,0.336787144,0.019810509,0.993415057,0.022304112,230,4.842332831,0.000678821,0.018666667,0.036368926
Eastwood Farm 24kHz_20240903_222100.WAV,Eastwood Farm,Light treatment,0.000270706,5.90E-09,1.7524481,9.03265109,11,43.05816146,-43.92123862,-45.65196677,1.730728147,0.973592543,0.000227763,0.071867028,0.060058565,0.006608918,23.65838757,3.339137413,296.7758075,0.231311687,1.601834795,0.038089051,0.061012367,0.668054354,0.524638316,2.302584802,0.000405386,0.135866227,0.126511873,0.128094758,0.129328849,1333.509766,5.52960963,0.001743625,0.021734722,0.077611144,0.626710015,0.333328719,5.5938403,7.072161231,78980.92216,0.99715442,0.835904971,1.205773311,12.00174571,0.032883571,42541.54545,1.39E-19,4.06E-05,0.058927723,3.062289709,43.08966043,-34.04868626,0.328964933,0.019841097,0.994244528,0.022110163,228,4.687272007,0.000290923,0.016,0.018184463
Eastwood Farm 24kHz_20240903_222200.WAV,Eastwood Farm,Light treatment,0.000270296,5.89E-09,1.734775396,8.879047555,11,43.04577943,-43.93362065,-45.67572804,1.742107383,0.97355791,0.000379237,0.105788025,0.071124018,0.006664753,25.93169643,3.830334828,297.0456359,0.232401781,1.605529756,0.037828245,0.060734373,0.638909659,0.52536266,2.302585073,0.000112768,0.136860311,0.125727004,0.129748921,0.129631355,1336.628906,5.543368936,0.001826213,0.021926892,0.081021062,0.624127912,0.33332875,5.597238491,7.071946179,78959.9967,0.997156396,0.834523964,1.206444343,16.36601688,0.040195241,42506.30909,2.11E-19,4.05E-05,0.060793136,3.050951695,43.07463394,-34.06600693,0.362688741,0.019801571,0.994262217,0.027443755,283,4.42470945,0,0,0
Eastwood Farm 24kHz_20240903_222300.WAV,Eastwood Farm,Light treatment,0.000270626,5.95E-09,1.727933213,8.846957805,12,43.05865189,-43.9207482,-45.66357647,1.74282827,0.973394184,0.000367435,0.105687922,0.070595045,0.007064974,29.75414757,4.117624579,297.2377313,0.231194298,1.601437521,0.038005238,0.060863014,0.70268425,0.527341464,2.302584619,0.000543336,0.138670675,0.126208923,0.129020183,0.12957415,1336.039063,5.541714911,0.001820719,0.022111633,0.080950022,0.624431132,0.333328724,5.594372078,7.070922081,78904.87299,0.997150975,0.834009737,1.205632114,24.00349142,0.037183439,42515.54545,3.56E-19,4.06E-05,0.06324374,3.056154297,43.0889617,-34.0261217,0.317598608,0.019892708,0.994334521,0.021431342,221,4.677429499,0,0,0
Eastwood Farm 24kHz_20240903_222400.WAV,Eastwood Farm,Light treatment,0.000270955,5.89E-09,1.711044542,8.663021574,11,43.0651163,-43.91428378,-45.64794373,1.733659949,0.973735068,0.00030505,0.0920387,0.070570631,0.005926649,24.84817049,3.520210532,297.0405928,0.23522983,1.615164761,0.037860257,0.061150553,0.646140434,0.526898688,2.302585028,0.000200298,0.134920635,0.126171929,0.12900568,0.129435872,1334.613281,5.533911584,0.001825265,0.021663528,0.081234182,0.627544757,0.333328838,5.606875593,7.073057105,79000.59814,0.997167813,0.834465156,1.206409145,30.54989817,0.04036572,42535.14545,-3.22E-19,4.07E-05,0.057155669,3.052469535,43.09291626,-34.03551072,0.336825329,0.019871217,0.994362857,0.025989139,268,4.448653793,0,0,0
Eastwood Farm 24kHz_20240903_222500.WAV,Eastwood Farm,Light treatment,0.000271039,5.94E-09,1.764874354,9.095050541,11,43.07031792,-43.90908217,-45.65129766,1.742215491,0.973456242,0.000244627,0.064896519,0.053465845,0.00571384,23.71560034,3.163432018,296.9374044,0.230810064,1.600138022,0.038232412,0.061177136,0.642428071,0.526380673,2.302583165,0.000999737,0.138298904,0.125958965,0.12864403,0.129680037,1337.130859,5.537369997,0.001754232,0.021812872,0.077859784,0.624724638,0.333328683,5.589953742,7.07130738,78947.34447,0.997147336,0.835286967,1.206173223,20.73028804,0.035895373,42526.89091,3.89E-19,4.08E-05,0.059284088,3.237358634,43.10280125,-34.02192354,0.358572981,0.019902325,0.992056686,0.020849496,215,5.139189268,0,0,0
Eastwood Farm 24kHz_20240903_222600.WAV,Eastwood Farm,Light treatment,0.00027185,6.02E-09,1.723227099,8.831987033,11,43.09854656,-43.88085353,-45.6460342,1.765180672,0.97334817,0.000334534,0.252214279,0.241359682,0.006500762,24.72746894,3.452071386,297.1407623,0.234474344,1.612583893,0.038195078,0.061592768,0.660851008,0.539705566,2.302578426,0.001905275,0.135251996,0.126651849,0.129531387,0.129731559,1337.662109,5.604592586,0.001801588,0.021861902,0.080133063,0.624334607,0.333328719,5.593834697,7.070634406,78886.98602,0.997149726,0.833018075,1.207331717,17.45708467,0.03983534,42512.34545,9.33E-20,4.10E-05,0.065233823,4.772075287,43.12436404,-34.03965145,0.413423246,0.019861746,0.988220481,0.02337083,241,5.740115656,0,0,0
Eastwood Farm 24kHz_20240903_222700.WAV,Eastwood Farm,Light treatment,0.000270175,5.85E-09,1.74333561,8.95637893,10,43.03986072,-43.93953937,-45.67013951,1.730600141,0.973705005,0.000249614,0.060038325,0.039883575,0.007396547,24.17283612,3.537858656,297.0385815,0.233865428,1.610507441,0.037847802,0.060954167,0.638208289,0.522282941,2.302585076,0.000103646,0.137571526,0.126422887,0.128182678,0.129663936,1336.964844,5.516109588,0.001841177,0.021956265,0.081695941,0.623698316,0.333328762,5.598551076,7.072865824,79009.24756,0.997160416,0.835397817,1.205553705,12.00174571,0.031330315,42525.32727,-1.84E-19,4.05E-05,0.060969631,3.029217437,43.07332758,-34.0754432,0.327653452,0.019780071,0.994469202,0.020558573,212,4.688480743,0,0,0
Eastwood Farm 24kHz_20240903_222800.WAV,Eastwood Farm,Light treatment,0.000270879,5.96E-09,1.718570636,8.718756409,10,43.06691377,-43.91248631,-45.66036029,1.747873976,0.973393734,0.000424712,0.117830875,0.07849426,0.00701239,37.88144832,4.720783369,297.521163,0.234417147,1.612388709,0.037828626,0.060994449,0.635668585,0.529819411,2.30258508,8.80E-05,0.134516536,0.126641851,0.129672784,0.130228223,1342.783203,5.552642371,0.00180424,0.021870013,0.080381702,0.626332602,0.333328758,5.598162309,7.07092049,78900.62633,0.997153377,0.833247435,1.207272865,13.0928135,0.0408961,42475.29091,2.03E-19,4.07E-05,0.061111441,3.069804372,43.09632278,-34.03948849,0.363305824,0.019862119,0.993921776,0.030352987,313,4.448051519,0,0,0
Eastwood Farm 24kHz_20240903_222900.WAV,Eastwood Farm,Light treatment,0.000271097,5.92E-09,1.715426321,8.698735772,11,43.07078483,-43.90861526,-45.6467347,1.738119447,0.973641111,0.000405323,0.115260163,0.076538397,0.007016768,29.20594338,3.88189802,297.1413802,0.235618904,1.616495895,0.037879812,0.06123256,0.67287347,0.528616853,2.302585069,0.000117119,0.136892639,0.125004124,0.1290084,0.129510694,1335.384766,5.547127917,0.001779804,0.021757394,0.078960903,0.624991896,0.33332881,5.603827254,7.072468754,78974.51382,0.997163417,0.834366329,1.206941031,21.82135583,0.041634844,42519.43636,-1.95E-20,4.07E-05,0.058972839,3.0656804,43.09923171,-34.03545179,0.352520705,0.019871352,0.993988908,0.0242436,250,4.677276218,0,0,0
Eastwood Farm 24kHz_20240903_223000.WAV,Eastwood Farm,Light treatment,0.00027001,5.90E-09,1.739387368,8.967059253,13,43.03784955,-43.94155053,-45.67814352,1.736592988,0.973457129,0.000301527,0.081426555,0.055172421,0.006495118,32.22328882,4.093061071,297.1146496,0.232607157,1.60622707,0.037916394,0.060902338,0.655484492,0.523997531,2.302585067,0.000125781,0.138905053,0.126091943,0.128826215,0.129524143,1335.523438,5.533556544,0.001824318,0.02160405,0.081021062,0.625592458,0.333328706,5.592440704,7.071314731,78929.9807,0.997150947,0.834150095,1.206301242,12.00174571,0.035308166,42473.05455,-1.56E-19,4.04E-05,0.063224817,3.045451263,43.06910267,-34.07948094,0.338927084,0.019770878,0.994319499,0.021625291,223,4.673875547,0,0,0
Eastwood Farm 24kHz_20240903_223100.WAV,Eastwood Farm,Light treatment,0.000270349,5.89E-09,1.750374959,9.050646767,11,43.04735205,-43.93204804,-45.66689181,1.734843769,0.973548334,0.000241816,0.051681652,0.036821755,0.006752117,18.58135407,2.658790301,297.1181971,0.233909101,1.610656258,0.0378711,0.060997325,0.703424654,0.52439337,2.30258506,0.000141669,0.135082275,0.126097942,0.128847968,0.129674354,1337.072266,5.536586373,0.001809733,0.021734992,0.080630342,0.624592382,0.333328705,5.592347349,7.071884507,78964.59348,0.997152576,0.834649019,1.206312921,12.00174571,0.034891439,42491.67273,-5.02E-20,4.06E-05,0.059083692,3.065721931,43.0819572,-34.02609711,0.30164027,0.019892765,0.994298179,0.020849496,215,4.709481943,0,0,0
Eastwood Farm 24kHz_20240903_223200.WAV,Eastwood Farm,Light treatment,0.000270065,5.92E-09,1.779394617,9.300399019,11,43.04012576,-43.93927432,-45.67443643,1.735162102,0.973354914,0.000248682,0.059567595,0.040766073,0.006538784,27.96318177,3.89993641,297.0105879,0.230385574,1.598703886,0.03805426,0.060837493,0.680534796,0.522638081,2.302585074,8.70E-05,0.137708919,0.12664585,0.128925918,0.129988983,1340.316406,5.521019102,0.001870537,0.021845058,0.0830457,0.626317823,0.333328604,5.581565784,7.070671337,78922.71541,0.997139564,0.835334693,1.206018064,9.819610125,0.032088001,42429.23636,-3.54E-19,4.06E-05,0.062467648,3.044229719,43.08254535,-34.03954057,0.325071221,0.019862,0.994706351,0.021625291,223,4.40339299,0,0,0
Eastwood Farm 24kHz_20240903_223300.WAV,Eastwood Farm,Light treatment,0.000270458,6.00E-09,1.8135113,9.607031052,11,43.05628206,-43.92311803,-45.66831237,1.745194346,0.973027731,0.000284668,0.079796993,0.05571036,0.005842387,19.40123466,2.847620033,297.2231763,0.22109121,1.567694735,0.038775491,0.060788133,0.638848253,0.526040482,2.302584816,0.000397205,0.13754728,0.126185927,0.128475442,0.129569415,1335.990234,5.542958449,0.00188607,0.021795938,0.08347194,0.625201941,0.33332846,5.566570234,7.068620378,78842.71857,0.997119943,0.836108541,1.205798021,19.63922025,0.041274943,42387.89091,2.27E-19,4.07E-05,0.063108016,3.146049833,43.09920717,-34.03539826,0.350013524,0.019871474,0.993440435,0.024340574,251,4.772852792,0,0,0
Eastwood Farm 24kHz_20240903_223400.WAV,Eastwood Farm,Light treatment,0.00027053,6.03E-09,1.777366266,9.189058259,13,43.06044159,-43.9189585,-45.66703614,1.748077643,0.972934152,0.000371975,0.108418446,0.07316913,0.00639882,24.81750491,3.545083606,297.2907521,0.222670696,1.572912137,0.038693792,0.060861935,0.698470453,0.528274747,2.302560966,0.003556939,0.136496622,0.126388893,0.128890569,0.129699926,1337.335938,5.549256325,0.00183701,0.021959824,0.081234182,0.623901205,0.33332855,5.575895632,7.068039024,78796.57646,0.997124695,0.835216794,1.206641234,14.18388129,0.037164497,42447.2,-1.48E-19,4.07E-05,0.064651009,3.077084438,43.09114053,-34.07565178,0.370480345,0.019779596,0.993987356,0.026474011,273,4.561201719,0.000290923,0.016,0.018184463
Eastwood Farm 24kHz_20240903_223500.WAV,Eastwood Farm,Light treatment,0.000270494,5.90E-09,1.716766164,8.720997912,11,43.05203575,-43.92736433,-45.66455858,1.737194244,0.973592679,0.000364694,0.115427368,0.093847045,0.006893049,26.73091706,3.862095706,297.1811817,0.238021848,1.624747172,0.037661363,0.061190193,0.638582629,0.526816544,2.302585039,0.0001699,0.136359228,0.125952966,0.128553391,0.129214818,1332.333984,5.547025069,0.001703846,0.021836971,0.075657546,0.625379449,0.333328795,5.602193686,7.072165488,78960.17588,0.99716116,0.83379275,1.206827828,12.00174571,0.038319968,42524.25455,-4.31E-19,4.06E-05,0.06356541,3.074854985,43.08260001,-34.05274942,0.358915514,0.019831818,0.993522534,0.025213344,260,4.77315474,0.000581846,0.016,0.036368926
Eastwood Farm 24kHz_20240903_223600.WAV,Eastwood Farm,Light treatment,0.000271021,5.94E-09,1.734070942,8.779194574,11,43.06979148,-43.90960861,-45.65259647,1.742987864,0.973494076,0.00028998,0.068355109,0.044776009,0.00713382,47.95801589,5.521912208,296.8332181,0.224971486,1.580550218,0.038573094,0.060966712,0.672099494,0.527029459,2.302581772,0.001302591,0.138589855,0.126324904,0.129025621,0.129528689,1335.570313,5.529498762,0.001827349,0.022157462,0.081163142,0.627073525,0.333328766,5.599035799,7.071547435,78943.08857,0.997155324,0.836296704,1.205962688,13.0928135,0.035459703,42522.89091,3.59E-19,4.08E-05,0.053931797,3.063631029,43.10265616,-34.02590221,0.321582576,0.019893211,0.99429608,0.023176881,239,4.602823018,0,0,0
Eastwood Farm 24kHz_20240903_223700.WAV,Eastwood Farm,Light treatment,0.00027121,6.01E-09,1.749974856,8.824441614,11,43.07916595,-43.90023413,-45.64709149,1.746857356,0.973205066,0.000226657,0.051791018,0.036525856,0.006362242,18.4385149,2.752144188,297.0992307,0.215415433,1.549119729,0.039348705,0.060955856,0.658679046,0.527331335,2.302524051,0.00553759,0.135890473,0.126091943,0.129339232,0.129671134,1337.039063,5.543577728,0.001822424,0.021737146,0.080878982,0.626716549,0.333328703,5.592143375,7.069737983,78867.23909,0.99714236,0.837570264,1.205473194,10.91067792,0.031330315,42485.83636,6.14E-20,4.08E-05,0.057070908,3.121591184,43.11110578,-34.04869038,0.331331566,0.019841088,0.994040038,0.022595035,233,4.729647416,0,0,0
Eastwood Farm 24kHz_20240903_223800.WAV,Eastwood Farm,Light treatment,0.000270786,5.86E-09,1.731796529,8.829224264,12,43.05867251,-43.92072758,-45.64738996,1.726662382,0.973780832,0.000251883,0.058829257,0.039674314,0.007058366,23.45649417,3.410968805,296.8149966,0.235117897,1.61478206,0.037810332,0.061055446,0.638686779,0.524196921,2.302585042,0.000166005,0.135785407,0.125738002,0.128344015,0.129188109,1332.058594,5.519053026,0.001793064,0.021731387,0.079422663,0.626008409,0.333328807,5.60348316,7.073341617,79027.07808,0.997165887,0.835156455,1.205357743,13.0928135,0.036274216,42549.63636,8.73E-20,4.07E-05,0.054440891,3.034411155,43.09161939,-34.05262604,0.309584596,0.0198321,0.994826328,0.021916214,226,4.380534042,0,0,0
Eastwood Farm 24kHz_20240903_223900.WAV,Eastwood Farm,Light treatment,0.000270142,5.89E-09,1.724429982,8.7621249,12,43.0410305,-43.93836959,-45.67566541,1.737295823,0.973555626,0.000326514,0.08552957,0.057693019,0.007659009,31.74144838,4.158516092,297.1635406,0.232726377,1.606632029,0.037867052,0.060838418,0.651070398,0.524494389,2.302585064,0.000129823,0.134872143,0.125422055,0.129569455,0.129877793,1339.169922,5.534249072,0.001795147,0.021752852,0.079316103,0.624693526,0.33332878,5.600481859,7.071933056,78953.98722,0.997158618,0.834814582,1.205982451,12.00174571,0.038168431,42511.43636,4.44E-19,4.05E-05,0.064103146,3.045060123,43.07256494,-34.09290368,0.352577157,0.019740349,0.994261438,0.025407292,262,4.492189031,0,0,0
Eastwood Farm 24kHz_20240903_224000.WAV,Eastwood Farm,Light treatment,0.000306629,1.20E-08,1.357434583,4.786929286,12,44.32455322,-42.65484687,-45.65266163,2.997814757,0.960434322,0.031069967,0.34161439,0.200111919,0.006758588,25.18442359,3.516614102,300.0679118,0.471074633,2.781251809,0.04151487,0.115463308,0.697430917,1.074223294,2.291132155,0.073288539,0.137644263,0.126359898,0.129601179,0.129770959,1338.068359,8.762240579,0.002020559,0.022229164,0.089332736,0.625288436,0.333328115,5.532369992,6.989894665,74646.31239,0.996792401,0.785955811,1.226677602,18.54815246,0.059080563,42460.18182,2.42E-19,5.36E-05,-1.619751199,2487.940358,44.29461309,-34.04883002,2.070002314,0.019840769,0.773455629,0.027637704,285,13.38184315,0.001260667,0.017333333,0.072737853
Eastwood Farm 24kHz_20240903_224100.WAV,Eastwood Farm,Light treatment,0.000269746,5.87E-09,1.713848679,8.694916287,12,43.02835349,-43.9510466,-45.68598406,1.734937455,0.973570348,0.000275758,0.075528648,0.052361703,0.005734075,21.32531714,3.151065006,297.0370232,0.235634614,1.616549671,0.037479793,0.060587947,0.662844813,0.521987051,2.302585069,0.000119374,0.136520868,0.126025954,0.128709291,0.129558239,1335.875,5.529641576,0.001821288,0.021927105,0.080878982,0.624427905,0.333328797,5.602365979,7.072026027,78951.64038,0.997160862,0.833505489,1.206111705,17.45708467,0.035497588,42510.89091,3.88E-19,4.04E-05,0.066076324,3.05820367,43.05957029,-34.07565931,0.359827013,0.019779579,0.994004125,0.023176881,239,4.739837643,0,0,0
Eastwood Farm 24kHz_20240903_224200.WAV,Eastwood Farm,Light treatment,0.00027007,5.86E-09,1.732590333,8.883207669,11,43.03721083,-43.94218926,-45.67276411,1.730574854,0.973666051,0.000243721,0.058729082,0.040004804,0.005809314,20.15795789,3.128729797,296.9364883,0.233874211,1.610537367,0.037760286,0.060814351,0.668357547,0.52226765,2.302585074,0.000106597,0.133320402,0.125215089,0.129160673,0.129396662,1334.208984,5.520473417,0.001787192,0.021965092,0.079600263,0.625435253,0.333328771,5.599525034,7.072622936,78990.49395,0.997160649,0.834921297,1.205241299,15.27494908,0.03129243,42547.16364,1.86E-19,4.05E-05,0.061283324,3.038116522,43.06939475,-34.04864155,0.305619036,0.019841199,0.994749239,0.022013189,227,4.407019496,0,0,0
Eastwood Farm 24kHz_20240903_224300.WAV,Eastwood Farm,Light treatment,0.000270167,5.88E-09,1.699104312,8.555582594,13,43.04131978,-43.93808031,-45.67614615,1.738065842,0.973634173,0.000257891,0.467575,0.446929236,0.00645834,19.69548691,2.894578526,297.1309378,0.23760801,1.62332242,0.037484966,0.060850186,0.69303542,0.524403629,2.302558838,0.00365355,0.134354896,0.125900975,0.129371862,0.129618854,1336.5,5.533604292,0.001770712,0.021862839,0.078925383,0.627960995,0.333328843,5.607487045,7.072426915,78963.20403,0.997166266,0.833363346,1.205462747,12.00174571,0.031140893,42500.72727,-1.59E-19,4.05E-05,0.066006717,3.062151095,43.07373463,-34.04874725,0.3219908,0.019840958,0.994381166,0.022692009,234,4.533163936,0,0,0
Eastwood Farm 24kHz_20240903_224400.WAV,Eastwood Farm,Light treatment,0.000270856,5.88E-09,1.725838992,8.754757717,11,43.06195896,-43.91744113,-45.65456176,1.737120632,0.973706959,0.000246463,0.059266746,0.04228996,0.005797631,23.76069857,3.444177954,296.7648572,0.234838735,1.613828079,0.037927508,0.061208478,0.693168612,0.524312762,2.302585014,0.000221161,0.137563444,0.125563031,0.128986646,0.129608246,1336.390625,5.527245575,0.001856331,0.021621499,0.082264261,0.626940684,0.333328811,5.603898699,7.072880064,79001.99875,0.997164466,0.834987646,1.205740892,9.819610125,0.035175571,42491.07273,3.23E-19,4.07E-05,0.055800962,3.044394461,43.09526579,-34.03556649,0.323569397,0.019871089,0.994424286,0.019976726,206,4.723144393,0,0,0
Eastwood Farm 24kHz_20240903_224500.WAV,Eastwood Farm,Light treatment,0.000270824,5.92E-09,1.749187034,8.954541169,12,43.06307781,-43.91632227,-45.65082928,1.734507011,0.973505145,0.000286557,0.0940702,0.078206956,0.006860756,35.0678273,4.35841595,297.0098576,0.234038116,1.611095986,0.0378635,0.061001734,0.660730135,0.526384024,2.302585005,0.000227186,0.134961045,0.126341901,0.128914135,0.129595176,1336.255859,5.533492097,0.001805376,0.021712665,0.080275142,0.624810151,0.333328724,5.59444497,7.071614945,78953.66784,0.997152287,0.834390028,1.205579959,17.45708467,0.037429687,42565.94545,3.03E-19,4.07E-05,0.058097539,3.063408368,43.09287087,-34.04870139,0.356718085,0.019841063,0.993804977,0.024534523,253,4.740259378,0,0,0
Eastwood Farm 24kHz_20240903_224600.WAV,Eastwood Farm,Light treatment,0.000271556,6.05E-09,1.701530415,8.494004563,11,43.09163033,-43.88776976,-45.65217263,1.764402878,0.973178617,0.000680764,0.654431797,0.58861812,0.008002839,32.67941467,4.292837241,297.1284844,0.234650064,1.613183731,0.038029229,0.061348134,0.735465731,0.529940124,2.302529578,0.00534228,0.136132932,0.126431886,0.129144358,0.129640827,1336.726563,5.601242321,0.001870916,0.022135699,0.082051141,0.625555132,0.333328775,5.599941719,7.069576576,78827.50792,0.997149465,0.832583403,1.206337988,10.91067792,0.046124133,42527.16364,3.28E-20,4.09E-05,0.060807455,3.157451607,43.12008968,-34.04905275,0.383479434,0.01984026,0.993423757,0.028704422,296,4.686198815,0.001357642,0.024888889,0.05455339
Eastwood Farm 24kHz_20240903_224700.WAV,Eastwood Farm,Light treatment,0.000270034,6.00E-09,1.82900569,9.687385903,11,43.0439796,-43.93542048,-45.68268462,1.747264139,0.972898583,0.000337372,0.090705171,0.064860438,0.006665276,26.75422614,3.639850408,297.1571492,0.220770009,1.566636325,0.038674001,0.060588095,0.678938537,0.525221922,2.302585068,0.000122233,0.138759577,0.126738835,0.129317479,0.129692539,1337.259766,5.545590389,0.001801209,0.021734109,0.079387143,0.624714302,0.333328419,5.562404808,7.067810983,78813.95929,0.997112525,0.836004033,1.207169469,15.27494908,0.041199174,42466.03636,-2.25E-19,4.05E-05,0.064500065,3.061569092,43.07456868,-34.05741683,0.339118763,0.019821167,0.993974744,0.023467804,242,4.679704158,0.00087277,0.024,0.036368926
Eastwood Farm 24kHz_20240903_224800.WAV,Eastwood Farm,Light treatment,0.000270829,5.96E-09,1.802799636,9.473829429,11,43.06538253,-43.91401755,-45.65428014,1.740262589,0.973260893,0.00028198,0.064577419,0.042437897,0.006769399,31.93810394,4.398246133,297.0880629,0.227630138,1.589432988,0.038390101,0.061018493,0.630003362,0.525844692,2.302585068,0.000120241,0.13718359,0.126967796,0.129077285,0.129986521,1340.291016,5.528355465,0.001825644,0.021792756,0.080736902,0.624548609,0.333328545,5.575375314,7.070080893,78908.54221,0.997131809,0.835534876,1.2055337,18.54815246,0.037865356,42488.96364,-3.16E-19,4.07E-05,0.056351198,3.048899006,43.09266989,-34.03907336,0.315230186,0.019863068,0.994555096,0.024631497,254,4.361724396,0.000775795,0.021333333,0.036368926
Eastwood Farm 24kHz_20240903_224900.WAV,Eastwood Farm,Light treatment,0.000271353,5.95E-09,1.73465816,8.87445996,13,43.08042544,-43.89897464,-45.64043937,1.741464727,0.973498404,0.000295596,0.071985114,0.049968704,0.006256024,19.4963158,2.971488713,297.1682782,0.232320599,1.605254222,0.03796516,0.060943733,0.673404226,0.528041538,2.302585062,0.000135202,0.137167426,0.125399058,0.129118979,0.129565816,1335.953125,5.537774616,0.001836631,0.021975749,0.080736902,0.623267055,0.333328737,5.595798616,7.071573849,78942.22082,0.997154187,0.833912857,1.205981321,17.45708467,0.04159696,42520.09091,2.88E-19,4.08E-05,0.05411622,3.059403317,43.11096934,-34.03946067,0.334793976,0.019862182,0.994225357,0.022982933,237,4.627037322,0.00087277,0.024,0.036368926
Eastwood Farm 24kHz_20240903_225000.WAV,Eastwood Farm,Light treatment,0.000270464,5.97E-09,1.815752084,9.599245623,11,43.05514098,-43.9242591,-45.6648332,1.740574097,0.973129136,0.000242773,0.053128501,0.036036373,0.006331897,25.48808418,3.543087623,296.9495373,0.227008258,1.587349764,0.038374864,0.060914331,0.658535974,0.52440091,2.302583491,0.000917588,0.138355478,0.126715838,0.129406305,0.129926853,1339.675781,5.526404381,0.001866559,0.022360173,0.082086661,0.62764413,0.333328486,5.569223074,7.069254975,78875.43112,0.997123918,0.835330291,1.205983433,17.45708467,0.035573356,42358.61818,-2.01E-19,4.08E-05,0.062379084,3.040516022,43.11026579,-34.05290689,0.350653917,0.019831458,0.994111464,0.025116369,259,4.588730218,0.000678821,0.037333333,0.018184463
Eastwood Farm 24kHz_20240903_225100.WAV,Eastwood Farm,Post-light treatment,0.000270748,6.11E-09,1.863753386,10.00031265,10,43.07123902,-43.90816106,-45.66131472,1.753153656,0.972505853,0.000354594,0.089453671,0.060359149,0.008016217,30.58533677,4.302919776,297.2418289,0.216993349,1.554256719,0.039115052,0.060794832,0.646077808,0.527608,2.302584842,0.00038834,0.138694921,0.125944967,0.129798772,0.129844455,1338.826172,5.550281706,0.001919219,0.022237126,0.08396922,0.627230753,0.333328255,5.545909882,7.065349534,78715.25343,0.997089756,0.835326546,1.206679707,26.185627,0.046389323,42395.10909,1.19E-19,4.09E-05,0.060566319,3.063855074,43.11508074,-34.02234481,0.346018972,0.01990136,0.994184434,0.027831652,287,4.416046287,0.001454616,0.026666667,0.05455339
Eastwood Farm 24kHz_20240903_225200.WAV,Eastwood Farm,Post-light treatment,0.000376042,3.08E-08,0.864511027,3.030215539,19,46.43246452,-40.54693556,-45.54713461,5.000199051,0.940255791,0.02643199,0.179033712,0.111808743,0.006307295,25.24982754,3.703528567,308.9243165,0.630471447,4.412301664,0.055327497,0.244121607,0.991174581,2.124807713,2.288126391,0.082142271,0.147221414,0.129660347,0.132464467,0.131747194,1358.445313,12.09632225,0.003431181,0.024980844,0.134656223,0.626353689,0.333326775,5.418112879,6.863773206,66998.59582,0.996311278,0.686963289,1.297135297,56.73552517,0.238860501,41346.12727,-1.37E-19,0.000104066,0.741040856,2425.342913,47.17308262,-33.90703477,5.699489726,0.020167323,0.602074602,0.038886734,401,18.44861726,0.008242824,0.022666667,0.363689264
Eastwood Farm 24kHz_20240903_225300.WAV,Eastwood Farm,Post-light treatment,0.000375947,3.45E-08,1.874433876,9.183025339,23,46.52320998,-40.45619011,-45.60189417,5.145704064,0.927872817,0.038315877,0.356526092,0.160624005,0.007607643,26.68659561,3.814143335,307.8744267,0.681445935,5.278369102,0.04591256,0.242343438,0.916011149,2.105483492,1.830720278,0.465099061,0.139034365,0.129679344,0.130964391,0.131140855,1352.193359,12.22836634,0.002633527,0.022875672,0.11163928,0.626751627,0.333314213,4.88306505,6.785893169,65547.34277,0.995061955,0.67444115,1.281855773,57.82659296,0.186466516,42141.34545,-3.79E-19,9.26E-05,0.241442637,3022.680003,46.66700742,-33.95966326,4.484485487,0.020045497,0.642129615,0.034813809,359,17.16475878,0.006012413,0.022044444,0.272766948
Eastwood Farm 24kHz_20240903_225400.WAV,Eastwood Farm,Post-light treatment,0.000338217,2.67E-08,2.560001125,12.34943139,19,45.56819179,-41.4112083,-45.60665403,4.195445729,0.925656726,0.047150259,0.38208983,0.219470782,0.00697476,26.88704384,3.591786239,303.3773837,0.514357295,3.118253974,0.04099079,0.127819695,0.8634209,2.101437294,1.954946274,0.402604008,0.137167426,0.128589526,0.130039872,0.130304559,1343.570313,10.43096121,0.002366632,0.023241827,0.100486008,0.624093781,0.333310261,4.789127886,6.771821227,66700.61008,0.994571438,0.681320149,1.243920674,34.91416933,0.100241853,42299.18182,3.84E-20,6.86E-05,1.765464748,3942.191303,45.36460797,-33.96874083,2.362433179,0.020024559,0.763651038,0.031322731,323,13.60686224,0.003491078,0.024,0.145475706
Eastwood Farm 24kHz_20240903_225500.WAV,Eastwood Farm,Post-light treatment,0.00027592,6.95E-09,2.545595663,17.94771677,12,43.26720324,-43.71219685,-45.58804485,1.875848005,0.968972148,0.000482603,0.402587892,0.384500546,0.008460335,15.16394169,2.805643372,298.6170444,0.197405286,1.491917733,0.045642447,0.068094777,0.786413856,0.564417975,2.301698795,0.02082924,0.13926066,0.129455381,0.131355951,0.131129869,1352.080078,5.810909641,0.002002943,0.022090433,0.088480257,0.621761234,0.333324566,5.272939383,7.043136871,78040.41613,0.996756964,0.844290873,1.214007741,19.63922025,0.081716431,41836.70909,1.72E-19,4.38E-05,0.178839879,7.761532833,43.41258832,-33.90659367,0.595763099,0.020168348,0.982824217,0.036559348,377,6.008940592,0.002036462,0.037333333,0.05455339
Eastwood Farm 24kHz_20240903_225600.WAV,Eastwood Farm,Post-light treatment,0.000306833,1.11E-08,1.178503368,4.926287009,19,44.29401679,-42.6853833,-45.52922931,2.843846006,0.963782798,0.034223929,0.3575428,0.246074594,0.009578203,15.31442414,2.847348043,301.3079935,0.563653935,3.583517905,0.040897346,0.146556373,0.942526239,1.138559337,2.285266656,0.092718167,0.138007953,0.132023952,0.132580485,0.13172541,1358.220703,8.624794293,0.00233784,0.022722033,0.101835767,0.623725718,0.333328475,5.568127078,7.010851236,75398.98668,0.996927423,0.818262256,1.228646855,31.64096596,0.140285557,41980.63636,3.41E-19,5.23E-05,1.742135268,1646.811214,44.18185221,-33.86398941,2.05973513,0.020267516,0.807011076,0.041989915,433,11.65297418,0.003782002,0.0208,0.181844632
Eastwood Farm 24kHz_20240903_225700.WAV,Eastwood Farm,Post-light treatment,0.000277061,6.37E-09,1.61016743,8.250239286,11,43.26993079,-43.7094693,-45.55177566,1.842306366,0.973061654,0.000612109,0.182505716,0.168894686,0.008181754,17.45319628,3.1909372,299.3514249,0.278899095,1.773536942,0.039265936,0.069639588,0.84837748,0.570717627,2.302584256,0.000724586,0.13640772,0.130869145,0.132862373,0.131232914,1353.142578,5.813317244,0.002116406,0.022358924,0.092955773,0.623822387,0.333328809,5.603714591,7.06884969,78712.42623,0.997154963,0.831367436,1.216942144,39.2784405,0.119089292,42058.10909,-4.45E-19,4.27E-05,0.099274282,5.897646364,43.30044933,-33.9068331,0.732063756,0.020167792,0.973935096,0.046256788,477,6.306964692,0.002909232,0.02,0.145475706
Eastwood Farm 24kHz_20240903_225800.WAV,Eastwood Farm,Post-light treatment,0.0002775,6.89E-09,2.102156178,12.38101927,11,43.30927613,-43.67012396,-45.53577264,1.865648685,0.970250239,0.000549205,0.203751001,0.195398941,0.008646697,15.78140969,2.748526721,299.1240324,0.216044039,1.551163714,0.044852209,0.06957312,0.774619813,0.577891828,2.302583042,0.001089586,0.141313484,0.130284243,0.131642371,0.131196924,1352.771484,5.861921885,0.002096706,0.022318759,0.091819134,0.624743037,0.33332704,5.438710817,7.051202614,78170.90384,0.996939636,0.83974385,1.216444305,33.82310154,0.112667903,41788.70909,1.67E-19,4.30E-05,0.093097368,10.33427157,43.33627017,-33.86757574,0.737355924,0.02025915,0.969564237,0.039953452,412,6.781977745,0.001260667,0.023111111,0.05455339
Eastwood Farm 24kHz_20240903_225900.WAV,Eastwood Farm,Post-light treatment,0.000274284,6.14E-09,1.631679081,8.197996203,13,43.17688291,-43.80251717,-45.60308249,1.800565313,0.973434273,0.000428409,0.141594538,0.126344077,0.008424146,21.98157111,3.502101626,298.4383721,0.266903063,1.728152172,0.038303336,0.066193993,0.757614296,0.549795399,2.302584132,0.000751561,0.135454046,0.129264413,0.130986144,0.130679046,1347.431641,5.70335425,0.00198419,0.022161565,0.087272577,0.624119128,0.333328894,5.613227694,7.071180916,78851.32158,0.997168298,0.832265912,1.212336781,29.45883038,0.095506316,42258.25455,1.83E-19,4.18E-05,0.086072508,4.903502343,43.21435561,-33.95933184,0.564158949,0.020046262,0.982195492,0.035783553,369,5.976925579,0.002230411,0.01752381,0.127291242
Eastwood Farm 24kHz_20240903_230000.WAV,Eastwood Farm,Post-light treatment,0.000272618,5.98E-09,1.71072475,8.699273094,11,43.11911407,-43.86028602,-45.60722278,1.746936764,0.97367344,0.00028525,0.193636938,0.184405544,0.008094361,33.22112225,4.140908119,297.3769976,0.246233204,1.653340545,0.038168381,0.063105332,0.678503254,0.535873399,2.302584774,0.000434955,0.137458378,0.127737668,0.128445531,0.129685909,1337.191406,5.580919397,0.00186637,0.022097714,0.082726021,0.623493453,0.333328818,5.604757636,7.072671196,78979.43845,0.997164935,0.834610708,1.208206582,18.54815246,0.05358734,42441.12727,3.63E-19,4.12E-05,0.054008642,3.09491477,43.1502252,-34.01257026,0.378296107,0.019923768,0.993824953,0.027831652,287,4.489154807,0.000775795,0.021333333,0.036368926
Eastwood Farm 24kHz_20240903_230100.WAV,Eastwood Farm,Post-light treatment,0.000275494,6.12E-09,1.631947309,8.313902452,12,43.2112001,-43.76819998,-45.60062025,1.832420267,0.973745247,0.000497585,0.303374224,0.280311124,0.006162851,15.67503381,2.437289215,298.1478048,0.271289471,1.744574038,0.038585577,0.067315396,0.769636355,0.557568855,2.30257518,0.00230099,0.138452462,0.128609522,0.129736231,0.130382412,1344.373047,5.8116276,0.001948579,0.022076707,0.086135938,0.622688603,0.333328922,5.616361111,7.073125938,78943.03284,0.9971784,0.831606913,1.211834605,8.728542333,0.069233555,42383.30909,2.00E-19,4.23E-05,0.047169005,64.29290634,43.26507533,-33.95967188,0.756543087,0.020045478,0.947930616,0.032098526,331,7.678753948,0.000387898,0.021333333,0.018184463
Eastwood Farm 24kHz_20240903_230200.WAV,Eastwood Farm,Post-light treatment,0.000272553,5.99E-09,1.65019991,8.300358673,12,43.1180772,-43.86132289,-45.62796612,1.766643231,0.973694716,0.000283842,0.078610552,0.070409896,0.008000601,22.0796695,3.491718934,297.8414221,0.25877073,1.698220486,0.03783496,0.064252103,0.747318213,0.538109966,2.302585042,0.000174729,0.137353312,0.127792659,0.129847717,0.130347179,1344.009766,5.617781394,0.001888343,0.021917814,0.0839337,0.624476688,0.333328917,5.615762146,7.072809227,78945.62512,0.99717544,0.832333928,1.209605513,20.73028804,0.062357555,42326.92727,1.36E-19,4.12E-05,0.061708568,3.243582666,43.14969315,-33.96885338,0.42673695,0.020024299,0.991215229,0.029577192,305,5.195228185,0,0,0
Eastwood Farm 24kHz_20240903_230300.WAV,Eastwood Farm,Post-light treatment,0.000273149,6.06E-09,1.724417423,8.912316625,10,43.13936394,-43.84003615,-45.61310298,1.773066832,0.973399426,0.00038085,0.289785941,0.277225388,0.007109965,19.96029941,3.043063216,297.7593797,0.24812389,1.660012699,0.038600696,0.064077645,0.734440325,0.542714635,2.302582753,0.001155245,0.138355478,0.127403724,0.129035591,0.130047893,1340.923828,5.63343095,0.001868832,0.022136123,0.082761541,0.624375726,0.333328712,5.593130011,7.070954495,78899.23717,0.997150416,0.834830041,1.209249691,19.63922025,0.064403307,42402.34545,1.66E-19,4.14E-05,0.062907567,3.367139994,43.16893725,-34.00857212,0.46503944,0.019932942,0.991106699,0.035007758,361,4.985758606,0.000290923,0.016,0.018184463
Eastwood Farm 24kHz_20240903_230400.WAV,Eastwood Farm,Post-light treatment,0.000272607,6.03E-09,1.701344606,8.736040657,11,43.12144827,-43.85795181,-45.62206146,1.76410965,0.973487541,0.000389895,0.347715273,0.325643752,0.007637779,21.4495758,3.333573597,297.6380434,0.250728061,1.669257843,0.038146605,0.063676519,0.716948566,0.538415434,2.302583692,0.000894496,0.136892639,0.127794658,0.129302976,0.129817746,1338.550781,5.625365483,0.001830759,0.02187653,0.081056582,0.622994979,0.33332877,5.599368778,7.071507968,78912.23566,0.997157916,0.833504066,1.208641867,20.73028804,0.064630613,42403.01818,1.85E-19,4.12E-05,0.065199497,3.300894073,43.15305199,-33.98637547,0.424104473,0.019983945,0.991483016,0.030740884,317,4.985665067,0.000581846,0.016,0.036368926
Eastwood Farm 24kHz_20240903_230500.WAV,Eastwood Farm,Post-light treatment,0.000273251,6.08E-09,1.662292653,8.410422057,13,43.14338448,-43.83601561,-45.61159397,1.775578357,0.97343664,0.000368916,0.209863102,0.188162231,0.006195057,10.97619275,1.894370791,297.8455072,0.252102243,1.674162318,0.038190648,0.063937343,0.713582282,0.542769635,2.302584754,0.00046162,0.13836356,0.127556698,0.130022651,0.13000641,1340.496094,5.644979689,0.001886638,0.022121554,0.0834009,0.622788877,0.333328838,5.606918646,7.071193155,78873.63225,0.997163298,0.832928763,1.209683177,24.00349142,0.063645621,42406.32727,-2.54E-19,4.14E-05,0.062537324,3.401996584,43.17461068,-33.9908069,0.47254578,0.019973755,0.989461147,0.031904577,329,5.423891291,0.000969744,0.017777778,0.05455339
Eastwood Farm 24kHz_20240903_230600.WAV,Eastwood Farm,Post-light treatment,0.000271833,5.97E-09,1.643593147,8.209758582,10,43.09560141,-43.88379868,-45.65885411,1.775055438,0.973661764,0.000240069,0.195628778,0.189620993,0.006255958,14.31000266,2.271742205,297.5803352,0.251899058,1.673436014,0.037423029,0.062625044,0.739738975,0.541345163,2.30258406,0.0007736,0.137272492,0.127349733,0.129193303,0.130026299,1340.701172,5.643022683,0.001801588,0.021455623,0.079955463,0.62431494,0.333328929,5.617148634,7.072603929,78933.75689,0.997175966,0.83082636,1.209823162,7.637474542,0.046787108,42482.87273,-2.91E-19,4.09E-05,0.091006252,5.232872033,43.12203249,-34.01287745,0.500606204,0.019923064,0.981105105,0.024825446,256,6.545363713,0,0,0
Eastwood Farm 24kHz_20240903_230700.WAV,Eastwood Farm,Post-light treatment,0.000272459,6.00E-09,1.678975591,8.428251997,12,43.11565478,-43.86374531,-45.62072764,1.756982332,0.97359608,0.000252542,0.124296442,0.11118093,0.006687669,19.20414637,2.765948429,297.3926241,0.246415052,1.653980821,0.037968751,0.062799586,0.68777066,0.534517569,2.302584883,0.000332449,0.138210002,0.12772567,0.130063438,0.130138626,1341.859375,5.579171708,0.001868264,0.021795144,0.08315226,0.624363843,0.333328868,5.610285168,7.072190125,78937.19568,0.997167931,0.833162018,1.208240895,12.00174571,0.044343571,42451.30909,3.89E-19,4.12E-05,0.056696411,3.150472397,43.14744087,-34.00866068,0.389773787,0.019932738,0.992668691,0.026474011,273,5.048703269,0,0,0
Eastwood Farm 24kHz_20240903_230800.WAV,Eastwood Farm,Post-light treatment,0.000279626,6.51E-09,1.552742791,7.844998893,13,43.35079352,-43.62860656,-45.58555869,1.956952128,0.973097199,0.000967293,0.196722132,0.176822364,0.007589672,15.67849076,2.847910167,299.8327296,0.295283473,1.838020571,0.039327596,0.072284931,0.743318407,0.621184829,2.30256865,0.002937754,0.139196004,0.130652181,0.131235401,0.131063571,1351.396484,6.143559164,0.00210201,0.022290143,0.091819134,0.62368807,0.333328919,5.616033969,7.069077198,78684.00546,0.997166394,0.829057248,1.219954501,31.64096596,0.106265457,42280.36364,-2.45E-19,4.33E-05,0.182311513,36.78886262,43.36686794,-33.95998018,1.070547939,0.020044766,0.934332527,0.035298681,364,9.010187271,0.00242436,0.022222222,0.109106779
Eastwood Farm 24kHz_20240903_230900.WAV,Eastwood Farm,Post-light treatment,0.000273668,6.08E-09,1.640057695,8.252125375,10,43.15532472,-43.82407537,-45.59905101,1.774975646,0.973574999,0.000340214,0.072239142,0.054829173,0.0076897,15.69268145,2.668466495,298.0287601,0.261173678,1.706996137,0.037959993,0.064797561,0.729940007,0.542967617,2.302585057,0.000144861,0.13714318,0.128702507,0.130965297,0.130741555,1348.076172,5.62295685,0.001884176,0.021980889,0.08404026,0.622505488,0.333328903,5.614220255,7.072060823,78901.49733,0.997172319,0.831448231,1.210692402,16.36601688,0.068513754,42334.56364,-2.51E-19,4.16E-05,0.064066663,3.270774874,43.18774123,-33.94674101,0.469981514,0.020075342,0.99053262,0.036171451,373,5.082058455,0,0,0
Eastwood Farm 24kHz_20240903_231000.WAV,Eastwood Farm,Post-light treatment,0.000273563,6.08E-09,1.642967484,8.230261308,12,43.15251488,-43.82688521,-45.6108576,1.783972395,0.973527512,0.000420864,0.115466569,0.100682516,0.008657172,22.73081323,3.532288196,298.4100971,0.258812076,1.698371001,0.038320774,0.065082892,0.778355588,0.546463764,2.302584922,0.000321692,0.136423884,0.128941467,0.130760453,0.130678099,1347.421875,5.658141545,0.001939865,0.021838512,0.086384578,0.621742303,0.333328904,5.614275494,7.071763717,78889.78515,0.997170585,0.833683615,1.211057092,15.27494908,0.077681754,42315.90909,4.29E-19,4.15E-05,0.071169857,3.351783082,43.18270761,-33.97280857,0.492310629,0.020015183,0.989101228,0.035395656,365,5.326705972,0.001163693,0.016,0.072737853
Eastwood Farm 24kHz_20240903_231100.WAV,Eastwood Farm,Post-light treatment,0.000275771,6.23E-09,1.560063085,7.737417499,13,43.22502712,-43.75437297,-45.57512255,1.820749575,0.973464721,0.000483595,0.122483644,0.11036485,0.00824576,15.6513501,2.931763705,298.8101976,0.271636341,1.745881094,0.038188582,0.066672724,0.776843585,0.563774309,2.302584494,0.000613275,0.136343064,0.129651348,0.130847466,0.130960147,1350.330078,5.739327092,0.001931531,0.021946917,0.085461059,0.62545853,0.333329007,5.626111985,7.071377366,78812.57818,0.99718119,0.830093626,1.213624137,21.82135583,0.093176432,42236.43636,-1.53E-19,4.22E-05,0.075150194,4.809400514,43.2523115,-33.90689346,0.592139225,0.020167651,0.981087482,0.03461986,357,6.372708486,0.000581846,0.016,0.036368926
Eastwood Farm 24kHz_20240903_231200.WAV,Eastwood Farm,Post-light treatment,0.000276577,6.23E-09,1.599640271,8.096507251,12,43.24828197,-43.73111812,-45.5341511,1.803032982,0.973567031,0.000578549,0.157648776,0.124139301,0.00863397,15.66832452,3.009217623,298.6249061,0.279658719,1.776461733,0.03880528,0.068936096,0.879952741,0.558485583,2.302584963,0.000283531,0.136722917,0.131083109,0.131724852,0.131370245,1354.558594,5.704988176,0.002038933,0.02196508,0.090256255,0.62242691,0.333328942,5.618685312,7.072013477,78865.92921,0.997176989,0.833884922,1.213398174,28.36776258,0.100431275,42141.56364,-2.10E-19,4.24E-05,0.064907577,3.358041912,43.27819404,-33.88051618,0.545906121,0.02022899,0.988894916,0.039371606,406,5.393341381,0.001454616,0.016,0.090922316
Eastwood Farm 24kHz_20240903_231300.WAV,Eastwood Farm,Post-light treatment,0.000274386,6.06E-09,1.637486518,8.392261463,13,43.17577742,-43.80362267,-45.59206238,1.788439715,0.973768849,0.000448913,0.152607126,0.129811501,0.008613188,18.98903192,3.199578478,298.4718755,0.273706478,1.75370761,0.038122976,0.066856553,0.785485905,0.550323085,2.302584847,0.000395698,0.136060195,0.129500373,0.130229308,0.1305402,1346,5.687983842,0.001943275,0.02205228,0.086278018,0.621773455,0.333328904,5.614314306,7.073272895,78952.94955,0.997177857,0.833816404,1.211123785,29.45883038,0.08434939,42243.98182,4.65E-19,4.17E-05,0.063344064,3.831656751,43.20447556,-33.94672383,0.529271172,0.020075382,0.985277195,0.033553142,346,5.801914921,0.000678821,0.018666667,0.036368926
Eastwood Farm 24kHz_20240903_231400.WAV,Eastwood Farm,Post-light treatment,0.000272498,5.96E-09,1.672314142,8.468841588,12,43.1148104,-43.86458969,-45.62653035,1.761940659,0.973776154,0.000308578,0.138916799,0.119290443,0.00712195,24.57252609,3.573822051,297.7615653,0.254280516,1.681973641,0.037909193,0.063762263,0.736361591,0.536646149,2.302584883,0.000363542,0.140093104,0.128212588,0.12992748,0.1302913,1343.433594,5.596992203,0.001871105,0.022036005,0.08308122,0.625684165,0.333328891,5.612905003,7.073316867,78984.66242,0.997174677,0.834196393,1.208871368,19.63922025,0.06089901,42390.01818,1.58E-19,4.11E-05,0.064104387,3.166267841,43.14353603,-34.01286085,0.435830717,0.019923102,0.991654843,0.032098526,331,5.011676931,0.000290923,0.016,0.018184463
Eastwood Farm 24kHz_20240903_231500.WAV,Eastwood Farm,Post-light treatment,0.000274453,6.11E-09,1.643621339,8.172379728,12,43.1800798,-43.79932029,-45.58610899,1.786788701,0.973571107,0.000406537,0.128423847,0.12138922,0.007346373,15.89727758,2.749763714,298.1045706,0.25064529,1.668963005,0.039032649,0.065144047,0.735163673,0.548346269,2.302552597,0.00410142,0.135955129,0.129034451,0.130120541,0.130247165,1342.978516,5.673603408,0.001924901,0.021929771,0.085176899,0.625157538,0.333328927,5.616890812,7.072036895,78906.21349,0.997172998,0.834578936,1.210908647,19.63922025,0.07368496,42325.45455,-5.62E-20,4.18E-05,0.069579755,4.539289511,43.21214405,-33.95988916,0.513680159,0.020044976,0.985310365,0.035880528,370,5.513271845,0,0,0
Eastwood Farm 24kHz_20240903_231600.WAV,Eastwood Farm,Post-light treatment,0.000274588,6.12E-09,1.658069741,8.456793217,13,43.18490854,-43.79449155,-45.58984029,1.795348741,0.973518246,0.000507248,0.107358828,0.088766654,0.007398181,23.16819505,3.299276613,298.4269646,0.261405502,1.707845788,0.038709178,0.066109307,0.722147557,0.552242018,2.302585028,0.000198377,0.136399638,0.129428385,0.131580736,0.130683213,1347.474609,5.687693287,0.002050298,0.022185012,0.090433855,0.624004595,0.333328846,5.607864653,7.071703571,78891.42567,0.997165958,0.834110843,1.212171594,20.73028804,0.090827605,42262.52727,-7.79E-21,4.18E-05,0.064870731,3.579182723,43.21641882,-33.93328515,0.478551243,0.020106466,0.989114635,0.035395656,365,5.247696168,0,0,0
Eastwood Farm 24kHz_20240903_231700.WAV,Eastwood Farm,Post-light treatment,0.000275366,6.10E-09,1.635881226,8.399493329,11,43.20641759,-43.77298249,-45.57708426,1.804101761,0.973800868,0.000489052,0.453432916,0.42489199,0.007196793,19.59836654,3.192257573,298.3292757,0.278596557,1.772373795,0.038379963,0.06802364,0.793791731,0.554837451,2.302575243,0.002306052,0.13559144,0.129936301,0.131413054,0.130806905,1348.75,5.738272113,0.00201033,0.022102423,0.089403776,0.623222635,0.33332891,5.615010783,7.073473238,78960.45093,0.997179046,0.833387016,1.213030847,20.73028804,0.089179638,42219.61818,-2.80E-19,4.21E-05,0.07029843,3.913503395,43.23909702,-33.94644747,0.546814145,0.02007602,0.98642544,0.035298681,364,5.776045519,0.000290923,0.016,0.018184463
Eastwood Farm 24kHz_20240903_231800.WAV,Eastwood Farm,Post-light treatment,0.000275378,6.17E-09,1.677706417,8.787983517,15,43.21045963,-43.76894046,-45.57184289,1.802902427,0.973457707,0.000601027,0.447174425,0.411627254,0.007484897,10.48929137,2.052990941,298.8407744,0.272013081,1.747302111,0.03900852,0.068159669,0.887585889,0.556528977,2.302576683,0.002161345,0.135203504,0.131339066,0.131280721,0.131116988,1351.947266,5.728845463,0.001956535,0.02210353,0.086917378,0.624480215,0.33332875,5.597223492,7.071321679,78877.61247,0.997157594,0.835161701,1.213339597,24.00349142,0.100355506,42167.94545,-2.32E-19,4.21E-05,0.072808626,3.425806958,43.23992063,-33.94674054,0.527746522,0.020075343,0.989516281,0.040244375,415,5.169201668,0.000290923,0.016,0.018184463
Eastwood Farm 24kHz_20240903_231900.WAV,Eastwood Farm,Post-light treatment,0.000274122,6.09E-09,1.716256896,8.892886679,14,43.16952316,-43.80987693,-45.58486628,1.774989358,0.973473109,0.00031244,0.103578873,0.087381349,0.007055413,14.67052387,2.570620226,298.3204983,0.257188431,1.692472875,0.038728368,0.065546712,0.769323976,0.545053309,2.302584314,0.000684888,0.137329066,0.128822487,0.130279159,0.130663513,1347.271484,5.630801401,0.001897435,0.022018036,0.08418234,0.625041916,0.333328732,5.595249522,7.071416001,78914.82041,0.997154092,0.835131356,1.20941242,16.36601688,0.073722845,42284.92727,2.79E-19,4.17E-05,0.059802672,3.275757944,43.20415334,-33.95555449,0.453473645,0.020054982,0.990531006,0.033165244,342,5.126115201,0.000290923,0.016,0.018184463
Eastwood Farm 24kHz_20240903_232000.WAV,Eastwood Farm,Post-light treatment,0.000275893,6.17E-09,1.583527241,8.057636559,14,43.22520379,-43.7541963,-45.57543604,1.821239738,0.973720493,0.000868919,0.179463679,0.148090072,0.008516581,12.04409731,2.542052707,299.0107064,0.287633616,1.807544045,0.038405196,0.069419083,0.831673043,0.563376789,2.302584101,0.000733078,0.138896971,0.130847149,0.131474689,0.131404719,1354.914063,5.775911448,0.001977182,0.022053767,0.087698817,0.622501957,0.333328975,5.62244667,7.072974568,78900.46283,0.997184458,0.834475582,1.214990639,25.09455921,0.115698647,42132.63636,3.28E-21,4.22E-05,0.072965194,4.20765747,43.25387767,-33.91612399,0.558882115,0.020146231,0.985791464,0.040050427,413,5.526648204,0.001260667,0.017333333,0.072737853
Eastwood Farm 24kHz_20240903_232100.WAV,Eastwood Farm,Post-light treatment,0.000278812,6.43E-09,1.51847821,7.617143237,12,43.32352375,-43.65587633,-45.51081866,1.854942324,0.973304007,0.000959357,0.343698893,0.307950061,0.009192152,16.07499058,3.022628492,299.4883581,0.297433298,1.846704795,0.038969698,0.071965529,0.962001802,0.578819031,2.302580327,0.001633279,0.139535448,0.132912804,0.132327602,0.131815764,1359.152344,5.841505725,0.002086478,0.022274364,0.092422974,0.622770728,0.333329009,5.626305144,7.07037417,78725.9208,0.997179969,0.830926593,1.216477164,21.82135583,0.132992829,42033.76364,3.81E-19,4.32E-05,0.086173107,4.963785473,43.3551265,-33.85047707,0.715075336,0.02029907,0.97789756,0.046353763,478,6.176994426,0.000290923,0.016,0.018184463
Eastwood Farm 24kHz_20240903_232200.WAV,Eastwood Farm,Post-light treatment,0.00027652,6.26E-09,1.567092559,7.937203733,13,43.24813504,-43.73126505,-45.55777324,1.826508198,0.973502035,0.00067463,0.185954125,0.151599474,0.008877397,16.61780598,3.112243378,299.3268413,0.28769578,1.807789065,0.038398253,0.069415942,0.834981141,0.564936697,2.302584876,0.000360105,0.137232082,0.132098939,0.131623337,0.131692261,1357.878906,5.758067466,0.002057875,0.022081795,0.091534974,0.622382295,0.333328965,5.621243203,7.071609109,78821.4898,0.997179165,0.831186913,1.214764378,15.27494908,0.106246515,42112.61818,3.97E-19,4.24E-05,0.073391674,3.557741179,43.27748874,-33.92040217,0.629803446,0.02013631,0.986500951,0.045480993,469,5.577569802,0.002618309,0.016,0.163660169
Eastwood Farm 24kHz_20240903_232300.WAV,Eastwood Farm,Post-light treatment,0.00029967,9.63E-09,1.118137448,4.499625649,12,44.04734852,-42.93205157,-45.5689678,2.636916235,0.966885819,0.016007648,0.30123013,0.20050988,0.0070529,15.62494351,2.732910281,301.2106241,0.42420973,2.47348697,0.038742571,0.095829246,0.802769608,1.059337318,2.297316006,0.050747603,0.137393722,0.130253248,0.13103237,0.131108275,1351.857422,7.8783584,0.001948389,0.021867789,0.086562178,0.623816685,0.333329032,5.628977382,7.030270378,76362.14941,0.997049847,0.794957305,1.225734408,16.36601688,0.086205721,42014.36364,3.51E-19,4.95E-05,0.244256935,1438.229433,43.94588825,-33.88081877,2.165443758,0.020228285,0.7802934,0.039177657,404,12.22874914,0.001357642,0.018666667,0.072737853
Eastwood Farm 24kHz_20240903_232400.WAV,Eastwood Farm,Post-light treatment,0.000273316,6.04E-09,1.645799534,8.226195407,13,43.14328804,-43.83611205,-45.59297628,1.756864229,0.973626697,0.000239106,0.093882559,0.079577676,0.006567591,17.59553003,2.996390562,297.4223757,0.254267994,1.681928607,0.038204721,0.064257613,0.747225974,0.538068459,2.302584995,0.000245894,0.134864061,0.128463547,0.130697912,0.130220077,1342.699219,5.581434502,0.001889101,0.022082151,0.08354298,0.62344707,0.333328924,5.616600342,7.072384284,78923.36479,0.997174197,0.83279675,1.208701957,17.45708467,0.0523561,42300.47273,1.47E-19,4.15E-05,0.060329912,3.170375508,43.17647148,-33.94673422,0.40291291,0.020075358,0.992185949,0.027734678,286,5.044327668,0,0,0
Eastwood Farm 24kHz_20240903_232500.WAV,Eastwood Farm,Post-light treatment,0.000277173,6.36E-09,1.584337942,7.978494962,15,43.2726046,-43.70679549,-45.5227496,1.81595411,0.973162505,0.000642367,0.161078486,0.128179706,0.009133227,19.62991547,3.417307286,299.0251711,0.278658085,1.772610267,0.039309913,0.069681155,0.835568125,0.564327037,2.302584938,0.000309644,0.138840397,0.131864979,0.132724601,0.131660249,1357.548828,5.723294753,0.001998397,0.022151826,0.088160577,0.62152119,0.333328897,5.613483714,7.069483703,78730.45248,0.997164616,0.832818324,1.212794398,14.18388129,0.101188961,42055.87273,9.53E-21,4.27E-05,0.069395829,3.484669207,43.30192691,-33.8503501,0.572149783,0.020299367,0.987638419,0.040826222,421,5.503348341,0.000581846,0.016,0.036368926
Eastwood Farm 24kHz_20240903_232600.WAV,Eastwood Farm,Post-light treatment,0.000275058,6.15E-09,1.647341238,8.416150717,13,43.20011952,-43.77928057,-45.56960758,1.790327007,0.973510577,0.000342191,0.146480718,0.140322058,0.007767275,14.82600154,2.744820288,298.3004962,0.267567593,1.7306274,0.03841578,0.066483401,0.771255755,0.552684968,2.302584746,0.000447884,0.137822067,0.129010455,0.13101968,0.130721855,1347.873047,5.668625664,0.001945169,0.021713917,0.086100418,0.624395252,0.33332885,5.608263911,7.071656274,78881.46125,0.997167041,0.831913237,1.21127119,16.36601688,0.078685688,42264.49091,-3.16E-19,4.20E-05,0.063563093,3.500182408,43.23020481,-33.94682615,0.531200777,0.020075145,0.987967352,0.038498836,397,5.411599326,0.001260667,0.017333333,0.072737853
Eastwood Farm 24kHz_20240903_232700.WAV,Eastwood Farm,Post-light treatment,0.000275797,6.53E-09,2.063278407,12.00551771,13,43.24152865,-43.73787143,-45.54732968,1.809458246,0.971441052,0.000446652,0.432228394,0.406902256,0.007385388,11.58389877,2.125797116,298.2223251,0.224197019,1.57797411,0.042591315,0.067207993,0.791349394,0.558246445,2.30256841,0.00300881,0.138347396,0.129421387,0.13057283,0.130709543,1347.746094,5.728045423,0.001981538,0.022126404,0.087947457,0.624941416,0.333327465,5.473700555,7.058662168,78503.59274,0.997000968,0.841015235,1.212714042,15.27494908,0.079708564,42059.4,3.80E-19,4.24E-05,0.071516507,3.88872322,43.27644942,-33.90307109,0.498862414,0.020176529,0.98873055,0.035201707,363,5.373535175,0,0,0
Eastwood Farm 24kHz_20240903_232800.WAV,Eastwood Farm,Post-light treatment,0.000280124,7.04E-09,1.518559032,6.900540998,13,43.39207653,-43.58732356,-45.54400058,1.956677025,0.971129566,0.003398802,0.509888074,0.451132614,0.008359694,19.84563897,3.282503202,298.9243773,0.261059897,1.706579317,0.040128784,0.068482953,0.959899948,0.62305816,2.301107932,0.026969142,0.140343646,0.130171261,0.131142043,0.130896312,1349.671875,6.043689106,0.002010899,0.022053246,0.088942016,0.62301742,0.333328844,5.607559813,7.056774854,78078.84305,0.997111236,0.823592205,1.215032573,16.36601688,0.091774713,42231.63636,-1.83E-19,4.37E-05,0.05763213,39.17557249,43.40060772,-33.89004706,0.836452833,0.020206805,0.95629916,0.040632273,419,7.359347237,0.001260667,0.017333333,0.072737853
Eastwood Farm 24kHz_20240903_232900.WAV,Eastwood Farm,Post-light treatment,0.00027496,6.20E-09,1.61552782,8.031583281,14,43.19989886,-43.77950123,-45.58306088,1.803559648,0.973327469,0.000407577,0.188181734,0.181840893,0.007596293,16.44263107,2.902516806,298.5189816,0.260829672,1.705736315,0.038149415,0.065072843,0.758493845,0.558346222,2.302580545,0.001564609,0.135801571,0.128811488,0.130980706,0.130545882,1346.058594,5.689083081,0.001879251,0.021908703,0.08343642,0.623330665,0.333328909,5.614832944,7.070514443,78811.40401,0.997167896,0.830375109,1.211895665,24.00349142,0.082777192,42349.36364,-2.71E-19,4.19E-05,0.072579864,4.525068284,43.22436426,-33.94650825,0.535349688,0.02007588,0.985495287,0.033650116,347,5.854317268,0.000290923,0.016,0.018184463
Eastwood Farm 24kHz_20240903_233000.WAV,Eastwood Farm,Post-light treatment,0.000274155,6.14E-09,1.665134415,8.507723187,15,43.17290815,-43.80649194,-45.59201876,1.785526823,0.973375413,0.000386682,0.122867126,0.107040003,0.007405575,15.76605166,2.820543947,298.1558744,0.263565155,1.715786759,0.038307557,0.065727599,0.809913789,0.54760414,2.302584798,0.000426405,0.13624608,0.129609355,0.130695193,0.130633963,1346.966797,5.656289565,0.001904254,0.022005415,0.08425338,0.625122925,0.333328804,5.603121622,7.070809198,78852.52237,0.99715933,0.832550573,1.210445512,31.64096596,0.084690349,42289.03636,-1.44E-19,4.17E-05,0.072185443,3.522935998,43.2001984,-33.9334754,0.441473827,0.020106026,0.990091627,0.034522886,356,5.051331581,0.000581846,0.016,0.036368926
Eastwood Farm 24kHz_20240903_233100.WAV,Eastwood Farm,Post-light treatment,0.000273669,6.22E-09,1.840618913,9.992853144,13,43.16310735,-43.81629273,-45.58956053,1.773267793,0.972663689,0.000323221,0.128369877,0.108123784,0.006944895,18.1973933,2.886181432,297.9474034,0.238042939,1.624819825,0.039675812,0.064466045,0.76304193,0.543087703,2.302584945,0.000301565,0.137603853,0.1293414,0.130319947,0.130678099,1347.421875,5.616756166,0.001939487,0.022016303,0.085567619,0.623154729,0.333328285,5.548913002,7.066338197,78740.77197,0.997097782,0.83600712,1.209266836,21.82135583,0.060520167,42278.87273,3.40E-19,4.17E-05,0.060936346,3.191294333,43.19683444,-33.95982477,0.438676096,0.020045125,0.991474438,0.029189294,301,5.244080923,0.000290923,0.016,0.018184463
Eastwood Farm 24kHz_20240903_233200.WAV,Eastwood Farm,Post-light treatment,0.000274489,6.40E-09,1.80068838,9.713249585,12,43.19641707,-43.78298302,-45.58790418,1.804921158,0.972160501,0.000422585,0.301801968,0.293713332,0.008960087,21.42839906,3.504282259,298.2432821,0.237787083,1.62393874,0.04013359,0.065174492,0.775807353,0.556635263,2.302565449,0.003274813,0.13616526,0.130275244,0.13022115,0.130500232,1345.587891,5.699113648,0.001947442,0.021948538,0.086029378,0.625564292,0.333328237,5.544215515,7.06319246,78561.66662,0.997084458,0.833716927,1.210472145,27.27669479,0.080049522,42106.6,-3.98E-20,4.20E-05,0.083645189,5.61273249,43.2338098,-33.94671873,0.487922771,0.020075393,0.98694596,0.032292475,333,5.582168033,0.000290923,0.016,0.018184463
Eastwood Farm 24kHz_20240903_233300.WAV,Eastwood Farm,Post-light treatment,0.00027421,6.07E-09,1.697692382,8.856116398,12,43.17070303,-43.80869705,-45.5829157,1.774218644,0.973635267,0.000429764,0.150488652,0.124019378,0.007281871,20.5334893,3.387583267,298.161127,0.262814286,1.713020561,0.038460146,0.065883021,0.805434506,0.54632886,2.302584779,0.000440924,0.136157178,0.129263413,0.130370705,0.130214205,1342.638672,5.651920972,0.001874515,0.022018123,0.082832581,0.625490743,0.333328769,5.599274008,7.072431641,78948.91658,0.997162149,0.834508108,1.209895575,27.27669479,0.081470184,42233.8,3.18E-19,4.18E-05,0.057968988,3.308805578,43.20668292,-33.92901738,0.453230455,0.020116348,0.990902816,0.033553142,346,5.100716876,0.001163693,0.016,0.072737853
Eastwood Farm 24kHz_20240903_233400.WAV,Eastwood Farm,Post-light treatment,0.000274185,6.11E-09,1.638179488,8.21275647,15,43.17207813,-43.80732196,-45.59588039,1.78855843,0.973548606,0.000474596,0.109652275,0.092601459,0.009202034,19.3968504,3.242968759,298.2690471,0.258247947,1.696318794,0.038176847,0.064760103,0.801526617,0.549477973,2.302584567,0.000578548,0.135284324,0.129237417,0.130842934,0.130792699,1348.603516,5.65112202,0.001920923,0.021994953,0.085141379,0.623205649,0.333328909,5.614838261,7.071896026,78893.23539,0.997172008,0.832234231,1.210956621,19.63922025,0.07650734,42340.36364,4.34E-19,4.17E-05,0.07142691,3.893511868,43.1993744,-33.94657976,0.510193617,0.020075715,0.986703631,0.034813809,359,5.537120479,0,0,0
Eastwood Farm 24kHz_20240903_233500.WAV,Eastwood Farm,Post-light treatment,0.000273315,6.00E-09,1.618830002,8.174495733,14,43.14092555,-43.83847454,-45.62367146,1.785196923,0.973861938,0.000604981,0.227934081,0.193262215,0.008579298,15.09714919,2.776119185,298.2670073,0.275157796,1.759221235,0.03772452,0.066365777,0.831561941,0.543061689,2.30258493,0.00032404,0.135486374,0.130039283,0.130733261,0.131006745,1350.810547,5.675807932,0.00190558,0.021909602,0.084430979,0.622222159,0.333328975,5.622451882,7.073857556,78972.93399,0.997185663,0.833436683,1.211455081,25.09455921,0.095923043,42230.14545,2.60E-19,4.14E-05,0.072767068,3.218940676,43.17187037,-33.95574658,0.46313167,0.020054538,0.991097089,0.03394104,350,5.152504853,0.000581846,0.016,0.036368926
Eastwood Farm 24kHz_20240903_233600.WAV,Eastwood Farm,Post-light treatment,0.000272261,5.99E-09,1.717771152,8.900767869,13,43.10935255,-43.87004753,-45.63512771,1.765080181,0.973549475,0.000335853,0.188889663,0.165238896,0.007276924,19.75572256,3.179754284,297.7335202,0.252874425,1.676926166,0.03825523,0.064151196,0.768172779,0.534942941,2.302584739,0.000466167,0.137725083,0.128244583,0.130397896,0.130291111,1343.431641,5.614965996,0.001929068,0.022065397,0.085247939,0.628004476,0.333328744,5.596627692,7.071893775,78939.30444,0.997156834,0.835046394,1.20850551,16.36601688,0.0592321,42333.32727,3.17E-19,4.11E-05,0.06580068,3.162289485,43.14069693,-33.99527981,0.407428284,0.019963469,0.992297252,0.029674166,306,4.915134704,0.000290923,0.016,0.018184463
Eastwood Farm 24kHz_20240903_233700.WAV,Eastwood Farm,Post-light treatment,0.000272907,6.00E-09,1.666582277,8.492628749,14,43.12874669,-43.85065339,-45.62312469,1.772471298,0.973718843,0.000421803,0.342289922,0.305928508,0.008418984,36.32775197,4.43602505,297.8364958,0.261160989,1.706949645,0.037825525,0.064566266,0.718804607,0.538881103,2.302582819,0.001170375,0.138476708,0.128393558,0.130262844,0.130384116,1344.390625,5.639114315,0.001881145,0.021724703,0.0834009,0.622497406,0.333328871,5.610626046,7.072958283,78960.96324,0.997172577,0.833510205,1.209301453,19.63922025,0.069669225,42354.38182,-8.39E-20,4.13E-05,0.070746635,3.291005154,43.15979337,-34.00860809,0.448303891,0.019932859,0.991577813,0.033456168,345,4.962912984,0,0,0
Eastwood Farm 24kHz_20240903_233800.WAV,Eastwood Farm,Post-light treatment,0.000273415,6.04E-09,1.658367151,8.472834855,14,43.14581811,-43.83358198,-45.60554735,1.77196537,0.973665158,0.000380634,0.145073584,0.121904905,0.008770822,17.23991589,3.101722467,298.0394913,0.263809485,1.716688086,0.038006464,0.065245245,0.788498411,0.542031852,2.302584943,0.000307087,0.136334982,0.128300574,0.130974361,0.130495117,1345.535156,5.630015299,0.001924522,0.021990395,0.085141379,0.623315274,0.333328865,5.60997321,7.072622774,78937.48615,0.997171373,0.832933285,1.209746379,19.63922025,0.066127043,42301.14545,-4.40E-19,4.15E-05,0.069408273,3.408691069,43.17718296,-33.97300304,0.456058939,0.020014735,0.99001785,0.030546936,315,5.331982135,0.000290923,0.016,0.018184463
Eastwood Farm 24kHz_20240903_233900.WAV,Eastwood Farm,Post-light treatment,0.000277978,6.54E-09,1.489839759,7.195406008,10,43.30513857,-43.67426151,-45.59703297,1.922771459,0.972752429,0.000722177,0.304519261,0.280176072,0.007805411,20.39374662,3.350575131,299.1212416,0.275469813,1.760409486,0.038746527,0.068209755,0.844795488,0.580772938,2.302558174,0.003758585,0.138452462,0.129392391,0.132351168,0.131177603,1352.572266,5.982118339,0.002303176,0.022802727,0.099171769,0.624194424,0.333329021,5.627752772,7.066927373,78543.86153,0.997168215,0.824541799,1.21692184,48.00698283,0.129242284,42256.16364,1.93E-19,4.31E-05,0.101374431,7.712879914,43.34148248,-33.95544314,0.719501715,0.020055239,0.975448764,0.041505043,428,6.610264247,0.002909232,0.032,0.090922316
Eastwood Farm 24kHz_20240903_234000.WAV,Eastwood Farm,Post-light treatment,0.000274338,6.04E-09,1.615390632,8.0403158,12,43.1729778,-43.80642228,-45.58833209,1.781909805,0.973888938,0.000429529,0.217885244,0.205882306,0.007701022,19.88804025,3.142476596,298.1432356,0.264462211,1.719098911,0.037904232,0.065161124,0.753741126,0.548597817,2.302584604,0.000526135,0.136642097,0.128868479,0.130720572,0.130653663,1347.169922,5.656633631,0.001822235,0.022020443,0.080275142,0.625815618,0.333329012,5.626672974,7.074027575,78984.26826,0.997188804,0.832155075,1.210620011,29.45883038,0.070464795,42363.56364,2.33E-19,4.17E-05,0.067177513,3.304975562,43.20358259,-33.94247569,0.476903929,0.020085203,0.990176169,0.034038014,351,5.245202454,0.001066718,0.019555556,0.05455339
Eastwood Farm 24kHz_20240903_234100.WAV,Eastwood Farm,Post-light treatment,0.000276459,6.24E-09,1.54794018,7.670983971,12,43.24565281,-43.73374728,-45.5616371,1.827889815,0.973562544,0.000652299,0.256455205,0.247591324,0.00858633,18.58721044,2.990834728,298.7523818,0.279738166,1.776767984,0.037963803,0.067452869,0.844101792,0.564113674,2.302572922,0.002519869,0.137094689,0.130697174,0.130774049,0.131156577,1352.355469,5.764291692,0.002006352,0.022385045,0.088693376,0.620790835,0.333329037,5.62962248,7.07199037,78834.70528,0.997186663,0.829332053,1.21387442,27.27669479,0.099938779,42258.47273,-4.92E-20,4.24E-05,0.070551237,4.635700931,43.27858332,-33.90692614,0.542509559,0.020167576,0.98609799,0.037238169,384,5.647948042,0.00087277,0.016,0.05455339
Eastwood Farm 24kHz_20240903_234200.WAV,Eastwood Farm,Post-light treatment,0.000289441,7.01E-09,1.219039109,6.31592683,15,43.6521548,-43.32724529,-45.47185467,2.144609382,0.973612406,0.012691094,0.429553488,0.358773372,0.012587574,17.49293196,3.496891125,301.4191078,0.424247136,2.473712638,0.039449639,0.09758707,0.979772857,0.724041707,2.301889419,0.018660646,0.138355478,0.134602521,0.134051557,0.132526663,1366.482422,6.890211129,0.002169823,0.022206049,0.095477692,0.623438458,0.333329389,5.672344525,7.072324699,78578.08539,0.997232866,0.825229967,1.228946317,42.55164388,0.151707673,41934.41818,-2.55E-20,4.63E-05,0.555530919,147.0111973,43.65952298,-33.81111253,1.529249447,0.020391275,0.892606861,0.053820791,555,9.164174777,0.002715283,0.016592593,0.163660169
Eastwood Farm 24kHz_20240903_234300.WAV,Eastwood Farm,Post-light treatment,0.000284265,6.92E-09,1.366995015,6.697368315,13,43.50361493,-43.47578515,-45.39240342,1.91661827,0.972685068,0.001994512,0.284150158,0.238269407,0.016551928,17.03567331,3.571796164,301.251352,0.337523436,2.018974723,0.039906353,0.080569918,1.192076981,0.614953124,2.302573049,0.002600626,0.137571526,0.137946963,0.13537942,0.133466762,1376.175781,5.966493918,0.002373641,0.022038866,0.104535285,0.626280495,0.333329142,5.641989984,7.066514595,78417.29851,0.997182972,0.828141712,1.222792374,36.00523713,0.189724566,41597.92727,2.77E-19,4.50E-05,0.09058826,4.467393271,43.53108954,-33.67375169,0.889547331,0.020716311,0.978198307,0.067785105,699,5.871119494,0.003006206,0.016533333,0.181844632
Eastwood Farm 24kHz_20240903_234400.WAV,Eastwood Farm,Post-light treatment,0.000285069,7.07E-09,1.346349404,6.751451918,14,43.53321677,-43.44618332,-45.37765573,1.93147242,0.972362571,0.002348142,0.265695617,0.195730311,0.019311459,21.84871736,4.134901516,301.1427082,0.352693026,2.089724167,0.040467558,0.084566035,1.324340551,0.621904787,2.302583565,0.000971043,0.136520868,0.139739663,0.134534664,0.133721913,1378.806641,5.993775061,0.002276089,0.022124463,0.100557048,0.624675499,0.333329075,5.633992743,7.064497389,78289.11033,0.997172316,0.829972459,1.224268143,39.2784405,0.204669922,41366.50909,1.89E-19,4.53E-05,0.093296472,4.369401042,43.56275868,-33.62281325,0.896466927,0.020838159,0.977119628,0.070015516,722,5.882550773,0.002036462,0.016,0.127291242
Eastwood Farm 24kHz_20240903_234500.WAV,Eastwood Farm,Post-light treatment,0.000286738,7.38E-09,1.247595069,5.88402266,14,43.59505207,-43.38434801,-45.37659985,1.992251837,0.971699526,0.002251905,0.299535408,0.273841523,0.017139399,19.24485166,3.806503642,301.4825576,0.358562968,2.117998963,0.039677156,0.084036175,1.259883891,0.642560609,2.302552134,0.00428327,0.137199754,0.138651845,0.136446242,0.1338833,1380.470703,6.104819253,0.002329127,0.02223849,0.102830326,0.622086361,0.333329211,5.650290172,7.060360861,78012.16454,0.997171698,0.820491803,1.225535659,31.64096596,0.204442616,41421.67273,3.70E-19,4.60E-05,0.114719537,11.21394618,43.62594027,-33.63112901,0.994324468,0.020818218,0.971286926,0.068173002,703,6.353835821,0.001745539,0.016,0.109106779
Eastwood Farm 24kHz_20240903_234600.WAV,Eastwood Farm,Post-light treatment,0.000282351,6.80E-09,1.426335391,7.029805999,12,43.44328195,-43.53611814,-45.40754129,1.871423152,0.972696075,0.001047701,0.242912935,0.19214975,0.011736622,16.46257587,3.396423419,300.1940502,0.311027461,1.902873319,0.040107228,0.076318973,1.023735584,0.597083132,2.30257917,0.001775811,0.139171758,0.135659345,0.134717754,0.132889405,1370.222656,5.845194393,0.002117732,0.022085284,0.093985853,0.62113752,0.333329057,5.631948688,7.0665785,78466.95681,0.997173541,0.827688626,1.219052358,31.64096596,0.148013954,41679.27273,-1.75E-19,4.44E-05,0.081990788,3.930179738,43.47492603,-33.69543628,0.766907618,0.020664656,0.981901082,0.055954228,577,5.839474671,0.00087277,0.016,0.05455339
Eastwood Farm 24kHz_20240903_234700.WAV,Eastwood Farm,Post-light treatment,0.000282709,7.11E-09,1.614838565,7.963960482,13,43.46920985,-43.51019024,-45.43075442,1.920564186,0.971204335,0.001205173,0.237147125,0.182748137,0.012504621,19.95881304,3.555844839,300.2203085,0.262919287,1.713407047,0.044578913,0.076381824,1.029897579,0.604545622,2.301892575,0.019137211,0.1385252,0.135168427,0.134263653,0.132396341,1365.138672,5.933142921,0.002139137,0.022229406,0.094234492,0.623638575,0.33332859,5.580103388,7.057229489,78144.33389,0.997087902,0.836376734,1.220293919,27.27669479,0.151916036,41700.96364,1.45E-20,4.46E-05,0.085396927,4.192254138,43.49623027,-33.72487996,0.774497901,0.020594725,0.981890707,0.055760279,575,5.927471479,0.001939488,0.021333333,0.090922316
Eastwood Farm 24kHz_20240903_234800.WAV,Eastwood Farm,Post-light treatment,0.000281096,6.67E-09,1.434582763,7.085896573,14,43.40119115,-43.57820893,-45.4671993,1.88899037,0.972937164,0.001201596,0.382425831,0.360844303,0.011776545,16.47673397,3.198606158,300.111209,0.312814753,1.910423367,0.0393691,0.075211649,1.056234247,0.599739573,2.302530113,0.005408891,0.140173924,0.135050447,0.133667248,0.132437256,1365.560547,5.896888945,0.002146335,0.02216108,0.094909372,0.622603175,0.333329082,5.634840823,7.068086112,78549.42359,0.997180758,0.827313572,1.2182304,29.45883038,0.136364532,41724.56364,1.26E-19,4.39E-05,0.094629908,5.788788721,43.42898009,-33.77653284,0.705739704,0.020472617,0.983005162,0.052754073,544,5.61192869,0.002133437,0.016761905,0.127291242
Eastwood Farm 24kHz_20240903_234900.WAV,Eastwood Farm,Post-light treatment,0.000283648,7.40E-09,1.729898272,8.630540099,14,43.50958782,-43.46981227,-45.42871504,1.958902768,0.970093994,0.001091538,0.426412816,0.409706641,0.012900282,20.62311066,3.647425,300.3936871,0.227232243,1.588099701,0.048857231,0.077590153,1.104514873,0.609386665,2.300199358,0.035063703,0.137813985,0.135757329,0.134202925,0.132735216,1368.632813,6.011028938,0.002217747,0.022234233,0.09743129,0.624358101,0.333328213,5.541872458,7.050270677,77890.48435,0.99702399,0.842907156,1.220052148,37.09630492,0.162637293,41671.49091,-1.93E-19,4.50E-05,0.10602746,6.103721089,43.5361464,-33.72516062,0.765435426,0.02059406,0.980725263,0.052657099,543,6.025791151,0.002812258,0.019333333,0.145475706
Eastwood Farm 24kHz_20240903_235000.WAV,Eastwood Farm,Post-light treatment,0.000281218,6.60E-09,1.446216262,7.169404616,12,43.40098298,-43.57841711,-45.43802084,1.859603731,0.973218835,0.000749756,0.303177668,0.287647249,0.012489419,17.83279204,3.426156078,299.8962186,0.31483223,1.918993111,0.039337745,0.075488862,0.979878978,0.590191501,2.302583658,0.000936069,0.139204086,0.134743498,0.134009863,0.132454493,1365.738281,5.831642364,0.002130045,0.022012392,0.094341052,0.623461971,0.333329108,5.637916047,7.0698473,78646.46624,0.997188793,0.828201853,1.217556626,24.00349142,0.137557887,41738.90909,-3.87E-19,4.40E-05,0.078927997,3.928103401,43.43165772,-33.75929361,0.768808694,0.02051329,0.98223582,0.05488751,566,5.893644538,0.002327386,0.018285714,0.127291242
Eastwood Farm 24kHz_20240903_235100.WAV,Eastwood Farm,Post-light treatment,0.003217824,3.07E-05,6.575561853,56.54743127,25,70.20347688,-16.77592321,-44.38378519,27.60786198,0.566958794,0.104622369,0.364969851,0.164794469,0.023690023,40.48869347,5.694459264,367.4374269,-0.545553451,0.294034832,156.4843228,46.01184149,4.39094683,274.1744147,2.148479688,0.275267646,0.278254615,0.208067253,0.217176647,0.183713654,1894.271484,31.22719359,0.072746187,0.054623577,1.285752038,0.615910333,0.3297021,2.259785259,4.494609964,14733.4691,0.919397213,0.234662052,3.56043302,444.0645912,1.538632892,29534.76364,1.20E-18,0.022300764,0.032233351,28.5625236,70.48319747,-32.69630658,20.86452684,0.023183803,0.754012133,0.336598138,3471,25.57279079,0.305275407,0.176729825,1.727524003
