filename,MEANf,VARf,SKEWf,KURTf,NBPEAKS,LEQf,ENRf,BGNf,SNRf,Hf,EAS,ECU,ECV,EPS,EPS_KURT,EPS_SKEW,ACI,NDSI,rBA,AnthroEnergy,BioEnergy,BI,ROU,ADI,AEI,LFC,MFC,HFC,ACTspFract,ACTspCount,ACTspMean,EVNspFract,EVNspMean,EVNspCount,TFSD,H_Havrda,H_Renyi,H_pairedShannon,H_gamma,H_GiniSimpson,RAOQ,AGI,nROI,aROI,ZCR,MEANt,VARt,SKEWt,KURTt,LEQt,BGNt,SNRt,MED,Ht,ACTtFraction,ACTtCount,ACTtMean,EVNtFraction,EVNtMean,EVNtCount
OSP_25_08_25_20250825_204500.WAV,0.004064567817185578,5.99244412617531e-05,8.267785642063538,85.30687063918586,21.0,72.90559922732082,-14.073800859399553,-37.425544830698485,23.35174397129893,0.49986783640358873,0.014506447971282976,0.07565311936929464,0.024249453878828153,0.05800624849172442,10.905181982438926,2.8709880570487014,342.85988793588433,-0.7976392658995383,0.11257026809502878,313.6524754988018,35.30794325556956,5.315561701791185,409.34318287405625,2.1358797002646326,0.29419694193294676,0.38773316522807355,0.30714970599909813,0.2999718112495774,0.24746535102075454,2551.615234375,26.72973090197707,0.15233067991707885,0.06833484351210543,2.114894804043405,0.61245145079496,0.3248273205628764,1.8341848460683952,4.050981792183444,12564.707921846411,0.8749424564314106,0.2839791586426077,3.924849998102585,1000.5091649694501,3.4183191797594805,15755.41818181818,5.493248953357441e-18,0.039245965544145854,-0.06707376664687462,14.079548921723237,72.937950182285,-23.789287416016045,15.185309507583401,0.06464510441982385,0.8407394499428781,0.4277540729247479,4411.0,18.83987068525709,0.3950737005430566,0.12138547486033519,3.2550189118417228
OSP_25_08_25_20250825_204600.WAV,0.006436730101017175,0.0001916119241702947,8.845807483739083,94.27324310275702,12.0,77.74646812072633,-9.232931965994034,-32.10951713828857,22.876585172294533,0.45159885394890303,0.009701418130806161,0.04710634116581425,0.027099985954514016,0.0963073853070191,101.10358131346396,9.056653138404211,358.9361968631822,-0.8100589427806782,0.1049363933571839,1028.3128929509403,107.90744622896361,5.535354821159363,1219.5267024827203,2.21987365838755,0.2148225767556525,0.42195228396857726,0.3670227072078963,0.3597881583682067,0.2959464558481234,3051.50390625,27.849751191192137,0.21506177413684416,0.07392734911581025,2.8631230677133854,0.6119734481253475,0.322344469952119,1.7061303251242268,3.737083557286132,10154.02060088115,0.8523089314995571,0.18583835715834485,5.609021091699356,1172.8978760546988,3.6804974662981285,14765.763636363636,1.1024178203308222e-17,0.1210052891364468,0.05286388001977644,5.745084757382252,77.82804353726122,-18.83532519551877,13.378787092217545,0.114349365234375,0.8880879571205316,0.44462761830876646,4585.0,16.862964030936844,0.43017843289371605,0.17269099756690998,2.4912714576665698
OSP_25_08_25_20250825_204700.WAV,0.0047084818144633635,0.00013049065122811487,8.09971054254238,77.04640800077874,19.0,75.9093651420359,-11.070034944684473,-27.33938815230821,16.269353207623737,0.44138144219398345,0.01140877711637156,0.08329214636298354,0.0393436318264051,0.059680677006421656,17.717518578061483,3.6181207195654324,364.9136326813149,-0.8165254106735259,0.10100304033646626,698.4534181865374,70.54591877023758,6.292697573087423,842.4502335491464,2.0183203840073864,0.400672741287873,0.38562376749749466,0.3167281064062301,0.26860072311849154,0.2350612740641063,2423.716796875,26.398728852298884,0.12785420303559306,0.05281408885528483,2.300557710960233,0.6192433468685495,0.3253900304063995,1.8684069078965742,3.6839140691111654,7416.848332709582,0.869750797836884,0.13938688114187955,3.7369313017366235,1019.0573174279896,3.3026015905343806,6490.0,1.0800787873504857e-17,0.0859360543251155,-0.009503784356725603,6.930449173186057,76.34175409573996,-15.551654612725795,9.451207041959911,0.16688500448862711,0.8927234470498365,0.4211598138091544,4343.0,13.083712509995898,0.3969162141194725,0.09491014492753623,4.182426534768694
OSP_25_08_25_20250825_204800.WAV,0.0020874705030402532,0.00016060105442433802,12.251440851373196,165.23518655573065,31.0,76.24584898912781,-10.733551097592569,-24.939807402105174,14.206256304512605,0.22923602050680922,0.07855980907792026,0.3638283666701766,0.17573222183480597,0.0873782983706266,117.44503057678467,9.974584658240644,345.6130417316044,-0.9876733337227238,0.006201555390487355,839.306930082826,5.2050084165285435,4.390225742185925,544.8894146385633,1.0962600868015333,0.7593647601045334,0.3801603465554586,0.19909775067563715,0.16220495850090236,0.1687527655537775,1740.009765625,18.58280159835443,0.03399301262001746,0.030928076334523193,0.868960657129001,0.6217418839367042,0.2908246244979003,1.0297170108003606,2.242033977843284,644.7729074955365,0.6794797676528769,0.008212069809301229,1.719998506718169,420.061099796334,1.3200404907380467,8422.545454545454,3.726648619325109e-18,0.08400390173349605,0.017799341979338672,6.398363014703535,76.24299458228242,-15.20221903801351,8.434155824126005,0.17373569790233265,0.8896589678031871,0.4229053529868115,4361.0,12.042483527512783,0.39129169899146626,0.07420689655172413,5.273494326447484
OSP_25_08_25_20250825_204900.WAV,0.0003806910337736626,2.998412162066393e-07,7.262460512611299,64.45038812280539,20.0,50.553424086796525,-36.42597599992384,-45.95225973143662,9.526283731512777,0.5900120722678035,0.17156899468196118,0.572058224368339,0.4118637917462984,0.010300748535350901,25.476193952761164,3.7852363737248207,304.86297099628064,-0.6588833306604094,0.20563029541311412,1.6370096012354431,0.3366187678961483,1.0936395043711125,3.849057200173952,0.40084066476625485,0.8568751436467494,0.1889406135841981,0.12996929512771369,0.13204934028353715,0.1318114074168364,1359.107421875,13.32882029718862,0.004801077126369896,0.023597510509429286,0.16381812257516973,0.6265502067773078,0.3298303212087474,2.277759892451996,4.639899142424646,22526.2832272964,0.9222274762853808,0.43361369358150254,1.266901554718836,135.29240616816992,0.30924952720395693,33961.854545454546,1.6390508479077832e-20,0.0002824816588240716,1.515726273575433,747.4216553132538,51.50990254880818,-33.63233927182416,5.237390410566462,0.02081531734466553,0.7219807852630036,0.12335143522110163,1272.0,12.97614857163987,0.08494957331264547,0.03678740157480315,2.309426825720105
OSP_25_08_25_20250825_205000.WAV,0.0002937714090447064,4.9716533594923796e-08,5.505133976042757,42.443485580107904,18.0,45.408069111061025,-41.57133097565935,-46.138222597139986,4.566891621480636,0.815664655349927,0.039878673644429985,0.6717869971574086,0.46156073933426767,0.015379096761626077,63.154761185441494,6.7617202372744165,300.7607623426166,-0.5028686254168154,0.3307883112173607,0.30084014892984595,0.09951440481088303,1.0796918671553735,1.0141907541868513,2.2486253525433755,0.16886108353718363,0.15392946044677205,0.1299043059809012,0.13308806401293602,0.13106982227717973,1351.4609375,8.579347611868139,0.004733453653864805,0.02419842418661218,0.17220083656644036,0.6244062833421995,0.3329018794672807,3.3248688398889765,6.077100923714596,50034.620301815485,0.9778867706436464,0.8015035522779068,1.236315427098248,273.8580157113762,0.41595065342837745,38435.6,-1.3789474612673818e-19,7.127940905139442e-05,0.3846459047389444,164.26916098163872,45.52964090484734,-34.092080184447994,2.241019437388374,0.019742220161900376,0.8826914610590048,0.06836695112490303,705.0,10.15596228032964,0.03772304111714507,0.028814814814814814,1.3092813500145477
OSP_25_08_25_20250825_205100.WAV,0.0002775672815882054,2.379166624942972e-08,3.4475433280035332,21.90659572590393,14.0,44.108224009547435,-42.87117607717293,-46.228292897727634,3.357116820554701,0.9005586743427573,0.0052708881543978015,0.6686224887796063,0.5452080702064309,0.01455188809212915,61.82285746791219,7.032973478731951,300.25927055134076,-0.2504029257645142,0.5994844212134033,0.12387924025471095,0.07426367464445152,1.0167243391895198,0.7845425045805758,2.2941922133126487,0.06713721754301574,0.14520091811334174,0.1288504819695111,0.13034623217922606,0.13019677862234508,1342.458984375,7.441560159336291,0.0035844228857530793,0.023695236412472207,0.13650326215446168,0.623520401143034,0.33326039364822707,4.213632700543114,6.6137786719895235,62083.08341084019,0.9916769531567087,0.8171293870812589,1.2266261402858678,110.19784695955775,0.28943603918145666,39394.29090909091,-2.6050289871365654e-19,5.193864396493992e-05,0.365101345266948,68.55918984139329,44.154906067058434,-34.22487943674236,1.5428503899858583,0.01944267551537716,0.9211211705449583,0.04683863460046548,483.0,9.727747312745503,0.0224010861132661,0.028,0.8001163805644458
OSP_25_08_25_20250825_205200.WAV,0.00026137730792932676,1.2422899353073244e-08,2.815008370924986,17.072059970866402,14.0,43.143040745384475,-43.8363593413359,-46.251571174916,2.415211833580102,0.93987287499926,0.0007695957331961267,0.32521700417808264,0.26041340730208695,0.01213110126178707,69.81195340227777,7.1216427699461375,300.50183502075043,-0.04403245624207423,0.9156492578773535,0.07649540745505948,0.07004296306725098,0.9146782657107878,0.6012335761096601,2.2969206013068018,0.05481361639205975,0.14412601428894709,0.12948437610918978,0.1305909576652101,0.12999296109737174,1340.357421875,6.4470145275778235,0.0025717755916012026,0.022533692385089482,0.10716376318501455,0.6247828727884588,0.3333106598894443,4.797851951186983,6.860755480765375,70479.9296031122,0.9950696774304362,0.8331790900453002,1.2200918351525067,89.46755891766075,0.21056093007467752,39504.30909090909,4.680599342453785e-20,4.178181559944257e-05,0.3903915614137946,51.430035773082686,43.209873080159284,-34.27939121956224,1.20101588060772,0.019321037304040157,0.9312439036886482,0.043638479441427465,450.0,8.696933929125061,0.008727695888285493,0.024,0.3636892638929299
OSP_25_08_25_20250825_205300.WAV,0.000262322390035432,1.5949150508071198e-08,4.4629320886037505,40.09471547799006,14.0,43.35412122411309,-43.62527886260728,-46.219101610667224,2.5938227480599423,0.9184568406529106,0.0007716938850065302,0.5517185792606443,0.5174001000725053,0.015031957896297077,73.44954506125931,7.801600832182166,299.0634481473952,-0.15402107387565753,0.7330706044069125,0.09331489909442367,0.06840640947931921,0.9595195923488301,0.5699060970296754,2.298634923508829,0.045767217079290747,0.1497510749038244,0.12850054040975156,0.12982868309590428,0.12950520075647368,1335.328125,6.4311902576325854,0.002943041715158569,0.02306451252883846,0.11426775809287099,0.6256116935856848,0.33322417170905433,4.012034346883044,6.7253738320841245,67202.49562042912,0.9915962477900997,0.8442304560341685,1.2160580782095347,94.9228978760547,0.21145121108524875,38809.23636363636,2.286786080361911e-19,4.7349997049522056e-05,0.08823860295819791,17.37297402832737,43.7531995627749,-34.21098653383354,0.8866893958516044,0.01947379856109619,0.9728930077430198,0.05023273855702095,518.0,6.819479456169254,0.022013188518231187,0.03362962962962963,0.6546406750072739
OSP_25_08_25_20250825_205400.WAV,0.0002586474736684487,1.412459675889756e-08,4.234895290577928,34.891560060434,13.0,43.15818891654705,-43.82121117017333,-46.24246993694666,2.4212587667733345,0.9254934658845566,0.000698410550310169,0.4584523177421772,0.4255261202006382,0.01511462907770389,83.35406085456135,8.235473286207863,298.81357062198634,-0.14980188219125176,0.7394300974603301,0.09119125418527915,0.0674295579697507,0.956545684412854,0.5492764266697828,2.3008159059035744,0.030669104852046658,0.14695470856366988,0.1286765110226592,0.13014410705561702,0.12917144008825526,1331.88671875,6.218325279692576,0.0023984549267772283,0.022579986201584076,0.0984613694228904,0.6294993401979014,0.33326010694309255,4.211671195443262,6.769856599890618,68632.41608710476,0.9927308132861601,0.855443656752554,1.2135594174552335,61.09979633401222,0.14975663126757832,39207.799999999996,-1.64620001132393e-19,4.5392601898657395e-05,0.07718618082129854,24.6806994505087,43.56985077165482,-34.23812932017752,0.7251464084846546,0.019413039311495694,0.9757669141003481,0.038110938712179986,393.0,6.847259632810711,0.012800620636152055,0.029333333333333333,0.4364271166715159
OSP_25_08_25_20250825_205500.WAV,0.0002665560669396661,1.497580037101226e-08,3.5658145758281026,27.354548947519508,10.0,43.418494790151215,-43.56090529656916,-46.23022953673019,2.669324240161032,0.9286466656234671,0.005227152932095747,0.33562425430684006,0.2777647945865189,0.014052149257997248,66.4191835246971,7.293547775192156,300.52025478081254,-0.047491950679695714,0.9093225477315044,0.08665653273754625,0.07879873912648408,1.0198533390036366,0.6511331495817738,2.300644337272609,0.032135611439439236,0.14743154559855168,0.12982131983958678,0.1313468874996941,0.12961449695713317,1336.455078125,6.856719418809417,0.002643755758413345,0.022881458867354286,0.1080517625484966,0.624554291160762,0.3332796123081551,4.3665469070440714,6.789937802547382,68455.14392756943,0.993531672550182,0.8300406518271318,1.2235390034959157,63.2819319173698,0.17936321040636213,38953.98181818182,3.419192538528347e-19,4.643774734796873e-05,-0.1802037114735524,195.50012572741886,43.66871144355188,-34.26897958108952,1.5877336310838146,0.019344211011944393,0.8892204242653959,0.04334755624515128,447.0,10.122586907210248,0.01561287820015516,0.027698924731182795,0.5637183590340413
OSP_25_08_25_20250825_205600.WAV,0.00030059976274266533,2.1411788680355626e-08,1.189120395712031,3.6891737755925145,15.0,44.55543015200634,-42.42396993471403,-46.25184457118756,3.827874636473531,0.9333291672585595,0.021547491999054258,0.3091532480002229,0.22913158238273756,0.009905025425483549,55.279246613909145,6.080613354389219,302.8362187157569,0.22958131792888664,1.5959910455746067,0.046784747157118584,0.07466803753223329,0.913159412557958,1.3178436995413536,2.289331705498541,0.0838042593926124,0.13848478970678563,0.12858252671803808,0.13159886411118873,0.12950292769857435,1335.3046875,9.112429063503528,0.0030945789084472894,0.02461916620270623,0.1214783129243453,0.6250394024219584,0.3333251256888648,5.305916148519775,6.82037908035715,65843.27543306006,0.9959457444771678,0.662621772442677,1.2386596892836745,76.37474541751527,0.18466701217146736,39716.43636363636,1.405967093590172e-19,5.478749127472992e-05,0.5696358857524793,2405.327618504937,44.38681414497755,-34.361999305767576,3.569658802437754,0.01913815355011911,0.6635102949153412,0.04169899146625291,430.0,14.866014973086976,0.009988363072148954,0.02615873015873016,0.3818737270875764
OSP_25_08_25_20250825_205700.WAV,0.0002558811164497598,7.766080811835988e-09,1.22014549955586,6.058900390363699,13.0,42.71965578447898,-44.25974430224139,-46.29246206966998,2.0327177674285934,0.9635894562369517,0.0015028874718715501,0.3755330584279152,0.3075077228413581,0.012904411474340405,60.99665036677637,6.77318315935819,299.26968652325945,0.272885327679444,1.7505977751997273,0.04161981952198737,0.07285956345940527,0.9006373806004244,0.5200476436811332,2.3024349004803755,0.008880390044970455,0.13852519962499596,0.12900245658974951,0.1308003339143298,0.12891950950441278,1329.2890625,6.257774612764196,0.0021150803753273205,0.02235709006900643,0.09235193380213386,0.6276359817979025,0.33332783743677613,5.506448268014496,7.009623524298034,75317.60969549011,0.9968849026848315,0.8006879031450481,1.2156743697506118,45.824847250509166,0.11117147342643778,39807.61818181818,4.1719573923461614e-19,3.778399336403582e-05,-0.12816454000152971,65.52697794030239,42.77307856293953,-34.3621506050472,1.1648552308393505,0.019137820186037005,0.9129769555586741,0.029286268425135764,302.0,10.093869712901762,0.0023273855702094647,0.018285714285714284,0.12729124236252545
OSP_25_08_25_20250825_205800.WAV,0.0002641700347747434,9.18871944943676e-09,1.1880433541124908,5.9275866833239546,13.0,43.04697001597664,-43.932430070743735,-46.28159454427405,2.3491644735303154,0.9601456668429618,0.007952784572339056,0.39730511483274156,0.3152628962428784,0.011113202577787362,58.946182053859545,6.4348450686568635,299.73457048145826,0.327979457539795,1.976099499396529,0.04515543649516273,0.08923163545312283,0.9890516927685288,0.6057184167139271,2.300258629527433,0.03542202533680285,0.13985872692593673,0.13018325939568093,0.13156170209294674,0.12915477099699352,1331.71484375,7.014924130841128,0.002650953775094559,0.023278170044331793,0.10901080186105724,0.6233827373485534,0.33332729015302864,5.458983927704687,6.9880813583929555,74136.31679360608,0.996768074557552,0.7981457714179558,1.2197668062403104,77.46581320919407,0.14257755673552516,39698.63636363636,-3.83573644227502e-19,4.03054281442881e-05,0.38781560941208254,110.81097914022962,43.053635388051674,-34.36220465182331,1.2159466323329724,0.01913770110390403,0.9155526682602707,0.03200155159038014,330.0,9.949802065072822,0.0037820015515903803,0.026,0.14547570555717196
OSP_25_08_25_20250825_205900.WAV,0.00027092162183264715,1.0975706271570738e-08,1.2642953683327391,6.549406318832734,13.0,43.334197995828106,-43.64520209089227,-46.26102616388906,2.6158240729967943,0.9551336340950297,0.005167970939677358,0.13963135584633923,0.10990249078412606,0.013198835789117624,70.42342233295247,7.372225707979125,300.8096650855923,0.29210839310341663,1.8252913023902855,0.04701343979740965,0.08581322275766114,1.06766778951383,0.6386971801205719,2.3019172405419654,0.01890285061095014,0.1375230336533799,0.13115009793364507,0.13115110711090686,0.1293199465376782,1333.41796875,7.353866899513034,0.0029566800625545533,0.024530039658491123,0.11497815758365666,0.6246918787774216,0.3333256394072785,5.338233537885049,6.956704012544291,72610.77919742667,0.9965484288655733,0.7710142913969183,1.2287480285094958,65.46406750072738,0.19519884710503346,39592.30909090909,-4.121072170384175e-19,4.3660901310513256e-05,-0.36390466973581587,99.37029447181104,43.40092696790943,-34.33443375039741,2.011396708962131,0.01919898690888376,0.8642484331100462,0.04053529868114818,418.0,11.662678642260126,0.009988363072148954,0.023884057971014495,0.4182426534768694
OSP_25_08_25_20250825_210000.WAV,0.00027982184233376044,1.373117823317533e-08,0.9941627921395988,3.4156017430593852,11.0,43.71146194987115,-43.26793813684922,-46.14362330530652,2.875685168457302,0.9493018286396887,0.0056573192583672105,0.21987927400530694,0.20429650752267914,0.013286880390124711,60.236151591025305,6.613091022010403,300.1721328836919,0.2396065882417175,1.6302174230775286,0.04893823856507405,0.07977996916350835,0.9881404985492215,0.6604307882458538,2.302017252686953,0.0176806960509051,0.14185497688552678,0.13232890107352072,0.14422851196934225,0.13394410399088352,1381.09765625,7.484588006732123,0.009261574410823393,0.02938180457299192,0.25691597584262854,0.621306816395786,0.3333274869195359,5.475534911057146,6.920319216984606,70435.09970263037,0.9965383512670114,0.7316620320178683,1.242181397677541,158.2048297934245,0.6246363107361071,39549.836363636365,-2.159678160213065e-19,4.71991774274438e-05,-0.19203737519647096,14.916520289389583,43.73934429951142,-34.24164167406291,1.5530484922253223,0.01940519075682669,0.9492288457679828,0.06904577191621412,712.0,8.353239554818327,0.037820015515903804,0.08666666666666667,0.4364271166715159
OSP_25_08_25_20250825_210100.WAV,0.0003437405342819888,3.2285751321464004e-08,1.104689994158945,5.140563235308567,20.0,45.84582838812196,-41.133571698598416,-46.20667782086375,5.073106122265337,0.9273379082691772,0.03828177781370623,0.22523815444467987,0.13089337316338734,0.021683844051467616,88.59230461023127,8.66892464366177,309.8324028585768,0.6157694394550859,4.205208032290842,0.05881163531101778,0.2473151612020517,1.0589497226462417,1.9536356173591698,2.288735019862195,0.08580723338919612,0.14349561956486598,0.13269783946081004,0.1343397895542099,0.13117059451071672,1352.5,11.76880296926641,0.0035707845383570946,0.02404386462027438,0.14179573836081474,0.6252775590104895,0.33332078821344063,5.093783266255797,6.782828413178168,62972.97498714322,0.9955996428926017,0.6668311559152603,1.2869680078295964,118.92638929298808,0.3269414945204151,39097.96363636363,-1.1119051807230734e-19,7.721639440982238e-05,-2.8354150603781365,2106.885252070058,45.87709518545776,-34.23777167941324,5.237622557803945,0.01941383865818833,0.6168945275107015,0.056245151280062064,580.0,16.23650311042399,0.013770364623739333,0.02227450980392157,0.6182717486179808
OSP_25_08_25_20250825_210200.WAV,0.00033404703392195175,3.293277277848167e-08,1.8274481806643386,8.620340778406561,13.0,45.67138504479242,-41.30801504192793,-46.10069229296244,4.792677251034512,0.9165137361306562,0.04184877993985103,0.35462593394703845,0.1831025623706264,0.0236993540836401,57.550386963589645,6.9322407992674675,309.38882977353364,0.4858736146027824,2.8900940640398884,0.09293286610400446,0.26858472468139705,1.3980642540986632,1.821244684681883,2.1711520361476575,0.2685248762944715,0.16227814954902534,0.13917775731452847,0.13786655572444637,0.13339269802880419,1375.412109375,11.147597720048255,0.005777734337115701,0.024234034109991646,0.21280016746483993,0.625272145325254,0.33331128813202177,4.811901659341284,6.7147686448565285,61997.99096002983,0.9945391104723337,0.7184115574211578,1.2905829913475708,219.30462612743673,0.46061624115022787,38502.454545454544,1.788026797329549e-19,7.383545988425142e-05,0.14156093428623565,1911.0424723109302,45.68264984228087,-34.116322269662376,4.8682887806251784,0.019687196974320847,0.6640991839654775,0.0686578743211792,708.0,14.863087163416077,0.030256012412723042,0.026838709677419356,1.1274367180680827
OSP_25_08_25_20250825_210300.WAV,0.0003538811823400282,5.1177785493623714e-08,1.8771022491082607,7.943076735549835,14.0,46.53732373718175,-40.44207634953861,-46.12907636982701,5.6870000202884015,0.8916905646913679,0.032030124219357026,0.5927755202477869,0.34547804856086684,0.015077477563632535,75.9016892860976,7.624025267635592,302.50548636491726,-0.1006538096424203,0.8171017830299963,0.1760710594848585,0.1438679766450584,1.4142233445005392,1.381306693755705,2.2544050346601328,0.1605069772075975,0.14665567516891345,0.13678015771366184,0.14237584940137427,0.13539261013723208,1396.033203125,11.164910055459174,0.011951738434681409,0.04256180421361834,0.25670285599539283,0.6241678290734559,0.3333015928538156,4.629652723316216,6.559325297907242,55470.53953818214,0.9933722570465934,0.6896756806032586,1.294076762317677,142.92988070992143,0.5692115822907575,39348.81818181818,-8.562174538397041e-20,9.13703748868792e-05,-0.23356064170205362,212.41828749181963,46.60805406798264,-34.25188442534393,5.420050424820722,0.019382320860660437,0.7294996790655318,0.06390612878200155,659.0,15.95488216637079,0.03374709076803724,0.05624242424242424,0.6000872854233343
OSP_25_08_25_20250825_210400.WAV,0.00031481971941582437,1.9292907606070212e-08,0.6711558293898783,2.9640483103252255,17.0,44.805776765887366,-42.173623320833,-46.238466528287425,4.064843207454423,0.9469608212971841,0.0289077561987221,0.27332062054792383,0.15300047984364706,0.014260047245744256,66.96517481116148,7.382270890028828,308.20131139444413,0.6406865297744003,4.566170393623911,0.04448338331099362,0.20311870788288305,1.0618739817674667,1.50488766796182,2.2885804234248437,0.08629896505675472,0.14045679371544953,0.13331073710690314,0.13388478142841737,0.13076163351032877,1348.283203125,10.5435868168452,0.003083213618950635,0.023080003602839898,0.1270549489270126,0.6279591933260479,0.33332771705896896,5.495614874858185,6.905728624984491,68617.79714840972,0.9965648632534416,0.7073376169378703,1.2730727467141327,109.10677916787897,0.27492635292406165,39597.67272727272,2.2551405187698493e-19,5.957717186624438e-05,-0.46502454170736196,1827.218872732371,44.75079883369859,-34.29669824089704,4.5634058774666855,0.019282577607125945,0.6523079436768793,0.04140806826997673,427.0,16.539738955743662,0.009115593483320403,0.021797101449275363,0.4182426534768694
OSP_25_08_25_20250825_210500.WAV,0.00035525778888383043,4.571145467522289e-08,2.331561607279258,12.724357149312846,15.0,46.425352384924736,-40.55404770179564,-46.203089789374914,5.649042087579275,0.8977909733801227,0.0732653782692777,0.46278327229286886,0.19549385068565206,0.01219526535954718,46.22362024816795,5.57983269070459,311.55513192843335,0.7457050667776224,6.864883403913625,0.048854630667078486,0.33538134327075675,1.084214997330588,2.8132063512885677,1.8802464040728768,0.4677015280798381,0.14262276533152293,0.1343155692999269,0.13512291110935876,0.13126378988458928,1353.4609375,12.71328634388724,0.003956825538260111,0.023766736624718246,0.15841908644519884,0.6257681401086929,0.3332855872507993,4.425500623453625,6.597072755092279,58152.21883752744,0.992770882280772,0.6559122605135426,1.2982355551447233,144.02094850160023,0.3688225863155853,39526.12727272727,-1.652718366203358e-19,8.40163836042613e-05,0.9839131128448063,3037.683916425143,46.24363983860921,-34.25352437184323,5.668295576643242,0.019378662109375,0.5940412953694447,0.04712955779674166,486.0,17.583458896988002,0.012897595034910782,0.023644444444444444,0.5455338958393948
OSP_25_08_25_20250825_210600.WAV,0.00029151430068864996,1.621382208875958e-08,2.005872435549102,14.671117374756033,15.0,44.12366490558638,-42.855735181133994,-46.10170889045257,3.2459737093185765,0.941907559213462,0.0064543634978777575,0.19731532558000087,0.157219670941793,0.011171825749649256,37.10107692627221,4.734122234001125,302.6931490783914,0.21630832170632916,1.5520240362314335,0.06846660505420496,0.10626181672329064,0.9834837098930345,0.8424221020924093,2.242909828930956,0.17838922156552747,0.13839588788672288,0.13208594164774481,0.1428707387174753,0.13316141438754725,1373.02734375,8.373382530863974,0.0066863892323731945,0.025395454364703668,0.22800271656765275,0.6226304371257515,0.33330954101650295,4.773767781494535,6.873609255487063,69368.5905595263,0.9953924248065839,0.7521938834067262,1.24649192675746,177.8440500436427,0.5080094983512753,39522.34545454545,2.3558596151326237e-19,5.2278082969986096e-05,-1.110680685597458,730.1353689505256,44.1831965368239,-34.18539937411033,2.74834984206473,0.01953125,0.7896292023348053,0.07098525989138868,732.0,11.154412822639213,0.034425911559348335,0.059166666666666666,0.5819028222286878
OSP_25_08_25_20250825_210700.WAV,0.000263155897624306,1.1220462078035014e-08,2.996661996006686,23.33566815273987,9.0,43.1285200447137,-43.85088004200667,-46.16134364632305,2.310463604316375,0.945880864623874,0.0008557545193764726,0.30344187035749204,0.2683588705558876,0.0131367586419876,71.77735116168134,7.187596282068421,300.74316017824555,0.06598297738218593,1.1412885970691462,0.06279220261769763,0.0716640248324337,0.9760845017569448,0.5683428975107246,2.2776795846383497,0.11552891905144876,0.139276824103708,0.13140205585667195,0.1357193161826087,0.1315354203035593,1356.26171875,6.381893049426965,0.003373217922606925,0.023188021217378157,0.1410853388700291,0.6257346871761655,0.33330454311728935,4.678431330284334,6.898264501878349,71977.26574484042,0.9951344711385598,0.8142603923059245,1.2231250707510903,165.84230433517604,0.323986519251285,39711.23636363636,4.298749908226648e-19,4.131628277536142e-05,-0.1315773761736327,24.590964727693887,43.16121241144563,-34.187529598025726,0.8486369171558508,0.019526460179415617,0.9678738435215913,0.048196276183087666,497.0,6.7254609894685675,0.010861132660977501,0.022974358974358972,0.47279604306080886
OSP_25_08_25_20250825_210800.WAV,0.0003289145282837945,2.8516383026688524e-08,1.5828360498876022,8.953582151399543,16.0,45.429821375567954,-41.54957871115241,-46.21189660564351,4.662317894491103,0.9261390469328902,0.037584390479454166,0.18569191854476041,0.11588920198504316,0.017069441692696197,68.90220845708863,7.488523724115275,308.13957766285824,0.4238797292332649,2.471497361719769,0.08858797784965249,0.21894495353550544,0.9960371153205203,1.7335620097315618,2.282505390989166,0.10324700732205336,0.1460656903630427,0.13136806153372388,0.13290859865654772,0.13026023482203472,1343.11328125,11.316800965131682,0.0028765547716031424,0.02321583450791501,0.11888535478297768,0.6277423713297341,0.3333114879858539,4.816455150215029,6.775063249997869,63887.662897799564,0.9950365620578149,0.6998998364695982,1.2739242196282103,90.55862670933955,0.22376360803995732,39327.61818181818,-1.5957353283864229e-19,6.951886087158827e-05,0.8303115024575376,2280.0027732019107,45.42102647197276,-34.26514899140863,4.828193167770138,0.019352743940642386,0.6307937453249454,0.04693560899922421,484.0,16.404484324359704,0.011346004654771142,0.026,0.4364271166715159
OSP_25_08_25_20250825_210900.WAV,0.00027053742044694663,1.1955390729923861e-08,2.4607251149678073,17.494194470578343,13.0,43.373736416347825,-43.60566367037255,-46.26496234162836,2.6592986712558115,0.9473376381451429,0.01314532346317332,0.4020443956384607,0.2947287579953993,0.012930532939080974,59.61074316919124,6.440089491515516,301.78780276888347,0.2514876474409536,1.671966592351233,0.0636959656865518,0.10649752669546507,1.0488672490920663,0.684417562013249,2.285525477919311,0.09565169918616209,0.14256619144602853,0.13177699324212858,0.13106862555822335,0.12947148373096692,1334.98046875,7.525330090094796,0.0027884737780040736,0.02280750891419052,0.1154754372272066,0.6291296718766696,0.33331214918336066,4.831822505021115,6.907556075375067,71732.68537780353,0.9955341851500036,0.8206288337675126,1.231255735672958,89.46755891766075,0.23581081490641065,39505.145454545454,7.18806327591117e-20,4.359685724585532e-05,0.1586444763260348,227.6404572001645,43.394551835351756,-34.348095206584844,1.8984364205776956,0.019168813838380757,0.8510537270297276,0.04034134988363072,416.0,11.37468689237457,0.009309542280837859,0.02226086956521739,0.4182426534768694
OSP_25_08_25_20250825_211000.WAV,0.00036483342723484994,3.9226063639746356e-08,0.9374878938876532,3.5800217602840756,15.0,46.43569580626167,-40.543704280458705,-46.26103038475521,5.717326104296504,0.9240740220977717,0.03367081053376719,0.20614221436639202,0.12272394105889173,0.011142098969290415,39.98104902924252,4.878214638746145,314.08199964779,0.6400489721122673,4.556311400849207,0.0723347241062161,0.32957952812243435,1.0535374616800655,2.519165049812865,2.2617237610503906,0.14645802308126435,0.1442795719781463,0.1335936898537944,0.13461261315154766,0.1310571310372418,1351.330078125,12.916821475973903,0.003691256607021628,0.023850344119371748,0.1474789342870999,0.6269506212905487,0.33332364835668005,5.223161191523376,6.762526520284103,61450.88682080282,0.9957153166981456,0.6379167963843121,1.3163727106752048,99.28716904276986,0.3257860234215886,39374.05454545454,7.599140172339613e-20,8.944301507861387e-05,-0.1993392216881753,2611.6650384319337,46.515464306355284,-34.334223471956896,6.250836340349675,0.019199451706626198,0.5836757799328063,0.0532389449185415,549.0,17.843940835458337,0.017164468580294804,0.0236,0.7273785277858598
OSP_25_08_25_20250825_211100.WAV,0.00032873539033881783,6.005440009362868e-08,4.356615759119241,28.32856804430365,12.0,46.32832856308548,-40.65107152363488,-46.179634264789854,5.528562741154971,0.8328714221940191,0.14829868637096855,0.6743608510894652,0.5183856875312955,0.016186924316666684,57.58742868945707,6.69177530412291,307.17864495044876,0.3261319230076795,1.9679399696845892,0.173458490586564,0.3413558967064574,1.2978777756886293,1.9157665326125501,1.508696502189057,0.6205949812902027,0.14663142921798725,0.1341815916741904,0.13895422455104203,0.13329760844001554,1374.431640625,11.653181198628442,0.006227989222674814,0.025200305429625185,0.22921039570198837,0.6266063758067811,0.3331065750597103,3.646506846551573,6.187426883461386,50218.165602431916,0.9836417020068083,0.7161597414056375,1.2804801910121415,185.48152458539425,0.45156189385122686,39131.799999999996,6.669748928240524e-20,8.671643490795847e-05,-0.806735330520469,1178.1266409222847,46.38101414816688,-34.25136219198375,4.879530746945186,0.01938348624489524,0.6816616005784338,0.07340961986035686,757.0,14.603989251434113,0.039274631497284725,0.027341772151898733,1.4365725923770731
OSP_25_08_25_20250825_211200.WAV,0.0002823651936414205,1.5654016695703623e-08,2.618661128681647,20.26603107174587,14.0,43.86686043670916,-43.112539650011215,-46.14757571693373,3.0350360669225154,0.9376093581842044,0.0023596334641534655,0.19054652670386463,0.15430805762022703,0.015831753149272654,41.31158083680836,5.539998208888883,303.15618299450887,0.08271127302543674,1.1803385795402461,0.07272232400419056,0.08583696461597183,1.0326207266691647,0.7510776363601921,2.2787512497549884,0.1129436476312236,0.14141046778521318,0.13209294047894002,0.1392578654318,0.13218437833381824,1362.953125,7.6909919224845495,0.005258151185627001,0.024821359444499126,0.19756209838748787,0.6271545455486222,0.3332976960627616,4.571753126455505,6.84645470008524,69159.1587118563,0.9947225984357239,0.7736697551345164,1.2455346197140627,180.0261856270003,0.38946952890117353,39530.38181818181,5.307202488927832e-20,4.883822953287942e-05,-0.5825109537803348,211.5132657044868,43.8875991166028,-34.210605606768056,2.4587675459872465,0.019474652619795366,0.833239376834788,0.061966640806827,639.0,11.064146990784032,0.023758727695888285,0.02780141843971631,0.8546697701483853
OSP_25_08_25_20250825_211300.WAV,0.0003633215400406703,5.054484969094602e-08,2.4158905015824663,12.717651323798595,16.0,46.6858560031669,-40.29354408355346,-46.21142665852942,5.917882574975955,0.8922492322695906,0.07929483882237953,0.5241365658333155,0.3004982694627353,0.015589645654169315,46.006390973759196,5.778786113512857,310.8195788482271,0.6234561035189865,4.311465724689675,0.06164278701858871,0.26577076340499084,1.1790791119176505,2.609413250839792,1.589041436264752,0.587514866256225,0.14325316005560404,0.1359772917922707,0.1364960930029358,0.13197658295752107,1360.810546875,13.13293823329566,0.004250618271748618,0.024444115940201294,0.16559412130213386,0.6280863258367447,0.33328353749727274,4.40448345100146,6.562314086860514,57070.13700322644,0.992397941086773,0.6002194562122821,1.2994921710672076,136.38347395984871,0.367079908592765,39298.70909090909,3.5867773397833184e-19,9.572509673988876e-05,-0.10182549347053951,3447.551376747905,46.81025813918431,-34.265047954119616,5.2114430996442564,0.019352969059799656,0.6199695694306037,0.061966640806827,639.0,15.795742210327406,0.020461598138091543,0.022506666666666664,0.9092231597323247
OSP_25_08_25_20250825_211400.WAV,0.00028649576673380384,1.5395613992223173e-08,1.3689877324095059,5.468151678271542,13.0,43.961051665415496,-43.01834842130488,-46.3188090435137,3.300460622208824,0.9445518124688764,0.026691245523589924,0.40648583477848466,0.2052021642368762,0.01194303522725737,59.829390708596655,6.517135236191345,302.0437003454514,0.4820206504197086,2.8611577886658246,0.04433074795071568,0.1268372647765717,0.9936177005695384,1.0895677246462219,2.260813736890544,0.14918167890314749,0.13972941518766366,0.12983031833683775,0.13126078038425526,0.12923243380855398,1332.515625,8.877887845790704,0.0022262707909029194,0.02266335516446186,0.09522905173981572,0.6270872350681771,0.33332499241445795,5.2978624410440345,6.8905045464869765,69576.25257803976,0.9961758093881874,0.7503066576695774,1.231518802232852,53.462321792260695,0.1306440027640384,39699.38181818181,2.892572545124236e-19,4.974557551932945e-05,-1.3656898098095303,2766.3142358206383,43.96754459695003,-34.38950554524963,2.8065494057512836,0.019077643226854728,0.7095264847636356,0.03655934833204034,377.0,13.955183624330553,0.005236617532971295,0.024,0.21821355833575795
OSP_25_08_25_20250825_211500.WAV,0.0003040452498325086,1.6590653635618776e-08,0.818568824062001,3.9891076514581854,14.0,44.44772581962842,-42.53167426709196,-46.28575919331635,3.754084926224394,0.9497508551886114,0.026092619478580437,0.36858303750599897,0.22473242676389082,0.015224601628485046,37.33501109849731,5.207360187656151,306.992110626464,0.5355435760332308,3.3061090272337266,0.05451438288887104,0.18023049338297234,1.0026966684130247,1.283661831160113,2.2821727244412617,0.10495597522137796,0.14019817023890344,0.13182898455957856,0.1328533088245291,0.13055952077877997,1346.19921875,10.020814903270011,0.0025285874915139173,0.022487561653573334,0.10869112209020369,0.6313919917289569,0.33332704591828227,5.439174122363407,6.923128674218442,69902.14612753718,0.9965553665131504,0.7418965113917224,1.2618900588425594,81.83008437590922,0.21294764086897486,39683.70909090909,3.9132207575353175e-19,5.5470047463404323e-05,0.7723954457176487,1849.250150860538,44.44058537486655,-34.338051735791254,4.220265340953944,0.019190991505709562,0.6573914837109289,0.04082622187742436,421.0,16.060358505485585,0.0070791311093871215,0.02049122807017544,0.3455048006982834
OSP_25_08_25_20250825_211600.WAV,0.0002972989239451275,2.30609381106219e-08,3.400496863897697,24.970213603014376,16.0,44.54280644493089,-42.43659364178947,-46.29713659347495,3.8605429516854812,0.9153285897252663,0.03195128078746712,0.37052387939231934,0.2696903406311556,0.019305123353208997,68.50007656623394,7.289289938311944,304.15160168794625,0.15516390644559921,1.3673231000176436,0.12231058707640358,0.16723809108628607,0.9229969142953769,1.0398084822931448,1.960922200979377,0.4243830616034773,0.14437655578185113,0.13147104433559595,0.13225146540714616,0.12995905465037338,1340.0078125,9.72789804026487,0.0027841170836970224,0.022905125252852078,0.11579511699806014,0.6276175181575427,0.33326512168503525,4.247141461435688,6.706352950707876,64853.37223997837,0.9925417964356777,0.7931284147459307,1.2479115392274938,68.73727087576376,0.19084215279798275,39530.781818181815,3.637242022720825e-19,5.759701670178118e-05,0.07788426477712583,927.7096768889522,44.603999892650876,-34.34980613467863,3.2376514556880345,0.0191650390625,0.7327814030259853,0.04286268425135764,442.0,14.16396108086898,0.010764158262218774,0.025739130434782608,0.4182426534768694
OSP_25_08_25_20250825_211700.WAV,0.0003077358666433906,1.9721690963813198e-08,1.2110552045323286,5.746063827003271,15.0,44.65723506947892,-42.32216501724145,-46.299831203075726,3.9776661858342734,0.9408319555784376,0.024972970103209202,0.26173975605766275,0.18606434298612928,0.011589281709927124,30.934015779623593,4.763981622289176,308.09949813376465,0.44404055560154415,2.597384701619712,0.07094111337807057,0.18426136260407,1.0687899760780917,1.4005629080355644,2.293367343700211,0.07000589927464666,0.14623541201952608,0.13472750050741528,0.1320457147207818,0.13073644045194455,1348.0234375,10.182113970856001,0.0034328856924643585,0.02269135258834988,0.14154709853903977,0.6279656867813362,0.3333235164638659,5.216397994626404,6.867231709695973,67803.79314100089,0.9960429812193525,0.74625166290325,1.2719326855346442,91.64969450101833,0.28625375812239356,39502.56363636364,3.7371200410346415e-19,5.6542085390180476e-05,0.20992566892320025,1433.9612748802776,44.52371822136278,-34.36129161783509,3.8915062657788866,0.019139712905883788,0.7043489965492922,0.051978277734678044,536.0,14.522433258709228,0.015709852598913887,0.02273684210526316,0.6910096013965668
OSP_25_08_25_20250825_211800.WAV,0.0003592027781947523,4.0997867857446014e-08,1.294097537297517,5.374553725885131,18.0,46.377214855180284,-40.602185231540076,-46.241439527513904,5.639254295973828,0.9163847255296154,0.05182260658726523,0.3452204087437146,0.2059953850686037,0.008729064116627772,46.0716780538812,5.480753067294432,311.30547088886055,0.5766713381049311,3.7244615827494876,0.08626845724129797,0.32130355479828115,0.9515547329467842,2.1421783375700776,2.152696917725984,0.2789215018959393,0.14014967833705103,0.13233290040563225,0.13683236394849163,0.13156250757685967,1356.541015625,12.805828279316511,0.004003423225196393,0.02423449035018925,0.15600372817652763,0.6269530889482109,0.33331835480668487,5.00514032530901,6.714238317365708,60178.60307712087,0.9950809124587804,0.6620915613834717,1.3013006178249906,111.28891475123655,0.3330787508486083,39619.490909090906,-6.312290757433182e-20,9.0476626499582e-05,-1.970741635903037,2328.1457777527085,46.56536399168399,-34.334188969489425,5.679393209259796,0.01919952797167229,0.6073294580052514,0.0532389449185415,549.0,17.078350308713564,0.015806826997672614,0.024148148148148148,0.6546406750072739
OSP_25_08_25_20250825_211900.WAV,0.0002729056347341525,1.0404535581129982e-08,1.0090510695499002,4.67043368812529,9.0,43.360256812663195,-43.619143274057194,-46.32422881919291,2.7050855451357165,0.95858754486425,0.009637803174037396,0.3638966019406137,0.2513228946567724,0.012448047634396109,27.752226001286548,4.378759545053715,303.3756277449528,0.3634840543848386,2.142105101651614,0.04149321329710799,0.08888282388765362,0.8848710474439351,0.8387062632124858,2.296829484188716,0.05506064635431809,0.14131348398150842,0.13130507205296715,0.1313985517689574,0.12977095910920378,1338.068359375,7.792000909302707,0.002448651622054117,0.022530704418514166,0.10350520580746847,0.6272884595234807,0.33332779909669874,5.502972314355707,6.978368961729942,73383.71649129396,0.9967829074401147,0.7601090826899867,1.2378330974179996,67.64620308408496,0.1809543509358937,39878.799999999996,-3.319104250702291e-19,4.257460415391999e-05,-0.2593307556115119,886.6156308274846,43.29150618711739,-34.40329687319558,2.4499381228733164,0.01904737606048584,0.7910949878211385,0.041795965865011636,431.0,12.613468208894204,0.005818463925523662,0.021333333333333333,0.2727669479196974
OSP_25_08_25_20250825_212000.WAV,0.00025618930419830493,9.496643973420365e-09,2.8707534128922507,21.566187708097953,14.0,42.83021066825452,-44.14918941846585,-46.376644311858904,2.227454893393052,0.9515010741107738,0.003583154734731697,0.44003077534938273,0.35881723192316484,0.008850257758189373,25.443409430377365,3.7357234314856624,299.626886707144,0.133919891805426,1.309255207545627,0.05780689816594664,0.07568398245582539,0.845617124629108,0.5480424662182657,2.2766004417675245,0.11702862165045928,0.13926874212006599,0.1286135215419025,0.13006162550293351,0.12831108767335853,1323.015625,6.455911074323565,0.0017627564009310447,0.02205458645566616,0.07654554513215325,0.6280747935681853,0.3333119095338297,4.826197919442423,6.933563456203694,73373.60510949862,0.9956034627472342,0.8298719283638467,1.2146324054649844,19.639220250218212,0.06506628236834448,39955.65454545454,3.7793842129948035e-19,3.865172880173957e-05,-0.11894273322410007,158.5635562789405,42.87168923668693,-34.43537921452641,1.0156193330552625,0.018977152136600377,0.9236920279059274,0.030062063615205584,310.0,9.337352434818104,0.0032001551590380138,0.022,0.14547570555717196
OSP_25_08_25_20250825_212100.WAV,0.0003008936882630324,1.791278929504874e-08,1.003373765906266,3.673849760235755,17.0,44.42438728816007,-42.555012798560305,-46.347417752735815,3.7924049541755096,0.9440048494006427,0.03008163275846909,0.23415623559872012,0.18127503848084647,0.010243284563535626,31.595162632055345,4.685092438528906,305.6113689531843,0.506297793743506,3.0510250403072665,0.050465247297469,0.15397073316987653,0.9123936821942334,1.3626582203260869,2.288172254672559,0.08672953026942842,0.14283289690621664,0.1315960234640815,0.13108403419993347,0.12975978324119875,1337.953125,9.976212674029698,0.002793209315294346,0.02265033167636858,0.11853015503758488,0.6299339168143199,0.3333266314119329,5.407252003913555,6.887179170898135,68600.78000268852,0.9963476714280288,0.7301317614895285,1.254265185682944,76.37474541751527,0.2200130625060615,39835.90909090909,-2.1397025565503018e-19,5.358798366464973e-05,-0.4976657861946279,2422.1853737388606,44.29067416312307,-34.42111156941084,2.8918112909589624,0.019008350065982702,0.7682395868501747,0.04140806826997673,427.0,13.6294008784506,0.00969743987587277,0.020512820512820513,0.47279604306080886
OSP_25_08_25_20250825_212200.WAV,0.0003412484652934087,3.7095613709201155e-08,1.6009462494656803,6.002855148624604,14.0,45.93448841073975,-41.044911675980615,-46.32089060022282,5.275978924242203,0.912550052224743,0.08488065624032493,0.38240096583338545,0.2573309172552021,0.00985229749604255,31.888321339651604,4.633511100613705,309.4994154499824,0.7080551766136476,5.8506095665661135,0.06651621135860296,0.3891603825063761,1.0261629484901547,2.2971307698891197,2.037237479953576,0.36662406533664793,0.14440080173277728,0.13314776432335798,0.13297657795820997,0.13064324507807196,1347.0625,12.809628067916863,0.003115983536999321,0.023030078736351954,0.12854678785766246,0.6274731475403907,0.33331692737530805,4.959626853107905,6.6901529790534795,60492.71117470042,0.9947555398460667,0.6830982202206827,1.2847476958912414,68.73727087576376,0.26799352633110274,39656.090909090904,2.220656318762553e-19,7.654074438562498e-05,1.4955021724046873,3139.576926077257,45.838926815754064,-34.38942130036086,4.560721058132668,0.019077828262791488,0.6571687417246169,0.04635376260667184,478.0,16.06380024544516,0.011346004654771142,0.021517241379310343,0.5273494326447483
OSP_25_08_25_20250825_212300.WAV,0.00035292174807351423,4.3115885141994135e-08,2.2477836292654843,13.591566819453465,16.0,46.316644155203704,-40.66275593151666,-46.320332436394864,5.657576504878207,0.9028696170033028,0.02576635140194239,0.16942619571510165,0.09009596690903054,0.017995027185134016,58.24696292565427,6.600042409450942,309.870749814373,0.24805758195819638,1.6597781319590508,0.1486038605363843,0.24664943804298323,1.0597252668684356,2.309723012465769,1.5805507487093673,0.5927365900901869,0.1457020010991498,0.13431256980084327,0.13404339979896254,0.13144714988846862,1355.3515625,12.141768984762507,0.003964970662399379,0.024269516002077433,0.15380148975509214,0.6284541084119014,0.33328172648711824,4.386621963510914,6.628848477509084,58914.56059847128,0.9929619370293759,0.6959971459401082,1.2904537682515835,96.01396566773349,0.30890856851905735,39485.854545454546,-3.182008528722063e-19,8.561797084272444e-05,-0.9128130984941166,2093.803732128741,46.32564930783382,-34.34798889423911,5.390992955530287,0.019169048459602125,0.603701729493188,0.048584173778122575,501.0,17.07192822741137,0.012412723041117145,0.028444444444444442,0.4364271166715159
OSP_25_08_25_20250825_212400.WAV,0.000329830227866486,2.628108588012916e-08,1.045420747845068,3.865790393695301,20.0,45.37765863473035,-41.60174145199002,-46.343939208632335,4.742197756642312,0.9339068103092638,0.037526188646374026,0.2520044274499934,0.1469019935418867,0.013244198714487454,47.96172004832463,5.770561828280377,306.89931026385057,0.6111828883948435,4.143806536043091,0.051112491048370984,0.21180027447968366,1.0245329701950783,1.514150761200256,2.272383845696864,0.12582972296227785,0.13991530081143114,0.13034523234619821,0.1323130999739866,0.13005414423916206,1340.98828125,11.546721405542936,0.003236455605663854,0.02398244460013162,0.1298255069410766,0.6278287760476383,0.33332494940122487,5.29529061974833,6.8240012954025335,65293.544371851516,0.9959833045409926,0.6821090098839894,1.269512691567448,73.10154204247891,0.22268390553777517,39890.181818181816,-3.3180529031410926e-19,7.191118860635312e-05,0.6364336747662496,3242.223054471897,45.56796467183495,-34.42117845570802,4.289490981392486,0.019008203691424745,0.6489122996229241,0.04189294026377036,432.0,16.06042329340542,0.010182311869666408,0.02333333333333333,0.4364271166715159
OSP_25_08_25_20250825_212500.WAV,0.0003070043840083273,2.1974418487965136e-08,2.311864103878935,15.07316096178318,17.0,44.72513673264256,-42.254263354077814,-46.31503002774654,4.060766673668724,0.9290671350238727,0.026894465100802623,0.34515842256854024,0.2143892435377196,0.009982923135206656,23.15173088526146,3.864847923635257,306.32138425464257,0.29506283781530457,1.8371323109165218,0.09753350594919663,0.17918195517623794,1.0383512961879329,1.3807629606042957,2.282329185133335,0.1031507302247185,0.14674457698897617,0.1317749935760728,0.13210191094348922,0.13034301201386872,1343.966796875,10.164570857703538,0.002900800722529338,0.02298877389089858,0.11853015503758488,0.6310563474018391,0.333302406888181,4.642643310617116,6.793073748755179,66333.07497583232,0.9945340859234054,0.7551384806088782,1.2591738262149894,74.1926098341577,0.20859094656192415,39438.545454545456,-1.4971189271460443e-19,5.818360508485222e-05,-0.9978773870215093,2030.7511915869268,44.648006268449066,-34.36567927746947,3.788523314091325,0.01913004696007931,0.6944294477974806,0.05023273855702095,518.0,14.485381710289309,0.019200930954228087,0.025142857142857144,0.7637474541751528
OSP_25_08_25_20250825_212600.WAV,0.0003020355244015722,1.630907222726571e-08,0.8725703634791431,4.1503005468888485,16.0,44.387579118475664,-42.59182096824471,-46.34259932752401,3.750778359279302,0.9495859090817725,0.03798244584800092,0.4831209376922194,0.2580967462270447,0.009254690103891128,29.245053288117155,4.18001675589114,305.22065040538627,0.5942064100422348,3.928614077438137,0.04114093349274396,0.16162685047854006,0.8560217254577858,1.1690665832283824,2.2252822856496572,0.20037783988121288,0.14276824103708016,0.13028224286544146,0.13233666613189615,0.12989427250024244,1339.33984375,10.14028994605209,0.0029208794006400935,0.023363111965808064,0.1214783129243453,0.6276629721764636,0.33332682785255396,5.422126625429121,6.922087101498052,69996.59198886536,0.9965304163950905,0.7180114344160343,1.2536789106405033,66.55513529240616,0.1832463509843856,39862.32727272727,4.6679831717194084e-20,5.5087445662073654e-05,0.446567112934163,2659.289160515893,44.41052635132712,-34.402867441979026,3.7846216057872013,0.01904831778786399,0.6873945748891351,0.03859581070597362,398.0,15.577918088865871,0.0064003103180760275,0.019555555555555555,0.3273203375036369
OSP_25_08_25_20250825_212700.WAV,0.00032574372630526834,3.789312317805783e-08,2.931815247547248,17.353341597827654,20.0,45.655787903486896,-41.32361218323347,-46.312919368128355,4.989307184894884,0.893229387459391,0.0974477336207401,0.4696291220366907,0.27652209522695237,0.01098775482146297,26.463472717971054,4.14958185108734,307.50053413188607,0.5876536108547874,3.850291048130597,0.08784626031062864,0.3382336696857636,1.202354099382879,1.7557690171488973,1.8257627430635646,0.49292905828168737,0.14421491610900977,0.13284681458196482,0.13250706758139616,0.13036024936960527,1344.14453125,11.92979767032406,0.0031347362646688003,0.02248098880262163,0.13035830655916586,0.626813103734409,0.333265580329986,4.250514740334353,6.568058469285183,58845.92626328636,0.9916761131492753,0.717477610311025,1.2715204266470859,79.64794879255165,0.24766860028125304,39498.34545454545,3.127128186027524e-19,7.319534138338566e-05,-1.2873963885706785,2391.3676805788414,45.64483440677619,-34.36173883962205,4.006592790595313,0.019138727459763034,0.700177571868038,0.05207525213343677,537.0,14.683812524050486,0.013673390224980606,0.02211764705882353,0.6182717486179808
OSP_25_08_25_20250825_212800.WAV,0.0003861484112921528,5.2933830356410925e-08,1.20127411255102,4.329299725138751,16.0,47.12656843063886,-39.85283165608151,-46.26865247670028,6.4158208206187695,0.9097202314703351,0.044118785871593125,0.2754063511824829,0.13989674685492592,0.020518699362796933,46.56556793583492,6.129833500963169,317.8667901314605,0.6715078318958967,5.088425217389582,0.07248984445088097,0.368859152508511,1.0268098453926096,3.573867767623533,2.172740771672223,0.2615132918195961,0.14663951120162932,0.1375090359909895,0.13568306055505552,0.1327931790078557,1369.23046875,13.759782188027177,0.004702577950732228,0.02408883348138501,0.18481042752788557,0.6278633094519075,0.3333195609393808,5.047116059453108,6.672629229057532,57875.27087737554,0.9950120633988411,0.5893454559025498,1.3407102185911588,145.11201629327903,0.4576612658810979,39325.090909090904,-1.636422479004788e-19,9.777841614812705e-05,0.34603185074144255,2982.7041323725866,46.90242998118044,-34.33388959475752,6.3320169425172566,0.019200189729170366,0.5870183479793999,0.0647788983708301,668.0,17.114039472776536,0.0224010861132661,0.025666666666666667,0.8728542333430318
OSP_25_08_25_20250825_212900.WAV,0.0003763759165453373,4.182045866417072e-08,0.7220324799083971,2.622439143746644,20.0,46.707970186975174,-40.27142989974521,-46.31923876264273,6.047808862897526,0.9259321082636924,0.04064243275067547,0.2284124458475616,0.11993136377080149,0.012267297741360483,39.84937355708196,5.503134245663344,310.98206710337456,0.7214045959893729,6.178869325222999,0.06004782706263197,0.37102767668359216,0.937627891099399,2.456721934216572,2.270464771020626,0.13019381344591424,0.1424449616913975,0.13088614201428364,0.13236657702462756,0.12976016208418195,1337.95703125,13.583477318715694,0.0031112479997090488,0.023390680748201463,0.12680630910523763,0.6268709138926755,0.3333257633602497,5.346354378760682,6.774246090897046,61254.95528973394,0.9959696341086398,0.6299539849938445,1.3005557049756913,65.46406750072738,0.21722856657938125,39696.781818181815,2.4773953932071203e-19,9.964395033558481e-05,-0.3225194462167691,3362.009774066692,46.98450936597694,-34.41728273669084,5.835606231019916,0.01901673099633419,0.5653000474995155,0.040923196276183085,422.0,18.41013509928113,0.01095810705973623,0.024106666666666665,0.45461157986616235
OSP_25_08_25_20250825_213000.WAV,0.0002844610219376925,1.738130880625785e-08,2.995645040857249,21.07888599536199,20.0,43.997607562676166,-42.9817925240442,-46.3423393191616,3.3605467951174006,0.9303062101723077,0.008899406965117929,0.17977329135570685,0.13225639588665672,0.0112301053984043,30.045273913168447,4.55025822601159,303.0451024460584,0.08171886222217715,1.1779822297557612,0.09180500313760637,0.1081446622987722,0.8420396378151302,0.936280948852697,2.0142129174227574,0.38468640915956875,0.1445624414056186,0.13080615537205287,0.13172213324486962,0.12965749563572884,1336.8984375,8.516449350246345,0.002419670133837649,0.022509021669115337,0.10300792616391852,0.6275193392347764,0.3332947227816744,4.531686335570449,6.800587749816885,67935.34505255698,0.9941104124932226,0.7960443050284485,1.237634105321685,49.09805062554553,0.1528252594316749,39774.72727272727,-7.557086269891691e-20,5.0210336602417755e-05,0.7560066589051205,830.7945092672993,44.00793132827894,-34.431404154458235,2.9717975360520903,0.018985838936314437,0.7463841179437782,0.0395655546935609,408.0,13.95526525983943,0.007273079906904577,0.022222222222222223,0.3273203375036369
OSP_25_08_25_20250825_213100.WAV,0.00042006810493117654,8.98881843806398e-08,1.8130771544543636,6.94017168417021,34.0,48.326551655883,-38.652848430837366,-46.3513140395884,7.698465608751036,0.8743317287434685,0.0631767576992679,0.2826321319465651,0.16029744626274323,0.011824625164652325,28.055308011971903,4.210539088449784,309.74261191700214,0.7013408797594396,5.696597774710729,0.0576406053812926,0.3283553443480507,0.9826424772374858,3.1036701473101598,1.2043395004271864,0.6929149832331245,0.1420570264765784,0.13089214101245092,0.13193694783812226,0.13013502721607992,1341.822265625,14.972205085263571,0.0035501375957715064,0.026217275738751267,0.13401686393671194,0.6284011973602118,0.33329904154715634,4.5909962069299874,6.450710664973424,50358.75936768329,0.9927256602263362,0.4931189082397787,1.2994722604579143,41.46057608379401,0.18813342546794687,39814.58181818182,-2.045028708664416e-19,0.00013286934003487217,0.33767282258503584,3066.03271657481,48.23424777858902,-34.435094256714386,6.840677118983262,0.018977774729873196,0.5322916308364559,0.04014740108611327,414.0,19.803009543547347,0.00843677269200931,0.028999999999999998,0.2909514111143439
OSP_25_08_25_20250825_213200.WAV,0.00025183271610486574,7.456112784806218e-09,1.6278919163971588,8.734047437066861,10.0,42.5770812551005,-44.402318831619866,-46.37751761674204,1.9751987851221742,0.9627953001302944,0.0009124777115561145,0.34157099739407937,0.30086138318603384,0.013890148642584088,32.054131501955744,4.9155838246500165,299.716326153511,0.21103098598133985,1.534953799785979,0.044154899269212136,0.06777573041244432,0.8435087611244854,0.4981233425529003,2.302192137904833,0.014404014229192973,0.1395758574984644,0.1285695288886756,0.1295821448285426,0.12910741562409078,1331.2265625,6.031692158618673,0.0021607309548055476,0.022405096416837716,0.09249401370029098,0.6259373592973687,0.33332646966179813,5.395327880760544,7.004593665462922,75499.8535553943,0.9967349733985525,0.8171733045816352,1.2146026054574417,58.91766075065464,0.13458396978954515,40027.81818181818,-2.7653069228412104e-19,3.629580441778354e-05,-0.06196692971478836,12.690525268515191,42.59856426041236,-34.421356097121134,0.5785698250839957,0.019007814944874156,0.977787104565365,0.03626842513576416,374.0,5.988344464073619,0.00504266873545384,0.019809523809523808,0.2545824847250509
OSP_25_08_25_20250825_213300.WAV,0.00033766299961200674,2.9978456974945866e-08,1.3519306930593065,5.612609286823136,22.0,45.655566527801355,-41.32383355891902,-46.3253760202024,5.001542461283378,0.9271256086496655,0.044920508177696994,0.37720034242162204,0.17780580258814505,0.011803868759789005,35.44849164140698,4.623213915338949,306.35838374883144,0.660298361952879,4.887519446469596,0.05049417870696407,0.24679128036379788,0.990112404841405,2.058133901329672,2.1248125271940212,0.30441494872665054,0.1429460446772056,0.12981732050747524,0.13224149510956903,0.12959707017990496,1336.275390625,11.836665660892859,0.00330085891281156,0.024086545770081444,0.1312463059226479,0.6311258731035266,0.3333207233158107,5.091203364867402,6.781443373002525,63928.71436981971,0.9954784031143613,0.6891797299315806,1.2638384999255812,73.10154204247891,0.20330608694598004,39726.38181818181,4.56368949364856e-19,6.928951472965986e-05,-0.8892296539338232,3333.097940271677,45.40667519754986,-34.38899312296291,4.42769718814376,0.019078768741723262,0.6298545493688681,0.03927463149728472,405.0,16.5499291846515,0.009988363072148954,0.021973333333333334,0.45461157986616235
OSP_25_08_25_20250825_213400.WAV,0.0003101467008728021,2.2309836313102447e-08,1.5260986263750773,6.955220180856604,17.0,44.809312972846065,-42.1700871138743,-46.30924571837422,4.139158604499919,0.9331567727719093,0.04635200590279287,0.29428517261701403,0.19982556006550067,0.01172213746531825,36.36751568224041,4.889055377732283,305.11876030221777,0.5577164414719041,3.521985865031769,0.06613436327352343,0.23292429264222564,0.9846836263833968,1.3549230508652892,2.2845623341437933,0.0972159085204991,0.14427148999450426,0.13174499858523628,0.13319501811421794,0.13055933135728834,1346.197265625,10.60772674145106,0.0038776473547667543,0.023943369594073827,0.15284245044253153,0.6266319158313192,0.3333202446369784,5.0725746426234615,6.819111209616665,66208.87882711788,0.9955658458856972,0.7530097292945581,1.258446554759595,94.9228978760547,0.26727372466298127,39701.50909090909,3.3790310616905806e-19,6.014914950913937e-05,-0.8944225325644253,1559.5757584726516,44.792294909260875,-34.393396291950836,4.2861649541416185,0.019069099524526886,0.6565143221780566,0.04722653219550039,487.0,15.55822120503992,0.016000775795190072,0.026666666666666665,0.6000872854233343
OSP_25_08_25_20250825_213500.WAV,0.0003241169787261974,6.917755542700606e-08,4.556923753405184,30.956719071038442,19.0,46.48331339202397,-40.4960866946964,-46.30970462742265,5.813617932726245,0.8089882018573133,0.2068926956827426,0.5513772492292408,0.3644452594255202,0.013908114231131918,24.907733672601147,4.158601087383377,305.39636173849954,0.6104992427302327,4.134778206900391,0.12973889598302135,0.5364415596979134,1.201618258460744,2.3761056379640877,1.3699814225395068,0.665428158980448,0.14490188471858534,0.13239289038730534,0.1327255077374041,0.13025758292115217,1343.0859375,12.838574243022258,0.0031801974226554164,0.02298923440672992,0.1282981480358875,0.6277642296473597,0.3329727693825006,3.414614466741715,6.036578421943936,46543.7033735642,0.980068617240121,0.6490594078328779,1.2582023932925612,79.64794879255165,0.208761425904374,39452.92727272727,-3.847721804472678e-19,8.569488521957255e-05,1.1711888022395704,2844.2783573407055,46.32954901419052,-34.347889772171804,3.86021362267957,0.019169267215150776,0.6866514150778533,0.0493599689681924,509.0,14.671875155528642,0.0160977501939488,0.025295238095238093,0.6364562118126273
OSP_25_08_25_20250825_213600.WAV,0.0003078365136008867,2.0966055622969418e-08,1.2669751779000813,5.641947491709834,18.0,44.70653576339431,-42.27286432332606,-46.32526207910296,4.0523977557769015,0.9372500392373243,0.03738897608887948,0.31829511604645855,0.19511706974282317,0.009880341924386471,35.57048196265054,4.9649969226401245,305.2914757654662,0.4929161750677894,2.9441210736062615,0.06280474065359751,0.1849047604806323,0.9520683290340322,1.2054231007611573,2.2801507869069066,0.10818091632113802,0.13892121682345715,0.13083815002894517,0.13161064719014356,0.12944212339976724,1334.677734375,10.416340635014246,0.0027647960915527106,0.02387095330296228,0.11139064015518912,0.6302491390520625,0.3333227039849381,5.1766396887414965,6.844815535355209,66885.10351552363,0.9959017690722173,0.7254805233619251,1.255592471371235,48.00698283386674,0.1747981524585394,39867.23636363636,-4.0363335569516107e-19,6.0711136324809414e-05,-2.1502222766172987,2081.057664522351,44.83268361599286,-34.40342186669933,4.072255626630515,0.019047101962927616,0.6656097900937814,0.041214119472459274,425.0,15.786999088347944,0.0068851823118696665,0.023666666666666666,0.2909514111143439
OSP_25_08_25_20250825_213700.WAV,0.0002763965125725926,1.1768302055620541e-08,1.6192776304480438,9.928660120914678,14.0,43.52497975895357,-43.4544203277668,-46.30978049880328,2.85536017103648,0.9529076600245858,0.005941331500280311,0.1984782360366606,0.14840359570553607,0.013410199962620939,41.93409542547722,5.555501835537114,302.729004733621,0.2807861248273944,1.7808139818214936,0.055251854136095735,0.098393274367121,0.9148292374112921,0.7969217384419824,2.2944748923990503,0.06581493333741814,0.1399961206478518,0.13318275847933395,0.13227865712781106,0.13026459151634176,1343.158203125,7.883296726379244,0.0031998972577829505,0.023440474859508648,0.12943478722114454,0.6286509938279746,0.33332244092265767,5.164415995428503,6.942671839383566,72277.68627839617,0.9962600179265408,0.7830682767585591,1.2375246524143781,123.29066045970323,0.23929617035205122,39763.545454545456,-4.735427117770264e-19,4.484614677733224e-05,-0.010739418216785167,635.2299653122077,43.51725133997021,-34.37530444695635,2.461080770524166,0.019108859958070698,0.786457207146971,0.044899146625290924,463.0,12.347778907840048,0.009503491078355315,0.023757575757575755,0.4000581902822229
OSP_25_08_25_20250825_213800.WAV,0.0002886233621603142,1.9758733564567245e-08,3.223505751552534,22.107747702612105,14.0,44.203092889178194,-42.776307197542174,-46.346087609601724,3.5697804120595507,0.9226058377228948,0.019601072088530347,0.26951878181948996,0.1941531317288241,0.01209377678505219,29.222450062545256,4.4283100157159,302.766173035564,0.10041853742753896,1.223256128778777,0.10873791584256713,0.13301432198505111,1.0367371604969093,0.9883552782226214,2.212873137432155,0.21766483122293803,0.14105486050496233,0.13049320763432506,0.1301250728511516,0.12942431777955582,1334.494140625,8.979852036791145,0.002446946828629619,0.023031764924014958,0.10211992680043647,0.629146266282919,0.3332863840646831,4.4339153204834725,6.752204465895201,66447.39647008652,0.9934271792762616,0.8078290072761638,1.2381070633723845,48.00698283386674,0.13553107724759966,39817.181818181816,-1.775515761351292e-19,5.2969380722763565e-05,-2.700539991647507,1224.7146268494328,44.24024895528411,-34.38944254176386,2.9614482065498215,0.01907778160788796,0.7355492278798735,0.03665632273079907,378.0,14.263855194668944,0.007757951900698216,0.023703703703703703,0.3273203375036369
OSP_25_08_25_20250825_213900.WAV,0.0002554261701327968,8.380988681700428e-09,1.6864499954503032,9.118525507337159,13.0,42.74226529943882,-44.23713478728155,-46.32881426662807,2.0916794793465243,0.9594916343722573,0.005150194763403171,0.5498299411186705,0.43102764897593326,0.014431418113532657,20.998877811533347,3.9285077629348515,300.0353412577638,0.25800488367759666,1.6954355305095872,0.046049278185744086,0.07807358239043058,1.0179482357642562,0.5308824750434372,2.3018979921866394,0.01940993942509106,0.14026282610803995,0.13099612364735091,0.13046496935946275,0.12922978190767143,1332.48828125,6.285109974242439,0.0022971144287653967,0.022205048939834774,0.09867448927012609,0.626234985407437,0.33332537362006776,5.321252646000795,6.983905441397856,74550.43266322541,0.9965783118767425,0.8217417582291314,1.2175699339539885,55.64445737561827,0.1331443664533023,39718.90909090909,2.8554599762139445e-19,3.7625239285094024e-05,-0.03604088510048694,20.591051166571976,42.7547927059168,-34.361290781104415,0.7865409799736369,0.019139714749654133,0.9635621709924981,0.03743211792086889,386.0,7.183559341146546,0.004266873545384019,0.023466666666666667,0.18184463194646494
OSP_25_08_25_20250825_214000.WAV,0.00028882044397756545,1.4291496753867037e-08,1.1117752766747337,5.3133877026251035,23.0,43.97143407487371,-43.007966011846655,-46.34196481520768,3.333998803361027,0.9502043956431241,0.036910215408761715,0.2764368398202003,0.21206950085669762,0.018454910341846875,29.34143539515346,4.803010701447609,303.07737138769266,0.5594136329964896,3.5394050968991175,0.05017315960119649,0.17758313682000776,1.0548103490074543,1.0397271672359425,2.290830889213475,0.07979150977567588,0.13832315003394433,0.13205494682388041,0.13147106302406375,0.12975220638153429,1337.875,9.436794124057823,0.0024880512923091845,0.022700093045942213,0.10552984435620757,0.627378979716837,0.33332583964953916,5.351418882174388,6.925901437836058,70719.20856019868,0.9964434488899198,0.7806142464693472,1.2374475841086718,65.46406750072738,0.1828485658520027,39707.490909090906,1.2658224636824701e-20,4.9755059029721344e-05,-1.9081830223744072,2263.7489420705765,43.96837245825229,-34.379744984650905,2.056849282272445,0.019099093321597937,0.8076193957220986,0.03694724592707525,381.0,12.136231613299007,0.004363847944142746,0.026666666666666665,0.16366016875181846
OSP_25_08_25_20250825_214100.WAV,0.0002877938857249677,1.5733932082826622e-08,1.7482418463642857,8.491709368974142,12.0,44.00907371746995,-42.97032636925042,-46.29008967581552,3.3197633065651004,0.9423628161954228,0.04577081486895207,0.44220039180683934,0.288269881017711,0.015283456391922079,23.425136695714265,4.187366286949725,303.2938632604364,0.5076685140957581,3.0623036658455733,0.05300064209962595,0.16230406059385377,1.0320632664444829,1.0081148255337862,2.2553901368006954,0.15940450221655258,0.1405537775191543,0.13210493847527463,0.1330445572598722,0.13056008904325478,1346.205078125,9.220752836670991,0.0028814797303850256,0.023008057917945808,0.11987991407007759,0.629331621922602,0.33332130419583816,5.114783219020525,6.876673943023667,69481.20376775433,0.995829669880137,0.7844686052080323,1.2399263019196565,96.01396566773349,0.2201645996993502,39863.545454545456,-1.0691153349823122e-19,5.064087320627375e-05,1.3233567097690648,2508.8588532773915,44.04501185662472,-34.335986018781526,2.057877530445282,0.019195556640625,0.8189165055454153,0.04072924747866563,420.0,11.767456206911724,0.008921644685802949,0.023365079365079366,0.3818737270875764
OSP_25_08_25_20250825_214200.WAV,0.00033590167979752675,3.40119665244272e-08,1.8120253189310798,9.486791623807887,19.0,45.74059979722765,-41.238800289492715,-46.298074240590665,5.05927395109795,0.915543444122874,0.020833890413728295,0.19221401379310876,0.10583055363960892,0.01023304814153514,25.817277655650546,4.163245711832518,308.3994455039182,0.2087806422691968,1.5277440199844814,0.10232227941682019,0.15632225049022824,1.125327032198425,1.85430840825388,2.267767734281302,0.1358413240143978,0.14315617625189928,0.13178699157240742,0.13249347172106368,0.13062278755697798,1346.8515625,11.029235646638595,0.003222438415284647,0.023403225529160826,0.13035830655916586,0.6256381691431768,0.3333054557426826,4.694537552846208,6.708637353008711,61555.85830005863,0.9943885283593512,0.692184726169592,1.2756898790936602,65.46406750072738,0.23380294709533506,39613.89090909091,-2.4625713925942274e-19,7.400621499806083e-05,0.6602319589008366,2188.2774130627686,45.6926819305562,-34.34792189872302,4.821792046116052,0.019169196313800235,0.627748635922121,0.050329712955779676,519.0,16.102063235565392,0.012703646237393328,0.025876543209876545,0.49098050625545536
OSP_25_08_25_20250825_214300.WAV,0.00027069688154525667,9.199084379635375e-09,0.9949034142140274,5.8867518426999315,10.0,43.23536959618708,-43.744030490533284,-46.31803186773286,2.574001377199579,0.9625981236877833,0.008823405047910793,0.20643159504281627,0.1720775839743256,0.015305358614386533,30.80513829709598,4.8778305226609024,302.0973806813935,0.38848750230652423,2.2705791092474317,0.043439338655700134,0.09863245487115713,0.9026998563408988,0.73060099656797,2.301995575522934,0.01790300320672582,0.13792713283548316,0.130900139676674,0.13136954726691483,0.12952887844292504,1335.572265625,7.714373137301143,0.002435013274658132,0.022498894741137587,0.10446424512002911,0.6310572013580474,0.3333277174945586,5.49565365559307,7.003437684005672,74588.111348358,0.9968818527018662,0.7851969479533761,1.2302697889665088,58.91766075065464,0.1641716067791679,39833.27272727273,4.7823697863777575e-19,4.2395053032801705e-05,-0.3954618373616755,866.471503139214,43.273151828686885,-34.379741533353865,2.0005782559019494,0.01909910091053356,0.8140946627719232,0.038110938712179986,393.0,11.862588234867912,0.005333591931730023,0.019555555555555555,0.2727669479196974
OSP_25_08_25_20250825_214400.WAV,0.0004550530737110441,8.795058432131274e-08,1.1226108662083423,4.1060779273542485,21.0,48.7706714617848,-38.208728624935574,-46.291447774141865,8.08271914920629,0.89891988129447,0.05509365547424805,0.4848512529698973,0.22281140283930312,0.013601817922687665,24.216599154902855,4.164411639950404,321.5523891324186,0.8158906735836263,9.863110733873892,0.05925597639221823,0.5844482568002656,1.1069385678790473,5.26469999163165,1.5538740988785997,0.581427819939569,0.14119225422687745,0.13463451603582202,0.13549906324522307,0.13184739750024246,1359.478515625,15.975320014417992,0.00514430886916885,0.024931761160940924,0.19532433999151308,0.6265238190187413,0.3333172691286071,4.970152390728718,6.605086333434877,53734.439025646796,0.9946807732046723,0.5456703189143893,1.380508802622101,120.01745708466686,0.3453153792066725,39738.472727272725,1.1025481874284107e-19,0.00014106500031636809,0.054392087566673526,2846.9179100435595,48.494192741726806,-34.36575116274695,8.246014774433924,0.019129888638583097,0.5313227861047433,0.047323506594259115,488.0,20.800439412998905,0.01425523661753297,0.02903703703703704,0.49098050625545536
OSP_25_08_25_20250825_214500.WAV,0.0003739836979110954,4.644069395468759e-08,1.4753209964477003,5.766021611888239,18.0,46.77433315223592,-40.20506693448445,-46.282935931622234,6.077868997137784,0.9113490431420566,0.03500652795705539,0.1927663896002053,0.1177025669742866,0.01732682698800725,26.497679825317444,4.4158745463204,315.3707040773562,0.7273342899571749,6.3349890592619,0.04903945690515227,0.31066442296628505,1.3239559177828832,3.097935840130141,2.1660796756100127,0.273342841173139,0.14238030582226102,0.13675516188796472,0.1338802494749732,0.13166972014111145,1357.646484375,13.17594061056381,0.003751682062845505,0.023078982626266106,0.15195445107904948,0.6297641323020275,0.3333167133211729,4.953145374098114,6.682666502309122,59494.86764145041,0.9947673739676589,0.6152017009055374,1.325399338136839,100.37823683444864,0.38799204126660847,39395.65454545454,3.333612847046824e-19,9.102305877210937e-05,-0.8847242116661659,3209.628166847767,46.591514256059725,-34.32014152641743,6.497493666264425,0.019230603946339,0.5738569794821138,0.05459658650116369,563.0,18.051879310989097,0.016291698991466253,0.023578947368421053,0.6910096013965668
OSP_25_08_25_20250825_214600.WAV,0.00034801587437975867,4.726648461441854e-08,2.2880811440536855,10.256969096923736,21.0,46.33504429928134,-40.644355787439025,-46.29933558184867,5.654979794409648,0.8907825338277424,0.03793885425410415,0.28350245500062765,0.16392568269090024,0.014841949485388861,27.05204837566254,4.523904048089813,307.22501407054483,0.20502901630093293,1.5158150938966743,0.14353791524675055,0.21757693847748608,1.0824584366344425,1.6929540702502617,2.2424927856814048,0.18013474019458595,0.14926615588530048,0.13410660419709908,0.13299379938129768,0.1313386113737756,1354.232421875,11.821174852169865,0.0039130691736979925,0.02497712930770339,0.146484375,0.628482954278104,0.3332951150868163,4.536792605105878,6.553370034783402,56758.225050616405,0.9927974794501052,0.6932434097120991,1.2775820646790415,84.0122199592668,0.25136231936766557,39436.763636363634,1.3373140978439385e-19,9.001541319525119e-05,-1.9934413515648504,2320.7391328319977,46.543168793562515,-34.334000119609044,5.246054413556966,0.019199945415150035,0.6130171544685251,0.04926299456943367,508.0,16.806137753811374,0.015515903801396431,0.030476190476190476,0.5091649694501018
OSP_25_08_25_20250825_214700.WAV,0.0003143712027096658,2.1321932395208423e-08,1.2321227594138346,6.306071231269708,18.0,44.869380298356454,-42.110019788363914,-46.30906020215018,4.199040413786264,0.9391281889598185,0.04246420003510987,0.29466849855119426,0.20527413060949173,0.014691880952850123,30.478574421796935,4.643363742590405,308.0281618707015,0.5359505829809955,3.3098858152818074,0.06927527344205779,0.2292932449156356,0.9026048360857928,1.294661546322749,2.2953193975071713,0.06219654559385361,0.14364917725406523,0.13356069536387424,0.13312975798462218,0.1313230788114635,1354.072265625,10.898404578933274,0.003914395124139269,0.023620351670790463,0.1560747681256062,0.63020468286928,0.33332194091864026,5.141975256580227,6.856545537721199,67208.68397759723,0.995929539113612,0.7304623899627095,1.2750060124352136,114.56211812627292,0.3049686014935506,39674.799999999996,-2.381302226113617e-20,6.304782343074355e-05,-0.20743131509854906,2063.86244221319,44.996700982313214,-34.338217788796165,4.2210111645986075,0.019190624624310117,0.6727723128843788,0.049844840961986034,514.0,15.221742231406381,0.01309154383242824,0.02571428571428571,0.5091649694501018
OSP_25_08_25_20250825_214800.WAV,0.0003729515198763339,4.355157285846593e-08,1.1688967311712428,4.84819233277202,17.0,46.68816352126569,-40.29123656545468,-46.32558879368595,6.0343522282312705,0.918456964826589,0.04093661204352084,0.3076664960683333,0.14107954570330528,0.013484505703992289,24.672561624979277,4.133089114132627,311.40357183534763,0.6661992484015062,4.991598252617672,0.06797040104686672,0.3392809350952623,0.933735817882353,2.6669669996091647,2.0255786707441703,0.3810483727652915,0.14162868134354897,0.1312260852437643,0.1341766392302205,0.13059835218456017,1346.599609375,13.334162894483947,0.003750166690912618,0.025143311226959373,0.14293237754607177,0.6290772996354703,0.33331954313377327,5.046470053116084,6.727263650331481,60395.83279807325,0.9952757840135045,0.6363768534355335,1.3027800107104988,87.28542333430318,0.2333862198137911,39851.70909090909,-4.304637454569357e-19,9.286128724105289e-05,-0.8754318770764851,3021.4994268696046,46.678346995521174,-34.389480880101544,5.796873647616849,0.019077697401335744,0.5908064041136537,0.04373545384018619,451.0,18.076681393214894,0.011830876648564779,0.023238095238095235,0.5091649694501018
OSP_25_08_25_20250825_214900.WAV,0.00034158974861943635,3.786442275339901e-08,2.364528455898288,14.793185887206938,21.0,45.96273300206579,-41.016667084654586,-46.33889155242116,5.322224467766574,0.9066549814235303,0.022057550494899436,0.21737576428940408,0.12958035676628477,0.011484141626585287,32.084000427181095,4.466826045040986,308.3991601034692,0.14866422793405154,1.349249339243166,0.1420580440428524,0.1916717220589952,0.8797826578410813,1.9212020702994659,1.8071440367478022,0.4947429157170994,0.14116800827595125,0.13143005118145268,0.13204118276733767,0.1300459991150228,1340.904296875,11.661390171252396,0.0031262122975463102,0.023526564473765103,0.12669974918161978,0.6283498789130332,0.33328126769140526,4.382196501015576,6.652504264333359,60301.66153118876,0.993045341858995,0.7005514168895673,1.2764881151134015,63.2819319173698,0.21952056662787314,39817.0,-1.54842468813251e-19,7.660740566779641e-05,-1.4948888636843527,2288.5677173456415,45.842707550790294,-34.40305329614303,4.837016356663359,0.019047910210580537,0.6363827224033792,0.04722653219550039,487.0,16.398454388159863,0.009891388673390225,0.030222222222222223,0.3273203375036369
OSP_25_08_25_20250825_215000.WAV,0.0002733311699574364,1.590058293654718e-08,3.388745569394152,22.195151306039044,13.0,43.64388551223064,-43.33551457448973,-46.343607340832676,3.0080927663429478,0.9283145189042945,0.010666846113002282,0.25481278701117105,0.1771293018261234,0.010478734932437894,21.468228885668477,3.5836559766124148,302.16130303573044,0.0022252934092814687,1.004460512768228,0.09504543121104997,0.0954693825705286,0.9538600934546915,0.7273981336398794,2.2776807623931496,0.11504591333091856,0.1451847541460576,0.1308631458546423,0.12974166958977665,0.12936654422461452,1333.8984375,7.833688732449299,0.002697172619047619,0.023285661592071905,0.1070572032613967,0.6282170800792842,0.3332953778667395,4.540242364280322,6.788048393674729,68300.68964533655,0.9938805945956963,0.8317373292554551,1.2345970380548699,50.18911841722432,0.1645693919115508,39604.6,-3.2121822037284475e-19,4.640412283006806e-05,0.19209749815657237,197.51837759297942,43.665565676843094,-34.38933998510822,2.2103668157365703,0.019078006865761495,0.8328319626610634,0.04615981380915438,476.0,11.648976394133069,0.014449185415050426,0.04414814814814815,0.3273203375036369
OSP_25_08_25_20250825_215100.WAV,0.0002603464939427152,9.753354170101277e-09,2.8968900265479536,23.634083753111245,14.0,42.96700205131014,-44.012398035410236,-46.361026149550966,2.3486281141407304,0.9519248190863242,0.0046550881580480485,0.23604770885898085,0.210549410052549,0.012596751695018171,33.892353868994924,4.933969342194423,301.00243457596594,0.18542647816011074,1.455272540018942,0.05713362793283829,0.08314499984231875,0.8507290786287122,0.5684494850573512,2.267469880732501,0.1351023252032631,0.14037597387902886,0.1307661620509375,0.13102239963309306,0.12939723050625546,1334.21484375,6.8264520454255875,0.00252498848317331,0.022815723411121203,0.10496152476357906,0.6313919893192426,0.33330936234559966,4.770027007309792,6.9361775385701465,73404.73701329996,0.9955473331046986,0.8249515001570034,1.22354730471764,51.28018620890312,0.15776916036271943,39928.05454545454,-3.744900012987507e-20,3.975327727634052e-05,-0.20621097207242237,59.435156313162345,42.993729378820476,-34.40724013657925,1.0966936829521643,0.019038730800513066,0.9356466837475392,0.03869278510473235,399.0,8.717882467655198,0.0064003103180760275,0.023466666666666667,0.2727669479196974
OSP_25_08_25_20250825_215200.WAV,0.0003804141585706494,7.136511767382718e-08,3.956943882426525,36.2856516081748,19.0,47.41824640748029,-39.56115367924008,-46.32288214363374,6.761728464393663,0.8581961128767913,0.04722569608050842,0.23560011265063852,0.12472094925169352,0.011841542274467987,35.74014886310014,4.948827151385717,310.2567499883445,0.10477678452172713,1.2340796858485181,0.2449632452380225,0.3023041647277723,0.9191813282249696,2.356202838837606,1.872240647196306,0.4646030676575473,0.15243429347299,0.13120608858320662,0.13315060497046524,0.1308466837600621,1349.16015625,13.66267218768199,0.004437009019493745,0.024955975424526863,0.16179348402643068,0.6276846053002215,0.3329500971050634,3.384123343127005,6.345516709480058,51873.18368348333,0.9840240089378752,0.6489868820313939,1.3049569278145694,91.64969450101833,0.2839238737755795,39190.29090909091,-3.0632062543066818e-19,0.00011309257079951945,0.21412619579613199,1850.9353690129476,47.53434076483841,-34.33400417247513,6.698685167792103,0.019199936456391304,0.5696007858569291,0.0626454615981381,646.0,17.723972156246546,0.025892164468580295,0.03311627906976744,0.7819319173697993
OSP_25_08_25_20250825_215300.WAV,0.00034161652975804406,2.9217758373212563e-08,0.8349572578689194,3.5587252220187366,17.0,45.713236351821706,-41.266163734898676,-46.28049867393378,5.014334939035102,0.9339904555900518,0.026260653512889087,0.1729492497662689,0.1023752908951443,0.014481129940720705,27.801132278205785,4.491069772954608,310.65830072043883,0.5479463605019658,3.4242537284310424,0.0749039957003593,0.2564902865513381,1.2424455002121964,1.5866455409005333,2.293822498186886,0.06797390708035725,0.14744770956583583,0.13961468434771396,0.13599304617063532,0.13271419024585396,1368.416015625,11.739001739442994,0.005710868550577053,0.023996055158775138,0.2195489626273036,0.6280629688768644,0.3333251527014624,5.307564437916919,6.824568704159018,64445.587489517384,0.9960743090729575,0.6872238781749133,1.3088375418960387,182.20832121035787,0.5102067876539618,39369.72727272727,3.3892291330342016e-19,7.442979951395756e-05,-0.12178159056658686,1380.9890797273977,45.717468491665436,-34.361667210506106,5.763146147302958,0.019138885289972478,0.6382704688464689,0.0665244375484872,686.0,16.2513571165583,0.030643910007757954,0.025154228855721394,1.218359034041315
OSP_25_08_25_20250825_215400.WAV,0.0002893688502814304,1.4598695746748519e-08,1.089038042485377,4.198504420186926,15.0,43.99909379114603,-42.980306295574344,-46.29983266813831,3.3195263725639634,0.9492597091646037,0.02861005903843228,0.39371984703857354,0.26200194083981443,0.017143302954748862,32.66796917128781,5.10781422683582,303.0360218698954,0.4555832035812362,2.6736559436744596,0.04164252166080629,0.11133777554800717,0.9310310481839537,1.0925934665705865,2.2641062434437615,0.14271478615580763,0.14040021982995507,0.13025324770763283,0.13118101800363824,0.13016836539860344,1342.166015625,9.006707149460624,0.0028477627048782853,0.02278067608417661,0.12098103328079535,0.6306684606292554,0.3333268725108746,5.425570822009841,6.920023794877336,70519.32617196387,0.9964736363034205,0.7310409358271843,1.2368859339846834,101.46930462612744,0.22186939312384835,40035.38181818181,7.401486830834377e-21,5.031078169383689e-05,1.3436834781323939,2813.3857318525284,44.016610651429325,-34.31962191322149,2.5911134888795218,0.019231754407015713,0.737145484028007,0.03917765709852599,404.0,13.211442247646676,0.0065942591155934835,0.020148148148148148,0.3273203375036369
OSP_25_08_25_20250825_215500.WAV,0.0004736173806075167,1.084491608122006e-07,1.4713005510636044,5.828462922481447,23.0,49.29344457745276,-37.68595550926761,-46.236744179443896,8.550788670176289,0.8848971483827345,0.037928741702652036,0.27260032213071994,0.15829726185476456,0.016524064925278692,38.30467847011624,5.472845027319719,321.8305444938758,0.45026692332810914,2.6381292755896935,0.19824659496484112,0.5230001459627197,0.9363298323905631,4.925868111601521,1.7453962485055383,0.520438274638899,0.15359001713380532,0.13635322901075517,0.13757379153195434,0.13361792018232954,1377.734375,15.771542536243954,0.006383693688778974,0.025110685640830542,0.23858766898035888,0.6302318472110365,0.33330693693841096,4.721835412219917,6.517051761554001,50986.624564470665,0.9935788065541352,0.5835407920156338,1.3950628291439804,147.29415187663662,0.46260516681214237,39087.41818181818,2.449219278567012e-19,0.00016472268405638715,-0.27843015554713924,1868.1433505703694,49.167534102332205,-34.27902858644395,8.445603948060366,0.01932184396801573,0.5700750253001095,0.0704034134988363,726.0,19.330059874000252,0.03306826997672615,0.030824858757062146,1.0728833284841433
OSP_25_08_25_20250825_215600.WAV,0.0004146812435831597,6.073520753863388e-08,0.8670751794801944,2.9770613024331993,21.0,47.73998404765785,-39.23941603906252,-46.2645976272354,7.0251815881728845,0.9138802375565861,0.03446017983778282,0.16912347996217691,0.08914729357159157,0.01616164266850073,30.004594801637616,4.761125330596176,317.1890990550445,0.6520970969231622,4.748730413894476,0.08214267578460388,0.3900734227770218,0.8849127163011247,3.3794662552462924,2.267238393554377,0.13636927793484155,0.1475770213041089,0.13614826324003892,0.13541204973909543,0.1323245502376103,1364.3984375,14.467155277641371,0.0049380288648045775,0.02523118604283779,0.18463282765518912,0.6322583576777722,0.33332341785780445,5.21140077396018,6.698827963950301,57665.26143103238,0.9955027059088505,0.5808511776670118,1.3509538169863375,137.4745417515275,0.410798388856561,39420.29090909091,1.9318511437014442e-19,0.00012089845042818575,0.32747590711205793,2718.46250966764,47.82420734485247,-34.324193973922945,7.021585513766322,0.019221633899573123,0.5731271299417412,0.061384794414274635,633.0,18.21359737461802,0.021819239720713732,0.02448979591836735,0.8910386965376782
OSP_25_08_25_20250825_215700.WAV,0.00031304699199828656,2.3747884196065917e-08,1.6446084161408638,8.031974354201093,14.0,44.92665753173792,-42.05274255498245,-46.31260842832112,4.2598658733386685,0.9300478960938214,0.0319985520508006,0.2655598856582789,0.18395417508594858,0.015061377796151354,42.008125721871274,5.720397175145331,307.44515801175373,0.4111072079314592,2.396203904915891,0.07581946993111185,0.1816789099175832,1.1633516000227702,1.3721110428072827,2.2927440308201525,0.07224066121227271,0.14547570555717196,0.1337346663107261,0.13319229894215143,0.13098325665551352,1350.568359375,10.445540949866302,0.003596545861216177,0.02314787220167775,0.1470526945926285,0.6283640824824624,0.33331699618390226,4.961728324252438,6.799586287243917,65503.054057699446,0.9953076656462125,0.738533676619607,1.2716551191785537,96.01396566773349,0.2913491962467268,39573.545454545456,-2.5385838212688475e-19,6.212743937959463e-05,-2.166906957983013,1373.3951915231203,44.93283454269333,-34.38915765813762,4.304720955829879,0.019078407339616254,0.6871946509320067,0.05207525213343677,537.0,15.168692260970388,0.016485647788983707,0.022666666666666665,0.7273785277858598
OSP_25_08_25_20250825_215800.WAV,0.00041987935552419706,6.654197467942864e-08,1.2011031022873422,4.041443288268464,22.0,47.925313525050726,-39.05408656166964,-46.31476017940662,7.260673617736977,0.905362912226599,0.057421299137750625,0.26505698733290417,0.12770237041233323,0.010242574778887237,38.622874136862094,5.06036627856,317.75008793771065,0.8268842090191202,10.552961105788984,0.054664434008872,0.5768716459655948,1.1847423555130947,4.329547252759856,2.1450294481102103,0.28516147936019165,0.14162868134354897,0.1339586289089722,0.13434432150765402,0.13142782889632432,1355.15234375,15.17465190284226,0.004636091007176802,0.024228642618402317,0.1816846697684287,0.6275567066830647,0.3333195983215648,5.048475046461318,6.6453924870457355,56594.23101442823,0.9949032807614344,0.5817251181405997,1.3497080851351426,114.56211812627292,0.3414132964794879,39801.74545454545,1.13545536609391e-20,0.00011817813364624534,0.3238686539574763,3151.371723251002,47.72537127008199,-34.40738629286005,7.007568760812617,0.01903841044108073,0.5632213109442599,0.05023273855702095,518.0,19.04951360480468,0.016679596586501165,0.02548148148148148,0.6546406750072739
OSP_25_08_25_20250825_215900.WAV,0.0002989193891084357,1.6160342830267886e-08,1.0026206195470275,4.397507676181738,16.0,44.30516533714909,-42.67423474957127,-46.30595329554844,3.631718545977172,0.948350482886797,0.03849316672141967,0.2926256796838891,0.18617120320784541,0.015600302911561337,44.657020735096964,5.937484855422423,306.80380744474894,0.5983355176947526,3.979280190574799,0.048312153784413545,0.19224759651832013,1.2344959253441354,1.167145205055613,2.2944016331076806,0.06599292664602067,0.14196812465651568,0.13430857046873174,0.13300105050680835,0.13093779549752693,1350.099609375,9.987075898008836,0.003469633461836873,0.023596674363384442,0.14016181953200776,0.627835139705768,0.33332656945979866,5.402651267631245,6.914338324027361,69896.13932765787,0.9964470980276575,0.7626780092741197,1.264839275527467,81.83008437590922,0.2847005018911842,39692.56363636364,2.454686285885242e-19,5.294882448007788e-05,-1.3939916158058425,1502.9225694953145,44.238563227535586,-34.34779978598609,3.3005028690742257,0.019169465810602363,0.7538535757542867,0.04926299456943367,508.0,13.688946066031157,0.012121799844840962,0.020833333333333332,0.5819028222286878
OSP_25_08_25_20250825_220000.WAV,0.00031960574314637846,2.3559398267090324e-08,1.1673832717349069,5.506324550365368,15.0,45.065702239700414,-41.91369784701996,-46.332381682644545,4.418683835624584,0.9359718212795767,0.025248015643015376,0.2039803712053685,0.1220485950861876,0.018702426189728616,79.24930380651901,7.9401241313726505,306.99663546150555,0.4640816552621854,2.7319118101442355,0.07472155916571055,0.2041327099571959,1.1128701118364472,1.5733415540712277,2.294053816693512,0.06650755114033924,0.14346329163029772,0.13147004450256805,0.13245721609351052,0.12997875448550092,1340.2109375,10.90298858781933,0.003456942221898943,0.023026025306719603,0.14101429892095055,0.6279364507158464,0.3333224814563582,5.166280105586154,6.836832086838661,66084.87632342217,0.9958829746174837,0.713783001167599,1.269121472120102,90.55862670933955,0.22461600475220636,39654.27272727273,3.212497607996807e-19,6.171659668409974e-05,1.472824661865189,1392.27019719623,44.90401969204661,-34.40736573268612,5.289414709357054,0.019038455506527063,0.6116012791595025,0.047711404189294024,492.0,17.00648220153919,0.01347944142746315,0.02471111111111111,0.5455338958393948
OSP_25_08_25_20250825_220100.WAV,0.00030051351960086025,1.6338354818963424e-08,0.88545530407574,3.9746152674356887,16.0,44.351575144561586,-42.62782494215878,-46.28907905358247,3.6612541114236876,0.9489470770253134,0.016143156118413438,0.1913812672082793,0.14417020701345373,0.021141810672112626,51.612046380972544,6.442637390285107,306.84117254547533,0.46631921666372034,2.747558582673891,0.053779080312243974,0.1477611736802144,1.1502952665052708,1.0455418406445836,2.296581444939786,0.05638760906852767,0.14228332201855623,0.1345835245513999,0.13408871933340402,0.13123101996654057,1353.123046875,9.56603843702162,0.0041310933105421395,0.02376877535433107,0.1647061219386518,0.6291850910866993,0.33332694817801994,5.431461227690779,6.918094906086891,69838.77181978793,0.9965163862407892,0.7400003330849629,1.2699295343365073,140.74774512656387,0.38808675201241394,39630.163636363635,-8.702003764036383e-20,5.424660402436544e-05,-1.3811182869053216,882.849698465388,44.3437255543038,-34.379987674990915,3.6839482399385517,0.019098559685909386,0.7425340395739346,0.05352986811481769,552.0,14.041694276551977,0.019103956555469356,0.02334814814814815,0.8183008437590923
OSP_25_08_25_20250825_220200.WAV,0.00031790343667922297,2.1706548932611527e-08,0.9796433246170791,4.32639045229415,16.0,44.96299197357854,-42.01640811314182,-46.29369008201711,4.277281968875286,0.9406422259837643,0.027369074448812092,0.3216798539739645,0.17393745173336872,0.021867724770603503,52.6167777017893,6.6205120488594,307.14604533406816,0.5507143128281812,3.451510602507012,0.05923814674058153,0.20446109154798336,1.0492458345654214,1.1575481730507537,2.285055523745532,0.09619891583650694,0.1442068341253677,0.13519342269840937,0.1331487921890876,0.13126985137232083,1353.5234375,10.731551630376687,0.0043960939773057895,0.02404210848595804,0.17244947638821528,0.6299799603375318,0.3333252665387231,5.314571032076791,6.866123491851378,67193.48515919862,0.9961919651703612,0.7131071541057108,1.2768127066124273,102.56037241780624,0.3414132964794879,39567.41818181818,3.4654518312210613e-19,6.68000227538316e-05,-1.4761729141663917,1944.3924159525602,45.24776610407609,-34.37543488129585,4.7735473178758205,0.019108573006138656,0.6565458216254659,0.054111714507370054,558.0,15.732497611364654,0.016485647788983707,0.026666666666666665,0.6182717486179808
OSP_25_08_25_20250825_220300.WAV,0.0003650492422719007,4.522901073871652e-08,1.8627371289197852,10.057754035747486,16.0,46.58823761918647,-40.3911624675339,-46.30778074947462,5.916618281940714,0.9073655575108002,0.05315612283694893,0.44169145442192026,0.18706337697627928,0.026936113107918436,70.56275626590646,7.586404012571831,313.078297810393,0.7087967622671432,5.868055505051611,0.06144095377318319,0.3605389270243492,1.01681479027275,2.6542268134665608,1.6471508091319478,0.5635869241956499,0.14343904567937157,0.13412160169251736,0.13343158608400246,0.13117646657695664,1352.560546875,13.076142900033052,0.004102490665308893,0.024060363837684673,0.1603016450957808,0.629984444361393,0.3332985855631924,4.584391433975107,6.657340557461263,59138.44133572947,0.9938345484367918,0.6460048422344264,1.311799300512622,97.10503345941228,0.3448607676268063,39571.89090909091,3.2785222348400454e-19,9.211863768037151e-05,-0.542114267880547,3128.2012683835965,46.64347506666574,-34.351871467857976,6.378056713959634,0.019160481851751156,0.575192888020383,0.05236617532971296,540.0,18.07858806744064,0.013382467028704423,0.02453333333333333,0.5455338958393948
OSP_25_08_25_20250825_220400.WAV,0.00037450070779679594,4.484189920172728e-08,1.2982366043380382,5.030375654166915,22.0,46.745992118246875,-40.2334079684735,-46.30477962702385,6.071371658550348,0.9156456219701211,0.04603524032420647,0.2920435041425018,0.16361852342729266,0.027680611734456684,72.25096081053519,7.695179862517841,313.8368564381678,0.6961539058465657,5.582279774147934,0.06310990157604336,0.3522971271164137,1.0971908716088135,2.9217369952925343,2.1915658470107844,0.24418874334837587,0.14218633821485147,0.1337486639731165,0.13335907482889608,0.13114161302250024,1352.201171875,13.324334826731901,0.0037899452041509065,0.023368032385670402,0.1561102881001455,0.6312212698079412,0.33331920838759516,5.034477916909079,6.709638060037633,60110.80077249533,0.9951010667674289,0.6303775103153588,1.316552677360289,110.19784695955775,0.331961164048104,39657.090909090904,8.446526306665253e-20,8.94016128838915e-05,-0.2960143111638615,2907.461221295715,46.51345353921818,-34.36570544708471,5.733976794169266,0.01912998932347153,0.6132789005305314,0.04809930178432894,496.0,17.586368882781947,0.011249030256012415,0.024746666666666663,0.45461157986616235
OSP_25_08_25_20250825_220500.WAV,0.00027434642559874263,1.197446169912005e-08,1.6198222059433125,7.979287387996945,13.0,43.47927732001143,-43.50012276670895,-46.318600082704585,2.8184773159956364,0.9511685161851029,0.015050492611654476,0.27520105750928037,0.170031094668613,0.026006023758305075,70.64736416668278,7.618334455549259,303.2867437133392,0.3174461622677672,1.9301717892978922,0.061712520369786916,0.11911576586423424,1.0943281347814724,0.7222711567310369,2.3019180444368215,0.01897924256840806,0.14661526525070315,0.13442655076602206,0.13164962198976324,0.13041234027979828,1344.681640625,7.908047839127317,0.003763994459800213,0.023172030187258223,0.150640212021096,0.6293753452617961,0.3333242436312847,5.254878069788211,6.931827871084641,71916.04063203777,0.9962689288711227,0.8188015215118325,1.2465238120197792,130.92813500145476,0.30618089903986034,39526.2,1.2977834295428914e-19,4.4830034311435986e-05,-0.12799183245379805,97.0548894386638,43.51569071260653,-34.36167555981748,2.236943848142417,0.019138866892727938,0.8606239502057006,0.04674166020170675,482.0,11.653854069830057,0.013576415826221877,0.024086021505376344,0.5637183590340413
OSP_25_08_25_20250825_220600.WAV,0.0003301903796063452,2.9328351750501736e-08,1.4987165360212558,6.176837935792488,14.0,45.48201810305204,-41.49738198366833,-46.188307308718144,4.690925325049811,0.9245433817460414,0.05123301823652404,0.2986958110918204,0.19690809611034332,0.025740015089506074,69.84018440476517,7.578876738068625,305.3301413894446,0.5536053576676708,3.4803405111458576,0.06901415272721335,0.240192751578928,0.9799697332156709,1.5467005841524393,2.22850174048184,0.19465098858789495,0.1662706494682055,0.13409160670168083,0.13212638349208766,0.13121169897439627,1352.923828125,11.659005448348868,0.004744250678886626,0.027045499237019377,0.169004038857905,0.6321131192280506,0.3333192499547066,5.035951494033624,6.765232709881193,63617.812882072874,0.9952761033572562,0.6997195944501355,1.2675974768303337,129.83706720977597,0.3459404701289885,38548.0,-1.475040628360885e-19,6.930988067648799e-05,0.9806541951130919,2710.6278255801276,45.407951511687294,-34.19218903170034,3.4152689195918207,0.0195159912109375,0.7355271197913956,0.04470519782777347,461.0,14.302182454217945,0.011152055857253684,0.025555555555555557,0.4364271166715159
OSP_25_08_25_20250825_220700.WAV,0.0003727175583607118,5.162845069761484e-08,1.8328913949973,8.873221488081237,17.0,46.87211695488707,-40.10728313183329,-46.27393927223666,6.166656140403369,0.9007481327937844,0.03727027856022236,0.2757752993337601,0.17311739115315083,0.02351693192596027,34.7913558350416,5.3100702567541544,313.2544774287829,0.3293726636725768,1.982282247772154,0.17532597277837983,0.34754556341196624,0.9297870806460722,2.6934505549785017,1.8909087295247875,0.4622294210529668,0.14318042220282542,0.13622425055015813,0.13431984895905563,0.13200651155319562,1361.119140625,13.128046405666725,0.004584757782950247,0.023658300917703056,0.18473938757880698,0.6306968053658237,0.3333018420822067,4.633594252026921,6.615971432229179,57241.97145513641,0.9936561813466288,0.6622968887726909,1.318457002426834,138.56560954320628,0.419208703084085,39514.52727272727,1.8557335802707043e-19,9.957877064976908e-05,-0.9863471014650614,2384.7667630645974,46.98166760387751,-34.30646473316544,6.501741918651806,0.019260908288666695,0.5774566498537061,0.05149340574088441,531.0,18.30591208513326,0.013576415826221877,0.025747126436781606,0.5273494326447483
OSP_25_08_25_20250825_220800.WAV,0.0002561302244237994,8.350314929847545e-09,1.4763070282477224,7.054936290436863,12.0,42.76165805954582,-44.21774202717455,-46.33752264886464,2.11978062169009,0.9603440188940131,0.005333989375914117,0.46412052646591595,0.37558681587063314,0.023676756714762437,47.19569789383779,6.038405666710119,299.82750906826595,0.26543114228021847,1.7226855304053017,0.044750972381405865,0.07709185259301517,1.0645594459450376,0.5310259319326303,2.3021101387982044,0.01609789787239908,0.1394384637765493,0.1310531141299403,0.12990481991376598,0.12943663017651053,1334.62109375,6.337146947147307,0.0025795418727572496,0.02278662483983874,0.10950808150460718,0.6289007117349753,0.33332680281652866,5.420206093000515,6.989285734792768,74620.3362357384,0.9967025491520888,0.8150281461631466,1.217489527309524,90.55862670933955,0.20512453326544466,39834.56363636364,1.2444801081901494e-19,3.797858626777689e-05,-0.0990844423301774,36.02154987295492,42.795387943259406,-34.33366588494368,0.8008472757660243,0.01920068424687241,0.9568214330281115,0.03461986035686579,357.0,7.668126706233366,0.0034910783553141972,0.024,0.14547570555717196
OSP_25_08_25_20250825_220900.WAV,0.0003409857794223029,3.142023648125939e-08,1.2256903273026538,4.723673416476348,14.0,45.76565583464738,-41.21374425207299,-46.330487215133395,5.116742963060403,0.9264092209093833,0.03616673359427258,0.2635671917869159,0.14939015260625532,0.018774751760867958,50.27849187932956,6.376691850337501,310.9710181067602,0.535069258641913,3.3017159806596035,0.06447911805632214,0.212891734505396,1.0526728499039781,2.126991854418171,2.246581176125987,0.17219538506945078,0.14255002747874437,0.1328088209269052,0.13249981645588552,0.13074591152652507,1348.12109375,11.920100235311441,0.0034469028828435656,0.023490538700774895,0.14073013912463628,0.6307110793316102,0.3333222624705428,5.15629079304576,6.777024889755352,63361.2077247866,0.9955779957670621,0.6660104960287627,1.2921839849853796,120.01745708466686,0.3196298249442343,39758.70909090909,-2.0501277443362265e-19,7.497858079586722e-05,0.15259206589103624,3034.3071816276693,45.74937215782029,-34.375117196828334,5.379080220700363,0.019109271910696318,0.6163751486850403,0.0441233514352211,455.0,17.467651264330225,0.011442979053529869,0.02330864197530864,0.49098050625545536
OSP_25_08_25_20250825_221000.WAV,0.000262690654148365,8.676430453593657e-09,1.346106192193235,7.724161330114818,13.0,42.975348977414136,-44.00405110930624,-46.356673602583626,2.352622493277387,0.9614007317092608,0.008129597841599057,0.341335842930095,0.2653973186040438,0.01089352288128842,37.84038812419702,5.10963146678282,301.5701869509853,0.3438143658337251,2.0479179912878247,0.04328969995454829,0.08865375537437116,0.8419967707166034,0.6141321384155354,2.3020213642305603,0.01714671085629451,0.14225907606763002,0.12971033837349163,0.1305392933959468,0.1293386992653477,1333.611328125,7.094900074522052,0.0022872645112016294,0.022346325034423402,0.09750233011032977,0.6286326735508616,0.33332639307075845,5.3897793302467,6.995895883324037,74682.10485589478,0.9967390318559314,0.8010398646394181,1.228157522538801,55.64445737561827,0.1492073089419067,39807.65454545454,-3.6027578227135286e-19,4.037883435863733e-05,-0.6751647760699414,165.10049968111892,43.06153777734949,-34.43107851727798,1.7048712029286293,0.018986550735704828,0.8698355606946198,0.04034134988363072,416.0,10.797415080933366,0.0061093871217998445,0.0224,0.2727669479196974
OSP_25_08_25_20250825_221100.WAV,0.0002511946473966394,7.39386219204575e-09,1.243973582519304,5.160426902475561,10.0,42.55353579265963,-44.42586429406076,-46.35452888339188,1.9286645893311203,0.9637574629149169,0.00036327441437467023,0.1681329630667856,0.14680732098988047,0.012166947966552932,35.76529593281012,5.1325470344510435,299.0146403991033,0.27050293432550543,1.7416148660595305,0.03582945083660607,0.06240110421978221,0.8711272379838465,0.4858104592981066,2.30208582038033,0.016369385572478377,0.13660976950182654,0.1277946582920652,0.12933016821704796,0.12946523282174377,1334.916015625,5.8507734006710805,0.0023543197192318886,0.022371214085418874,0.09991768837900097,0.6287624824198769,0.33332833798148204,5.55419520948792,7.010685641914889,75484.04295009722,0.9969124705767709,0.7894713778607865,1.212060725214016,65.46406750072738,0.14030449883619434,40221.72727272727,2.0927073205647482e-19,3.615225735856576e-05,-0.09174758989609641,6.720583460163142,42.58135419964192,-34.40718745162308,0.49801446420036655,0.019038846281803017,0.9875291755214941,0.03694724592707525,381.0,5.181314771789309,0.003975950349107835,0.024296296296296295,0.16366016875181846
OSP_25_08_25_20250825_221200.WAV,0.0002614409341400588,7.562680292606227e-09,0.8195496172767306,4.304492607464457,13.0,42.87532087377821,-44.10407921294216,-46.34713967858364,2.243060465641477,0.9669401499021998,0.005810411422765505,0.24327127704360274,0.20078132495793377,0.017911028024201192,56.14003729267249,6.4991415893898425,300.4970946735873,0.3651035692987712,2.1501200877614717,0.036415321986822416,0.07829731530616886,0.8696936142308853,0.6579604360037575,2.301995362070246,0.017754689915021514,0.13904244657808815,0.12852053707030928,0.12936007910977934,0.12965825332169528,1336.90625,6.945922818603265,0.002292189469983513,0.022084650013571516,0.0992428088627546,0.6278285597399476,0.33332913021150634,5.640535363985655,7.030630222233203,75931.59671233188,0.9970915657171882,0.783642528407439,1.2181384644513853,77.46581320919407,0.1583563669867132,40150.07272727272,-5.530088171901822e-20,3.837835470549478e-05,-0.405441611205216,1020.1327280179365,42.84086352430697,-34.38934183502767,1.372826910264621,0.019078002802530924,0.8513221024777412,0.0343289371605896,354.0,10.330307006600474,0.0017455391776570986,0.016,0.10910677916787898
OSP_25_08_25_20250825_221300.WAV,0.00024813782175125135,6.802274923932538e-09,1.231112931050447,5.541488179726055,11.0,42.42105108181888,-44.558349004901494,-46.367626616351565,1.8092776114500708,0.9657436254834932,0.0005547475260037071,0.4958913361036389,0.46097644608814714,0.018043360305535217,65.52721654944034,7.141685901106563,298.6465728572717,0.25212066872909583,1.6742282028322835,0.037986482083694116,0.06359803963090394,0.8755401711923132,0.4583893136648633,2.3024226725848354,0.009428631531509524,0.13694921281479325,0.1287405003364438,0.12933107460773677,0.1287763068567549,1327.8125,5.665104836373014,0.001957102851323829,0.021989963731069036,0.0852479388942774,0.6288384814346087,0.33332844976997883,5.565511560148125,7.0231065630430995,76077.96894304865,0.9969735478458053,0.8089046107095905,1.2066029332749042,38.187372708757636,0.08190585297255358,40057.38181818181,1.8409095796578116e-19,3.507833481454103e-05,-0.0817710008095837,3.3802006085707483,42.45038969014962,-34.41723159322138,0.36030945684109383,0.019016842969258627,0.9940532401224221,0.029189294026377037,301.0,4.358393967670676,0.0017455391776570986,0.0192,0.09092231597323247
OSP_25_08_25_20250825_221400.WAV,0.00024895991220627204,6.607269917493235e-09,1.166309558520374,5.36854450876978,9.0,42.43460057813579,-44.544799508584575,-46.35964784642277,1.8148483378381925,0.9670299093020791,0.0003271099314390291,0.10324208475767249,0.09694031751191301,0.011004918229003846,33.58665161093821,4.764712844857943,299.00779510991487,0.27507284224331796,1.7588978818079948,0.03566834515140356,0.06273697673440018,0.8120357835842701,0.46556751880783465,2.3025839542014976,0.0008410407699068756,0.1359470468431772,0.12829957397114683,0.12951960387101336,0.12926861331345163,1332.888671875,5.731256140898969,0.002146903185917952,0.022299870243785685,0.09320441319107661,0.6269782931520302,0.33332870714861434,5.592582887837787,7.031158832095238,76413.97244216995,0.9970293149376996,0.8000460023510078,1.2108945050622084,48.00698283386674,0.10196558893414799,40238.70909090909,2.795217760957295e-19,3.516316460286615e-05,-0.08157893182969699,3.5794777930118804,42.460879536518846,-34.421214364552156,0.4026488579326042,0.019008125108661074,0.9922839368965763,0.034425911559348335,355.0,4.54987377322632,0.001939487975174554,0.017777777777777778,0.10910677916787898
OSP_25_08_25_20250825_221500.WAV,0.00025255228209799293,8.7601342433482e-09,2.4506912783722634,16.469319094387775,14.0,42.6780422082998,-44.301357878420575,-46.37785078231896,2.0764929038983837,0.9547873035306084,0.0008029744567361607,0.4736854722443523,0.43310617489161873,0.010939230920232523,40.480260171707684,5.3385618583666306,298.77029091602054,0.1012740239901233,1.2253724198331402,0.05292573839229735,0.06485374012522513,0.8336303243452197,0.4898612287702153,2.2869826213042925,0.09078718876829246,0.1386302654123428,0.12828057714361704,0.12870838420451075,0.12840371478275625,1323.970703125,6.046436746494463,0.002092539217825623,0.022744626859699277,0.08890649627182348,0.631212383401819,0.3333183184341361,5.003927640678326,6.954278461051124,73935.917133365,0.9960258071388955,0.8249663662132128,1.2101559527649108,38.187372708757636,0.07578753879352149,40129.74545454545,-2.077042241902897e-19,3.709241985869021e-05,-0.20044345994880908,20.538813009829457,42.69285167030275,-34.43543357867558,0.5997055662491633,0.018977033360799155,0.9740999978758628,0.03180760279286268,328.0,6.510959784813529,0.0032001551590380138,0.029333333333333333,0.10910677916787898
OSP_25_08_25_20250825_221600.WAV,0.000251529403245567,8.484596650123358e-09,2.5575698955146633,18.58988321293996,10.0,42.63041785614706,-44.348982230573306,-46.369327397666275,2.0203451670929695,0.9555997095898077,0.0005501444384320431,0.15865406920068725,0.1501643481023125,0.014839176927359587,35.641110148743905,5.259176004171676,299.14919427565997,0.14123824539621446,1.3289346425572452,0.048992724397622284,0.0651081286852598,0.8669091852968938,0.4940567612537271,2.291385805911527,0.07713763818540435,0.13877574111789995,0.12905844723931106,0.12983412144003725,0.12903505661429543,1330.48046875,5.920553288605545,0.0020383646712249055,0.02247590202629568,0.08727257744301649,0.6294219024131281,0.3333168300344886,4.956668989193337,6.959328572111271,74214.00182006056,0.9959914481573986,0.8199383092406036,1.2112197004408967,50.18911841722432,0.09236191930947532,40094.50909090909,2.3638498565977293e-19,3.6733635223281415e-05,-0.2151058187706122,34.192745758799326,42.650639089957366,-34.445246511682015,0.648396086310207,0.018955606055982184,0.9654031326299659,0.0350077579519007,361.0,6.590550678918077,0.002909231962761831,0.026666666666666665,0.10910677916787898
OSP_25_08_25_20250825_221700.WAV,0.00024791401314054606,6.599475848348217e-09,1.1544757087136355,5.139352983693747,11.0,42.40107234640718,-44.57832774031318,-46.37399231140265,1.7956645710894747,0.9668138137111165,0.0009708360810721794,0.20077737878774726,0.1755550105815945,0.02470480993362778,77.2249338768437,7.91932782129251,298.50827148200074,0.29048972525431077,1.8188457182200257,0.03534934988213986,0.06429501367499166,0.9517699448186687,0.4576728114881085,2.302582752689357,0.00117151288797821,0.13764426340801086,0.12931840382656098,0.1289938972714921,0.12879108173310055,1327.96484375,5.669488861619577,0.002138568640287072,0.021811629291872338,0.09288473342022309,0.6313313496484124,0.33332875976273085,5.598302027999456,7.029810468205943,76345.95263649721,0.9970286827965621,0.8050385242211601,1.2079700243783815,51.28018620890312,0.12283983730966927,40055.25454545455,1.4281505271314513e-19,3.492190377834892e-05,-0.08042397902265938,3.309528662135602,42.430979113764494,-34.444996066692056,0.3650941287869358,0.01895615262118253,0.9942700501302224,0.02821955003878976,291.0,4.229523052864009,0.0007757951900698216,0.021333333333333333,0.03636892638929299
OSP_25_08_25_20250825_221800.WAV,0.0002522063002568323,7.608895270170663e-09,1.3302622838239522,6.019366883643781,10.0,42.597931152443465,-44.38146893427691,-46.336004507169115,1.9545355728922047,0.9628923056224907,0.0006963322708448683,0.36225487894733543,0.3341439695482026,0.011389462649770588,41.770160319479714,5.572316265716859,299.0222364204516,0.21483758192390218,1.5472436708071784,0.04152023565593224,0.0642419218290637,0.9447653638988652,0.4957697399770695,2.3020925935013277,0.01601191154537922,0.1380726085410403,0.12838955894365642,0.13031360211442822,0.12908392735913105,1330.984375,5.923752652738541,0.002185166327223354,0.0223249197054273,0.09419897247817653,0.6291223100877588,0.333327808931404,5.503861637919354,7.005255697662485,75273.1103144547,0.9968473798424404,0.8028191346357553,1.2112468966021805,54.553389583939484,0.09980618392978373,40099.454545454544,2.947978561599374e-20,3.6543030390023416e-05,-0.08009417524523241,12.534469772803055,42.62804559083694,-34.37957016622062,0.5636413634355364,0.019099477727485426,0.9775132106429515,0.03268037238169123,337.0,6.165037153882888,0.0032001551590380138,0.019555555555555555,0.16366016875181846
OSP_25_08_25_20250825_221900.WAV,0.00026898160560236183,8.904495510508336e-09,0.8239432072406891,3.806392865664328,14.0,43.17063269377722,-43.80876739294315,-46.32694963747529,2.5181822445321345,0.963565090705902,0.027234858339491685,0.4235814452721438,0.3086545200755262,0.013455011769802905,39.478493132180596,5.301061553538627,300.9469888914747,0.5232281737884612,3.1948787450217755,0.03568116431809115,0.11399699347749882,0.9164904437394392,0.7493826200449971,2.2947042308744123,0.06430445548520983,0.140020366598778,0.12986831199189736,0.13176926556068874,0.1301450665551353,1341.92578125,7.8437171072187875,0.0030582099820579962,0.024088961935474405,0.12183351266973813,0.6269818769160469,0.33332898442476183,5.623486679390554,7.009529142901761,74804.12657343563,0.9969989816090971,0.7904669956026473,1.226737282769028,80.73901658423044,0.18911841722432354,40214.23636363636,3.811345178855225e-19,4.1044762797271964e-05,-1.3192838541524319,723.9108175243061,43.13257750168041,-34.36164600281916,1.9512949801318769,0.01913893202001398,0.8079656777412836,0.03995345228859581,412.0,11.561635877005056,0.0076609775019394885,0.05266666666666667,0.14547570555717196
OSP_25_08_25_20250825_222000.WAV,0.0002474959810067372,6.531253406395014e-09,1.1937202167421022,5.450690708873975,9.0,42.38346863323625,-44.59593145348413,-46.367555112695804,1.7716236592116772,0.966942065944403,0.0005273682632074284,0.5153597216549142,0.49579196928833247,0.014649116898156067,38.65621805186267,5.563519062687829,298.43865922617346,0.27937399233110355,1.7753647227771625,0.035434038312270315,0.06290834160513914,0.8965962060618916,0.4564159374988891,2.302574756070749,0.002422685999858132,0.13694113083115117,0.12855753089234098,0.12931475957533783,0.12886912338764428,1328.76953125,5.605755745127463,0.0018497008655804482,0.021511459809469925,0.08151834156765277,0.6272178418901098,0.3333286587125759,5.587375115625171,7.030606915750321,76420.92924719345,0.9970215218311741,0.8043131391171844,1.2071483785396873,27.276694791969742,0.06504734021918339,40126.4,-2.046605730006213e-19,3.474614645870488e-05,-0.07603808687120722,3.239352956238524,42.40906645918333,-34.42147272984012,0.35359043871046225,0.019007559712727863,0.9946441977488537,0.030449961210240496,314.0,4.058509739932757,0.0,0.0,0.0
OSP_25_08_25_20250825_222100.WAV,0.0002505724424971297,6.96105524903726e-09,1.2385464810455356,5.641067298267104,12.0,42.50739263947697,-44.472007447243406,-46.36494457312697,1.892937125883563,0.9656305532515015,0.0015140860326747774,0.6102211496949519,0.5179029458692839,0.009345395578339355,35.3059196886335,4.659826297160573,299.05630547244095,0.26132226809974246,1.7075406684522294,0.03880490503727668,0.0662609534865767,0.9207911110681642,0.4884926716500256,2.3019973174838904,0.017773907850697414,0.13722400025862347,0.1273307357671269,0.12965374969296015,0.12870186421055185,1327.044921875,5.925083817270421,0.0019624066530889344,0.022349786058976848,0.08496377909796314,0.6283722123007467,0.3333284151397327,5.561978480279118,7.0223973942492615,76039.47319590735,0.996966007392609,0.8078657349046093,1.2113435553252734,43.64271166715159,0.0822468116574532,40229.01818181818,-9.615624794717502e-20,3.57264360007102e-05,-0.1052505604208639,10.540193351240474,42.52989693996269,-34.435128702045375,0.5127444963558503,0.01897769947052002,0.9826286845822078,0.032292474786656325,333.0,5.729795815539765,0.0024243599689681926,0.01904761904761905,0.12729124236252545
OSP_25_08_25_20250825_222200.WAV,0.00025705021706305545,7.070624411282605e-09,0.9083254609026583,4.458619380939385,10.0,42.713972174769125,-44.26542791195125,-46.34380870973579,2.07838079778454,0.9676407276641307,0.0034995815356602122,0.3874209977213666,0.31555054865900556,0.011452554829631811,38.03455999908575,5.261453654111038,300.05151965623725,0.34127883641348983,2.036186038278606,0.03571453210999178,0.07272143164601823,0.7767082519389974,0.540779829444404,2.302147208855105,0.015185206733188572,0.13728865612775998,0.12811460486098822,0.13072057153371275,0.12957907513820194,1336.08984375,6.491807357559491,0.002485967655901464,0.022711115360250535,0.10616920389791465,0.6259625450265163,0.33332914983275336,5.642874956958217,7.035004585316825,76301.77921050905,0.9970994090167479,0.791009338803882,1.2180918743497546,100.37823683444864,0.18658016923673745,40295.30909090909,-2.3378815718361367e-19,3.77392752951333e-05,0.49715017019842195,200.8871823781292,42.76793556180092,-34.38910431964383,0.914118296203057,0.019078524497061065,0.928848550742972,0.0350077579519007,361.0,8.231160720296366,0.0024243599689681926,0.022222222222222223,0.10910677916787898
OSP_25_08_25_20250825_222300.WAV,0.00025059819294371985,6.942660965953205e-09,1.1425621506635084,5.034989714322736,10.0,42.507050850034446,-44.47234923668593,-46.33480134136346,1.86245210467753,0.9659492180306006,0.00034054826705165464,0.22549592294673415,0.20614199121645305,0.010332127292317472,54.672188563820264,6.243354747515239,299.1084848330108,0.259257634199129,1.6999940766688202,0.03678048895790663,0.06252661336542421,0.7830344064422458,0.47214484622807606,2.302552207266917,0.004170277159710523,0.1370300326512139,0.12837856078034968,0.1318499343319946,0.1296915915042188,1337.25,5.785405273707132,0.0027159253467170987,0.022471106173800093,0.11416119816925314,0.6286599106704581,0.33332868638382385,5.590343642219258,7.024404037650213,76051.42397411776,0.9970031522758553,0.7966673666001971,1.2108639948141318,101.46930462612744,0.14013401949374454,40231.41818181818,1.2363847319689243e-20,3.57601371887747e-05,-0.08087620204861683,3.67924339643388,42.53399176237234,-34.40319659345437,0.4516916288790611,0.019047595966223515,0.9915770402748527,0.03859581070597362,398.0,4.5742677108490835,0.006012412723041117,0.019450980392156862,0.3091358743089904
OSP_25_08_25_20250825_222400.WAV,0.00025170049384401775,7.122380185578589e-09,1.0736644414038383,4.742151150896958,10.0,42.552482511472945,-44.426917575247415,-46.36504690076934,1.9381293255219276,0.9656216304481576,0.00094132580738715,0.27542935086401377,0.2476847174979897,0.010228305044468478,38.03946464665678,4.975235003046523,299.18562173938676,0.28157400061456134,1.7838636153352676,0.036340535363279636,0.06482655879635915,0.8607156087324678,0.5076921790072355,2.3025286318199654,0.005511699271193038,0.13874341318333175,0.1280636133765661,0.13058642571176596,0.12862590619241587,1326.26171875,6.011113832517921,0.0021109131025118808,0.02225578711730205,0.0904693751515519,0.627283275772259,0.3333287540691739,5.5976799739778675,7.022362722813046,75861.95024115134,0.9970076497893922,0.7917538954068017,1.2129707094193247,57.82659295897585,0.08690658035108137,40093.92727272727,-3.8832573520411724e-19,3.621594093957272e-05,0.37701830626279176,155.34687560094912,42.588997732466794,-34.39835124086875,1.153326379181486,0.0190582275390625,0.8882243242775671,0.031710628394103955,327.0,9.792341175445674,0.00126066718386346,0.02311111111111111,0.05455338958393949
OSP_25_08_25_20250825_222500.WAV,0.0002514263744670619,6.73707785272897e-09,1.088293043960318,5.063893844905807,11.0,42.52011965821937,-44.45928042850099,-46.36624431530623,1.9069638868052436,0.9672545636042017,0.001558533043009458,0.3341929622582661,0.30704223086956195,0.01260355830894111,45.269404142833714,5.817875127049802,298.82020057555155,0.3039234821970547,1.8732473353830144,0.03703811121471235,0.06938154314057965,0.8840627304464327,0.4882868720485769,2.302509197768818,0.006407304951328107,0.13806452655739823,0.12795363174349883,0.12952866777790165,0.1286471213994763,1326.48046875,6.051628901453478,0.002012792769857434,0.022319563631920142,0.08716601751939865,0.6256841098341392,0.3333288653946099,5.6099855513599,7.032571908777563,76394.20938813279,0.9970523758137494,0.8053448485698519,1.211181689647212,38.187372708757636,0.08667927456114828,40127.05454545454,-1.0795236758381731e-19,3.598457080415067e-05,-0.13432206777972078,45.03040146720197,42.56116327129095,-34.431170695116606,0.5897834155787152,0.018986349244551226,0.9681556718651159,0.030546935608999223,315.0,6.631533357583993,0.0014546159813809156,0.02,0.07273785277858598
OSP_25_08_25_20250825_222600.WAV,0.00024771071363421243,6.529950716089992e-09,1.188068089708444,5.320310098628918,9.0,42.39019286218046,-44.589207224539905,-46.37067292968954,1.7814657051496354,0.9669993364936842,0.00041521671135802407,0.10146902555786985,0.09354367808595876,0.016705421483996896,47.163961208299774,6.016804567495234,298.6330883845252,0.27552418693130254,1.7606166609324094,0.03549848177600332,0.06249921845263696,0.8710234987787348,0.458259445287289,2.302584507048512,0.0005943545632396408,0.13664209743639477,0.12820359000046994,0.1293383257332474,0.12855070586024633,1325.486328125,5.648663971605834,0.0020652625230336537,0.0222176749894484,0.08936825594083414,0.6302126441232921,0.33332871745068204,5.593697581290411,7.030967023530599,76441.92875517478,0.9970271334923131,0.8037763522665069,1.2076855389186887,49.09805062554553,0.08334545630879643,40172.01818181818,-4.193615152106841e-19,3.480824698294424e-05,-0.07595162263591819,3.357966443749316,42.416821518449126,-34.44918160763375,0.3789571242151837,0.018947020264827846,0.9933110704311483,0.030934833204034135,319.0,4.442265539000245,0.0008727695888285493,0.016,0.05455338958393949
OSP_25_08_25_20250825_222700.WAV,0.0002514416141821194,6.577631815732441e-09,1.1253128642833874,5.228914214796672,12.0,42.51068610009408,-44.46871398662629,-46.362962582301385,1.8942485956750943,0.9678713425313304,0.0005733218898903436,0.2523605265056741,0.24027505682456518,0.010231588360162802,39.924218647279005,5.195996389651657,299.79531816903824,0.2915748131498843,1.8231633165001344,0.035936741435601736,0.06551854869993946,0.8916480893646743,0.48549410412027766,2.302577587019661,0.0020944514833209026,0.1377978210972101,0.1279236367526623,0.1301024130839309,0.12945121563136458,1334.771484375,5.981890209545389,0.0024838840194937447,0.02269035872130072,0.1060626439742968,0.6292779764315417,0.33332889564684204,5.613382544583551,7.036426056069938,76638.29723357655,0.9970653056305179,0.8027859101927379,1.2145090668014977,86.19435554262438,0.15831848268839105,40359.05454545454,3.3985861263288646e-19,3.579381309670102e-05,-0.08745194673261784,8.356163308951405,42.53807966024715,-34.37941280688274,0.5221093100518672,0.01909982374942664,0.9821763767290085,0.03694724592707525,381.0,5.5297920080006415,0.0027152831652443752,0.021333333333333333,0.12729124236252545
OSP_25_08_25_20250825_222800.WAV,0.00025332458276281964,8.183909134989842e-09,1.6162081792359515,8.061561845691381,10.0,42.66692042619799,-44.31247966052237,-46.33012860545968,2.0176489449373065,0.959854981731393,0.001043660136687441,0.1662172113371122,0.14501356957945133,0.01822239993076913,68.67964441272923,7.3041315065987655,298.9100790834292,0.1696176152143192,1.408528933951548,0.04582166754342171,0.06454114453681803,0.8675330083314978,0.4914628155255012,2.3013146921997167,0.025885313885414617,0.1377735751462839,0.12903945041178125,0.13086650043461434,0.1293513905052856,1333.7421875,5.9972016567054425,0.0030148324604791,0.023650656389156404,0.12204663251697381,0.6292825434649479,0.3333260834823238,5.367958675525487,6.98620118090893,74636.90304877245,0.9966357149672603,0.811242348241098,1.213803226546537,91.64969450101833,0.19688469838037048,39931.50909090909,6.674479992265915e-20,3.734907027807508e-05,-0.052911208855261634,6.791196465827011,42.72279795492055,-34.36128303020181,0.5556394763813302,0.019139731829094165,0.9863341976127321,0.04034134988363072,416.0,5.479861726022284,0.010279286268425137,0.03140740740740741,0.3273203375036369
OSP_25_08_25_20250825_222900.WAV,0.00024939655721008047,6.745652499755553e-09,1.1899505140260098,5.312548428289981,9.0,42.457083062247946,-44.52231702447243,-46.356915264874075,1.8345982404016468,0.9664192705294314,0.001124062039348117,0.398188915046912,0.34357288725476653,0.021691669043817807,69.28354762872686,7.4237232857112305,299.03552849343293,0.2888660366407302,1.8124096204776343,0.03642211647583867,0.06601179429896696,0.9411936802814562,0.4685502281560614,2.3025670387300377,0.0031868117622835257,0.13787055894998868,0.12950437276974747,0.1292893806360506,0.1292347068664533,1332.5390625,5.768287246884355,0.0021902807074968477,0.022362527152364108,0.09458969219810864,0.6290673340680873,0.33332864274231616,5.585669839161704,7.02733834069099,76254.70747994474,0.9970071224133602,0.8079705872468892,1.2110909798474454,53.462321792260695,0.12221474638735332,40085.36363636363,-2.214979041932083e-19,3.534346980305505e-05,-0.0868421844740039,4.013327063458316,42.48309183607299,-34.40329742142033,0.4318094647762507,0.019047374858278218,0.9910137000422583,0.03287432117920869,339.0,4.830454677955637,0.001939487975174554,0.026666666666666665,0.07273785277858598
OSP_25_08_25_20250825_223000.WAV,0.0002490789266165603,6.8254827823098575e-09,1.205312431617476,5.415266690181361,11.0,42.45213531714876,-44.52726476957161,-46.35135026272823,1.8240854931566233,0.965936705466011,0.0005095668781535112,0.20055762182624792,0.16014087228514728,0.017114137488036807,43.65046799303528,5.817304098999406,298.86603625402586,0.27289418960246176,1.7506312993242603,0.03643141971350798,0.06377798362928595,0.9066527932400631,0.46597075586827763,2.302578794471159,0.0019407661900277874,0.13693304884750912,0.12936439614584364,0.12993019885305324,0.12925099711473184,1332.70703125,5.706272237550008,0.0021703914508777035,0.022129811705074512,0.09348857298739088,0.6293792942137071,0.3333285164626703,5.572386896059485,7.024317545697471,76115.61253626388,0.9969864549171151,0.8028446593046502,1.2093411062732544,57.82659295897585,0.10795130806905247,40062.67272727272,-4.0638788630550003e-19,3.5320068102019196e-05,-0.0811746924349588,3.475153135842823,42.480215322866925,-34.419237992794834,0.40454643182030736,0.019012451171875,0.9930730147072614,0.034231962761830874,353.0,4.465916714128916,0.002909231962761831,0.026666666666666665,0.10910677916787898
OSP_25_08_25_20250825_223100.WAV,0.00027751556054374455,1.3190655296311305e-08,0.8504988656048396,2.5479321598239233,9.0,43.62443188230172,-43.354968204418654,-46.10958203672493,2.7546138323062763,0.9508852749808074,0.006015214637578148,0.14714011641174118,0.12316954913209543,0.01156919657740385,34.611871021497386,4.3234807026988875,300.09516583313933,0.28788206903476465,1.8085235787970033,0.03677114881319082,0.06650148964810904,0.9287862771980628,0.6350353884586282,2.3025756652358442,0.002330869403421687,0.13926066013642388,0.13103911646754993,0.1500257868150972,0.13631452453690235,1405.5390625,7.154195847156393,0.012182453811463486,0.0274323744466485,0.3559456648581474,0.6233965146941435,0.33332833640492854,5.554037432338353,6.930260740703882,70734.81862991805,0.996664438800621,0.6988280562848229,1.24287319013173,172.38871108524876,0.768634528658714,39988.70909090909,-1.9177630863813902e-19,4.6258906362306215e-05,-0.1276973267700782,9.312824261752084,43.651953611101305,-34.2789812411587,1.6094442543943543,0.019321949288339326,0.9558766691287854,0.1004654771140419,1036.0,7.218319447382862,0.0665244375484872,0.13066666666666665,0.5091649694501018
OSP_25_08_25_20250825_223200.WAV,0.0002476059701843342,6.799723100912128e-09,1.2483757729354243,5.48825369449891,10.0,42.4041089995098,-44.57529108721057,-46.36019861168574,1.784907524475166,0.9655502723122701,0.00020718735811198208,0.0425639061891635,0.035911571977640944,0.008118954498751774,51.95107749074098,5.5904020697122,298.48168405305773,0.2405728516946014,1.633564002107169,0.03703037496539465,0.0604914875279992,0.8298036045576807,0.4592109208230599,2.302525057137807,0.005615232087813027,0.13384573109624026,0.12694380038533562,0.12997642477818355,0.12831506552468236,1323.056640625,5.614094073823782,0.0018466701217146738,0.021712606979582307,0.08112762184772065,0.6291013141486006,0.3333284379327932,5.5643010851411505,7.021896721431965,76047.86761148118,0.9969662761141939,0.80133367696261,1.2072422053184289,29.45883037532732,0.055633092086121626,40218.05454545454,1.187602205129334e-19,3.4900964092367206e-05,-0.08058437285075852,3.4306417570192136,42.428374239280075,-34.43513240821347,0.3934283228686368,0.018977691372958096,0.9930627749429675,0.03074088440651668,317.0,4.464199506363798,0.0011636927851047323,0.021333333333333333,0.05455338958393949
OSP_25_08_25_20250825_223300.WAV,0.00024981844900875527,7.032823022274299e-09,1.1119536433344221,4.730477366507006,9.0,42.488326934906766,-44.49107315181361,-46.329634169788264,1.838561017974655,0.9654074497948235,0.0007143209632828329,0.3141048007573367,0.2685071807590145,0.008821502979685647,27.55580828035304,3.9181176296188664,298.58376251388626,0.2755054440511384,1.7605452429944415,0.0355279671824267,0.06254859361628395,0.800032217234816,0.4720276273620326,2.3025693538203513,0.002977975151472201,0.13639155594349076,0.12743071906991532,0.13142483709893343,0.1287016747890602,1327.04296875,5.739311987665143,0.0022548734361361655,0.022060859332952105,0.09750233011032979,0.6249832189716001,0.3333287252232791,5.594540231449039,7.0210209191130675,75854.84370781922,0.9969963281220289,0.7921099005996418,1.2095765801796903,62.190864125691014,0.12022582072543885,40146.70909090909,-2.8684966859728003e-19,3.5578974924393274e-05,-0.08632536451602314,3.6616921829498685,42.51193431350699,-34.38944162600359,0.4418725368585541,0.019077783619273793,0.9914189965300424,0.036365399534522884,375.0,4.728543631282596,0.0028122575640031036,0.017185185185185185,0.16366016875181846
OSP_25_08_25_20250825_223400.WAV,0.00026633769163882917,1.0444761511057534e-08,0.891595298559719,2.954965019331146,12.0,43.17730470217608,-43.802095384544295,-46.053081527206565,2.2509861426622706,0.9567680939749158,0.0020872307804218337,0.26074220180714225,0.24358158796533225,0.010240099713815787,24.893552271276736,3.610010278743188,300.3941340562785,0.2863909648370807,1.802655097469994,0.036393739615344006,0.06560536023359553,0.9443847622776237,0.5853804709992859,2.3025241928328155,0.005850019117759864,0.1388565609543206,0.12982631900472622,0.1420105739537759,0.1325868990034914,1367.103515625,6.375239234643205,0.004397609349238677,0.023058644963867794,0.17951795132153248,0.6207113293415388,0.33332861959648313,5.583208644690699,6.967033461320309,72758.76143451332,0.9968117276864328,0.7348518077582964,1.2239240490533319,228.03316846086705,0.37272466904276985,39796.74545454545,2.30896951390319e-19,4.170311338946773e-05,-0.1275893932628156,45.784039927643505,43.201684788920396,-34.064104938188706,1.015303419836492,0.019805908203125,0.9491097939875628,0.06031807602792863,622.0,6.844350270847691,0.01590380139643134,0.021866666666666663,0.7273785277858598
OSP_25_08_25_20250825_223500.WAV,0.0002772273896101091,1.0849239207703229e-08,1.067632490865495,5.263894914960986,14.0,43.50230681779241,-43.477093268927966,-46.302837668433455,2.8257443995054885,0.958094997792137,0.03319483512597765,0.42948045262029655,0.2841129516461246,0.008713749274171123,44.81774281539465,5.1648038294358205,302.3640001419835,0.5735319977365473,3.6896836090518477,0.035538022791660816,0.1311240601925019,0.8859608515551293,0.8001336046753675,2.2797360785812275,0.1089729350189792,0.13774124721171563,0.12889947378787744,0.13269287767260626,0.13021609961448938,1342.658203125,8.515743083691895,0.0026903534453496265,0.022882634383469068,0.11355735860208535,0.627617059659394,0.3333274206976487,5.469903283485384,6.975271561426239,73250.77746445533,0.9967338249074639,0.7773306989920513,1.2341640366514235,87.28542333430318,0.17665448307632625,40227.6,-2.4092680712414853e-19,4.618185622283642e-05,-0.8257865483852934,1483.2031804097862,43.64471384863829,-34.3617072731091,2.750414679026509,0.019138797014409844,0.7334569132603084,0.04247478665632273,438.0,13.206085551277196,0.003975950349107835,0.01822222222222222,0.21821355833575795
OSP_25_08_25_20250825_223600.WAV,0.0002555585443984371,7.69903149680269e-09,1.180229776992277,5.586079587045458,10.0,42.70587565936715,-44.27352442735322,-46.341628697644225,2.068104270291002,0.9638549326766562,0.001005658809274057,0.5225502155624899,0.4226635346350208,0.009407198402382022,46.610289490841275,5.6749628302234,299.7258770011102,0.2510132550381121,1.6702742250822742,0.037530011765881964,0.06268541131958713,0.8271969020606671,0.5455731472488754,2.3024092968953265,0.00957040236045117,0.13652086768176383,0.12721375530286444,0.12976886131044152,0.12898637529095142,1329.978515625,6.295553404196084,0.0023613283144214917,0.022715131622190316,0.10091224766610087,0.6304290093310199,0.33332808330816127,5.529332699011661,7.011293563445356,75383.65433131698,0.996912476630281,0.7865629751918939,1.2150902241876578,52.37125400058191,0.11857785374842403,40189.87272727273,-3.1716001878662025e-19,3.765458330654641e-05,-0.28394313065155896,353.603521812226,42.758178459708546,-34.40727051890996,1.05588220136233,0.01903866420514656,0.9076433966067381,0.034231962761830874,353.0,8.979813205881534,0.0028122575640031036,0.022095238095238095,0.12729124236252545
OSP_25_08_25_20250825_223700.WAV,0.0002519741700042326,6.9219274468212135e-09,1.0880315291456357,4.93018542415314,11.0,42.5486226144939,-44.43077747222647,-46.344174192578095,1.9133967203516278,0.9665509681551184,0.001228455171447318,0.4001149177685438,0.35728147268104926,0.011163742124117082,40.5009933331262,5.208819543123366,299.2792704436091,0.30821191606949366,1.8910587598396829,0.0359928136648761,0.06806452557224138,0.9085490474900504,0.4854141963340901,2.302509868058764,0.006388470678705005,0.13692496686386707,0.12849454141158426,0.13061180465105318,0.12925857397439627,1332.78515625,6.015707245081016,0.0021940691373290664,0.0225327199809412,0.09402137260548012,0.6316726002552061,0.33332881578086954,5.604463956209234,7.028172473931568,76172.2429284824,0.9970320694742418,0.7970918058422054,1.2127137259322698,54.553389583939484,0.10562142372223839,40122.490909090906,-3.502669534887473e-19,3.639603626109125e-05,-0.28722812446911905,98.35248891713431,42.61054089042759,-34.4073618405771,0.7467857464094507,0.01903846403757731,0.9494409284460338,0.03345616757176106,345.0,7.408691838142182,0.0024243599689681926,0.016666666666666666,0.14547570555717196
OSP_25_08_25_20250825_223800.WAV,0.00024820225423172296,6.692336231022077e-09,1.2100563146380858,5.418653921723104,10.0,42.41609659051573,-44.56330349620465,-46.352906517308774,1.7896030211041278,0.9663135625161068,0.0003214484007455498,0.31958278865330547,0.31074857393842936,0.012518485063380824,36.55643228527527,5.194197686200812,298.4242200200335,0.265843236054525,1.724213816749004,0.036121141743603036,0.06228057167106956,0.8839072163341104,0.4598248041432248,2.3025836892052896,0.0009051130266055196,0.1370300326512139,0.1280966078664863,0.1302990998634069,0.12873046685578507,1327.33984375,5.6482045267623615,0.0019673316118708176,0.022140389969937183,0.08560313863967023,0.6272416940706396,0.3333285757773426,5.578582090116119,7.0266747131235,76243.52560566102,0.9969988167670045,0.8020887152522537,1.20767556633643,40.36950829211522,0.08040942318882746,40133.145454545454,-2.227174673641981e-19,3.5028537655378454e-05,-0.07801885196933879,3.314750259309956,42.44422007101987,-34.430944666676055,0.3700429742434821,0.0189868433229851,0.994238551028833,0.03074088440651668,317.0,4.22812986929416,0.0006788207913110938,0.018666666666666665,0.03636892638929299
OSP_25_08_25_20250825_223900.WAV,0.00025141845992578783,6.738695950943046e-09,1.134620118121969,5.295228658362749,11.0,42.51997303182133,-44.45942705489905,-46.35303815493069,1.8936111000316345,0.9671291835498732,0.0016416495408281273,0.3847473444202294,0.3611713051725266,0.01028554433756701,56.33137497389834,6.392783034286252,299.256243142252,0.2957614431528516,1.8399467489453156,0.036830630559036986,0.06776639895870609,0.7788194782691326,0.48130661457723145,2.3025540017513197,0.0041579059415331795,0.13719167232405524,0.12774166714158736,0.13033082353751596,0.12932828108330907,1333.50390625,6.004898650934481,0.00228101360197847,0.022533222194196553,0.09757337005940833,0.6277615115508985,0.33332876448586657,5.598818645826223,7.031782319128217,76401.2923531875,0.9970376211200392,0.802711740115155,1.2138377704490217,61.09979633401222,0.13013256473668897,40213.454545454544,2.961435810382709e-19,3.595866160708016e-05,-0.13119317704076838,20.514972816263743,42.558035187820806,-34.389422702944465,0.5833583216006204,0.019077825182134456,0.9748298104996067,0.03452288595810706,356.0,6.02783756663532,0.0035880527540729248,0.016444444444444446,0.21821355833575795
OSP_25_08_25_20250825_224000.WAV,0.0002508942138396576,7.026493439341914e-09,1.106502987051908,4.763758622780028,9.0,42.52149152776762,-44.45790855895275,-46.31925047381629,1.8613419148635373,0.9657299361721173,0.00040483599634388856,0.3007134011256577,0.28043540697161606,0.01091605450831623,35.73894448667717,4.924225742175489,298.9525274524702,0.27299391383112914,1.7510086064608745,0.036249609026355,0.0634733773859894,0.8821914224538538,0.4771312978841822,2.3025790674628848,0.0018629059696865014,0.13764426340801086,0.12777966079664696,0.13140036455033505,0.12934513959606248,1333.677734375,5.771385852232569,0.0023177613713509845,0.022339496116767422,0.09835480949927256,0.6267056704027119,0.3333287572413543,5.5980264575535195,7.023037962452706,75948.29724514896,0.9970068332537128,0.794497976439178,1.211535717805488,64.37299970904859,0.11850208515177965,40187.98181818182,-3.8891448983838816e-19,3.586198240494312e-05,-0.08381875088508059,4.265710038617773,42.54634293138356,-34.37547798677225,0.46034476561565896,0.01910847817623254,0.989930547958815,0.03646237393328161,376.0,4.910399446378376,0.0034910783553141972,0.021333333333333333,0.16366016875181846
OSP_25_08_25_20250825_224100.WAV,0.0002593783378716586,7.341417604506127e-09,0.8151286470851692,4.14682498939016,11.0,42.80056715562844,-44.178832931091925,-46.317456740646314,2.138623809554389,0.9673387127340264,0.007417115139293218,0.3139899399653955,0.2766357184563315,0.01389494332273844,44.13025697717569,5.884472410986293,300.2843051046649,0.4022822407250137,2.346060860607421,0.03579701198572295,0.08398196874639935,0.9191018767587061,0.6037109308443322,2.301718152965851,0.021406026503274233,0.13766042737529502,0.12891847061540723,0.13051300806597074,0.129316158107846,1333.37890625,6.772422152864998,0.0022355524439918537,0.02209408393846435,0.09721817031401551,0.6246888070119927,0.3333292458503895,5.654484452918006,7.033124999996295,76076.66183936916,0.9971082758891899,0.7965359304153125,1.2181317494828203,67.64620308408496,0.14367620138686837,40074.21818181818,1.5334955527634976e-19,3.7827343862176386e-05,-0.29734525337042567,185.61901941159607,42.77805847332964,-34.3755137045519,1.31945655335862,0.01910839959924871,0.8781098511391576,0.03558960434445307,367.0,9.97318359445624,0.0018425135764158264,0.016888888888888887,0.10910677916787898
OSP_25_08_25_20250825_224200.WAV,0.000259043249581101,7.76638908899299e-09,0.8928123622498036,4.005616601536072,12.0,42.815166092477014,-44.16423399424336,-46.31220362699736,2.1479696327539983,0.9652565312634508,0.0059833038656174065,0.4772981716494358,0.32283827893715233,0.00986215238369359,42.76704576594215,5.144227758720858,299.79633657409727,0.35886642398048907,2.1194747472391557,0.03572958017702569,0.07572794291466267,0.8937111149638266,0.5475878440310105,2.3011024486481544,0.027463383839741517,0.1358743089903986,0.1278966412609094,0.13251069314415145,0.1294551934826884,1334.8125,6.644212810687272,0.0025611679880709923,0.022329304390276486,0.10851352221750728,0.6265754084212275,0.33332903580471024,5.62942907532069,7.020100105864591,75504.7291614868,0.9970373462473114,0.7824350520737225,1.217917734176295,70.91940645912133,0.15579917684996605,40132.96363636363,3.0833921274816847e-19,3.8907741640814766e-05,0.6483685283364364,482.0965264941774,42.900360233661615,-34.37552976774835,1.4242736335133088,0.019108364261280406,0.8610133750385405,0.03578355314197052,369.0,10.368345307830836,0.003975950349107835,0.019878787878787878,0.20002909514111145
OSP_25_08_25_20250825_224300.WAV,0.0002549336545543026,7.460734113276301e-09,1.1153334412290716,4.896188850927865,10.0,42.67259762683697,-44.30680245988341,-46.338913022387246,2.0321105625038385,0.9648548728478894,0.012888134021750819,0.6838708450342721,0.5691190562233883,0.01012669578852643,50.5096589365393,5.726239345228734,299.6088739245256,0.3578838254294256,2.1147011696715667,0.036530063357245464,0.07725016770974343,0.8760491599308575,0.5528011230631779,2.294632063758497,0.0642982895791528,0.13896162674166748,0.12676483027334437,0.1295150719175692,0.12859844007613228,1325.978515625,6.448284846937755,0.0020955699616913978,0.022345463348490403,0.0908245748969447,0.6272613386469715,0.33332861491725513,5.582712551332877,7.0175618240984345,75652.92242688974,0.9969725575530297,0.806235834392198,1.2149341574092267,29.45883037532732,0.09957887813985065,40211.89090909091,3.1123830364817214e-19,3.7010783937336304e-05,-0.1736367242323901,64.10249528603251,42.683282841238494,-34.4032600815951,0.7522287763362101,0.019047456741333006,0.9541977454133285,0.0343289371605896,354.0,7.3540526307340395,0.00126066718386346,0.017333333333333333,0.07273785277858598
OSP_25_08_25_20250825_224400.WAV,0.0002563500160308686,8.11082222570142e-09,0.9828566890947033,3.8803639952306943,8.0,42.75420207724855,-44.225198009471825,-46.22052047681506,1.995322467343236,0.9628075601703864,0.0010833469555658892,0.14091261780228037,0.12146070697449074,0.010344410818061034,37.50865009362737,4.694812391609403,299.0704418140323,0.28548540448757104,1.7991030729969322,0.03580233150575936,0.06441208463246655,0.9606655169759237,0.5043461950924366,2.3025833707511554,0.0010045275263411923,0.1387030032651214,0.1295393669257234,0.1382155161396458,0.13101962558190283,1350.943359375,5.995797031621494,0.004241904883134516,0.023452436465855146,0.16321428300800195,0.6257311340568757,0.3333287716103473,5.599598934664553,7.004779745015382,74856.98754774158,0.9969518430964556,0.77068481504754,1.2176459432075322,163.66016875181845,0.27897997284453496,39902.98181818182,-4.382647443610253e-19,3.7875021131851944e-05,-0.08919942315081215,4.18322494506532,42.783528838191174,-34.29261197768418,0.6333832843405744,0.01929165119980321,0.9871136530431759,0.05449961210240496,562.0,5.088555983615356,0.01425523661753297,0.026133333333333335,0.5455338958393948
OSP_25_08_25_20250825_224500.WAV,0.0002522454645965806,6.934745597513552e-09,1.0517437767738556,4.73480747806451,9.0,42.55784052055318,-44.4215595661672,-46.3130581620925,1.891498595925306,0.9666507337201702,0.00042718775238570483,0.16843379707937745,0.14822260182504765,0.009882780586839779,53.31636338968764,6.013206337757763,299.4253382584578,0.27660358935175355,1.7647358634358854,0.03536731221842401,0.06241396426518704,0.8332314016490046,0.485628274770563,2.302579925446672,0.001697942313905898,0.13616526040151297,0.1279256364187181,0.1305238847542367,0.12961070852730094,1336.416015625,5.940287286377256,0.002633716419357967,0.02299507823431888,0.11135512018064986,0.62962960804917,0.3333289017873854,5.61407488683478,7.028801018502179,76167.91417886148,0.9970443320025391,0.7907453923123722,1.2149918042922978,92.74076229269713,0.1897435081466395,40250.12727272727,1.678371246696591e-19,3.616803466856881e-05,-0.07867731424246474,3.842489671792018,42.583249103158,-34.36133826766517,0.47004025277068706,0.01913961011135217,0.9908737195505449,0.039371605896043445,406.0,4.771220131608047,0.0037820015515903803,0.017333333333333333,0.21821355833575795
OSP_25_08_25_20250825_224600.WAV,0.0002504325603973267,7.022194898038375e-09,1.110878090145457,4.784667416004159,11.0,42.50683581708867,-44.472564269631704,-46.31175429570553,1.8391900260738296,0.9656224649270809,0.00038656115682778047,0.18135511884590705,0.1723125285212722,0.00885403727853351,53.84834443589292,5.685059979337123,299.0046926414349,0.2736119084001373,1.753349102399269,0.0353660918816707,0.0620091054560974,0.8405968882244408,0.4742409281170282,2.3025830781295973,0.001052741272661173,0.13590663692496688,0.1274267197378038,0.13102330602378187,0.12898182917515277,1329.931640625,5.749558196731378,0.00225165327077878,0.022324100023894084,0.09679193061954414,0.6295379909682113,0.3333287329004222,5.59537392955538,7.022365194025774,75917.84596462315,0.9970022019599859,0.7897910767944,1.210102665409933,60.00872854233343,0.118994581029968,40144.41818181818,-2.2637615687716733e-19,3.575433762278771e-05,-0.08470585907733756,3.852147031733802,42.53328736804721,-34.361803552119184,0.4176394387637785,0.01913858487100312,0.9918188330418248,0.03403801396431342,351.0,4.713590288982725,0.0021334367726920096,0.019555555555555555,0.10910677916787898
OSP_25_08_25_20250825_224700.WAV,0.00027164495259703275,1.1814822814384082e-08,1.08295965210617,3.855562989451223,14.0,43.39713175478402,-43.58226833193634,-46.22554340353129,2.6432750715949496,0.9527221222936745,0.010925825257984467,0.4963881939798357,0.3484776382243804,0.010581808109829782,48.74624274005368,5.458276554233793,300.08283944656245,0.28045687915371836,1.7795415480419368,0.04504921225560813,0.08016694491541468,0.9149823007131072,0.6395136593614671,2.3000120422130297,0.03653293170575811,0.13889697087253094,0.13001728711305213,0.14104526787017221,0.13243100511589564,1365.49609375,7.258453222316704,0.006939456345165357,0.026887968431667155,0.21944240270368576,0.6280904786410807,0.33332756969773714,5.482664906901746,6.941691749162281,71728.3390100028,0.9966095291567599,0.7597852666366774,1.2321685291709603,135.29240616816992,0.4716405719619824,39952.81818181818,-4.143150469169334e-19,4.393172465653524e-05,-0.20019736658971213,86.70400060035942,43.427782529833735,-34.30610588621204,1.5556244049225185,0.019261704046075995,0.9161101352594735,0.07050038789759504,727.0,8.264807515167718,0.034716834755624516,0.11231372549019607,0.3091358743089904
OSP_25_08_25_20250825_224800.WAV,0.0002492179969811199,6.813760761454765e-09,1.1863062651895575,5.340340540668087,10.0,42.45576478639699,-44.52363530032338,-46.34980320113735,1.8261679008139708,0.966082331188643,0.0005718475664163725,0.25048103307903136,0.22109284077291946,0.013343016995878476,38.27667667713014,5.321311107801076,299.0323018307956,0.2729714684065713,1.7509236750538515,0.03629624224832875,0.06355194986808865,0.8950280392716986,0.46926438564762224,2.3025759710482596,0.002215838350584853,0.1353408980700223,0.1276546816681614,0.12884706197990167,0.12867155677189412,1326.732421875,5.740456524886718,0.0019480106197265056,0.022008555180645206,0.08407577973448109,0.6300732267946991,0.3333285761281291,5.578618957730098,7.025230456817576,76137.43187082892,0.9969952958805774,0.8006740108550691,1.2095354121724355,38.187372708757636,0.09776043182038599,40134.92727272727,1.6079309600963204e-19,3.535629265999155e-05,-0.08184821239985922,5.110058603162314,42.4846672009333,-34.403251839812995,0.4379744815337858,0.019047474814906266,0.9891860996682756,0.03365011636927851,347.0,4.920435641651401,0.0008727695888285493,0.024,0.03636892638929299
OSP_25_08_25_20250825_224900.WAV,0.00024744961214025055,6.726030302775023e-09,1.1919143573374569,5.220161940296224,10.0,42.39446346374119,-44.58493662297919,-46.383222187358655,1.7982855643794622,0.9660048561945052,0.0002774545928986294,0.11733163264850988,0.10700974507662031,0.012300267781301333,41.628246346393695,5.362834509003487,298.6307284773872,0.26429972089609427,1.718498357015755,0.03578860894339888,0.06150266566911033,0.8404096599400829,0.458957624340731,2.302580285198384,0.0016560873269893862,0.13868683929783723,0.1285625300574804,0.12941808811386443,0.128610752473087,1326.10546875,5.632761788414391,0.0019338040078556882,0.022331677352617936,0.08372057998908827,0.6289470181244664,0.33332861347001813,5.58255921438265,7.02474698061276,76130.50413419148,0.9969949339578806,0.7990101024258494,1.206257038665938,28.36776258364853,0.06239543933663079,40183.545454545456,1.7557504272007684e-19,3.486560693038292e-05,-0.0786115063792026,4.150586528566026,42.423972296792414,-34.44513360873317,0.39129959616411725,0.018955852450746477,0.9918617824272027,0.02986811481768813,308.0,4.681900762206357,0.0011636927851047323,0.021333333333333333,0.05455338958393949
OSP_25_08_25_20250825_225000.WAV,0.0002487204425049282,6.4515203445948575e-09,1.1780405100719296,5.5031770506001925,10.0,42.41715736257618,-44.5622427241442,-46.369704372170006,1.8074616480258072,0.9676656719501865,0.0003589238705496989,0.142326450151822,0.13479647358197755,0.014578347025647753,37.93598707342629,5.388622650626846,299.1107055503898,0.2677621260470655,1.7313528446748339,0.035698028431522255,0.06180588307419915,0.8990777361166141,0.46339680916740145,2.302584333375551,0.0006786827316268784,0.1368199010765202,0.12778066062967483,0.12911354084241763,0.12918185827029388,1331.994140625,5.7266740686529864,0.002245970626030453,0.021756478875439265,0.09711161039039767,0.6298397048668689,0.3333287510275846,5.597347979626146,7.035133690024045,76628.44260345644,0.9970467992622857,0.8026457680732494,1.2102192838895993,61.09979633401222,0.11662681238483173,40324.854545454546,4.213170216745125e-19,3.503395263640947e-05,-0.07943385269489144,3.5703820061987788,42.444891384978675,-34.43319129602696,0.3793258673591069,0.01898193359375,0.9928463987912017,0.030546935608999223,315.0,4.526865624119212,0.00126066718386346,0.017333333333333333,0.07273785277858598
OSP_25_08_25_20250825_225100.WAV,0.0002489329896100878,6.74882600271799e-09,1.199914564638514,5.460590247580179,10.0,42.442707436104,-44.536692650616374,-46.36018659271854,1.8234939421021679,0.9662802023425293,0.0004043260924578851,0.2000076733040529,0.19181420693708728,0.01343023591156145,53.33774064073049,6.252932651023601,299.1097511073096,0.26222349007163104,1.7108480320065773,0.03628510781817945,0.062078305301878786,0.8179252973837723,0.46765429987576274,2.302571795761321,0.0026723840821704314,0.13776549316264183,0.12835056545556892,0.1302039288410798,0.12910021760740958,1331.15234375,5.724029018508627,0.002099547813015227,0.022246962194698343,0.0904693751515519,0.6278359605824025,0.333328561930007,5.577128904631578,7.026466012125423,76211.80729365234,0.9969976518808108,0.7995107019818698,1.2096001966135406,65.46406750072738,0.11147454781301523,40204.4,-2.206988800466978e-19,3.521059126620651e-05,-0.08574393145423197,3.69865885528445,42.4667331792718,-34.40732356035391,0.4258461428977327,0.01903854794357762,0.9920713566560048,0.03549262994569434,366.0,4.52509630898155,0.0024243599689681926,0.01904761904761905,0.12729124236252545
OSP_25_08_25_20250825_225200.WAV,0.00024963891568662163,6.911407038971013e-09,1.2011983986449797,5.307925503517813,9.0,42.47510544717735,-44.50429463954302,-46.33868512671497,1.8343904871719516,0.9656894709471909,0.0008002330742725716,0.21357900726586843,0.18273514176852335,0.013277072491565955,43.264929239572375,5.761683038168693,299.13978021803695,0.2650243727020063,1.7211786700365044,0.03656137548784737,0.06292865963687838,0.8444097768646482,0.4712821460002792,2.3025795242816667,0.0017848948522493301,0.13879998706882615,0.12786864593612865,0.1293111340125825,0.1290316470274464,1330.4453125,5.737762946827227,0.0022268390553777523,0.022323545275540202,0.09522905173981572,0.6287419352492132,0.333328533905549,5.574200785043258,7.022772426311583,76034.60495832651,0.996980856606845,0.800102924455821,1.2105154821704684,62.190864125691014,0.1220442670449035,40181.61818181818,-2.6353077968990693e-19,3.549977413204803e-05,-0.0767104106446567,3.5125324591651905,42.502255898574255,-34.379733786997576,0.40964468409399046,0.019099117943734832,0.9927933390308362,0.0321955003878976,332.0,4.588810086651371,0.0016485647788983709,0.022666666666666665,0.07273785277858598
OSP_25_08_25_20250825_225300.WAV,0.0002567929203962827,9.785499710168832e-09,1.767758297001654,8.534022815009996,12.0,42.86467051344545,-44.11472957327491,-46.34148254979581,2.226752976520906,0.9533394287784427,0.0007775755417515073,0.28941792428606716,0.27503721405341275,0.013577320702799933,37.06915422092513,5.213657310783815,299.9719474719303,0.1285526746554151,1.295032576075859,0.0484458225633522,0.06273891839433197,0.8424030961452669,0.5962237538403242,2.2993614828886595,0.04060941001735881,0.13951120162932787,0.12803561805178537,0.13024562281276597,0.12931596868635437,1333.376953125,6.2980619258127355,0.0021624357482300455,0.022434935813067866,0.09309785326745879,0.6298298990496282,0.33332411716358235,5.247969373175528,6.945398788940123,72908.09301758911,0.996325185634611,0.79128030166622,1.2134877434438895,46.915915042187954,0.0996735888856561,40045.145454545454,2.0278391760388275e-19,3.844879549201948e-05,0.01918564436191607,355.991148698731,42.848827389524516,-34.393386487806616,1.3471759262077967,0.019069121048667214,0.8645947474938999,0.034425911559348335,355.0,10.20990721339258,0.0031031807602792862,0.024380952380952378,0.12729124236252545
OSP_25_08_25_20250825_225400.WAV,0.00025321892355189716,7.430240585486374e-09,1.2159363944301067,5.503703756055728,10.0,42.618199951807114,-44.36120013491326,-46.31059712105376,1.9493969861404992,0.9642667095920997,0.0020280402938760433,0.7525933324039106,0.687359002308187,0.016204492945659066,57.67768341710719,6.698925716178178,298.7649569522636,0.2805401837116713,1.7798633846125544,0.03769223066078282,0.067087021237498,0.8646365337363559,0.4899270097172851,2.301238322669454,0.026550293229074384,0.13762809944072674,0.12845054875835735,0.13177470390482174,0.1298580929953448,1338.966796875,5.981243251480848,0.00302733427892542,0.02366094130030983,0.12272151203322018,0.6303664176883398,0.33332821287427045,5.541827086773878,7.0138686070052,75583.00350370411,0.9969248361958448,0.799335440407807,1.2126130568396905,109.10677916787897,0.18131425176995442,40180.38181818181,3.108939873218798e-19,3.6653059745331406e-05,-0.08577722666022572,5.15337348032786,42.64110234776532,-34.37559057906505,0.4934952148833389,0.01910823048100327,0.9890836067533157,0.038498836307214894,397.0,5.096490157389791,0.008339798293250583,0.026980392156862744,0.3091358743089904
OSP_25_08_25_20250825_225500.WAV,0.00025084825857211405,6.918396301254357e-09,1.2219144689627934,5.546348143098442,9.0,42.51334379458699,-44.46605629213337,-46.34292709308224,1.8768708009488648,0.9659281749957874,0.0004701690655315449,0.2218141887570917,0.2136443862245231,0.015420647128065679,44.36306086791606,5.78805489819373,299.2173556370799,0.2411857856214981,1.6356912694869286,0.03792582256848574,0.06203493686338245,0.8629798254052219,0.4740018042879612,2.3025159065809646,0.0060940221260315395,0.13796754275369347,0.12820558966652568,0.12944799900659582,0.12922485694888952,1332.4375,5.850111951691311,0.002473276415963534,0.022600531449768337,0.10531672450897188,0.6268553302060741,0.33332848409611304,5.569038425440108,7.024261486085872,76121.76850066998,0.9969807997332741,0.801839870075205,1.2128535244921061,93.83183008437591,0.1679221523130637,40282.4,-2.7460146950932255e-19,3.577401140418374e-05,-0.0821644059109359,3.7117940150365127,42.535676411001546,-34.42621297485263,0.4482130358555878,0.0189971923828125,0.9921700820784816,0.037529092319627616,387.0,4.585941398441724,0.004363847944142746,0.018461538461538463,0.23639802153040443
OSP_25_08_25_20250825_225600.WAV,0.0002494706435664028,6.692822336225321e-09,1.1641780309281535,5.340507471490109,10.0,42.45608320544772,-44.523316881272656,-46.362368411246315,1.8390515299736592,0.9667666456297271,0.0006504100338852181,0.32267380613121976,0.2993596923941112,0.012708841804865534,41.08831908404724,5.500848938938452,299.0813057909969,0.2925439248937771,1.827030638898259,0.03564944166450043,0.06513262218065843,0.8079872794019701,0.4792746966564805,2.3025755692352843,0.002312479211230389,0.137910968868199,0.1280006238958094,0.1297951466404176,0.12879392305547474,1327.994140625,5.828999790511596,0.0019237646688003104,0.022085787955030148,0.08375609996362754,0.6294607051817724,0.33332867548043904,5.589171839821515,7.029512456297377,76327.93754543895,0.9970212437426321,0.8009288568807968,1.21063228997577,29.45883037532732,0.07429110900979537,40189.90909090909,1.3467762258947212e-19,3.5329042106451626e-05,-0.1098312046180259,8.851740322604028,42.48131862356387,-34.445200966302245,0.5039539537098463,0.018955705451965333,0.982536444358504,0.03074088440651668,317.0,5.793933375007601,0.0015515903801396431,0.017066666666666667,0.09092231597323247
OSP_25_08_25_20250825_225700.WAV,0.0002522169670874104,7.527971682979176e-09,1.161053146251682,4.988166385689979,9.0,42.59332195010305,-44.38607813661732,-46.27823750996092,1.8921593733435955,0.9637041594737192,0.00048767307720753994,0.41662478944983494,0.3874990353485078,0.010414642613887914,37.18788710714133,5.02161031254948,298.8402502873751,0.25194160385151076,1.6735880651796078,0.03788868515850379,0.06341005128661968,0.8866628635900915,0.4845971833817893,2.3025339110214578,0.005226182105323396,0.13944654576019136,0.12802961905361804,0.13248622059555307,0.1292064830642033,1332.248046875,5.81377329758932,0.0026501960891281155,0.022782106149283103,0.11050264079170707,0.6270868956424334,0.3333283735485149,5.557767956439134,7.0103598891771135,75353.41565266556,0.9969259782792074,0.7906927879843896,1.2112160977980357,86.19435554262438,0.14547570555717193,40010.12727272727,1.6062488039984036e-19,3.651558842762227e-05,-0.07998398026192073,4.174385914283023,42.62478303438659,-34.33824338922206,0.4879197812840914,0.019190568062753387,0.989267571697643,0.03975950349107835,410.0,5.029408487751061,0.008533747090768038,0.020405797101449276,0.4182426534768694
OSP_25_08_25_20250825_225800.WAV,0.00028024099921433233,1.3433652757805504e-08,1.0882461829960337,3.84965100437383,12.0,43.70849877533287,-43.270901311387505,-46.20755173949436,2.9366504281068586,0.949955033816082,0.014827223750607854,0.5797294567306264,0.33909257615875577,0.008319648294829896,46.63523032386423,5.275353006324658,302.81688624108244,0.41292682582245904,2.4067303497590333,0.03802849143772858,0.0915243244987329,0.9194524944173281,0.8484005073534288,2.289154391573782,0.08254140366366461,0.14031131800989236,0.12952636909636092,0.13615529010393582,0.131054100293376,1351.298828125,7.903933297607431,0.003417353130152265,0.023149413946990792,0.14023285948108632,0.6240851053170425,0.3333272721578953,5.457497260678606,6.924382957423595,70815.46824788193,0.996516236175239,0.7341568297375977,1.2378909009992345,153.84055862670934,0.30104757661720494,39991.01818181818,-3.9702563627303125e-19,4.808498507226151e-05,0.04515303906406363,1605.6406704090161,43.82009485557634,-34.26512535912528,2.550819849676877,0.01935279659502434,0.7700548291696129,0.05343289371605896,551.0,11.855504709902531,0.013188518231186967,0.020148148148148148,0.6546406750072739
OSP_25_08_25_20250825_225900.WAV,0.0002640366712144644,9.453538333191821e-09,0.99673955153295,3.9776261253147065,10.0,43.05764591798035,-43.92175416874002,-46.127169704089546,2.2054155353495233,0.9595283162339765,0.0013045651538438063,0.1442450609047643,0.12808661400770027,0.010359441728313823,40.883953308525335,4.895471635644483,300.5110452724507,0.27334008307010643,1.7523191432519256,0.038090528798209795,0.06674676278969179,0.9131780605654864,0.5626098970656619,2.302258130265562,0.013154703243726829,0.1389131348398151,0.1303262355186684,0.14137519408090626,0.1326401264426341,1367.65234375,6.376187872801964,0.005253794491319951,0.024231697871251706,0.20114961581595536,0.6265920142021987,0.33332830625152876,5.551029305839464,6.984267472214579,73778.04222440168,0.9968417422071049,0.7539973777289369,1.227038869107636,226.94210066918825,0.37946807414411793,39957.74545454545,-2.6646403938564955e-19,4.069234455031184e-05,-0.21098465750973194,26.15826331531405,43.09512713100499,-34.173779780557204,1.1993291685978207,0.019557395166339295,0.9457992894409664,0.06778510473235067,699.0,7.148161098412066,0.022013188518231187,0.02952845528455284,0.7455629909805063
OSP_25_08_25_20250825_230000.WAV,0.00025129888256150907,7.20252139053727e-09,1.092306114702782,4.6142471219264225,9.0,42.54496602088709,-44.43443406583328,-46.31397837472449,1.8795443088912123,0.9650824552572429,0.0005461126493835344,0.6349964874733967,0.5943747122294365,0.00910653717537413,66.83799849085082,6.677616141918027,299.2801720367903,0.2670322034662687,1.7286328396120194,0.03595536511696189,0.062153624901420776,0.8622586461956923,0.48478828579343886,2.302506549713467,0.006406190379728116,0.13669867132188926,0.12714776632302405,0.1310541233072021,0.1292938063718359,1333.1484375,5.828258637163439,0.002323822859082533,0.02228423240186994,0.1006636078443259,0.6257303025105669,0.3333287341858841,5.595513660048681,7.018990750356682,75725.43782267811,0.9969908242623144,0.7890996259126352,1.2122144850638752,60.00872854233343,0.12429838279507323,40244.50909090909,-3.957272220349516e-20,3.603844733376243e-05,-0.08346593253947673,5.208153753329401,42.56766071738076,-34.388889084913345,0.5626700974235774,0.01907899726520885,0.9833550359131003,0.03888673390224981,401.0,5.582566016018273,0.0027152831652443752,0.016592592592592593,0.16366016875181846
OSP_25_08_25_20250825_230100.WAV,0.00025961591894126075,8.71014409854739e-09,0.9279412974214162,3.5113580822466837,13.0,42.8865494103257,-44.09285067639466,-46.33321088871188,2.2403602123172206,0.9614142580442233,0.0033196306377774043,0.25400120888788225,0.2205883117130817,0.01388879590703429,41.433698292203964,5.585476187707273,299.3343764439778,0.2913471915332795,1.8222565071424863,0.03553688782353036,0.06475732508002079,0.8403546177295609,0.533638775171662,2.302087877560334,0.01621231756546937,0.13764426340801086,0.12751270537820183,0.13166231145940685,0.12965901100766175,1336.9140625,6.565830660847042,0.003499183214528174,0.024498930938259354,0.13312886457322987,0.6295252916192879,0.33332880060198833,5.602786782790701,6.996075699485819,74326.23769682249,0.9969274641044287,0.7583382829132109,1.217775096267259,99.28716904276986,0.19614595456308795,40207.87272727273,2.5007353090657173e-19,3.8859629469947495e-05,-0.09952678453744347,32.062317163459056,42.894986552466676,-34.40728294136376,0.9361308447285381,0.019038636976299865,0.9508388480298464,0.04160201706749418,429.0,7.7975069136032715,0.008727695888285493,0.032,0.2727669479196974
OSP_25_08_25_20250825_230200.WAV,0.000253809855814102,7.197943945606978e-09,1.1316126587887776,5.261996850689372,13.0,42.62228440252821,-44.357115684192166,-46.37047152174293,2.013355837550762,0.9657033536476988,0.006293679885945314,0.48884248263265984,0.32627398610146563,0.011755541093474209,54.65601700193077,6.345504898358748,299.57966643288216,0.3483275652127747,2.069026543455089,0.036775145359507516,0.0760887518882403,0.8864960766975679,0.5260206945600129,2.3014660894804644,0.02424123913820466,0.13829890408301812,0.12890047362090531,0.1292966317615612,0.12861416205993598,1326.140625,6.360042530384398,0.0021647088061293764,0.02267475654250279,0.09178361420950533,0.6276197527503442,0.33332857679256106,5.578688796882613,7.022863659769262,75927.92837179074,0.9969900706727158,0.8068670844218847,1.2143737804825863,41.46057608379401,0.09128221680729319,40178.25454545455,2.0149076010360915e-19,3.683027463274105e-05,-0.3469285892100267,111.00659754174194,42.66204957275747,-34.44521437537541,0.9990155964217351,0.018955676188613428,0.923618000846229,0.03491078355314197,360.0,8.693704344535075,0.0032971295577967417,0.03626666666666666,0.09092231597323247
OSP_25_08_25_20250825_230300.WAV,0.0002491169270337736,6.671026207662365e-09,1.1789152447943105,5.245978135364323,10.0,42.44358016751355,-44.535819919206816,-46.36862214238629,1.8328022231794776,0.9667147113896231,0.0005791529401087958,0.36843593715352474,0.34740405255823226,0.013547329231848204,45.40872240418124,5.889064098363745,299.13257409411347,0.28127593949008783,1.782709122860118,0.03546869614290298,0.06323036818990663,0.834546038600758,0.4687904915397383,2.302569947308428,0.0028603266988753264,0.13715126240584488,0.1273487327616288,0.1299283860716756,0.1289532265299195,1329.63671875,5.7636942657314325,0.002116406325768597,0.022878025476762376,0.08879993634820563,0.6287778971504074,0.33332870580829926,5.592438046996707,7.029187925965673,76341.47556024657,0.9970201175580313,0.8011504260551087,1.2101669561697106,39.278440500436425,0.09160423334303172,40234.72727272727,-3.7394330056692774e-19,3.521737497138363e-05,-0.07536624567358799,4.015543202194472,42.467569814458585,-34.43109064066637,0.4437702280313047,0.01898652423511852,0.9906597927206692,0.03578355314197052,369.0,4.817466432787165,0.002909231962761831,0.026666666666666665,0.10910677916787898
OSP_25_08_25_20250825_230400.WAV,0.0002498237873438214,6.749095403061533e-09,1.2429562866731418,5.583397758156961,13.0,42.47071360145789,-44.50868648526247,-46.388296802277125,1.8796103170146523,0.9663808549632165,0.0006973757654775703,0.34543393886009,0.32025391913377954,0.00975290097243453,55.38001662437158,6.075969779934426,298.97536844476303,0.25813137760936405,1.695895121639053,0.038489540285578,0.06527422360444153,0.7656303569477357,0.4705513945621387,2.30236325101141,0.0106958258799839,0.13637539197620663,0.12631890474290794,0.12857877033600806,0.12829157725972262,1322.814453125,5.935364082616397,0.0020366598778004076,0.02210773051642142,0.08823161675557711,0.6302902090199485,0.33332855643671383,5.5765535882121595,7.027091679894858,76293.05135124594,0.9969931850348537,0.8092066544574783,1.2112222857767145,36.00523712540006,0.07620426607506546,40294.65454545454,4.283295099077036e-19,3.5609462298770856e-05,-0.07049422782916664,23.52570006551475,42.51565415897231,-34.43530784060288,0.5778227625065284,0.018977308076800724,0.9727498801502293,0.033844065166795965,349.0,6.261347944500581,0.002230411171450737,0.02453333333333333,0.09092231597323247
OSP_25_08_25_20250825_230500.WAV,0.00025158449890980264,6.967647953614077e-09,1.1544467439994952,5.091600870093762,10.0,42.53932999573977,-44.4400700909806,-46.35561090052608,1.9155408095454831,0.9660444622223835,0.0012682716965318752,0.5647917374991902,0.5013506878006164,0.009290378659720044,52.26858192273304,5.818112321584623,299.38090448010945,0.25684116162588966,1.6912147130963524,0.03625710186806955,0.06131854413351246,0.8148468902305569,0.48221285433051153,2.3021425365275925,0.015336337240713682,0.13592280089225098,0.12781165545353926,0.12971719704117823,0.12934854918291144,1333.712890625,5.952963025140427,0.0024228902991950342,0.022413678227030547,0.10300792616391853,0.6310352229593439,0.3333286649420568,5.588041868684039,7.024998501748612,76098.90330704414,0.9970037739517202,0.7939570836752181,1.2132666938839092,70.91940645912133,0.1425017881388808,40357.163636363635,8.320364599321485e-20,3.604378956887094e-05,-0.08445910617577633,16.059888285455266,42.56830445523701,-34.403238437379414,0.5049998559339741,0.019047504205414744,0.9834266472675152,0.03403801396431342,351.0,5.428024630159538,0.0024243599689681926,0.022222222222222223,0.10910677916787898
OSP_25_08_25_20250825_230600.WAV,0.0002546184449435412,7.128910510168625e-09,1.0614572440466914,4.659635086684041,10.0,42.64297883490136,-44.336421251819004,-46.27471002773406,1.9382887759150549,0.966333916246643,0.0006027441608075224,0.2518619496630823,0.2280381038993886,0.014419147579688874,42.479571016427926,5.890524749379313,300.00662204216997,0.26852580971586615,1.7342044689548377,0.03588159131251429,0.06222601600737336,0.8748946676111832,0.5012502012309021,2.3025743292693055,0.0024342811450550174,0.1368441470274464,0.12736572992310283,0.13216898385446266,0.13048810887644263,1345.462890625,6.014436821673054,0.0030028989065076133,0.022480461878101,0.12705494892701263,0.6244556446152084,0.33332888604657784,5.612302038470805,7.026819756172878,76085.27594725824,0.9970346435195235,0.7880836766228151,1.217848823131483,121.10852487634565,0.22298697992435262,40449.23636363636,2.2717518102367784e-19,3.685322176302772e-05,-0.08669428841350499,6.196702856465941,42.66475460519178,-34.296646482544105,0.5558466744751485,0.01928269251043146,0.9834386808986009,0.03869278510473235,399.0,5.631626560063287,0.005236617532971295,0.0192,0.2727669479196974
OSP_25_08_25_20250825_230700.WAV,0.0002512311134213913,6.644662616943942e-09,1.1866210654885578,5.480398500528879,9.0,42.50827242570283,-44.47112766101753,-46.32977742089756,1.8586497598800236,0.9673543330125287,0.0003968356867486422,0.2042595067393348,0.1788132974878619,0.012149924155978375,36.27452783952694,5.099533518343718,299.74256811140583,0.27391498140276016,1.7544983697141976,0.035805516980851264,0.06282072116967756,0.87031105061651,0.47964466644800197,2.302581910352123,0.0013212322116851638,0.13745837778424336,0.1280536150462873,0.13124899730530046,0.1302530368053535,1343.0390625,5.8449379021939,0.002493355094074289,0.02251146222290368,0.10773208277764307,0.63065365989358,0.3333287126935915,5.59318255076313,7.033185900228836,76541.31856183476,0.9970357248858578,0.7998366542803595,1.2152775928707111,72.01047425080012,0.14719944113083117,40387.25454545455,-8.753519794535088e-20,3.572888132732812e-05,-0.07508242135638292,3.825253176199693,42.53019418638093,-34.37549569194823,0.4680198697119238,0.019108439225861522,0.9910058654509549,0.036850271528316526,380.0,4.778708736082126,0.00126066718386346,0.02311111111111111,0.05455338958393949
OSP_25_08_25_20250825_230800.WAV,0.0002635059841170119,2.511403783209356e-08,7.690599392498156,86.93113512473332,14.0,43.8286893746414,-43.15071071207897,-46.30142402699735,3.1507133149183844,0.8600391204991049,0.0010698000929872942,0.5630243538095773,0.5122547170512519,0.00915556996702871,40.15528383734821,5.05824822713801,299.44597420049854,-0.41122741585563544,0.41720602755395614,0.1559826887021744,0.06507691792061954,0.8733688774140619,0.5734904294681209,2.0572424557015094,0.354839450353003,0.14506352439142664,0.1275986910185999,0.13176563999793345,0.12925516438754728,1332.75,7.272564194722521,0.0025837091455726893,0.022706048846024264,0.10549432438166828,0.6283024160533408,0.3326962868702233,3.130027837932942,6.353703549889626,60211.8547096202,0.9776703771145331,0.8637785632054549,1.2172122828943823,64.37299970904859,0.12636307705363203,39628.2,4.440734396366447e-19,4.90688562071398e-05,0.013497574536461322,128.5248553403612,43.90805934713805,-34.32022542574299,1.0498373147662008,0.019230418193701544,0.9504800440296658,0.04965089216446858,512.0,7.657414529709673,0.011442979053529869,0.025173333333333332,0.45461157986616235
OSP_25_08_25_20250825_230900.WAV,0.00025048875726883194,7.163694835916377e-09,1.1807221797758407,4.989148166431938,10.0,42.517387876659924,-44.46201221006045,-46.32509623643951,1.863084026379056,0.9647888014433179,0.00033829162943477264,0.45113525557590595,0.4242102743916033,0.0074159657045439475,58.92313996666687,5.775760520325928,299.0755965356037,0.25740649917971115,1.693263538922366,0.0363212031566843,0.06150136899500547,0.7851379644236355,0.47987361100876047,2.3025575919307593,0.0038274874800515945,0.1393333979892025,0.1272837436148163,0.13076317189608772,0.12904282289545144,1330.560546875,5.768907863402212,0.0022541157501697216,0.022451731433366047,0.09657881077230843,0.6268911382716482,0.33332852790138434,5.573575667591703,7.017143638765336,75740.00499146142,0.9969606246498268,0.7921116843632748,1.2098154997539867,52.37125400058191,0.09588515905343807,40218.2,3.164976698230655e-19,3.585579472074851e-05,-0.08075421962777553,4.186810313917142,42.54559352803732,-34.389366399784976,0.43521980451635756,0.019077948847683993,0.9912792219047971,0.0321955003878976,332.0,4.9137176237713085,0.0023273855702094647,0.025599999999999998,0.09092231597323247
OSP_25_08_25_20250825_231000.WAV,0.0002588697917958722,7.589736599692137e-09,0.9895860046623689,4.578273521092024,13.0,42.79968041319666,-44.179719673523714,-46.290242054119446,2.1105223805957323,0.9656735681070266,0.007128871259544978,0.4998450944615278,0.396393120420637,0.007938342159525158,67.83293664580266,6.388893597957577,299.98852281190455,0.32513798169216285,1.9635687677532083,0.038469206920964456,0.07553693323024137,0.8280446248721393,0.5804008062705687,2.3006041593671216,0.032077677206321556,0.13935764394012864,0.1275017072148951,0.13125443564943345,0.12976186687760644,1337.974609375,6.59739212439522,0.0026617508001163808,0.022598192873883424,0.11341527870392823,0.6262558020611891,0.33332884535016966,5.607747426246059,7.022694686977798,75753.3995437686,0.9970234782337667,0.7906203506182183,1.2175323081723028,98.19610125109106,0.16294036708369702,40306.454545454544,1.850056303440235e-19,3.799355006403414e-05,-0.05129195936039933,210.8952717478512,42.797098753180165,-34.34737844514467,0.941332742090097,0.019170395718198834,0.9246379928904924,0.03820791311093871,394.0,7.941892400693029,0.0032971295577967417,0.022666666666666665,0.14547570555717196
OSP_25_08_25_20250825_231100.WAV,0.0006830542396720786,2.9202767826944314e-07,1.1790382914075082,4.463671379607334,16.0,52.87217525346858,-34.10722483325179,-45.84943236788867,11.742207534636876,0.8710709256612433,0.05917383973804724,0.26671809145346637,0.09571765419195599,0.01619672073338596,36.189362522990045,5.223331778075037,361.4666232678676,0.7944568308720078,8.730316061997637,0.21282769912227692,1.8580530800852149,1.8786283298908977,13.695388241973976,2.0242665941539557,0.34597403109009495,0.1757427342967058,0.15931939366125855,0.15799839931404352,0.1445818255382601,1490.783203125,19.533623199321216,0.012117482239840946,0.02440456835632494,0.4518495961142095,0.6266968951168644,0.3333071959500421,4.726765834868378,6.430747561193741,43985.59516025165,0.9934750820812696,0.48842770771829025,1.7717909503622091,366.5987780040733,1.417838806856755,35805.61818181818,-9.634549050819066e-20,0.0003941283333204141,-0.14394809691839833,965.394750090903,52.956376567950755,-33.75972421799634,12.17533012433757,0.020512273054411917,0.6035794099722033,0.17019006982156712,1755.0,19.640954625503532,0.10133824670287045,0.027055016181229772,3.745999418097178
OSP_25_08_25_20250825_231200.WAV,0.0005433794236839546,1.6856647973658903e-07,1.5911700711149883,7.549135742062214,24.0,50.735666302191675,-36.2437337845287,-46.058666592303425,9.814932807774724,0.8718876359066231,0.0685157769700756,0.40713478556999083,0.13899344842688854,0.01445944405860411,23.800345865923575,4.139432787396916,335.67386095342044,0.7005054650988088,5.677918181912192,0.18087759751307372,1.0270081996200768,1.5645682596555577,7.21713454518526,1.9604568958865405,0.4060395654490515,0.1609850321662949,0.14673649500533412,0.1474679522912197,0.13862925516438757,1429.40625,17.26982519337351,0.009497783010862187,0.024636502933545898,0.3563363845780796,0.6288058998417186,0.3332866198042704,4.4364322225071335,6.435286977786056,46711.67759472548,0.9923851130751075,0.5636945128456368,1.526164425040844,283.67762583648533,0.8664896712249055,38426.87272727273,-2.965956604895861e-19,0.00023850973527956928,-0.3276364053469394,1193.059054823313,50.77506110386232,-34.129391346186345,10.029968454516165,0.019657597241257176,0.5801666644667041,0.1085143522110163,1119.0,19.262690106193006,0.05527540729247479,0.025333333333333333,2.1821355833575793
OSP_25_08_25_20250825_231300.WAV,0.0005112925123801869,1.711616312464742e-07,2.347183646456798,11.662422645145144,25.0,50.43278077003575,-36.54661931668462,-45.97570499095721,9.429085674272592,0.8461875069631465,0.07328132334709003,0.2728604296668108,0.12528273196948825,0.018270261924762887,30.635796368939726,4.724108059552067,332.3503483781228,0.4378265770600193,2.5576210443045544,0.4011841643356363,1.0260770613465602,1.8439132687691875,6.488232672858996,1.963414760339405,0.4042608631165594,0.1741667474865031,0.1536213452353457,0.1481323366661319,0.14004574907865389,1444.01171875,16.524063651174515,0.010584872951217149,0.02479100913690447,0.3858890033947624,0.6290838574503679,0.3332434736963968,4.109324702992999,6.273438824365468,44269.79693788787,0.989384366611573,0.5755805547743937,1.4963114765091392,325.1382019202793,1.0404733112695181,37616.38181818181,-3.116509575659424e-19,0.00021375149375480186,-0.3789484815865317,1042.7370073494737,50.29909158381268,-33.98236745056818,8.957283249261195,0.0199931685592189,0.6283074122497594,0.1277152831652444,1317.0,17.375461627177955,0.07340961986035686,0.026047311827956988,2.8185917951702066
OSP_25_08_25_20250825_231400.WAV,0.00039749591045004846,5.6506670661132534e-08,1.1964403989400731,5.568724765129498,17.0,47.386568433695835,-39.59283165302453,-46.14629329316854,6.553461640144008,0.910479204899222,0.055458827181163795,0.28026603272519734,0.12366409415464108,0.010123991067924498,41.67649523205259,4.894135942018488,318.3599460504299,0.7537215033130535,7.120887641044332,0.06369557910076826,0.4535690620078223,1.3196758752718478,3.371582841182411,2.238055832318676,0.18294041899538255,0.15131089774674297,0.13628724003091486,0.1418637386621855,0.1341189400276404,1382.900390625,13.879334139776333,0.005953138638347396,0.023802227267092628,0.23269135320683804,0.6272133445557145,0.3333146600342721,4.8949018117422005,6.677270825470076,57499.54364963798,0.9948307999500146,0.629138891325378,1.3519376269185432,210.5760837940064,0.5706701277761614,39232.98181818182,-4.2059159185728586e-19,0.00010588106549702414,0.2784949943381181,2073.117657594587,47.24818303021734,-34.21060558872298,7.291762564551618,0.019474652660254277,0.5738045018417957,0.07757951900698215,800.0,17.54503703891746,0.03122575640031032,0.023851851851851853,1.3092813500145477
OSP_25_08_25_20250825_231500.WAV,0.0003651516236794494,4.5066913121751144e-08,1.6121137181844138,7.597905827978847,15.0,46.58611201134724,-40.393288075373135,-46.22352773669812,5.830239661324981,0.9097052482824528,0.06510270392868067,0.2731246660057741,0.13543814785950314,0.011306148413667283,39.03836357556631,5.149340495574066,316.151827509738,0.7395670930633119,6.679521084815159,0.065052738296332,0.43452113707531215,1.2756277747563787,2.264193423609286,2.2843871176159842,0.09724962330514782,0.15084214269550317,0.1369411308311512,0.1382001074979357,0.1335544639826399,1377.080078125,13.220485426125713,0.005623355821452817,0.024503043761378955,0.21198320805043647,0.6268905165109673,0.33330997071842405,4.782880588995335,6.672210690899757,59072.147813747346,0.9943716590255913,0.650336253034106,1.3474768179911383,142.92988070992143,0.5409120114440888,39324.090909090904,-2.7754524268067714e-19,9.343603023858527e-05,-1.3935498356076186,1288.0231176305838,46.70514378547213,-34.296640851108116,6.525545648058198,0.019282705012234773,0.6247007388220899,0.0717610550814585,740.0,16.928460159902855,0.028801396431342125,0.025142857142857144,1.1456211812627293
OSP_25_08_25_20250825_231600.WAV,0.0003147574750330803,8.670535309647056e-08,9.947087124685945,127.41612063485579,17.0,46.762033672445256,-40.21736641427512,-46.26027947446054,6.04291306018542,0.7088376474946536,0.027068255382784234,0.2917946395298209,0.17895447811645782,0.008308310748791126,59.59282605369829,6.051558697012008,305.141774734881,-0.5410179396454348,0.2978434244965183,0.47839770297267237,0.14248761012464892,1.0601823191574653,1.2386634004082278,1.0640202237494623,0.7077622283220087,0.15927973361781916,0.1304402164838472,0.1316731881476728,0.13087452871932886,1349.447265625,10.990627343516277,0.003634619581029968,0.02323314433659797,0.1371071017216295,0.6271816217068996,0.3286961876585634,2.137521984830855,5.381563909441109,41612.76166445537,0.9243671528043844,0.7098357462792959,1.2599357238176871,98.19610125109106,0.27776767529822516,38911.58181818182,8.864962636022083e-20,9.616119969809118e-05,0.04229691796403613,834.2704856709141,46.82999872909608,-34.23758200769961,4.507010195747675,0.019414262598211114,0.6869516582812657,0.06856089992242048,707.0,14.338531824701068,0.031419705197827774,0.0288,1.0910677916787896
OSP_25_08_25_20250825_231700.WAV,0.00032073873570593486,2.7622407849605388e-08,2.052346420996002,11.092117146459184,15.0,45.22806318870819,-41.751336898012184,-46.31695317168212,4.565616273669939,0.9213434293507384,0.06453582345033704,0.37384204884481465,0.16233438555149327,0.009028574875119766,42.70162601900089,5.074130437675099,306.4880581263758,0.6108165063026094,4.1389640937729455,0.06161788132304183,0.2550341983304327,0.9071399020139148,1.5605141013494765,2.2380918272727337,0.18201166275263833,0.14562118126272913,0.13055919661416543,0.1329321648144573,0.1301780258946756,1342.265625,11.369292661079704,0.0032911984167394047,0.023654585897092063,0.13099766610087293,0.6303811172581933,0.3333072150200509,4.727130771341671,6.744865324545429,63836.06642318555,0.9944782498289789,0.7243093792843213,1.2664624752833658,80.73901658423044,0.19930929347299,39653.30909090909,3.497202527569243e-19,6.787650069204623e-05,0.5009665942524306,2307.095526918224,45.317194445868836,-34.36160082812665,4.196206088307115,0.01913903156049324,0.6606230043002753,0.04780837858805275,493.0,15.356914906707996,0.012412723041117145,0.02354022988505747,0.5273494326447483
OSP_25_08_25_20250825_231800.WAV,0.00032966653088735377,2.3697230055215117e-08,0.6851556384150469,2.908966744313009,18.0,45.29023329865234,-41.68916678806803,-46.31541416814554,4.626247380077508,0.9417569779346098,0.033241198476197775,0.25165146356069346,0.13007077396254196,0.009549386157468587,54.43379063776953,5.82001185047631,307.91307992579175,0.6480573422649649,4.682743924454102,0.05044379832667713,0.23621539014063533,0.9269447470334796,1.4810137400738155,2.2948102001532633,0.0631714807162341,0.14436847379820902,0.13106411229324702,0.13286146634072857,0.1305636880515954,1346.2421875,11.462635703883937,0.003385909162544855,0.02373894987385366,0.13856342067774005,0.6239000516802905,0.3333271613639337,5.448440146370056,6.87318912043442,66787.43094974112,0.9964129412484561,0.6848781862457166,1.2761823376734551,87.28542333430318,0.24276258364853068,39768.763636363634,-9.945747928933694e-20,6.996436158981771e-05,-1.1519713983095847,2765.965799570016,45.4487687564006,-34.38445381599924,4.497576357679794,0.0190887451171875,0.6565695621520642,0.0493599689681924,509.0,15.698516689178215,0.011927851047323508,0.02342857142857143,0.5091649694501018
OSP_25_08_25_20250825_231900.WAV,0.00035032852766316263,5.082200298354796e-08,2.964999177093476,16.4773970078514,19.0,46.46639793347738,-40.51300215324298,-46.281213251491906,5.768211098248926,0.8795395202085121,0.0978937639908346,0.5170183342969762,0.2148951619474403,0.01129779467844072,50.98075439991968,5.651063601746381,309.6285542315255,0.4724566164042594,2.7911573951851723,0.11671037358877898,0.32575702233714465,1.0893201444597813,2.0905427596550457,1.746628192328161,0.5233627604120962,0.14927423786894253,0.13283781608471384,0.13416938810470988,0.13131796443118998,1354.01953125,12.7243120917794,0.0034033359397730584,0.022822413332299125,0.14140501864088265,0.6263226469353721,0.33325818798932433,4.198737055492027,6.482195590046557,55822.882216336526,0.9907614453903075,0.690134492922175,1.2855647537920754,94.9228978760547,0.2701150470371448,39426.781818181815,-3.831951591054707e-19,9.323682481754724e-05,-0.1450364820055899,3006.9041770565786,46.69587475190685,-34.32009293054857,4.344845262364316,0.019230711538141425,0.6781562132963054,0.06060899922420481,625.0,14.591367488739369,0.014740108611326611,0.02316190476190476,0.6364562118126273
OSP_25_08_25_20250825_232000.WAV,0.0002968814598254062,1.710027671974574e-08,1.3709150029060184,6.483614060123752,17.0,44.29386178492887,-42.685538301791496,-46.22886825993406,3.5433299581425644,0.9433126370144796,0.026349483628881232,0.4286797595305114,0.21748699032597218,0.011992199184884478,38.56554095599326,5.359849490986669,305.7276945957751,0.43937941666455926,2.567475150664105,0.06308664609862966,0.16197339619697226,1.1639513084511846,0.9384061348667659,2.290642172505686,0.07917100385408951,0.14620308408495777,0.13510343772589978,0.1364589309846938,0.13210235882795074,1362.107421875,9.255020097713018,0.004988414981573077,0.0242119866671718,0.19486258032250245,0.6285799526383594,0.3333234310773931,5.212067832680337,6.882715881971774,68997.62774398358,0.9960608189874652,0.778644866995395,1.2648463439825666,171.29764329357,0.4079760086315585,39556.89090909091,-2.295512265119855e-19,5.460553756962257e-05,-0.021428930076605533,416.5216090066265,44.372366869168864,-34.26908951922843,3.5151348271784073,0.01934396617195823,0.7643710579284267,0.06419705197827774,662.0,12.998114440187285,0.020364623739332816,0.022857142857142857,0.8910386965376782
OSP_25_08_25_20250825_232100.WAV,0.0003001571229937282,1.828150989633236e-08,1.8558954055077377,11.511632594897362,18.0,44.42142319566993,-42.557976891050444,-46.25362588454412,3.695648993493677,0.9390889910264463,0.015307542432882348,0.1683450584882985,0.1149021630614051,0.011873813084061657,35.38791490749557,4.855945106298276,306.242945065606,0.29644948557396916,1.842724095840703,0.0756479028132446,0.13939821331378152,0.9932163238088475,1.1359322719847154,2.2992659568538896,0.04200645340236324,0.1467122490544079,0.13201495350276504,0.13472500559696252,0.13181898427650085,1359.185546875,9.382511801523766,0.004081464879740084,0.024286678890529004,0.1593070858086809,0.6273114663766891,0.3333140677624599,4.879289329492843,6.856059362577542,68427.47482915634,0.9954542649346129,0.7578482161861281,1.2611454162895508,120.01745708466686,0.33843937906119675,39663.490909090906,-3.0497490055233467e-19,5.3691351314321606e-05,-1.1537561038063882,651.377424492739,44.29904334508366,-34.30632835039336,3.5009361935777257,0.019261210719021885,0.742241454338565,0.06060899922420481,625.0,13.198369397766427,0.01726144297905353,0.02637037037037037,0.6546406750072739
OSP_25_08_25_20250825_232200.WAV,0.00041520013129282027,1.1012782183286001e-07,3.7231033758107683,25.40283346011496,17.0,48.58257585210444,-38.396824234615934,-46.27108269826156,7.874258463645624,0.828692145241023,0.14089799362853372,0.5627439097585953,0.23126597554970763,0.010517032080800792,32.316868718676524,4.53100982600357,318.3983606740952,0.7759476300045902,7.9264844645069985,0.1046936821883956,0.8298528453983508,1.4660598559579054,4.820929762549759,1.5841035336047304,0.5559407629408402,0.14895095852325993,0.13734006420927705,0.1352887806054146,0.13255393966395113,1366.763671875,15.777063527107707,0.004970419939870042,0.024187785930443326,0.18946354419253153,0.6285643585889285,0.33306779393591246,3.5675675250451717,6.161234878404549,46062.52095455426,0.9834422432683246,0.5640100869283725,1.3575541771381454,149.47628745999418,0.41038166157501693,39446.98181818182,2.5922025468899487e-19,0.0001384336052099535,-0.253561277320585,2426.1521387419252,48.412415293235156,-34.33383984203759,6.937681857870686,0.019200299708048502,0.5733999299674397,0.06342125678820791,654.0,17.965923210032763,0.024340574088440654,0.025743589743589743,0.9455920861216177
OSP_25_08_25_20250825_232300.WAV,0.0003867163183379444,5.64525477437383e-08,1.902277013754084,9.942490384264854,24.0,47.21081530015187,-39.7685847865685,-46.298788647735414,6.53020386116691,0.8992162455051957,0.06741237894556007,0.3796503442568825,0.16824009194334288,0.011072950269674253,34.09626189067949,4.81183906894694,312.53948550821275,0.8141028358061175,9.75863641423862,0.04985299953424404,0.48649729661389485,1.0681407312772135,3.231792272813049,1.6769097912487587,0.5538900475770383,0.14340671774480332,0.13200895450459774,0.13285874716866206,0.13067203714479683,1347.359375,14.194617279676045,0.0036410599117447386,0.0248138140754669,0.14261269777521823,0.6276073571834687,0.33329461979636493,4.530354468978835,6.606268670663991,56918.65451667813,0.9933708941533335,0.6135894447145928,1.3087296985000765,82.92115216758802,0.25632516244787124,39871.163636363635,-2.1611500467987422e-19,0.00010344500444983076,0.09679802626849003,2849.948091579364,47.1470952262614,-34.36167426663112,6.257808106584555,0.0191388697421912,0.5654366297811225,0.04839022498060512,499.0,18.255487694275942,0.009600465477114043,0.02295652173913043,0.4182426534768694
OSP_25_08_25_20250825_232400.WAV,0.0002781305903695177,1.2262157380012036e-08,1.6826095636159009,9.389998741987954,15.0,43.59609010103607,-43.383309985684306,-46.321779966064526,2.9384699803802192,0.9512890309378607,0.020559975658733687,0.35054381092379305,0.25366979459960626,0.011257959997232336,45.6470732196579,5.462521081454409,303.8542612963739,0.35583024964759596,2.1047716830941936,0.06009884866767691,0.12649435486228958,1.031978925007657,0.7979009981295494,2.2822308383594128,0.10385556169719531,0.14396437461610578,0.13210493847527463,0.1320792511762685,0.1304792060663369,1345.37109375,8.340049693370442,0.0032499045315682283,0.02347601213599796,0.13195670541343357,0.6287378670327843,0.3333227141629708,5.177118688412106,6.932545017757347,71948.39699892829,0.9962011590476609,0.8109793879770208,1.2453837875580516,73.10154204247891,0.24738446804383668,39785.181818181816,2.0649517449491193e-19,4.5850464609776057e-05,-0.13699394236262025,260.8922025570711,43.61343740800798,-34.38945300722644,2.3504094162701037,0.019077758621447016,0.8305219657869888,0.05091155934833204,525.0,11.60022154064405,0.012315748642358418,0.02419047619047619,0.5091649694501018
OSP_25_08_25_20250825_232500.WAV,0.00028291838140722254,1.3071790672509985e-08,1.7802702126370018,11.289941951736804,12.0,43.76227757267049,-43.21712251404988,-46.2374443629179,3.020321848868015,0.9498698000331541,0.015727596687274525,0.26510309078960803,0.2182732573241567,0.012166011861718395,36.545936662730696,5.040821927178127,303.3517073731389,0.34202182139114407,2.039614481180123,0.06322286547802877,0.12895027197069037,0.9312087294205263,0.7667399086468847,2.2902544743589823,0.08027445059437088,0.1455080334917402,0.1322679112588198,0.1364743396264039,0.13189626824507808,1359.982421875,8.374990914660506,0.003966107191349045,0.02344826353027004,0.16058580489209506,0.6280175862592152,0.33331999753356883,5.063223069310577,6.923605392213246,71539.35854589757,0.9960319176816393,0.801346085730543,1.2446352222063395,169.1155077102124,0.32146721341286005,39747.23636363636,5.988475708584177e-20,4.888165855915422e-05,-1.1090598913592216,425.3072011654535,43.89145933136063,-34.25158940207505,2.4399460747122106,0.019382979208050353,0.8125550907584809,0.05459658650116369,563.0,11.529649464428253,0.012412723041117145,0.024380952380952378,0.5091649694501018
OSP_25_08_25_20250825_232600.WAV,0.0003045127393365753,2.261471462589775e-08,1.754904646892476,7.361017282369512,17.0,44.692001697927495,-42.287398388792866,-46.264803998223854,3.9774056094309884,0.9284183458509138,0.0567147416586532,0.38107260362522044,0.22524310991881236,0.01726345795449269,42.91034372724769,5.774176784739664,305.0318950714827,0.5227925256765632,3.1910491926714037,0.07183697748391733,0.22923532900400823,1.1391875619553153,1.3807617553767304,2.2689098762786886,0.13309048276532512,0.14629198590502054,0.13227091075790343,0.135020488961521,0.13116131285762778,1352.404296875,10.305799125521823,0.003823283386674426,0.023306816679957314,0.15078229191925316,0.6257209643566526,0.33331896188748444,5.025827479239176,6.789404692086872,65529.28400588377,0.9952737865425924,0.7694231083542163,1.2554310027361917,102.56037241780624,0.27390347686936284,39592.07272727272,1.9714869467586113e-19,5.709532155636795e-05,0.005679111900615074,1350.5844510200454,44.566005232108964,-34.30644371717702,3.280168463323367,0.019260954891551624,0.7366436323472756,0.054111714507370054,558.0,13.271758805619719,0.013576415826221877,0.02488888888888889,0.5455338958393948
OSP_25_08_25_20250825_232700.WAV,0.0003978606983403053,6.121427596515679e-08,1.5589838576619284,6.166890774460411,24.0,47.486591575982395,-39.49280851073798,-46.26799400260335,6.775185491865372,0.8999213806553567,0.05037627370072195,0.3139498855882761,0.1622708612168422,0.015779342444825817,45.8774906626617,5.913689523498917,315.9632563639866,0.6127851028706278,4.165090534550846,0.09747716730096885,0.40600122686009466,1.0415481989476825,3.4486097929367956,2.007768915676219,0.39001064806080554,0.1479892024698542,0.13516642720665648,0.136947475565973,0.13245146263698965,1365.70703125,14.057276929913527,0.005218751515371933,0.024187466585776394,0.20289009456838022,0.6290018011388109,0.33331170849554637,4.821527858843779,6.611077114049276,56302.09213283768,0.9941726040705584,0.6253519774272768,1.3375628940455968,120.01745708466686,0.41023012438172823,39461.454545454544,-2.9917146201452136e-19,0.00011031533428397064,0.057806918559342,2882.421162794399,47.42635885350757,-34.32428784518384,6.742249620583248,0.019221426166187633,0.5891616978598535,0.06245151280062063,644.0,17.795195495045256,0.021528316524437548,0.02631111111111111,0.8183008437590923
OSP_25_08_25_20250825_232800.WAV,0.00028094866276676166,1.2207455453495555e-08,1.0969820205784906,4.874247436075592,16.0,43.669171191139135,-43.31022889558124,-46.31793726957674,3.0077083739954986,0.9543698220815768,0.016329711117994083,0.4146070974109496,0.24940910080539447,0.012024434239292559,38.713454098634,5.31446285466741,303.137870745816,0.41295647357675475,2.4069024015742997,0.04845738057002861,0.11663218566800167,0.9132773015904407,0.8744595002476792,2.2941526028401276,0.0662059102165868,0.14170141919632756,0.12957036174958783,0.1312399333984122,0.12969234919018524,1337.2578125,8.381189795292128,0.0029483455169236742,0.023456685902294015,0.12062583353540252,0.6269477412246817,0.333327105934739,5.4439697924033315,6.9519731296247596,72126.2380900712,0.9966149869190826,0.7795422301738625,1.2406541680164496,49.09805062554553,0.1681494581029968,40006.12727272727,3.9759862069388416e-19,4.6344765473830666e-05,-0.04915806004811864,452.51386552204735,43.66000688767265,-34.403231937799596,2.6339904953483853,0.019047518458510892,0.7798317391663858,0.04266873545384019,440.0,12.945505926078102,0.0068851823118696665,0.027047619047619046,0.2545824847250509
OSP_25_08_25_20250825_232900.WAV,0.00043354802210889454,9.17858728989664e-08,2.0765852888971925,10.62484714731723,18.0,48.53979692842855,-38.439603158291824,-46.259381671828244,7.81977851353642,0.876572815295338,0.07565958386579441,0.46499429788988556,0.19230545927972675,0.015238788674109327,47.33546176358235,5.952653590253529,319.38721789658956,0.6773691817094417,5.19903582242047,0.11281914102276575,0.5865507556320658,1.1692556935841067,4.344723144086842,1.6670246179784223,0.5463817940577169,0.1499127145766657,0.13651220246218881,0.13696288420768313,0.13287330429880712,1370.056640625,15.332171598293513,0.005217046721947435,0.02492111810502194,0.19670961899854514,0.6254524238143522,0.33327415258127935,4.318150957248354,6.464221205398393,51244.014546942235,0.9918109957337641,0.5856168529639638,1.3701111225189146,158.2048297934245,0.42581951314130545,39250.98181818182,-4.153033136244596e-19,0.00014502153463881033,0.3311750031162905,2574.651002334131,48.61432496582499,-34.32021681073975,7.359503265055494,0.01923043726718787,0.5654751618489515,0.06322730799069046,652.0,18.50047855063327,0.021722265321955002,0.02488888888888889,0.8728542333430318
OSP_25_08_25_20250825_233000.WAV,0.00028858691715964203,1.3681907238535575e-08,1.0085637987201248,4.912099835453771,16.0,43.93821907851745,-43.041181008202926,-46.26873738701551,3.2275563788125865,0.9524642015376122,0.024925302036914232,0.29209148805021046,0.17497378943430353,0.012464281060894145,37.146236362505164,4.964197928743501,303.7704528356918,0.5155726366723986,3.12858593755256,0.04471123779678937,0.13988294982160374,0.9831527028104692,0.9652465113489158,2.297441793193676,0.05206514474715096,0.14107910645588853,0.130416220491178,0.13633475546032411,0.1306841601202599,1347.484375,9.015161067152782,0.003976714794879255,0.02342288681138702,0.15799284675072744,0.6307860797072883,0.3333266818660309,5.411030395996434,6.940058546986634,71254.3399569656,0.996562009735401,0.7564091564434592,1.246784623141516,146.20308408495782,0.27405501406265154,39895.52727272727,1.5988893710700171e-19,5.056099881024816e-05,0.2092450255825818,1523.5963303429794,44.03815644655157,-34.32024913009905,3.09364970978152,0.019230365712714918,0.7271222177498521,0.05236617532971296,540.0,13.057513887191908,0.015224980605120248,0.023259259259259257,0.6546406750072739
OSP_25_08_25_20250825_233100.WAV,0.00029303154565234136,1.8617696496512083e-08,1.767712917263544,8.036443520758732,20.0,44.262646783567575,-42.7167533031528,-46.36825079677969,3.6514974936268914,0.9351424034865059,0.027048723006555586,0.28638745880708516,0.16427461163574875,0.014253849626271409,48.18411633166857,6.000827309763659,303.71678386642793,0.38121901583280454,2.2321613804790053,0.04923218806059901,0.10989418886534869,0.8851540729493788,1.1837461196507206,2.268321746495376,0.13374283270882917,0.1390747745126564,0.13000528911671752,0.1304776588291064,0.12985184208612163,1338.90234375,9.28127255102781,0.002618562700029095,0.022984761689190704,0.10904632183559651,0.6306970576099816,0.3333195396757565,5.046344689330947,6.8314787682423335,67490.2222693101,0.9955276590746208,0.7067492103394788,1.2402424389102813,46.915915042187954,0.12928016802443992,40091.69090909091,3.098321262850697e-19,5.220365960792166e-05,-0.419245580396215,1934.1980132577069,44.17700949205641,-34.42121530743863,3.4566695425991334,0.019008123045256644,0.6874772531548199,0.040244375484871996,415.0,14.825933961322868,0.0064003103180760275,0.032,0.20002909514111145
OSP_25_08_25_20250825_233200.WAV,0.0003653606698116548,4.052592060972878e-08,1.1476084593955214,5.107033728217325,19.0,46.477950074500995,-40.50145001221938,-46.278593634395236,5.777143622175856,0.9207923862185221,0.037018731352463474,0.29787902752372275,0.18097374512444508,0.011502873691807025,36.55142068591559,4.968612354466891,310.0274783439401,0.5409007852395157,3.3563568302843114,0.09430921599179048,0.3165353812528044,1.3073818249856675,2.1985625375658957,2.252801120247285,0.16167972920836443,0.14583131283742282,0.13300378836734264,0.13436426210280827,0.1313793369944719,1354.65234375,12.725272767563496,0.004914730021336437,0.024372401882894967,0.1890373044980601,0.6263807779655342,0.33331923647417117,5.035473125590609,6.7418628841319554,60951.464055216704,0.9953363356198393,0.673128189305823,1.2980254195083547,92.74076229269713,0.27769190670158084,39638.23636363636,2.9259002628142144e-20,8.808137116029281e-05,-1.2062040846093183,1839.5423810523373,46.448840666666236,-34.37507483662464,6.014078099926472,0.019109365104906486,0.5964150560025637,0.05702094647013189,588.0,17.237646722253473,0.020849495733126458,0.0294017094017094,0.7091940645912133
OSP_25_08_25_20250825_233300.WAV,0.00036464358669533587,4.942345475501895e-08,1.7624770323224053,6.9746758480212225,21.0,46.68207183330726,-40.29732825341311,-46.36896152446749,6.071633271054374,0.9000700064219503,0.08027701403856669,0.34624589571990916,0.19481768697947044,0.014592386298181936,36.600069969267956,5.30343279785032,309.42218047605616,0.675277226545322,5.159099895342396,0.06577393631879001,0.339334307978527,1.0315472732395734,3.015137645277611,1.745610879544401,0.5301667721814759,0.14229140400219828,0.13093513383264996,0.1311030684043989,0.1304667042478906,1345.2421875,13.461150436486982,0.0031199613883231498,0.023386095740565965,0.12694838900339478,0.6302264431281729,0.3333097029271995,4.777181995516562,6.611913695253512,57429.069249174594,0.9939934478278551,0.6440124684921955,1.2804150018157812,56.73552516729706,0.1859550783144215,39895.87272727273,2.506097181627827e-19,8.695569159284695e-05,0.265452975067029,4149.731523582141,46.39298013555171,-34.421396195631935,4.586343636235288,0.01900772719527736,0.6203431156404897,0.04102017067494181,423.0,16.614350547321692,0.008630721489526766,0.02792156862745098,0.3091358743089904
OSP_25_08_25_20250825_233400.WAV,0.0003142488913078761,2.220875159447639e-08,1.2309332686634822,5.218197147317291,15.0,44.89855759275508,-42.080842493965285,-46.313976608751865,4.23313411478658,0.9365982854927434,0.022879835043194907,0.22899098164979292,0.12294344557117265,0.018684803645187764,56.77605406639852,6.714412774267567,306.779884430881,0.4288878592549083,2.5019392117820054,0.07445449775214963,0.18628062741963833,1.1309041892579546,1.2801277519669467,2.2947685752853717,0.0646753808218918,0.14531406588433063,0.1337816584630367,0.13315423053322056,0.1310467128552032,1351.22265625,10.379085370626404,0.004441933978275628,0.023856806020324466,0.17497139458050437,0.6270489281502033,0.3333234604216007,5.213551725491939,6.840757453147777,66593.19642609345,0.9959165357466037,0.7420173164408276,1.2701833732197085,116.7442537096305,0.3093252958006013,39651.2,-2.8682864164605607e-19,6.342128608049065e-05,-2.0768560715747486,2439.6755164554475,45.0223504456583,-34.37513653273794,4.1526758662433885,0.019109229371041963,0.684898752907428,0.04877812257564003,503.0,15.201545982006257,0.01638867339022498,0.026509803921568625,0.6182717486179808
OSP_25_08_25_20250825_233500.WAV,0.0002976280906975543,2.3911918071525904e-08,3.1776944232525834,20.7310558582148,15.0,44.583408673351116,-42.39599141336925,-46.32850943585187,3.9325180224826184,0.9135514747634721,0.04712408157896941,0.576412313823231,0.352316062113874,0.015515887397205996,38.99444546236489,5.491722856410001,305.51257278288347,0.2576858499648882,1.6942770791926827,0.10129072706894776,0.17161455720768,1.0438261909997122,1.0823808873041871,2.1906514602672744,0.2427339881815847,0.1428248149225746,0.13200795467156984,0.13289409640552644,0.13095597996072156,1350.287109375,9.692538031928116,0.003060861882940549,0.02326138345089606,0.1257051898945199,0.6291055041687789,0.33327784061135257,4.350323196312162,6.695425864025925,64260.47747072185,0.9928469061239402,0.7943818093964898,1.254826654857037,89.46755891766075,0.23918251745708466,39858.58181818182,-1.6952979424318797e-19,5.850531455281612e-05,0.6640381482588779,876.704698902589,44.67195318665547,-34.36563256495474,3.6230602006172568,0.019130149841308595,0.7156076277486727,0.045771916214119475,472.0,14.581650226377326,0.009988363072148954,0.02288888888888889,0.4364271166715159
OSP_25_08_25_20250825_233600.WAV,0.0003017201426900986,2.7075751537744445e-08,3.482726907698438,24.058809572241607,21.0,44.79499566223862,-42.184404424481755,-46.29068622749969,4.106281803017936,0.9044059038723534,0.04419341004717514,0.4041726681137432,0.1947427306793994,0.014706387989803837,33.254908727508244,4.912268516106102,302.237914680844,0.16606518011583063,1.398268968164434,0.12068172333440774,0.168745508763108,0.9694593615311256,0.9496752124589547,2.2366616793316125,0.18584781855722793,0.1581644198752142,0.13030723869113858,0.13157439156259035,0.13043279780089223,1344.892578125,9.857977872552032,0.0033122242023082148,0.02306582042314049,0.1289019876030553,0.6273351199751371,0.3332551957730276,4.179213701124125,6.637781685535175,62609.51610644561,0.9916878693940622,0.782998753642173,1.237877501418226,86.19435554262438,0.17553689627582192,39067.94545454545,9.758608063040438e-20,5.832167541839475e-05,-1.1205326614691253,1512.0497179353993,44.65829991553271,-34.26523280481866,3.105245476982251,0.019352557199651545,0.725798993043061,0.05944530643910008,613.0,12.546392893524317,0.014449185415050426,0.027402298850574713,0.5273494326447483
OSP_25_08_25_20250825_233700.WAV,0.0002533709235865393,7.56202509277533e-09,1.1114439575362565,4.673904233015408,10.0,42.630854398525145,-44.34854568819523,-46.33295926672986,1.9844135785346282,0.9639948900377014,0.0007142257589954903,0.33844570902873927,0.30878151310543633,0.012400408454129708,35.53518855953447,5.040261155727742,299.44763556356963,0.278325616906678,1.7713329541051117,0.037004614872199026,0.06554749377709425,0.8198885908024371,0.5028438167955208,2.302545423025456,0.004668898492070283,0.13715934438948696,0.12854753256206214,0.13074413769162233,0.12923205496557078,1332.51171875,6.038884332991463,0.002311510462127825,0.022697699456596443,0.09871000924466537,0.6276446181859364,0.333328570912752,5.578071102408618,7.012185895032581,75389.3574510341,0.996950447524459,0.785637060327452,1.2142483103726724,51.28018620890312,0.11719507685966443,40137.69090909091,-1.4529623295757256e-19,3.7047545403958934e-05,-0.02471877955693332,62.697651308784486,42.687594389596164,-34.37991282238126,0.8420351672936874,0.019098724272756867,0.9522239484142336,0.038983708301008536,402.0,7.483580795861387,0.0031031807602792862,0.021333333333333333,0.14547570555717196
OSP_25_08_25_20250825_233800.WAV,0.0002517042532526482,7.61592335436826e-09,1.2053092264839622,4.977999326559908,11.0,42.58290615567962,-44.39649393104075,-46.34410058539339,1.94760665435264,0.9630236154352081,0.0007116909089890378,0.37313407522934594,0.35372335505550656,0.01756942706261566,45.52450728493047,6.024087208382011,299.2760736784067,0.22950748055832126,1.5957422681394209,0.039644518880885465,0.06326243447828027,0.905128618110915,0.49407524723158674,2.302434115564388,0.009103428929076961,0.1392121682345715,0.12916642920632254,0.13090456884354518,0.12939533629133934,1334.1953125,5.884892038556888,0.0022741944282804773,0.022446538347587516,0.09615257107783706,0.6252465033908711,0.3333283100524727,5.5514074955873145,7.006099955641074,75201.99683633384,0.996897083542412,0.7960427616256958,1.2112856804941745,44.73377945883038,0.09760889462709728,40051.109090909085,1.00508826850535e-19,3.629283906025376e-05,-0.10870200153746036,10.031474750345188,42.5982094284852,-34.42118930018443,0.6257426662615018,0.019008179959383878,0.9773519340393474,0.03820791311093871,394.0,6.152876619444805,0.0030062063615205587,0.02361904761904762,0.12729124236252545
OSP_25_08_25_20250825_233900.WAV,0.0003221917180348022,2.30676389679008e-08,0.8164507185459339,3.2164726156752,13.0,45.105865114451824,-41.873534972268544,-46.302651250488495,4.429116278219951,0.9398404495211204,0.029830339443094656,0.22587664148108477,0.1336182111962484,0.015619111566260169,42.01688856737116,5.738697076976045,308.6417420117938,0.5320574888605838,3.2740292928934833,0.0573809916632197,0.18786704756065806,1.0017760959984763,1.73906691207642,2.292519042715581,0.07327598292262145,0.14135389389971878,0.13177599340910068,0.13224149510956903,0.1308434635947047,1349.126953125,10.92905302948031,0.003527407016778198,0.023792964812828044,0.14051701927740057,0.6285580183818069,0.33332651768164623,5.398838291660541,6.8611741981442735,66579.21273949633,0.9962955977031012,0.6913555456680843,1.2757198168870783,105.8335757928426,0.2523094268257201,39840.490909090906,1.2271328734303813e-19,6.292741615322877e-05,-0.41922068586553807,1964.9139494446622,44.98839899657342,-34.37550909367911,5.089297562526852,0.01910840974287553,0.621126961307968,0.05382079131109387,555.0,16.20185286527175,0.011733902249806052,0.029333333333333333,0.4000581902822229
OSP_25_08_25_20250825_234000.WAV,0.0003743632723689906,4.373552981259414e-08,1.1122223393996482,4.142521875269883,24.0,46.71752470123877,-40.26187538548159,-46.271082072815105,6.009206687333517,0.9189254774340965,0.027674449235796317,0.14163234828176818,0.08664802306906894,0.0123582524453133,40.838382739197264,5.31713511722967,313.2291158803792,0.5450633199753835,3.396216194068547,0.08532800086414585,0.2897923383423071,0.9063121893215841,2.94315793206448,2.2273302662495644,0.19827130544228436,0.14340671774480326,0.1318979730385026,0.13380864461055564,0.1310927422776646,1351.697265625,13.071732299549444,0.0036565924740568326,0.02368842626310782,0.14616469522914646,0.6260126541230956,0.33332180687075635,5.136126391870077,6.730252720454848,60463.10019894258,0.9954061568507873,0.6303436347229716,1.3080606263913526,97.10503345941228,0.28631058456987685,39767.89090909091,-2.244416773645629e-19,8.908846717644057e-05,-0.6596286929290613,2797.2852145298766,46.49821486687693,-34.333769739506025,5.876594072847325,0.01920045467145515,0.5925493115561214,0.05692397207137316,587.0,17.064466689891542,0.017067494181536077,0.026074074074074076,0.6546406750072739
OSP_25_08_25_20250825_234100.WAV,0.0002960508783998894,1.910145897091005e-08,2.245140807792786,13.700645668417156,17.0,44.3556801426557,-42.623719944064675,-46.308332762970956,3.684612818906281,0.9330437139801712,0.019022642340556506,0.3307665259632777,0.21585552523591212,0.010476566850499469,42.57129895057629,5.326352507938641,304.51934918863435,0.17380275765149206,1.4207294547666338,0.0933756114319037,0.1326614815181496,0.8683774926576595,1.0285898949118395,2.2949213326987388,0.06333171830837418,0.14422299809265185,0.13032323601958476,0.1329167561727472,0.13002440506497914,1340.681640625,9.35188225444455,0.0033796582533216954,0.023672201333961737,0.13383926406401553,0.6281220015805518,0.3333088228738846,4.758899163285826,6.818070052661035,67467.30673901594,0.9949057511872564,0.77587439135191,1.2513806425236136,92.74076229269713,0.23177613713509845,39706.61818181818,-3.1759107128671143e-19,5.483574257033034e-05,-1.4557301832431444,1010.8621623654345,44.390637289404545,-34.366039567989816,3.250635880970794,0.01912925346258915,0.756062924804592,0.049844840961986034,514.0,13.55185143603004,0.014546159813809153,0.027586206896551724,0.5273494326447483
OSP_25_08_25_20250825_234200.WAV,0.0003264293240274646,4.061073978015353e-08,3.319338248082944,20.854172374241493,18.0,45.75019944285578,-41.229200643864594,-46.276570821740464,5.0473701778758695,0.8842997533171678,0.1540300916189441,0.6168311080403726,0.37291296100695914,0.00839691966121825,41.09798498232534,4.855164322501971,306.5350451413177,0.673516037296723,5.125875168385186,0.07099545717977479,0.3639138510259614,0.8720656286783072,1.762673941285882,1.6678252758652417,0.5524108855149436,0.1406022694210067,0.1309891248161557,0.13483921082375505,0.13060990689554847,1346.71875,12.576062899123475,0.003520777264571817,0.02358319179105107,0.1414760585899612,0.6268692251760434,0.33324018869304267,4.09137235619158,6.511674769058454,57698.56147893449,0.9903466738187736,0.6837039060156685,1.2653517792028777,103.65144020948502,0.2381785835515469,39891.21818181818,1.0611250935172069e-19,7.553427691244958e-05,1.199646843004414,3182.097413151373,45.78144076076611,-34.33793332725672,4.1142110534370815,0.019191253124583852,0.6724596748976259,0.05062063615205586,522.0,14.999796422083877,0.013770364623739333,0.024430107526881722,0.5637183590340413
OSP_25_08_25_20250825_234300.WAV,0.0002820552562313025,1.4811078801408296e-08,2.3110264283162905,14.12930930413301,16.0,43.82026649994675,-43.15913358677362,-46.31637208172172,3.1572384949480963,0.9412292921579155,0.010496663278811047,0.22015280492686773,0.14667230757352379,0.009739125673159155,48.065422511091015,5.389591659821601,303.0120796277151,0.16209299408052416,1.3868997226074071,0.08006989244709257,0.11104891162407762,0.8285428146572706,0.7346851250659359,2.2974433205846014,0.05146097748856544,0.14561309927908705,0.13109710678316722,0.13350500372979768,0.1305028837527883,1345.615234375,8.373842778883041,0.003561692306759771,0.02367472924415914,0.14161813848811836,0.6280012581927406,0.3333140719833841,4.879398887280435,6.869361130757467,69900.77521802596,0.9953539701221615,0.8009145151550116,1.241678545048242,89.46755891766075,0.21711491368441468,39792.0,5.830773574404468e-20,4.967949175502198e-05,-0.2844486804861237,918.8537079800899,43.96177144150841,-34.361550205575085,2.3888407374658556,0.019139143105709192,0.8169567500536786,0.050717610550814585,523.0,11.708908551300683,0.01386733902249806,0.027238095238095235,0.5091649694501018
OSP_25_08_25_20250825_234400.WAV,0.00045176518975447366,1.1184348282342867e-07,2.301101052865107,11.718246093964911,20.0,49.06808080811193,-37.91131927860843,-46.27410939348347,8.36279011487504,0.8632027701425131,0.07308552513128219,0.3652560583792799,0.17457023001863137,0.012548951977560119,37.98227242411353,5.025965615033686,316.05418043588236,0.5794733918131348,3.755941624296174,0.21183504404269382,0.795640059404567,1.3842737914428755,4.415337692847442,1.4325764775920942,0.620514956543104,0.14350370154850803,0.13350170521522906,0.135025927305654,0.13180648245805449,1359.056640625,15.97867032374914,0.004862639111143438,0.024249125161061567,0.19077778325048494,0.6275618486093124,0.33325861400418394,4.2015797268047725,6.380203563508803,48697.11964231259,0.9906049284443675,0.599190451022195,1.3417583914702398,91.64969450101833,0.28854575817088546,39702.05454545454,-1.1472304587793285e-19,0.00015672814273436658,-1.3757622182811422,2512.678414997433,48.95146987131249,-34.3478646618467,7.137346276691769,0.019169322632298324,0.5597114735234898,0.05382079131109387,555.0,18.9147607291403,0.017552366175329712,0.02925252525252525,0.6000872854233343
OSP_25_08_25_20250825_234500.WAV,0.0003323289337861969,2.7664470458123076e-08,1.073771371743186,4.161396163510188,20.0,45.474256318693335,-41.50514376802703,-46.304183294634356,4.799039526607324,0.9318969774335062,0.03340653641282776,0.3942031540490103,0.22121812055907786,0.011133493836718578,37.74035720411444,5.082697246176873,309.2622410554831,0.521858747816973,3.1828643541394803,0.06717750496224643,0.21381688594436224,1.0211863788145004,1.501802363454419,2.2643451694591294,0.1406448392065137,0.14218633821485147,0.13295079721686479,0.13399354831107693,0.13127155616574532,1353.541015625,11.433368899680094,0.003961750497041994,0.023890481995523946,0.15802836672526674,0.6263663503805602,0.33332415132615567,5.24982622087967,6.811409782039144,64638.90034503397,0.9958770630505132,0.6898984316104849,1.2883236497352208,106.92464358452139,0.31174989089322086,39798.27272727273,2.0870300437342786e-19,7.458073795527945e-05,-0.6431438350359113,2556.4368984188986,45.72626676267447,-34.37541750465001,5.783318289471694,0.019108611234029134,0.5935963741434866,0.052463149728471686,541.0,17.28573864883386,0.01386733902249806,0.02460215053763441,0.5637183590340413
OSP_25_08_25_20250825_234600.WAV,0.00040361028059940227,6.407654655615005e-08,1.5597317406740752,6.223411960895892,20.0,47.63193361787819,-39.34746646884218,-46.26787226347197,6.920405794629794,0.8985828784743939,0.06354274353696421,0.33896866882495935,0.1750028235572082,0.015519981401816318,41.583984872288134,5.534922206661105,312.95606396403946,0.5838719283289976,3.806212644988854,0.11597757454589111,0.44143531077170817,1.088616886043326,2.9890047325430062,2.0606016845058557,0.35210000710814543,0.1453302298516148,0.13358669102259924,0.1336391495517445,0.13123253533847345,1353.138671875,14.589875746173428,0.00434343480263796,0.024829539869879437,0.16737012002909796,0.6298076272764794,0.3333103037012709,4.790058266019314,6.602693813115375,55961.48655761533,0.9941074654189006,0.6064117156719862,1.3183124225212897,90.55862670933955,0.29167121278246533,39559.490909090906,-2.567601013957914e-19,0.00011541827807153151,1.0291388918635718,2917.2120103071666,47.62274590769643,-34.30153302294294,5.582968394496476,0.0192718505859375,0.6059843089192054,0.055663304887509694,574.0,16.767430554769142,0.01638867339022498,0.02575238095238095,0.6364562118126273
OSP_25_08_25_20250825_234700.WAV,0.0004379522389639012,8.305218736456797e-08,1.6629915645235984,7.724666424138633,32.0,48.463125859389095,-38.51627422733129,-46.231809989037345,7.715535761706057,0.8912321977343728,0.0539612755661002,0.2628716914303483,0.13018179042917366,0.01757510570305776,45.561250857393,5.958414436692056,317.32702637842834,0.6902600492353408,5.457029501885605,0.11448283088256275,0.6247361855855255,1.2557956525484588,4.334139622589745,1.7943820469534857,0.5064367668229256,0.14752852940225647,0.1348264839771758,0.13759463851779744,0.13262648809523808,1367.51171875,15.274992765530929,0.005160220274464165,0.024088132036329018,0.19688721887124153,0.6281042801511616,0.33329898631774674,4.590191568444749,6.556480271175119,53709.81823648573,0.993403786696593,0.6151890405692525,1.347953466835138,141.83881291824267,0.3629126357773252,39416.21818181818,1.5694516393564713e-19,0.0001424561135165891,-0.08465073485406055,2851.7477738645803,48.53681091761159,-34.30616033341132,6.385023564754206,0.019261583305127693,0.583061052820413,0.06584561675717611,679.0,17.10720314978899,0.02395267649340574,0.030635658914728685,0.7819319173697993
OSP_25_08_25_20250825_234800.WAV,0.00028902296721007256,1.3190826330954964e-08,0.937400971384069,5.0494157241291315,15.0,43.92749165597455,-43.051908430745826,-46.27712036689615,3.2252119361503233,0.9544737739410245,0.02275822394817084,0.33225098815792553,0.24425491473506022,0.017469165797963093,49.56970335710366,6.180990046044891,303.9638368686524,0.5100673622605526,3.082193848582968,0.05002342719023542,0.1541818995707816,0.9650379947459065,0.9249311464045639,2.288753252447599,0.08579481121986668,0.13995571072964147,0.13096012965834708,0.1343751387910742,0.13032369102172436,1343.767578125,9.104215822772483,0.0032593756061487737,0.023115881170566663,0.13018070668646944,0.6264273468207102,0.33332681447122897,5.421099216227486,6.952632938777205,71740.97591165167,0.9966379328487682,0.7743985794439824,1.2453648162617514,110.19784695955775,0.2528966334497139,39678.01818181818,1.774884952814573e-19,5.040582808346266e-05,1.4187178155291424,1497.922301273499,44.02480753869237,-34.3241669235381,3.576645013725244,0.019221693761420973,0.6912439357636382,0.054693560899922423,564.0,13.764867813841109,0.015128006206361521,0.02971428571428571,0.5091649694501018
OSP_25_08_25_20250825_234900.WAV,0.00025332193414253365,8.451420920189738e-09,1.9628139279197323,11.187057844814019,9.0,42.68286685972089,-44.296533226999486,-46.3672849904567,2.070751763457217,0.9577433272700758,0.0006017596946924497,0.19095942957909406,0.18488944201942592,0.01560792100470032,48.098183391684934,6.097072117467832,299.57584339942554,0.16923573212734072,1.4074217890008756,0.04765410962902263,0.06706943222732288,0.9636827897711459,0.5093875857530932,2.2974581985205558,0.052268246418442035,0.1394465457601914,0.12976033002488585,0.13039699005780053,0.12907407744156724,1330.8828125,6.080519648022572,0.002223050625545534,0.022286789863015403,0.095264571714355,0.6289027385023439,0.33332366286104503,5.2239105602258045,6.972910666191475,74333.79889597617,0.9964035068342427,0.8136389197494228,1.215114811048347,48.00698283386674,0.12388165551352924,39981.41818181818,-2.7578949225347636e-19,3.741003981235672e-05,0.5167260883719242,120.14630038413716,42.72988170381516,-34.4212854722137,1.0844487657753774,0.019007969497911857,0.9109903472082361,0.03617145073700543,373.0,8.984832281586804,0.005139643134212568,0.028266666666666666,0.18184463194646494
OSP_25_08_25_20250825_235000.WAV,0.000300750435986856,2.006509799748094e-08,1.7849677377352964,8.12589307336921,14.0,44.50634823791839,-42.47305184880197,-46.34469913691913,3.8716472881171597,0.9338613483043772,0.04499187584767661,0.4671126110986167,0.31494707610776285,0.01207368472997139,38.398784783128825,5.313622663994787,303.90566441582405,0.4779911501272153,2.8313526686135817,0.04453923978016105,0.12610629540957918,0.8550842090023001,1.4354023657770947,2.160052219525876,0.2735328318086149,0.1408528109139107,0.13125508040157294,0.13170944377522598,0.12957093001406267,1336.005859375,10.110977634782852,0.0029176592352827078,0.02346840391374177,0.1190629546556741,0.6295607075095127,0.333319261080047,5.036346631355197,6.823450238361964,67104.01958865272,0.9954541517650071,0.6932840848939511,1.2468727309193421,58.91766075065464,0.16034529264862768,39959.6,1.535387978373654e-19,5.3919826595974675e-05,0.37211769407630424,2874.6366302697234,44.317484868556676,-34.40329386323144,3.544073384341708,0.019047382661068077,0.6911911866970041,0.03830488750969744,395.0,15.18966140210129,0.00504266873545384,0.027733333333333332,0.18184463194646494
OSP_25_08_25_20250825_235100.WAV,0.0003308205596947414,4.663631355293263e-08,3.662149730637708,23.52728949910872,20.0,46.005532088187124,-40.97386799853325,-46.33496467267964,5.361096674146388,0.8703152271675828,0.12783229455405654,0.5760321704060807,0.3082532266564002,0.013586900818595926,40.75441421103171,5.3396771128166485,304.7080777581579,0.5550677002994653,3.49506588158719,0.10459268929694074,0.3655583398251872,0.9816159353861778,2.268316232975304,0.9486401626485909,0.7585055622205257,0.1371755083567711,0.12934339965225808,0.13144024574064353,0.12938889596062458,1334.12890625,12.4022310581255,0.0026335269978663566,0.02340123010994617,0.10929496165737149,0.6277864879826076,0.3332049751471533,3.931036791940133,6.42353543753219,55565.6880739985,0.9885843221636667,0.7009305082971516,1.2506471099473937,53.462321792260695,0.12643884565027638,40001.01818181818,-1.8974720784502675e-19,7.634065792676089e-05,0.6932104720422836,3822.022105744031,45.82755898509732,-34.417115215429334,3.309797116543159,0.01901709776791659,0.6922002265692144,0.043056633048875095,444.0,14.265596032106133,0.007467028704422033,0.03158974358974359,0.23639802153040443
OSP_25_08_25_20250825_235200.WAV,0.00039029141498154546,5.571275633708979e-08,1.275936437264013,5.152773934499842,29.0,47.253571173317034,-39.72582891340334,-46.34512995599711,6.619301042593769,0.9072784791844332,0.05944230922874327,0.49385489254379056,0.17795623916732706,0.012093076666728209,30.20405945955409,4.509024994943178,305.64921700005596,0.8205285735249047,10.143835201407583,0.03975132690213496,0.40323090913253684,1.0057349632046144,2.2313710670198805,1.5690136938976638,0.6001340555824907,0.13662593346911067,0.12871550451074673,0.13041874343433246,0.12920780901464457,1332.26171875,14.163596924036172,0.0033430999054407913,0.02604279325603892,0.12737462869786614,0.6296651581527691,0.33331577132925644,4.9255802801069875,6.657266300755477,57244.25642518731,0.994754944753885,0.5982478159474355,1.273725589255661,60.00872854233343,0.15972020172631168,40160.61818181818,-1.8871688723505266e-19,0.00010683597631507444,-1.4471524325691214,2506.4337048829316,47.28717523143173,-34.44521887773525,5.428210819339789,0.018955666362878047,0.5848315705360159,0.036365399534522884,375.0,18.351760300601537,0.005721489526764934,0.026222222222222223,0.21821355833575795
OSP_25_08_25_20250825_235300.WAV,0.00028099301814411956,1.1940040353896932e-08,1.006746309614769,4.806760312590981,15.0,43.65760076580203,-43.32179932091834,-46.32308959600779,3.0012902750894526,0.9557024383999172,0.01078145878617598,0.3204704076497509,0.22674563962676486,0.013876094487250246,39.5617297462946,5.33704584872333,304.52808721538725,0.3978740060261454,2.3215639584011107,0.05056052212237562,0.11737948587724928,1.1367205733726666,0.8589255802373608,2.2967580545295867,0.05592462349729246,0.1402789900753241,0.13246587819834088,0.1325306337393057,0.13049739052953158,1345.55859375,8.321049232322434,0.0033542757734458346,0.023329364346103613,0.13721366164524734,0.6294591864820921,0.3333272997461461,5.459778272672466,6.960318607132866,72369.3655607529,0.9966791620885034,0.7793552872509539,1.249273382400347,88.37649112598196,0.2456228481718553,39909.781818181815,-2.9260053975703346e-19,4.64147145272608e-05,-0.6324712156178555,288.9309943048355,43.666556836783414,-34.38931849396754,3.12781958071146,0.019078054069750237,0.772339644397413,0.046450737005430565,479.0,13.617541403687287,0.00969743987587277,0.024242424242424242,0.4000581902822229
OSP_25_08_25_20250825_235400.WAV,0.00025234193174548437,7.505114228036245e-09,1.4760111559033622,7.718609228812852,10.0,42.59577500276697,-44.383625083953405,-46.37155219859979,1.9879271146463822,0.9631007399047214,0.0005217352649838913,0.18776854661147147,0.17600532766740518,0.009833856116764128,31.230384684540496,4.416554455892306,299.7089577426922,0.2381327090708726,1.6251291055702373,0.04156487310256287,0.06754828504830841,0.8359887343377853,0.5045649017454072,2.3019083581362803,0.01899866157668768,0.13909093847994053,0.12949937360460803,0.12906822130797616,0.12897122157162255,1329.822265625,6.057595841822028,0.0021707702938609254,0.022890235175233843,0.09135737451503395,0.6281977084310614,0.33332694490007697,5.431204608884613,7.006527744386458,75444.14563114077,0.9967917871885963,0.8045907111657438,1.2136431147288356,45.824847250509166,0.0889523324604791,40100.545454545456,-3.831320782517988e-19,3.648226548603974e-05,-0.166078406251336,28.24881162851086,42.62081799435336,-34.46322452328075,0.7888355529789166,0.01891641241131407,0.9574018651964725,0.03578355314197052,369.0,7.452714044752508,0.0032001551590380138,0.022,0.14547570555717196
OSP_25_08_25_20250825_235500.WAV,0.00026417058880036186,1.0304125561774346e-08,2.0134443503077857,11.27382301141849,14.0,43.10789486366318,-43.8715052230572,-46.34574737014158,2.4742421470843823,0.9530050298070347,0.0039147968114554565,0.2319052624578558,0.1765679341501607,0.01094041305640292,55.40349182783695,5.927610786498752,302.03817833038937,0.17719365371164528,1.430705607731293,0.06106556131266422,0.0873668410092878,0.9277746369004655,0.6193764177703442,2.3013290623473583,0.02570472522396443,0.14415834222351534,0.13081015470416443,0.1322251800771701,0.12984521233391524,1338.833984375,7.0447116348697385,0.0032512304820095043,0.02302297926421364,0.13238294510790494,0.627779960195808,0.33332225514718966,5.155960153412361,6.943230845249528,72971.0410796757,0.9961633572187498,0.8236433497065205,1.2309547153812552,93.83183008437591,0.19694152482785374,39796.799999999996,-1.2473187466053842e-19,4.096209085302655e-05,-0.20042461700707867,41.3380806087159,43.12382116492104,-34.40720496313887,1.4124524422354199,0.01903880789785674,0.9257090101672657,0.0493599689681924,509.0,9.100474488889342,0.013964313421256789,0.024,0.5819028222286878
OSP_25_08_25_20250825_235600.WAV,0.0003291202723067139,2.646005793936136e-08,1.2846912224934235,5.9538997030462575,17.0,45.36836103454485,-41.611039052175514,-46.311589544623374,4.70055049244786,0.9320728653876151,0.03812816845524203,0.30619238354287215,0.1664313851632072,0.01699521305753915,38.94434092638544,5.401864157855551,308.33477343592835,0.6339782882198962,4.46415673068473,0.05279055378056651,0.2356653059760902,1.2247263192723319,1.7063188581162974,2.205771486258897,0.2269735807598245,0.14334206187566675,0.13310277183710317,0.13172575880762494,0.13043260837940063,1344.890625,11.42377292238509,0.003426634783241199,0.022842454226109112,0.14261269777521823,0.6273266437762575,0.33332086453138443,5.09683429444273,6.8123973570677485,65156.978355149324,0.9956610548308862,0.6999984918082202,1.2768394010002824,117.83532150130928,0.2669327659780817,39820.454545454544,-2.611547342015993e-19,6.94966510023223e-05,0.009140297184291485,2991.194010178839,45.419638767303255,-34.36178099056513,4.381172635764727,0.019138634583444305,0.6580597997016031,0.048196276183087666,497.0,15.616068045606895,0.013188518231186967,0.022666666666666665,0.5819028222286878
OSP_25_08_25_20250825_235700.WAV,0.0002719836116307998,1.0672812977862186e-08,1.3973716130112726,7.8561749038146065,17.0,43.34826147570639,-43.631138611013995,-46.36616213053845,2.7350235195244537,0.9561797715547407,0.009559058873033321,0.2862619191146355,0.1872546756309238,0.01250510915094416,48.46427939259116,5.768914990600006,301.12544001925886,0.3393871372256924,2.0274917621204147,0.04802108190862777,0.09736234797785248,0.9175853149473351,0.6388890004519214,2.3015595391533212,0.02338846880661851,0.13719975430769726,0.13003328444149828,0.1308501854022154,0.12918564670012606,1332.033203125,7.770439438410415,0.002642050964988847,0.024035161179149403,0.10652440364330748,0.6319144550138717,0.33332504490155146,5.301018743950994,6.963214449635147,73073.84462319718,0.9965176133639102,0.7814343347547461,1.2278592579744108,53.462321792260695,0.1331254243041412,40068.181818181816,-1.4244708106672582e-19,4.455466551350288e-05,1.1356859658432017,1125.0806498645163,43.48893187624956,-34.44915457588307,2.244293284892372,0.01894707923079982,0.7981324434663176,0.038498836307214894,397.0,12.456968881963771,0.0065942591155934835,0.025904761904761903,0.2545824847250509
OSP_25_08_25_20250825_235800.WAV,0.00026484834749317907,1.0504683795042434e-08,1.885924654040042,9.876999788058633,15.0,43.13810738651796,-43.841292700202416,-46.36872364821159,2.527430948009176,0.9527469635892047,0.021142057435267092,0.5641138958235778,0.38357923497661983,0.012187585888681962,49.01248487071224,5.813345723287879,300.7875389371011,0.32544860342904003,1.9649334508339549,0.052958089576998234,0.10405912170210484,0.9851402712775622,0.6179400250428299,2.288329831218222,0.08673690141076129,0.14015776032069313,0.1303622295076722,0.1312290567101462,0.12964953993308118,1336.81640625,7.4176001049223625,0.002687512122975463,0.02309112248866265,0.11004088112269642,0.628085095393642,0.3333231955612633,5.200315006116146,6.941651569915606,72778.07344320555,0.9962236563038153,0.8262852184777483,1.2243910468958412,64.37299970904859,0.15710618514208127,39935.490909090906,2.4180993907555492e-20,4.180137115846191e-05,0.1116499843927987,229.39146759147323,43.21190527631189,-34.431100936966324,1.5041083817821317,0.018986501728404652,0.886177395961845,0.039662529092319626,409.0,10.232538313728023,0.0073700543056633054,0.025333333333333333,0.2909514111143439
OSP_25_08_25_20250825_235900.WAV,0.0003093065904075887,1.9564832335223052e-08,0.8164387084020286,3.4265918265875763,19.0,44.68795880312661,-42.29144128359376,-45.985814535557154,3.694373251963391,0.9437779584525519,0.012267294246421367,0.3709237349440153,0.25060198632399655,0.012627185889341974,23.91204548278747,3.5174671748361725,304.18305413846036,0.39914025494485994,2.3285638062114864,0.05762516674222628,0.13418387760284997,1.2335402184562947,0.9966895384018231,2.2947937735211736,0.06505266660038167,0.141887304820095,0.13670916956868204,0.15433567454048255,0.1377645460551838,1420.490234375,9.087827002289066,0.012092099759965086,0.02693146303845753,0.37111269398642094,0.6248760890817714,0.3333266311007646,5.4072287895965,6.8857917294470194,67946.8999684895,0.9964036324687953,0.7109051855353414,1.2714739060320424,306.5900494617399,0.8273930753564154,39303.763636363634,-3.7663475032359476e-19,6.00635050914713e-05,0.199918262137578,519.3567876994468,44.78610672476138,-34.088700687462484,3.5541050533449514,0.019749902939073968,0.7645144131155894,0.10250193948797517,1057.0,11.182997912056749,0.05963925523661753,0.04895522388059701,1.218359034041315
OSP_25_08_25_20250826_000000.WAV,0.0003189994434717858,2.9198221853308564e-08,2.327199237377294,13.055490564655369,15.0,45.24344878037248,-41.735951306347886,-46.32090580231018,4.584954495962293,0.9148360675646777,0.04483188619860612,0.38156893512355894,0.25703600780941704,0.015222607270760635,33.13801463756285,4.899229779801064,307.7521024090289,0.3426387339982881,2.042467062540298,0.0991400502517939,0.20249028721787904,1.047785467900181,1.4470406499351893,2.246013545651303,0.1723698602307815,0.14538680373710922,0.13497045993319115,0.13398901635763275,0.1313672140190088,1354.52734375,10.807917115281274,0.004498381582775677,0.024182188702568497,0.17536211430043647,0.6268509100691383,0.3332973808721184,4.56735036265234,6.703946851167392,62784.67817521095,0.993841442433842,0.7471809175085227,1.2782731609945936,105.8335757928426,0.327756006934342,39563.70909090909,-8.300388995658722e-20,6.6905595813031e-05,0.19781932876748298,1488.0560305934061,45.254624425673626,-34.40736327770387,4.25126559660691,0.019038460887562145,0.6963045811500257,0.05750581846392552,593.0,14.676680984786401,0.021334367726920093,0.027286821705426356,0.7819319173697993
OSP_25_08_25_20250826_000100.WAV,0.0003127841112075653,2.4913342947778648e-08,1.8950092817456539,8.841420190290608,23.0,44.96221716562878,-42.017182921091596,-46.35313076720392,4.335947846112326,0.9250588380324114,0.07820623985588881,0.5486541543677542,0.28110873119469015,0.015332008742468872,40.08681598952894,5.564166051531232,304.4442935369235,0.659470438339034,4.8732052226091795,0.04376843254712984,0.2132925540740907,0.9942696012266021,1.550599159438268,1.9451104771625003,0.43061758007143053,0.14131348398150842,0.12953036842847246,0.13148828444715152,0.12980941167200077,1338.46484375,10.981084796966025,0.0028288205557171955,0.02363102028198217,0.11369943850024249,0.6273287695932793,0.33331438269295777,4.887530272716497,6.7682814330338745,64831.258741120815,0.9949473235843385,0.7036049147927583,1.2474921646412418,88.37649112598196,0.180594450101833,40002.98181818182,-3.559232033679929e-19,6.449998778006994e-05,-0.024241334074080925,4170.688902375664,45.09559632355443,-34.40530712070415,3.175009524835822,0.01904296875,0.7072196039867481,0.04043832428238945,417.0,14.292950697573538,0.0061093871217998445,0.025846153846153845,0.23639802153040443
OSP_25_08_25_20250826_000200.WAV,0.0004794347178223707,9.089908661924949e-08,0.7416916264567719,2.6708309794220604,30.0,49.133857541368975,-37.84554254535139,-46.26947727658961,8.42393473123822,0.9089110515565346,0.03045731009091357,0.13824628636121317,0.078955729310215,0.015000960452943524,29.988669926789637,4.635855030430519,324.07476479771736,0.7304955781951498,6.42102851821931,0.10339460256221104,0.6638996916819084,1.1026272348886668,5.1572426929298665,2.182376083732662,0.25244288939522563,0.14896712249054408,0.135473375946217,0.13637826221338795,0.13292160677916787,1370.5546875,16.24028163444525,0.005569370696343711,0.025239721665146656,0.20519889291343354,0.6281147027638251,0.33332344991771096,5.213020053255255,6.667807482491259,54906.56836213853,0.9954605011689232,0.567034655647609,1.4079188595808312,164.75123654349724,0.4526605385025701,39190.0,5.660455269490381e-20,0.0001585561321193844,-0.06908058274778305,2098.2069016978267,49.001830429201064,-34.35162871030426,8.605842728879132,0.019161017365889117,0.5483536592611535,0.07593095422808378,783.0,19.19178928890466,0.03132273079906905,0.03915151515151515,0.8001163805644458
OSP_25_08_25_20250826_000300.WAV,0.00028636415560649524,1.2335887780716652e-08,0.551070013956106,2.4616025172901397,13.0,43.81907302692878,-43.1603270597916,-46.36158923064202,3.20126217085042,0.9576710969692923,0.018650488210337213,0.22405299754339048,0.143714926428943,0.013467723563204137,39.52931255026118,5.4888703271217025,304.5085891929333,0.5496470637684285,3.440961386275053,0.03622885187575979,0.12466208037356796,1.0175900552994732,1.1133010564561718,2.298200652333962,0.04816401167206639,0.13739372191510682,0.1308241523665548,0.13124809091461165,0.12961980075889826,1336.509765625,8.960044040258017,0.0022870750897100185,0.022233209573687893,0.09878104919374392,0.6265236422995751,0.33332914358743265,5.642129090712482,6.972721499440569,72287.16336530523,0.9969208254658224,0.7351905884811288,1.2439035110519143,45.824847250509166,0.15051431723402192,40052.03636363636,-2.1541060181387152e-19,4.70261132414976e-05,-1.1876961597328768,1590.7598534793144,43.72339085326442,-34.433191206226496,3.8329236562522624,0.01898193359375,0.6583227658734789,0.03743211792086889,386.0,15.785946360516832,0.0026183087664856477,0.018,0.14547570555717196
OSP_25_08_25_20250826_000400.WAV,0.0003634665810474103,5.036292953210727e-08,1.8632676336969658,7.892767699424498,15.0,46.68403548237718,-40.295364604343185,-46.291708604904464,5.99634400056128,0.8975351040330067,0.07699292896572996,0.37579044969484776,0.22442511926787678,0.01381513063849571,39.023604484146695,5.369249595318796,312.518830180234,0.7726569333832602,7.797277303255732,0.0613764975986401,0.4785695716792064,1.2470446772413777,2.5427008950003476,1.8295453139270554,0.48799244429121524,0.14130540199786637,0.1343725597825163,0.1344712162040902,0.13144980178935117,1355.37890625,13.476292596501933,0.0036325359446222486,0.022966202070940675,0.15095989179194957,0.6284606082579344,0.3333057992319722,4.700736491676584,6.595936434598189,56877.749497655874,0.9936699677047851,0.6593118148672006,1.3097398831488767,99.28716904276986,0.319989725778295,39800.67272727272,-1.1140078758454695e-19,9.673295588627051e-05,-0.4494245652880404,2620.4221900509447,46.855744587904304,-34.36172901343745,5.890605282355622,0.01913874911105994,0.6058565903915197,0.054111714507370054,558.0,17.29755141609529,0.011733902249806052,0.02151111111111111,0.5455338958393948
OSP_25_08_25_20250826_000500.WAV,0.00032125492531471665,2.2197189650750284e-08,0.7258899554712608,2.6627136231826465,16.0,45.055141441123034,-41.92425864559734,-46.32295752200549,4.398698876408147,0.9418943121831048,0.02750351630223513,0.21095823313856465,0.13668903107902053,0.012539862192679108,46.78418558026362,5.8707289910085025,310.0618803428218,0.5684380050003729,3.6343283773209167,0.05197851761471387,0.18890700157822976,1.0867655960941365,1.573478557195704,2.296960989404635,0.05431304733112565,0.14134581191607667,0.1343305667953452,0.1335811405476594,0.13095010789448164,1350.2265625,10.840954760347298,0.003224522051692367,0.02287224361969888,0.13277366482783703,0.6316737356782871,0.33332747135201707,5.474205307137466,6.874052023029381,67089.32498091109,0.9964249617030327,0.7081186269433524,1.2860673619012117,117.83532150130928,0.3152541884880225,39769.50909090909,-1.9576091589507968e-20,6.437579862948597e-05,0.9744048452693678,2330.571150301087,45.08722629827538,-34.39325965887721,4.733036807495711,0.019069399492668383,0.6438498850781732,0.05236617532971296,540.0,15.811993649418037,0.010667183863460047,0.022564102564102562,0.47279604306080886
OSP_25_08_25_20250826_000600.WAV,0.0003392594959785271,2.8610274617062113e-08,0.6880721066204382,2.505312668510024,13.0,45.64688739751807,-41.3325126892023,-46.30936110135516,4.976848412152862,0.9351922652330082,0.02930277628991762,0.1644219248759855,0.11022269899228587,0.01139976287925526,36.56155254927095,5.1008733809532405,313.30370924666386,0.7305308238371444,6.421999163241166,0.03894891294623197,0.2501298863498547,1.110448660268803,2.009683671696948,2.2957056897881456,0.06026801789537863,0.14053761355187014,0.13400462122825488,0.13426546551772583,0.13106565500436426,1351.41796875,11.935345136012396,0.0033550334594122785,0.022732475425641812,0.13984213976115423,0.629701216591201,0.3333269814774555,5.434075617433206,6.832158999034631,64535.0828766492,0.9962584945956771,0.6429360023602996,1.311006431405416,85.1032877509456,0.3400115774415673,39886.90909090909,3.48248366171247e-19,7.492105411198832e-05,-0.5649281037720272,2503.2376085063124,45.74603879111627,-34.389119429113855,6.704229899897321,0.019078491309194853,0.5614581573856358,0.053141970519782776,548.0,18.43375944474595,0.011055081458494957,0.02096551724137931,0.5273494326447483
OSP_25_08_25_20250826_000700.WAV,0.0004512393554990669,8.306694920061977e-08,0.8086878491283652,3.0140885651607183,16.0,48.64613281359773,-38.333267273122644,-46.316037957854036,7.982770684731392,0.9061568393474169,0.0325379832605196,0.14326074031209612,0.07185858255193123,0.012681367016792788,45.19333350533971,5.650520489748751,323.2504174726089,0.8438494987081371,11.808156127925415,0.04299005377017921,0.5076332668661847,1.239794407344295,4.560843108754765,2.2854313826998442,0.09425073325021938,0.142129764329357,0.1338816417658251,0.13618248182460072,0.13270187784889925,1368.2890625,15.531951753737726,0.006106570046552227,0.026156053174335437,0.2203304020671678,0.6286047456503281,0.3333218010376263,5.135873423773165,6.650535214860936,54254.970529760874,0.9952809737416376,0.5443044548111599,1.4062287859753644,124.38172825138203,0.4132798103966637,39970.67272727272,-4.1326369935573537e-19,0.00014802165144792192,0.3674087084556086,2137.4459190400275,48.7032524523697,-34.43110443781685,9.449266586771618,0.018986494075890745,0.5369662426844263,0.051590380139643136,532.0,21.8124961933571,0.016679596586501165,0.02620952380952381,0.6364562118126273
OSP_25_08_25_20250826_000800.WAV,0.0003396485776641431,3.018980755045752e-08,1.134572283281466,4.601124373930335,20.0,45.70225055393686,-41.27714953278351,-46.369663682788,5.09251415000449,0.92912833513074,0.047433754087092495,0.2949213158189635,0.13577405302167445,0.009850392998285717,44.52045551060731,5.314624001546459,306.4195819855587,0.7437598647033441,6.805178520080579,0.04095885416579959,0.27873231457621234,0.9093684893328797,1.7167969512385093,2.2015237678418274,0.22966575356967986,0.1385171176413539,0.12963735056245607,0.13093538612696537,0.12958115877460963,1336.111328125,12.308830208132937,0.002666296915915042,0.023017508600596523,0.11199447972235693,0.6279511036761565,0.3333228303019042,5.182617173130083,6.794057251007401,63864.81583331467,0.9957167143942263,0.6706747177035123,1.2653141118345748,49.09805062554553,0.15632955702647658,40106.58181818182,3.180957181160865e-19,7.857724913119282e-05,-2.756805694709182,4304.639907402765,45.952968207591255,-34.431314126529756,4.237669226624661,0.018986035722674745,0.6218268990928483,0.03743211792086889,386.0,16.462053936371618,0.004751745539177657,0.023757575757575755,0.20002909514111145
OSP_25_08_25_20250826_000900.WAV,0.0002712342952194204,9.526235638858862e-09,0.8514862223243798,4.264680832318239,11.0,43.26781091107475,-43.71158917564563,-46.37284795765848,2.661258782012851,0.9618649695428484,0.015388376486849209,0.3915508131968317,0.22952912783945623,0.013061793219859785,34.918992088614495,5.193723603856052,301.73033482762173,0.44048572404343955,2.5745289904904523,0.04155480167115768,0.10698404159647654,0.9798487164100601,0.704266039845221,2.3008535982126697,0.030317986896546502,0.1396324313839589,0.13069617373898557,0.1305084761125266,0.12952565827756765,1335.5390625,7.9314206104230065,0.002632390468916691,0.023834431045970023,0.10481944486542191,0.6280225489832292,0.33332850462200153,5.571159321121363,6.998887410072544,74221.7881435324,0.9969278156646193,0.7791007554275325,1.2313609119759925,51.28018620890312,0.16915339200853458,39919.03636363636,1.6939311906023221e-19,4.329836162891898e-05,-0.1981341111920281,830.3432635184951,43.36471463351482,-34.4313802955252,2.5733483663724854,0.018985891087849933,0.7491840291574282,0.03820791311093871,394.0,13.26302340264422,0.004266873545384019,0.029333333333333333,0.14547570555717196
OSP_25_08_25_20250826_001000.WAV,0.00034352362060234673,3.3247340455568044e-08,1.8098803702522714,11.090821531770748,18.0,45.86922059327523,-41.110179493445145,-46.34538975783958,5.235210264394432,0.9208375129418203,0.05891887272860363,0.47353548953831714,0.21522067477719375,0.01209495828250473,41.81867938457225,5.212045115046173,308.85732382555784,0.7611550818328664,7.3736343035797205,0.043464818468730654,0.32049367645989774,0.9541381120276513,2.40110801843726,1.5771385049135,0.5950429476096708,0.1390666925290143,0.13148104266587482,0.1330672170270929,0.1305047779677044,1345.634765625,12.429373484073958,0.0032917666812142367,0.023985924882278103,0.13135286584626577,0.629377055139577,0.3333032910951599,4.657146969368016,6.741704263282351,62697.87550510094,0.9944723194434612,0.6705327433930894,1.2757516854321835,77.46581320919407,0.20400694646494033,40019.74545454545,-1.414167604567517e-19,7.501511337305138e-05,1.7599036390352412,3739.0597994285567,45.75148769968788,-34.40333768967745,4.494041680440279,0.01904728655381636,0.6226963716734765,0.041117145073700546,424.0,16.46092380367118,0.0075640031031807605,0.027733333333333332,0.2727669479196974
OSP_25_08_25_20250826_001100.WAV,0.0010024656776679503,9.980468343779136e-06,8.581733354272593,82.4986733546827,20.0,64.48026073160877,-22.499139355111602,-42.95991608906309,20.46077673395149,0.3797817962931795,0.17980238523634995,0.4759579874907035,0.12803820955632506,0.037494751437419094,52.76877738291267,6.292262515016524,323.4506807872585,-0.8871072980268792,0.05982314947918385,53.13871951315749,3.1789255605680444,2.953287651528777,73.50593531226994,1.3373914256391273,0.682783161358369,0.3156741990754211,0.17126639851144856,0.179986531034364,0.15806295309620794,1629.787109375,20.7929480260616,0.034562034780816604,0.033533517897284607,0.8066941417616392,0.6252945762716662,0.32392305614396516,1.7836702901285262,3.2883452509549977,4017.8302990499415,0.848745120724009,0.06686753105314332,1.6731871382363859,373.14518475414604,1.1407341067791679,20808.83636363636,2.0185873175002846e-21,0.00665673724149871,0.09330877177644213,54.67670860216441,65.23261414572319,-29.939975681887802,13.887752662466067,0.03184206436619614,0.7469162370272869,0.36927851047323507,3808.0,18.135942877224547,0.3340768037238169,0.07349333333333333,4.546115798661623
OSP_25_08_25_20250826_001200.WAV,0.005973984055249251,8.093825532398727e-05,7.449996515177111,71.38777917878454,19.0,74.74008108900144,-12.239318997718929,-30.98781025604582,18.74849125832689,0.5835482198811967,0.00734167732798241,0.08947284117130638,0.046533145314292534,0.12818759337978225,162.5781579655379,12.153861283423353,387.21799362196714,-0.6502261259853894,0.21195511845732792,266.83227660959074,56.55646679702429,4.306630354291712,517.7667371157589,2.194922083350311,0.24665616723930023,0.38920305791182325,0.37547084867741326,0.3676247353786618,0.30681090215598494,1953.158203125,26.27202459084954,0.21503949202796102,0.05762997020020043,3.6348952707678714,0.0,0.3288065071016515,2.1495609537347518,4.593751058659923,19734.242064147962,0.9117287617186791,0.35839688590870433,4.715436829695767,1595.7822808671067,5.949913358074143,13507.547454551479,-8.526880286743834e-18,0.06782220590935803,0.021346366096787642,8.163437553224332,75.43777686913654,-13.579369249162438,7.51455661928189,0.20942645313665642,0.8937243320782883,0.4132244385110727,2631.0,11.16110131804665,0.36657766609078063,0.06318781725888324,5.802309142318568
