filename,MEANf,VARf,SKEWf,KURTf,NBPEAKS,LEQf,ENRf,BGNf,SNRf,Hf,EAS,ECU,ECV,EPS,EPS_KURT,EPS_SKEW,ACI,NDSI,rBA,AnthroEnergy,BioEnergy,BI,ROU,ADI,AEI,LFC,MFC,HFC,ACTspFract,ACTspCount,ACTspMean,EVNspFract,EVNspMean,EVNspCount,TFSD,H_Havrda,H_Renyi,H_pairedShannon,H_gamma,H_GiniSimpson,RAOQ,AGI,nROI,aROI,ZCR,MEANt,VARt,SKEWt,KURTt,LEQt,BGNt,SNRt,MED,Ht,ACTtFraction,ACTtCount,ACTtMean,EVNtFraction,EVNtMean,EVNtCount
OSP_27_08_25_20250827_203617.WAV,0.001107031573120408,2.3342066863079265e-06,5.874284029950514,49.778241960756844,53.0,59.586264903010495,-27.393135183709877,-45.44111968574923,18.047984502039352,0.6469199875081632,0.14219607456158756,0.7201155525362186,0.32042424012296955,0.05586821859046398,81.33170182054961,7.916038223758157,323.3759979796842,-0.7441739284222516,0.1466746334232642,6.58873067149506,0.9663996559661553,2.1416137968455717,15.607638934442452,1.9470438116820008,0.41698852191706326,0.22289678083473707,0.16633624107850914,0.17489124559866084,0.15274402547725996,1088.1484375,22.759273109375904,0.03213526679183043,0.043103070337561326,0.6997235517864664,0.6173334704081317,0.3309767017420932,2.4759548413375834,5.0049966078380335,22034.02054029494,0.9411306550218497,0.5394108310376852,1.698562867884028,786.4261650758001,1.6304919988770354,34174.368421052626,6.281525007747596e-20,0.0018817498359583436,0.1296690114522202,304.4523534466829,59.74561886846664,-33.10449297149982,12.896330062222912,0.022119502326898407,0.5973803681045534,0.22217543859649122,1583.0,19.259093581263627,0.14652631578947367,0.05681632653061225,2.5793093767546322
OSP_27_08_25_20250827_203700.WAV,0.004568375323649814,3.802951338336178e-05,6.9353219993870665,71.04884217561474,34.0,71.77322067905914,-15.206179407661239,-41.54609474276104,26.339915335099803,0.6363642327815994,0.039301355818145756,0.5094929898787618,0.1335401603755012,0.04544556535051458,11.8300507973501,2.715645298615107,354.6941335690089,-0.6467537223483172,0.21451069024938568,178.9408154263913,38.38471783090312,4.3830894802452915,306.69002911831194,2.1928985714636497,0.2411134719884897,0.36376200174570855,0.29348098867489125,0.30665916175176317,0.2417300470977597,2492.478515625,28.77606713590698,0.14047440991416932,0.06697887290297501,2.1059792904340444,0.6067779380207187,0.3288497250375523,2.1543574224504485,4.928666974439532,23211.500911775303,0.9226362266287151,0.5111587140887736,4.440864927491534,1272.1850450974687,3.5828885716710306,23826.12727272727,-4.9199701551873604e-18,0.031300183513855176,0.1409214186404357,20.825734142839398,71.9554688383466,-26.727730847469743,16.99219614563286,0.04609071882999304,0.805078924320937,0.39827385570209467,4107.0,20.96129766859802,0.35560512024825447,0.1178152610441767,3.0186208903113183
OSP_27_08_25_20250827_203800.WAV,0.001249738111107849,2.683429699748506e-05,11.44958027091173,149.81032742856786,58.0,68.60469314181599,-18.374706944904403,-38.406307887023644,20.03160094211924,0.2805372085371593,0.08163308109066236,0.30103218395957965,0.15914244939572275,0.08565966015563886,74.205365655586,7.313530806645909,325.1923488900537,-0.93879085412937,0.031570783274669535,141.59264798478802,4.470190802814317,5.043961232970397,113.81342635189888,1.179244075751397,0.7428919267719536,0.3403080852164355,0.1969451101666022,0.17054647201020234,0.16144924110173603,1664.703125,18.11375802404359,0.032467033083600036,0.031518434848153344,0.7906035932953444,0.6194637047993413,0.2980158155622954,1.122381947665543,2.587020248734542,2109.100157595366,0.7193650113203509,0.028354478082488022,1.5515876441630174,686.2816409659587,1.233058141790321,14264.236363636363,-5.056897661557796e-18,0.018439439932405603,0.12676000964257494,22.528217419067218,69.6574772593889,-26.240177199233372,13.551063505043198,0.048751854422598176,0.7982799669042473,0.3742242048099302,3859.0,17.74351757432504,0.33378588052754077,0.08344242424242423,4.000581902822229
OSP_27_08_25_20250827_203900.WAV,0.00034141298777269136,2.132070079596496e-07,8.090782147980477,83.67296972005325,20.0,49.254208981550036,-37.72519110517034,-45.50122451325009,7.776033408079748,0.5965919308800093,0.047587127876766,0.4084160798876376,0.300882707184183,0.07214355389378402,167.26337559384535,12.530852107557626,305.31391810204127,-0.7673614947128437,0.13163040271223897,1.2546366051431472,0.1651483215925088,1.2750193101808802,2.912689482352775,2.059624930210039,0.3631667257172312,0.20106358904729574,0.13224491509917843,0.1390992470612548,0.1329100520681796,1370.435546875,9.843968982912365,0.004631923734361361,0.02260523445665689,0.16982099827230843,0.6203816956935463,0.32771451847755,2.041511114200272,4.673269440899832,25294.369206883504,0.9094013623944978,0.49198797102591313,1.2633872935985218,391.6933372126855,0.35169888347395983,33176.72727272727,-4.152822866732356e-19,0.00016284961083998464,3.515346083390206,319.66060467008214,49.117867250731415,-33.15029354516118,4.572334088193216,0.022003173828125,0.755791772712304,0.1270364623739333,1310.0,11.94207666758251,0.058863460046547716,0.031430420711974105,1.872999709048589
OSP_27_08_25_20250827_204000.WAV,0.0003283866230057802,7.023942866022617e-08,5.140305822759127,40.85285043044276,14.0,46.57818294955484,-40.40121713716553,-45.771395853509425,5.370178716343894,0.8058336798755992,0.01706212155447162,0.39848940195991034,0.23220251176451012,0.06798792494488493,171.2113978867446,12.718101652693065,308.50086160165654,-0.585441700953725,0.26147810972607616,0.38622888320694426,0.10099039830256523,1.0946910065609738,1.683460844332093,2.231753645786639,0.19290214950933482,0.1729302039892671,0.1326618454718062,0.15197724596814763,0.13687994768936085,1411.369140625,9.274691662494321,0.008691794564057803,0.02563014712689781,0.2914413910948109,0.6165224490077397,0.33277943722776576,3.1999605676061726,6.0149464889480475,46829.01118000529,0.9763690490654667,0.7661516649997768,1.2884354434568965,542.2606924643585,0.7546552225778295,36871.181818181816,-1.8440636223414058e-19,9.200264176132987e-05,3.928710626240241,342.61010951123734,46.638002978444256,-33.622322820401244,4.3188237605581,0.020839335135257604,0.7837372289462443,0.11966640806826997,1234.0,11.791503500663866,0.055566330488750974,0.032168421052631575,1.727524003491417
OSP_27_08_25_20250827_204100.WAV,0.00027924132496181815,3.171803983637853e-08,4.622234085980102,32.502999336221635,10.0,44.47391882521987,-42.5054812615005,-46.07648899807756,3.5710077365770587,0.8651615990468893,0.014956380198445252,0.4639278369002827,0.42182795167200715,0.07159573471648772,169.8468926790572,12.659506196035068,302.76562328174896,-0.3973607000279271,0.4312696785876609,0.189309588989165,0.08164348559691938,0.9460041306941623,0.9792023732250961,2.227380400340413,0.19786512181909455,0.16859826075712026,0.12930640583022637,0.1378656493337575,0.13126909368635437,1353.515625,7.348087876395772,0.0038240410726408693,0.022465824531183023,0.14598709535645005,0.6160468251600113,0.3331523024635007,3.7591153505055726,6.39035718387491,57212.48241058508,0.9865824511497916,0.8317042755801347,1.2362198064292262,408.05935408786735,0.3472474784211037,37698.10909090909,1.2220864051366306e-19,5.5651995709381015e-05,1.5697566094930915,185.4353101185278,44.45480742974965,-33.920246743819916,1.752366383849541,0.020136670459400523,0.910237058164793,0.07234290147401086,746.0,8.723816835424957,0.016485647788983707,0.022666666666666665,0.7273785277858598
OSP_27_08_25_20250827_204200.WAV,0.0003328912868387356,3.7881629540092955e-08,2.508421307904042,13.598784487137655,15.0,45.79515793175701,-41.18424215496337,-46.149593702540656,4.965351547577285,0.9003672715409438,0.06299733516769201,0.4599988858969889,0.20001517873287766,0.07518532108088771,165.9829734698838,12.454981891784467,307.8863545542649,0.36770523906083896,2.1630817200341133,0.12242888801442756,0.2648236896681118,1.0771290540179748,1.8810523460281352,1.985089380603058,0.406459751464787,0.15066433905537777,0.1310721109574701,0.13728646568359534,0.13109425764959753,1351.712890625,11.46300887654453,0.0035912420594510722,0.02272511578885954,0.140943258971872,0.6183657173809781,0.333287334447056,4.444140542231433,6.613159469993254,59495.04027802038,0.9927989253124877,0.7269823463098145,1.272116365644719,408.05935408786735,0.3642007019202793,38897.781818181815,-2.603925072197307e-19,7.630137731211426e-05,-0.7458804580531063,2353.155839248963,45.8253237745229,-34.115972740508326,3.695305915257066,0.01968798922336463,0.7017244720146171,0.06186966640806827,638.0,13.455473367688278,0.01057020946470132,0.02235897435897436,0.47279604306080886
OSP_27_08_25_20250827_204300.WAV,0.0002776088553163433,2.654656868386854e-08,3.607770031980754,20.75433780804283,11.0,44.2262524594817,-42.75314762723866,-46.16778850131638,3.414640874077719,0.888907138690915,0.030331588851105762,0.705995496147342,0.5994788103351315,0.06897342020716302,176.3593248990387,12.966494279051282,301.8551917894128,-0.25436433639905526,0.5944330861171209,0.14124214702815974,0.08395900534775712,0.9152318112756623,0.8811598593272911,2.2716948201027702,0.12534184543454768,0.14730223386027866,0.12909044189620333,0.13994581596462174,0.13151950889826403,1356.09765625,7.570553048708735,0.004202126369896228,0.024340059630195438,0.15223861087536372,0.6167643970195132,0.33325766738134327,4.195284992796254,6.540694988311512,60194.1467928612,0.9908843434988616,0.8142679351349431,1.2347273229106204,432.0628455048007,0.3641628176219572,39323.145454545454,-3.7461616300609447e-19,5.272377856329404e-05,-0.5186812505600364,114.44948453195089,44.22006527351953,-34.12917088042429,1.498681823216117,0.019658096197879674,0.9343222779463743,0.06894879751745539,711.0,8.219304306153692,0.017649340574088443,0.03595061728395062,0.49098050625545536
OSP_27_08_25_20250827_204400.WAV,0.0002735010182478544,1.83613351341923e-08,2.522798771645361,11.954376397671025,9.0,43.764587588544515,-43.21481249817586,-46.12624472384927,2.9114322256734084,0.9227155519020382,0.013591957056958037,0.6665830482184887,0.5955649878005631,0.0703160583655823,173.8342846210979,12.841285532552961,301.77869891750777,-0.09917697960651671,0.8195432010557206,0.0916934196331733,0.07514671864191631,0.8996450153707535,0.769412882753672,2.274268475123525,0.11893720878975245,0.14255810946238645,0.1293294019898677,0.1425163399581429,0.13242911090097953,1365.4765625,7.054018642228775,0.005402111519251285,0.025353525898401102,0.18576946684044615,0.6169152196260831,0.3333096289237408,4.775618589852835,6.75340675037859,65869.38129992232,0.9944391176008919,0.7918112365161295,1.2357238228960115,408.05935408786735,0.42297819076714194,39632.145454545454,-1.9948268626172084e-19,4.726306551655085e-05,-0.6915908914562987,148.7788102778999,43.74521886863543,-34.11597896745149,1.3466852635842486,0.019687975108984745,0.9476325669169445,0.07748254460822343,799.0,7.334893765041059,0.021528316524437548,0.05638095238095238,0.3818737270875764
OSP_27_08_25_20250827_204500.WAV,0.00028401529054345115,2.5240291378614876e-08,3.01941038758727,15.459328883172256,12.0,44.321263384143094,-42.65813670257728,-46.22084828118353,3.5627115786062475,0.9016473887965587,0.10764418235320794,0.6782252689499584,0.5203022440418683,0.07046904205749038,175.64991131414686,12.937465633294707,301.9986513256952,0.26941492230083236,1.7375319604098705,0.0954741954787891,0.16588946603881563,0.9237316605560336,1.1369897458358817,1.6976059108043058,0.5476806653904074,0.13993954676235734,0.12895446460441107,0.13718585631713523,0.1303744559814761,1344.291015625,9.154552839166227,0.003459404701289885,0.023463097468691692,0.13245398505698353,0.6200686136376939,0.33328853619413384,4.457376994534501,6.621065074231588,61747.3819048364,0.9926372853625316,0.8067255149952318,1.2345361817595928,386.23799825429154,0.28471944404034527,39788.109090909085,-8.669411989639243e-20,5.323594268401236e-05,0.9700463858468827,1585.3107122289869,44.26204948810711,-34.22416658984204,1.9613534908834538,0.019444271232142592,0.8350787596466581,0.05304499612102405,547.0,10.520541849499097,0.0063033359193173,0.038518518518518514,0.16366016875181846
OSP_27_08_25_20250827_204600.WAV,0.0002590073537016976,1.1281446187191107e-08,2.0666958089521597,9.427363058721607,7.0,43.0133906520416,-43.96600943467878,-46.21635517872878,2.2503457440500014,0.9464311744484056,0.011193706683631732,0.3881345023514189,0.3753046699926056,0.07508340155949511,171.04526946526659,12.704318819982122,301.5567238797868,0.17513743144205282,1.4246463304747459,0.04610721771778122,0.0656864785300372,0.8374118031340795,0.6107839208331862,2.3015590961260783,0.023157857496639345,0.14450586752012415,0.129387392305485,0.13683508312055812,0.13059437433323634,1346.55859375,6.286258764893682,0.0029724020463582582,0.021751455598462657,0.1190629546556741,0.6190775417771127,0.33332199673340696,5.144430923039974,6.902103888363665,71403.76802093901,0.9959293811541675,0.7688475566390659,1.22626693710355,379.6915915042188,0.27805180753564157,39635.30909090909,-2.6472931590967274e-19,3.982499074026214e-05,-0.10243194923940051,7.312155224361355,43.00155683495052,-34.238171322902986,0.8920179682193137,0.019412945435263895,0.9769878159732512,0.057408844065166796,592.0,6.536455283559831,0.00252133436772692,0.017333333333333333,0.14547570555717196
OSP_27_08_25_20250827_204700.WAV,0.00028211242990764626,2.146231003317848e-08,2.4791599071884485,11.133748388137828,10.0,44.11745140588806,-42.86194868083232,-45.967677118799166,3.105728437966846,0.9165240628233989,0.02403776674114455,0.579138289579884,0.547096425185923,0.06798798383229765,172.21012297757298,12.761493018029869,301.1107746719016,-0.032199583268180794,0.9376097727801255,0.08230192513474803,0.077167089324958,1.0338329446081056,0.773712612274665,2.278239942938274,0.11214226778413625,0.14103061455403612,0.13177899290818432,0.149409441146693,0.13481184384395306,1390.044921875,7.36083829092432,0.007532345613907478,0.02546751110911001,0.2627767716416101,0.6197886971765446,0.33330867916837686,4.755976209664555,6.714647100043336,64237.65016039188,0.9941698001858941,0.7459758011747528,1.238772698079254,509.5286587139948,0.4770201423237319,39467.69090909091,1.0742669380321827e-19,5.168238431903276e-05,0.02485698355142484,64.14574184572938,44.13342541223731,-33.99954312922142,1.4129445203973319,0.019953672669150612,0.9504184693453804,0.08640418929402638,891.0,7.128283293776762,0.034425911559348335,0.04733333333333333,0.7273785277858598
OSP_27_08_25_20250827_204800.WAV,0.00027185115084990986,1.153470092592282e-08,1.556483537769366,7.51080571107009,13.0,43.38859768004309,-43.59080240667729,-46.263291376323124,2.6724889696458334,0.9521875856666077,0.017490754406071507,0.2822046105801137,0.23147200409417967,0.07190991433994387,172.5214886350651,12.787122807937827,302.86445171947116,0.41024146065495426,2.391218382731843,0.04148532902486001,0.09920048137792414,0.9114777702687983,0.7710881546409987,2.3014791351305353,0.02382543690475778,0.13960818543303266,0.12848354324827752,0.137069838308965,0.12999693894869557,1340.3984375,7.752152361082869,0.002807037084181942,0.022052596810198513,0.1124562393913676,0.6199779906625265,0.33332479403818477,5.2861099001010174,6.938222645443361,72157.22592431729,0.9963433503737593,0.7667776096115605,1.2352882360349047,373.14518475414604,0.27407395621181263,39927.109090909085,2.887052970427946e-19,4.3826171701713194e-05,-0.18599188849821732,807.936673455481,43.41733535873331,-34.27924641133862,2.025042478643961,0.019321359420545175,0.8194312831902603,0.05294802172226532,546.0,10.679201720734312,0.0032971295577967417,0.01813333333333333,0.18184463194646494
OSP_27_08_25_20250827_204900.WAV,0.0002909433540585251,1.939300085795063e-08,2.4237804313202953,13.219979110696679,17.0,44.244146382655984,-42.73525370406439,-46.21123302251215,3.475979318447756,0.9285298505513313,0.07334148110172434,0.6258894214835808,0.4004267027241506,0.07301307803980817,170.70149986215847,12.688248124433292,305.0782644002494,0.630468297873249,4.412255534476419,0.042067395245264386,0.18561209749192475,1.0298305336314735,1.1078948880612889,2.1999172665475273,0.23079242818741524,0.1397940710568002,0.1305092049627712,0.13794994366781868,0.13079781301522644,1348.65625,9.594790455797574,0.003531006025118805,0.022633803695975518,0.14026837945562562,0.6228754568805435,0.3333088577500221,4.75961112411104,6.789789645787432,66816.92103881245,0.9946627601960067,0.766763790395246,1.2536859624849983,393.8754727960431,0.3367156434875376,39803.34545454545,1.3394167929663348e-19,5.310688958319523e-05,0.4084442418767916,663.2728554534864,44.25150865975482,-34.22815933839124,3.1471430857803107,0.019435335101503314,0.747944078866693,0.054984484096198605,567.0,12.977378940067883,0.007467028704422033,0.019555555555555555,0.3818737270875764
OSP_27_08_25_20250827_205000.WAV,0.00026705963136829667,1.2313235145179217e-08,1.8874760945858517,8.809827739495164,10.0,43.29593263161467,-43.683467455105706,-46.16145461082137,2.4779871557156667,0.9460839939743627,0.010986046247061232,0.367123890620938,0.33995275751874277,0.07181550244522616,169.28664526897649,12.627781569120478,302.12819162817505,0.24072686237011265,1.6340981932313705,0.046820009934339754,0.07650849364077941,0.9133502719297227,0.6835819060136983,2.3015639884555408,0.022965469093382575,0.1412973200142243,0.12982831867078198,0.14028933803568824,0.13158656410629427,1356.7890625,6.8111217506401385,0.004147004715837455,0.023151252475320468,0.1616869241028128,0.6202269645607537,0.3333221606059286,5.151711256854899,6.8999576255725446,70960.66213360113,0.9959683421942824,0.758247694380486,1.233659212981788,416.78789642129766,0.3399358088449229,39726.72727272727,1.1623698636605806e-19,4.2403446627320285e-05,-0.11143383957236899,38.168197707365465,43.27401158252907,-34.18369298713198,1.26369242263943,0.01953508704214385,0.9425333831663965,0.063033359193173,650.0,7.693256628185964,0.008630721489526766,0.020637681159420287,0.4182426534768694
OSP_27_08_25_20250827_205100.WAV,0.00036130279367199903,4.175384632910528e-08,1.4765973660768907,6.525408976938461,21.0,46.43479001819933,-40.544610068521045,-46.176435118398715,5.631825049877669,0.9143271437800283,0.035517644270845916,0.2295501575764085,0.1132088542592008,0.0759449113545747,163.97646548072595,12.343337850548682,313.73492175161823,0.647826088899876,4.679012377016749,0.058880897313878675,0.27550444730149054,1.0643238781120965,2.1666942537838136,2.2820240884458927,0.10256627045588136,0.1402547441243979,0.13289780606638693,0.1419371563079807,0.1326613416496945,1367.87109375,12.410447268249655,0.0053710463946270975,0.025107366523926675,0.1907067433014064,0.6206532694628258,0.33331477726619907,4.898050732242922,6.701252427467479,60171.63891864486,0.9947844857027308,0.6430169310227675,1.3214285051052475,446.24672679662496,0.5423326726311706,39622.163636363635,1.4203705551785858e-19,8.820038133664769e-05,-2.6005221005264083,1789.5696847685106,46.45470462819391,-34.19725288412224,6.031860844954899,0.019504613812764485,0.6270950001583706,0.07428238944918542,766.0,16.151767372799622,0.02143134212567882,0.034666666666666665,0.6182717486179808
OSP_27_08_25_20250827_205200.WAV,0.00029969502255930577,1.7057928178379087e-08,1.0886758724867478,4.654520545806588,20.0,44.360862384925056,-42.61853770179532,-46.200837841898235,3.582300140102916,0.945663574729945,0.014464828132518592,0.1636309357877841,0.1254386263617272,0.07157666797212359,172.11963472954858,12.766614284205625,308.5727662702801,0.4449639917572881,2.6033698179910147,0.051957848231399165,0.1352654938933824,0.9142842838804626,1.147488528839044,2.2961732464608895,0.05673928042003702,0.14070733520835352,0.1329168028939167,0.13971106077621487,0.1319246814688197,1360.275390625,9.303831890699142,0.004416362076908157,0.02309273123186075,0.17397683529340446,0.6188169009982494,0.33332586101643963,5.352846579220783,6.8975133092910434,69220.25043640986,0.9963213930944608,0.7253006007912809,1.2744791180358517,429.88070992144316,0.4586462576374745,39715.41818181818,1.6316914149793968e-19,5.423291575164947e-05,-0.3990236454418321,559.1669020471606,44.34262954256792,-34.251977619388356,3.79549753265454,0.019382112901861016,0.7382534577070351,0.06691233514352211,690.0,13.315907937597437,0.013285492629945696,0.02214141414141414,0.6000872854233343
OSP_27_08_25_20250827_205300.WAV,0.00033435191647327995,2.848656944771975e-08,1.007234034020862,3.8492655103264313,16.0,45.54198833746354,-41.43741174925683,-46.1960477428428,4.758635993585969,0.9314793249336828,0.05373593856955727,0.3911345645995027,0.24086226573571656,0.07130819294561042,171.95126163485995,12.735090399612837,314.15327225089277,0.7510843836281555,7.034851445448423,0.043405659904868124,0.30535236932240417,1.0831593594150284,1.8915528205300889,2.2756045103283205,0.11687349374196536,0.1410952704231727,0.13509843856076037,0.13964398786524146,0.13225219122781495,1363.65234375,11.963520735482653,0.0044887210867035204,0.02339775003485077,0.17362163554801163,0.6208620379685689,0.33332455412725026,5.272256144538896,6.808822037341498,64284.89348149835,0.9959120705019295,0.6791944284970604,1.3202096209540644,421.1521675880128,0.5278419285229367,39669.01818181818,3.648806845894004e-19,7.153399382270449e-05,0.07056842979680628,1568.9610994513712,45.54512472866911,-34.226210287516615,5.91939712116713,0.019439697265625,0.6283378987180135,0.06700930954228083,691.0,16.436762122385183,0.012703646237393328,0.02117171717171717,0.6000872854233343
OSP_27_08_25_20250827_205400.WAV,0.0003586401501804071,3.961967368111362e-08,1.2187306818539476,4.984687719692717,16.0,46.33145504667076,-40.64794504004961,-46.24038432827136,5.5924392882217475,0.9188972611983274,0.05747466770432308,0.28630901263421693,0.15400304931287312,0.07416528696580293,170.28373112460883,12.6550824440217,316.02210632775484,0.8022888183607655,9.115765751931118,0.04262734277575218,0.3885808713710301,0.9824332565484251,2.5745766296946146,2.243764653545464,0.17440831804422122,0.1397455791549478,0.13308777434168495,0.13909562149849947,0.1318231515493163,1359.228515625,13.108839629886958,0.003637650324895743,0.022639945687646042,0.14445973645126092,0.6194950727254248,0.3333194524918921,5.04319434674335,6.730002570691404,60780.123225384676,0.9952602928342859,0.6454798017105778,1.3252099291087804,403.69508292115216,0.446333860682766,39823.545454545456,1.4622141881142688e-19,8.664336305913822e-05,1.2950039685713368,2663.129438976823,46.3773530106971,-34.29651558579617,6.20626625939132,0.019282983103665437,0.5895186680313685,0.059251357641582625,611.0,17.328997050781915,0.005818463925523662,0.02,0.2909514111143439
OSP_27_08_25_20250827_205500.WAV,0.00039902851654975864,5.988117658608192e-08,1.31221101564894,5.610901666907623,16.0,47.47862126367547,-39.500778823044904,-46.154354682354835,6.653575859309932,0.9053734386834019,0.06282423028339112,0.30373007765489246,0.12845210414549268,0.07318630513625923,164.15928864853865,12.363505165538133,320.5975904797307,0.8166241056785788,9.906558942226072,0.05099012843709982,0.5051367128338071,1.1123209940027263,3.580504572756342,2.2520043015756275,0.16088612859742552,0.14462709727475512,0.1366451802548974,0.14276106544412692,0.13394997605712344,1381.158203125,14.328513473714029,0.005379570361749588,0.0244106199425271,0.2002616164524733,0.6198757524678488,0.3333137927095477,4.872201349833527,6.64529258045985,56591.384116091474,0.9945780270654906,0.6082770388080709,1.3680187838604403,464.7948792551644,0.6163207072543886,39392.145454545454,4.233986898456847e-19,0.00011037031113757449,-1.5702862326908011,2197.8853670421922,47.4285226684309,-34.187412951235586,7.441209697159987,0.019526722410953407,0.5715664815585279,0.08359193173002327,862.0,17.4144383561715,0.024146625290923193,0.02656,0.9092231597323247
OSP_27_08_25_20250827_205600.WAV,0.0004111552191138117,5.8938538329225614e-08,1.004684536763807,4.09551321902128,18.0,47.65120344100495,-39.32819664571542,-46.118265463672685,6.790068817957263,0.9137811292471211,0.04192592327154365,0.16807609800390455,0.0860997689657933,0.07429873120523411,158.78387851560146,12.064199009085868,323.01904524765484,0.7906321192253019,8.552563614818315,0.05583903536750758,0.47756690217069836,1.4317725634240457,3.1103950910966613,2.287574630325363,0.08831195014854991,0.14408560437073675,0.14017559067635704,0.14436900252611085,0.13526872848171856,1394.755859375,14.078713453887781,0.006848534029192126,0.02483710010466167,0.2583367748241998,0.6200447543220754,0.3333204731566067,5.081381404113928,6.698086683535108,57936.70940760415,0.9952596623907094,0.6271658558336162,1.3955008922900711,465.88594704684317,0.7739762147221414,39344.87272727273,-1.7040241271898236e-19,0.0001216062363181725,-0.28352285207271877,1878.9215701735561,47.84955847380148,-34.11985969806992,7.6682496949452315,0.01967918076948686,0.5879500607273792,0.08271916214119472,853.0,17.731628323870254,0.02317688130333592,0.02451282051282051,0.9455920861216177
OSP_27_08_25_20250827_205700.WAV,0.0004162242187054941,8.223933954246441e-08,2.3334793205408024,13.130039861284438,16.0,48.145701745830046,-38.83369834089032,-46.14823823179175,7.314539890901429,0.8763372657710669,0.09680078801107916,0.4155907378450183,0.14384740094445403,0.0717266600784694,166.89608852837696,12.505799288493604,325.0729557251153,0.8665026093046101,13.981566228238407,0.05117699811808471,0.7155345885504337,1.361332469594393,3.823454024801017,2.0827160793263686,0.33359594242852103,0.14378657097598033,0.13956869202843125,0.14347802047899122,0.13481695822422657,1390.09765625,15.2033763135838,0.005610096317040055,0.02309880170269519,0.2215736011760427,0.6210469251495003,0.33325916502859493,4.205280685120725,6.462416349819326,52029.83825285987,0.9911555203220435,0.5957165941263953,1.410467709836476,481.16089613034626,0.7032272876054699,39405.72727272727,-3.3950115446207913e-19,0.0001355310850964096,0.023229097819021976,1708.66697239273,48.32038915413727,-34.17183830121661,8.026942512122204,0.019561767578125,0.5875296448258618,0.08427075252133437,869.0,18.075151567631444,0.021819239720713732,0.020338983050847456,1.0728833284841433
OSP_27_08_25_20250827_205800.WAV,0.0004708637404281153,1.0106447914217228e-07,1.0229804145865555,3.9340751519411796,17.0,49.16112740414008,-37.818272682580286,-46.079335696651555,8.261063014071269,0.8959937874080091,0.04650402990418856,0.18026041350275446,0.06866557359920489,0.07240278934320743,166.23223441821258,12.453385858737033,335.3942646015075,0.8382278463040682,11.36306715529804,0.06646501969152037,0.7552464822329525,1.3401150896022387,5.586790151616849,2.2845698539954777,0.09656394085873998,0.1475689393204668,0.14306610795997068,0.14767370297758403,0.13670757413199494,1409.591796875,16.013924556912233,0.00765054462467268,0.023578027186058698,0.2944250689561106,0.6198801625536986,0.3333165407278815,4.947979815730712,6.586815676338902,51854.57879192779,0.9946480507366535,0.550628403827019,1.497232431106052,529.167878964213,0.91331466395112,39159.163636363635,9.003740514100228e-20,0.0001684949800371405,-0.20477444110740217,1720.01871429702,49.26586966485427,-34.14308853192575,9.459364406125047,0.01962662268551913,0.5753145021672211,0.0956167571761055,986.0,19.17581423000291,0.032001551590380144,0.023783783783783784,1.3456502764038407
OSP_27_08_25_20250827_205900.WAV,0.00034504355455655547,4.1316135528223686e-08,1.85282828908451,7.904197112329882,14.0,46.123363216400065,-40.85603687032031,-46.17494847861664,5.318911608296332,0.9045171849189291,0.08071739191676752,0.33339073793122986,0.22506730354120907,0.07268854567471117,163.36092371728384,12.312617740761855,313.9669982455823,0.7728133834724202,7.803335471819957,0.05164542479704978,0.40300657527602857,1.2605450802679463,2.3894856520823624,2.2076325460424395,0.22294895655416944,0.14336630782659296,0.1370051201449358,0.14093015625269087,0.13340614695470857,1375.55078125,12.662106736526749,0.004822102911938707,0.024067753563192226,0.1845262677315713,0.6191419050807019,0.33330834993078845,4.74934328155471,6.639675204627684,58874.91902848075,0.9940319659410153,0.6708409236610114,1.3138809967234855,465.88594704684317,0.5893281446998351,39480.10909090909,4.971822616905649e-20,7.812937436521415e-05,0.11077895362294694,1753.631059325647,45.92814346633613,-34.18350484213852,5.214935855329081,0.019535510196107806,0.6596122557793457,0.07699767261442979,794.0,14.89353871339388,0.017358417377812258,0.024478632478632478,0.7091940645912133
OSP_27_08_25_20250827_210000.WAV,0.0004234244786086572,7.248541114848618e-08,0.9708318709358417,3.217015532198279,18.0,48.0822033227437,-38.89719676397667,-46.11363414030504,7.216437376328365,0.9039968181377898,0.05888675510486452,0.22529348707804608,0.1287916028211582,0.07310886261745941,162.84836332089705,12.285118820195802,326.52361278436877,0.7845097048728442,8.281160429149937,0.07864676052963349,0.6512864411788319,1.324958904187673,4.093163648640542,2.256858433075211,0.15461788441960156,0.14284906087350077,0.1411814227024087,0.14479953810330498,0.13553088782610803,1397.458984375,15.054133523051076,0.005653663260110562,0.02379997585243352,0.21599696517337535,0.6228433318824288,0.33332148788365107,5.122477234257239,6.63696993731321,54746.15439290067,0.9951005513614608,0.5887800009679368,1.4151926009049354,495.3447774221705,0.7451083794006401,39302.63636363636,-2.746224964605465e-19,0.00012588735787238766,0.041731117559865076,2036.429308391531,47.99982118654829,-34.11622032996243,7.994249313310611,0.019687428029378257,0.5804350480196107,0.08659813809154383,893.0,17.922870991748788,0.02307990690457719,0.02151412429378531,1.0728833284841433
OSP_27_08_25_20250827_210100.WAV,0.00043052752068925895,7.073312677921317e-08,0.768430414413108,2.842992284200858,19.0,48.155976256969815,-38.82342382975055,-46.14318085095957,7.319757021209014,0.9107602871787301,0.044636040299346424,0.30462606492059485,0.14085331261701506,0.07063203398352247,169.68205281096346,12.657842295259258,327.09274075018266,0.8106581913248543,9.56290744233571,0.05794011099944804,0.5540759186863788,1.019489206130947,3.8915109636552763,2.0330449168744114,0.3634905026348404,0.144740245045744,0.1383788907252489,0.14336472164288752,0.13444985937348464,1386.3125,15.054653004334735,0.005094491016875182,0.023284450566617612,0.19738449851479148,0.6220620097163182,0.3333231223828717,5.196718775104143,6.679348838409159,55755.58687747785,0.9954712820840421,0.5686970866114662,1.4178578237289174,436.4271166715159,0.685611088885656,39550.01818181818,3.120399561635857e-19,0.00013619537895434296,-1.3563755512487221,2036.5149886898214,48.341623724176216,-34.173513025963096,8.287534989473599,0.019557995807763302,0.5579380407792329,0.08388285492629946,865.0,18.400694676278057,0.015418929402637704,0.02291891891891892,0.6728251382019204
OSP_27_08_25_20250827_210200.WAV,0.00047461410043024446,1.0335930939758653e-07,1.0050054798202064,3.9675271046024037,16.0,49.23901124497144,-37.74038884174893,-46.01875150651323,8.278362664764302,0.896020923411524,0.050247716981174584,0.2159953703441928,0.09059982410549683,0.07003263515541991,165.05659652310132,12.39877714834444,336.477469367735,0.8497560295367901,12.311682284712637,0.06270630468745061,0.7720201005602787,1.5361688854568432,5.6691408771251055,2.248342052652367,0.1672259899580384,0.14682539682539683,0.14493679555514227,0.14923994608788183,0.13756034968722722,1418.384765625,15.95846046048004,0.006800989234797788,0.023864851350495295,0.26160461248181377,0.6228773594584487,0.3333162097638292,4.938221210620236,6.5869838554667615,51631.565680210966,0.9946461816069739,0.5550247862437895,1.5033451883577869,525.8946755891766,0.9522786647754825,39047.05454545454,2.512720671263375e-19,0.00017278786346658115,0.23548625899553538,1641.530372850032,49.375132345861665,-34.04873114173621,9.913057619468738,0.019840994782881302,0.5694573110705815,0.10347168347556245,1067.0,19.340748738802958,0.03335919317300233,0.022650205761316874,1.4729415187663661
OSP_27_08_25_20250827_210300.WAV,0.00032404062512971887,3.054799519662975e-08,2.0232108180091086,9.6637360968138,18.0,45.393105230120256,-41.58629485660012,-46.161942907607205,4.575648051007086,0.915778832223703,0.05449839726816319,0.4437360355503608,0.24009668072689683,0.07414393958219867,167.82986307089234,12.541104126150115,312.9509826273353,0.4573998226686683,2.6859553010774753,0.09494016848602885,0.25500504883023783,1.2030885549650403,1.66537978939925,2.2353128716250215,0.18815859193668488,0.14394821064882166,0.1362142522198793,0.14185376836460833,0.13318869108233927,1373.30859375,11.009175903762179,0.004359535629424887,0.022729088402908548,0.17255603631183317,0.6219484521502952,0.33330916432920105,4.765913639032574,6.710083464351733,62407.396315070444,0.9943400384912939,0.7389441929090753,1.306084851350283,449.5199301716614,0.5491897306274852,39400.94545454545,-2.842423266455088e-19,6.879299438773104e-05,-0.6416161267564149,820.140929341901,45.37544213618307,-34.173509257779436,4.975213178143296,0.019558004292574795,0.6929467598941678,0.07757951900698215,800.0,14.5199467726398,0.01561287820015516,0.020943089430894308,0.7455629909805063
OSP_27_08_25_20250827_210400.WAV,0.0003887402741628156,4.6183096030529914e-08,0.6070956949535193,2.4187524934916738,16.0,47.023416702982324,-39.95598338373805,-46.13875503023742,6.1827716464993685,0.9254246607191629,0.027196094603593846,0.13509546289165808,0.08235367036334107,0.07229234136333584,171.27939679380717,12.697528014582351,322.906737373983,0.7840983221180964,8.263475947111365,0.04614248781389403,0.38129733818999256,0.9659228036384679,3.026551266154532,2.2961669728136282,0.05809058307530712,0.14059418743736463,0.1373930553597549,0.14317891155167742,0.1339835036611386,1381.50390625,13.482710059486,0.005251332011929008,0.023436076043126287,0.20541201276066925,0.6245898177986826,0.3333260629230484,5.366542771999963,6.771108677773492,60399.64540721022,0.9960257520741191,0.6060633641645099,1.3812061936007982,446.24672679662496,0.6425176995441761,39521.38181818181,-2.1279274638648833e-19,0.00010197001130286666,0.29340209593032907,2036.943427160719,47.084724674421004,-34.142730611270224,7.711679354913585,0.019627431459137888,0.5721994176488535,0.07631885182311869,787.0,18.125881317099978,0.017940263770364624,0.022424242424242423,0.8001163805644458
OSP_27_08_25_20250827_210500.WAV,0.00042728137226558734,6.773266075508553e-08,0.9752989374948322,3.628479440872661,22.0,48.0567434467929,-38.92265663992746,-46.13242269513319,7.209766055205726,0.9098948594854656,0.052181600625239355,0.29768975358346617,0.17044761844308964,0.07532922363132888,163.7563311864262,12.319334250893272,323.27356861845215,0.7764841356585364,7.947910726124625,0.0767976257361698,0.6103806733294085,1.2478649137300137,3.9687657606952143,2.2001371403194616,0.23152728532788575,0.1436330132867811,0.13963868034038318,0.14540319430206555,0.1347900603724178,1389.8203125,15.02316746887005,0.006200523106391233,0.02386059873608045,0.23915598857298737,0.621065128014657,0.33332106349909774,5.1048772601977035,6.673821195578266,56611.155131015024,0.9952157103073905,0.5949102221354697,1.3971213584171185,476.7966249636311,0.7125468249927263,39376.763636363634,-1.9828415004195505e-19,0.00012726539511991866,0.34098769557966413,2166.017741893327,48.047103301931855,-34.15649383586225,7.767718376594125,0.019596355444012267,0.5878984317362769,0.0875678820791311,903.0,17.61096035589466,0.024146625290923193,0.024145454545454546,1.0001454757055572
OSP_27_08_25_20250827_210600.WAV,0.00044480356160266754,1.2818419420942262e-07,3.746637557169713,27.852374204415224,18.0,49.204733981863626,-37.774666104856756,-46.13507894297104,8.360412838114286,0.8290302267572619,0.13711443510787613,0.6298955008723377,0.34115402767484604,0.0786098509048535,158.99694290037465,12.067247980316873,325.8722468419302,0.8653393717136043,13.852151110912745,0.07634185270075514,1.0574988796979023,1.2870358829326534,5.531332198404385,2.0233312487602255,0.3775888816177849,0.14609801829761096,0.14149037110802495,0.14332302767120134,0.1349410293012317,1391.376953125,16.359508126919252,0.005978142275240034,0.023703703266594302,0.22885519595659554,0.6234953306281619,0.3330022767984943,3.4573045541929126,6.1628291355819815,45458.22000157286,0.9824822819183296,0.545946374700393,1.4144933184185868,469.15915042187953,0.7187219656192416,39158.490909090906,-4.6364427448834664e-20,0.0001647359600470656,-0.6661616930505992,2254.453099383118,49.16788411224087,-34.12945622767981,8.137333118811064,0.01965745040431167,0.570619699487769,0.08427075252133437,869.0,18.20727114286022,0.023661753297129558,0.021333333333333333,1.1092522548734363
OSP_27_08_25_20250827_210700.WAV,0.0005433019037757145,1.409727827736466e-07,0.7766785714490598,2.679464207005607,16.0,50.46845588979682,-36.51094419692355,-46.03014655697617,9.519202360052617,0.8966911342551129,0.05396100329700437,0.25217485462223643,0.11064414022059477,0.07736174056420575,154.79442816149358,11.871083080040659,336.91672589300896,0.8642653603573459,13.734632259424407,0.08406974061929261,1.1546669715511786,1.6551189148533219,7.4577930025878185,2.088449648169477,0.3324318541837661,0.147342643778489,0.14780031734700305,0.14868432859562922,0.13762001745708466,1419.0,17.58405385144049,0.008242676207448356,0.02456995189689208,0.3060401006304559,0.6198715500452301,0.3333219249364271,5.141274307154306,6.591385045891414,50361.37198898779,0.9950807823721755,0.5275273418408675,1.5186658675780906,548.8070992144312,0.9919814094171274,38914.34545454545,1.7718360448870987e-19,0.00021594874698995786,-0.7516669134134842,1706.0905184296123,50.343506884625825,-34.02221731543439,9.689671981134016,0.01990165228988185,0.5744591392812002,0.0991078355314197,1022.0,19.277081697128573,0.034716834755624516,0.023284552845528456,1.4911259819610125
OSP_27_08_25_20250827_210800.WAV,0.0005318375831933321,1.3820580356655147e-07,0.8291714164277902,2.7847203686098854,21.0,50.31550880512802,-36.663891281592356,-45.91571636137182,9.251825079779465,0.894164511873216,0.055363756372020845,0.26292695027167,0.12452281590028746,0.07649643124491279,151.11232156729156,11.663423473930488,341.53600801771347,0.860897268305357,13.377862861747245,0.08501176093093243,1.1372756793696563,1.9451440673672993,7.16966640778589,2.1588329318518684,0.27165791406427287,0.14906410629424888,0.1548921330137867,0.152880011094222,0.14050073950150327,1448.703125,17.16260540590217,0.009374848462806711,0.02429420105425639,0.3580768633305043,0.6229825988161153,0.33332131579182844,5.115265447406103,6.575559131779267,49911.45904488268,0.9949533469865536,0.5192076329771378,1.5686156191689509,589.1766075065465,1.2134151331102705,38399.41818181818,1.6915656585896266e-19,0.0002177917304834947,-0.20152033940916136,1525.307082954684,50.38041385642125,-33.911543462338955,10.484015903116934,0.0201568603515625,0.5854110872132036,0.11947245927075252,1232.0,19.350269846293905,0.04373545384018619,0.021866666666666663,2.0002909514111145
OSP_27_08_25_20250827_210900.WAV,0.00046462265922489444,9.65308593712983e-08,0.9105261761184625,3.1439646843729587,17.0,49.01928049768598,-37.96011958903439,-45.97739377212302,8.017274183088631,0.8986235019098583,0.054765715165475015,0.1898843428279876,0.11067190559302875,0.07631026695380505,151.0808540719028,11.67435155181416,333.8827321895104,0.8199920929688316,10.110623044207166,0.08671810606927807,0.8767740815740442,1.8054905216228265,4.789420264590503,2.284783346906704,0.09717777886965404,0.15219991594737012,0.15437022017323107,0.15120318831988702,0.13984590940500435,1441.951171875,15.747700289281683,0.009392464661526524,0.02417638764670431,0.3543472660038797,0.6217320279373609,0.3333206363986399,5.087768833843936,6.6033819669928775,52217.016038792,0.9949664532747147,0.5542495311391944,1.5038405294561912,564.0820482979343,1.1767431323344002,38445.29090909091,2.0419272333588818e-19,0.0001654600264344666,-1.3368276889985298,1319.6242812741955,49.18693089375751,-33.985775818880036,9.41811089793152,0.019985324720902878,0.6048188010453758,0.12015128006206362,1239.0,18.15190425692696,0.043056633048875095,0.022769230769230767,1.8911841722432354
OSP_27_08_25_20250827_211000.WAV,0.0004704321843149033,1.0604275387891357e-07,0.9750580013624084,3.243501143044167,17.0,49.22221245477728,-37.7571876319431,-45.9168605755118,8.159672943568701,0.8927884677238227,0.0625442047401028,0.19679918408613284,0.09512895852056047,0.07892487753503263,148.08881273887383,11.524420714924544,338.66187099321735,0.8660176553220754,13.927339902938192,0.06567183780630433,0.9146340071790271,1.9234805460706583,5.41181115079394,2.2677022227424115,0.13706869753080753,0.15040571557883167,0.15576898657924126,0.15400484193905972,0.14085306347589954,1452.3359375,15.971596251432105,0.009853895415090679,0.024742164504771763,0.3671699768125606,0.6215315477663081,0.333319536806957,5.046240710338439,6.5668597531220865,50662.07123251787,0.994724804290842,0.5281186409551724,1.5429834977485322,573.9016584230434,1.2623995308408495,38456.65454545454,2.4498500871037307e-19,0.0001651197873593028,-1.2403215819751052,1205.924042325727,49.177991206645295,-33.90325654913431,10.294112291705979,0.02017609771381725,0.597927788749545,0.12558184639255238,1295.0,18.9288109601116,0.04005042668735454,0.023942028985507246,1.6729706139074776
OSP_27_08_25_20250827_211100.WAV,0.00042107861334279763,6.400843091383223e-08,0.6586917562220087,2.3650971275749604,15.0,47.89795420848705,-39.081445878233325,-46.08232757469982,7.000881696466493,0.9153206985592527,0.02621670968434553,0.15481879167076584,0.08166287775181125,0.07694929649333704,149.44087292053442,11.587077272104793,325.1630662479301,0.7854431850094623,8.321540311307304,0.05410759859927206,0.4502585628918771,1.2289909878010792,3.6341831413640335,2.284363589688161,0.09770456496614237,0.14367342320499146,0.1436850046042311,0.14652983792828092,0.1363796855300165,1406.2109375,14.350533065107962,0.0068276976651149264,0.024160039483644643,0.26206637215082446,0.625494152442063,0.33332506844164855,5.302440821699107,6.707931468988884,56911.221153357386,0.9957359254185636,0.556467489164832,1.4104113289444673,495.3447774221705,0.8541772742701969,39123.854545454546,-3.571217395877587e-19,0.00012524996288204744,-0.9702550254205224,1868.314961286512,47.97777605835695,-34.06234566542202,8.411925028877075,0.019809919773448596,0.5812284581951712,0.0966834755624515,997.0,17.935485507226105,0.024437548487199378,0.0224,1.0910677916787896
OSP_27_08_25_20250827_211200.WAV,0.0005919796533105684,1.8919848034641373e-07,0.9971306345972125,3.3194176009225385,24.0,51.39312807782176,-35.58627200889861,-45.924341709249305,10.338069700350694,0.8842382277996865,0.04527174011190349,0.20155924225622512,0.10082133973693497,0.07668732524263744,145.4388246755395,11.387570077051697,345.12489112143777,0.7527887837082513,7.0902478050982936,0.17939571148893554,1.271960049628472,2.043840330885875,8.972288879520521,2.107707499827284,0.3172739287153588,0.1546568389745579,0.15375932219319374,0.15412085994722993,0.1409261801716613,1453.08984375,18.07913690533357,0.01069057014353603,0.024570657463018543,0.39732643519641125,0.622014165492967,0.33331747627853153,4.976641885046958,6.513363212052839,47699.877693527764,0.9944121479803599,0.5218879086545145,1.607923998580778,578.2659295897586,1.1976552650082435,38252.454545454544,-1.1081203295027604e-20,0.0002812438074379059,-0.33131630032731435,1413.2664878593614,51.49082968718871,-33.89000097474457,10.745865328855722,0.020206912052270137,0.5836036846069832,0.12548487199379363,1294.0,19.422405822166724,0.04906904577191622,0.025459119496855344,1.9275530986325284
OSP_27_08_25_20250827_211300.WAV,0.0005978758972689941,1.9916582719361538e-07,0.8634764058882564,2.821981603089344,16.0,51.52769881228949,-35.451701274430874,-45.87013309677757,10.418431822346697,0.884814705312473,0.056280452249841684,0.16760087593511985,0.08223201089240662,0.0730124298692355,152.1992537547832,11.7228659207657,350.942298617129,0.8398477666841786,11.488118077354468,0.13664717558039863,1.5698188880046076,2.014021818401689,9.363078638827012,2.2390331207256837,0.17844398346527585,0.15296770439336632,0.15717375198341876,0.158554923196985,0.1430109531083309,1474.5859375,18.36663264149911,0.01151076520221123,0.024554242525595085,0.4315676906522794,0.6242887948387222,0.33331970977571945,5.052548898776035,6.517075861148098,46608.86328772106,0.9946426817008641,0.49411665718217224,1.6719682246828858,604.4515565900494,1.3955249551449909,38382.72727272727,2.2360059931560446e-19,0.0002895982141301791,-0.5971706236481021,1159.3386194834222,51.61795879362816,-33.88046102062637,11.411760783922027,0.020229118058175753,0.5978301101099605,0.13469743987587277,1389.0,19.835063657133475,0.05246314972847168,0.02445197740112994,2.1457666569682865
OSP_27_08_25_20250827_211400.WAV,0.0004914268918256839,1.2898106582862965e-07,1.3143073554398945,4.927043611555195,16.0,49.759764442338,-37.21963564438237,-45.992260142495105,8.772624498112734,0.8797555582302403,0.07123973731319422,0.3129765344890021,0.17450318522101926,0.08132525641909127,141.69582022276487,11.204634371926389,337.00311532703523,0.8858745849392498,16.524580295593065,0.0668109812539789,1.1040234243587372,1.9438124327394892,6.672675383735672,2.000256898765784,0.38698470659893597,0.14802153040442248,0.1520436087173442,0.1495082377317754,0.13870786508340607,1430.216796875,16.749370817488384,0.008600114562118127,0.02435210726710727,0.32390664782371487,0.6223421772930745,0.3333087621650061,4.757662266464212,6.485011835265338,48370.02511562112,0.9936469214157378,0.5216506859731732,1.5148601839619638,572.8105906313646,1.0990803207739308,38586.98181818182,-5.060766620583005e-19,0.00018504242530403616,-0.459800313123103,1591.57019632213,49.672713119872554,-33.956000604050075,9.878101518080214,0.020053951939669523,0.5730691757529135,0.11859968968192397,1223.0,18.718119859497502,0.03820791311093871,0.02309157509157509,1.654786150712831
OSP_27_08_25_20250827_211500.WAV,0.0005606142320063479,1.844599375260458e-07,1.3794059563155614,5.114731950717013,18.0,51.05091358552369,-35.92848650119669,-46.04331822202123,10.11483172082454,0.871244663215864,0.07624855889790305,0.31006912033648837,0.18126062535751286,0.0802484768165227,139.855458360161,11.130933154127822,341.1135495676622,0.8489077812388087,12.236949039454489,0.12296344549584382,1.5046974162483804,1.9999143603353853,9.877725599683412,1.9325080307266942,0.4196480864798898,0.14923382795073223,0.14828523636552693,0.14769092440067183,0.13796950010910675,1422.603515625,18.232381119119847,0.00848343092328581,0.024160754391432226,0.3199994506243938,0.6240685923993032,0.3333047011730424,4.6811838487669934,6.4316971306379775,46096.083528651616,0.9932090904964758,0.5083864296321734,1.5413132954545608,555.3535059645039,0.9857115580448066,38671.10909090909,-1.9071444760132896e-19,0.00024350250973192213,-0.031921338373204926,1787.9194863347996,50.865034417605415,-34.00908770622518,10.08533352837918,0.019931758418227686,0.5632247588056366,0.10288983708301008,1061.0,19.554321065646246,0.035298681148176886,0.024266666666666666,1.4547570555717195
OSP_27_08_25_20250827_211600.WAV,0.0005665771830967619,1.8449925811385017e-07,0.8528767043850513,2.554980434358837,15.0,51.1093882955184,-35.870011791201975,-45.85869811575142,9.988686324549448,0.8823340327501359,0.0497459394585722,0.15953308747219797,0.07020597761974723,0.07586121878943441,145.1347090046207,11.350067516004735,351.0955067507332,0.807754307206752,9.403354015067135,0.13815892902720103,1.2991573199853061,1.9551248266770775,9.191801186277882,2.1367037365351265,0.2868929739411774,0.15376782077393075,0.16150902799232528,0.15794310948202486,0.14342730154689165,1478.87890625,17.63882400062855,0.010899691470274465,0.023865940207001342,0.41636514154946647,0.6257653286970808,0.33332068810752563,5.0898092659332335,6.501611993984775,45916.96267725786,0.9946644379149561,0.5000215867288543,1.657405726199124,639.3657259237707,1.4826398991368441,38078.763636363634,-4.223631124979046e-19,0.0002567455721814758,0.11052248130872476,1169.4888788567853,51.095029625176764,-33.850934915177845,11.653136797987823,0.02029800028367476,0.5973288854762016,0.1408068269976726,1452.0,19.90226886030994,0.058378588052754074,0.024323232323232323,2.4003491416933374
OSP_27_08_25_20250827_211700.WAV,0.0004401333180759742,9.140449265995957e-08,1.160202136871633,3.7174181266567703,17.0,48.6224043996845,-38.356995687035884,-46.04023878565425,7.6832430986183695,0.8904198338440424,0.07509070811768503,0.28546759615715067,0.1653861053593565,0.08053515951631574,147.98979283181154,11.514355729033309,331.2330429799025,0.8259514436627647,10.491046189000357,0.07743788954120209,0.8124044759554588,1.70654340586537,5.110299622821645,2.2116826763155015,0.21916900544432708,0.146841560792681,0.1475473595909483,0.1468371043717942,0.1368384643826981,1410.94140625,15.677477047185286,0.006987758825526136,0.023388940868336233,0.27119500560741994,0.6231428589013102,0.3333178200016989,4.9875992548018155,6.551944066204165,51376.046332711536,0.9944477733439339,0.551383594250387,1.4590210612614811,537.8964212976433,0.926536284065561,38823.41818181818,4.407038707030049e-19,0.00014138247925424478,-0.11142951408512075,1628.5565940694821,48.50395593091281,-34.02589068558205,9.154403092906286,0.019893237414504543,0.5758541425520818,0.09416214119472459,971.0,18.89617598300097,0.02851047323506594,0.02147945205479452,1.327465813209194
OSP_27_08_25_20250827_211800.WAV,0.000521136045008174,1.3689707352636627e-07,0.9074503746401897,3.008384677709902,26.0,50.18380608620646,-36.79559400051391,-45.93281651589538,9.137222515381474,0.8907444381784547,0.05513596321405789,0.2087644002720639,0.09853287360158225,0.07401828713848835,153.90865612886859,11.815700636481026,339.7099407229925,0.7677199636447287,7.610296568668557,0.1317068024496997,1.0023278267532572,2.1498294000800446,6.6985337096032165,2.185290537321481,0.2457411425906022,0.15520641386221837,0.15541104635525868,0.1539277987305092,0.1412313381946465,1456.236328125,16.748814350658826,0.010571992289787606,0.024890003637609168,0.38912132107783703,0.621229380070899,0.3333201437521186,5.068735526640216,6.554120064575171,49233.06650129475,0.9947474522357458,0.5395586126797013,1.5454631459483796,614.2711667151585,1.2211814142663175,38329.01818181818,-4.2787743045638846e-19,0.00020697813725156132,-0.5266689593782361,1424.3255192639879,50.15924474092415,-33.951084907557664,9.768850673612143,0.0200653076171875,0.596136164565242,0.13401861908456167,1382.0,18.07699198448364,0.05323894491854151,0.02591150442477876,2.054844340995054
OSP_27_08_25_20250827_211900.WAV,0.00046570357584305817,8.688031212076751e-08,1.0291716161368771,3.6979630889871062,18.0,48.89740743467116,-38.08199265204921,-46.01042461967123,7.928431967622018,0.9041411477393791,0.05264670962569096,0.2952509588110933,0.1652973473298569,0.07889097749855822,152.0333562304438,11.704059969912933,335.02923930217946,0.799450534294916,8.972601986090954,0.07702568791497078,0.6911208403658887,1.6662043083550744,5.24354378692528,2.2337696199921275,0.1907232785153285,0.14982381275660298,0.15066383913886383,0.1494493223370015,0.13862963400737077,1429.41015625,15.532861006856187,0.00879824944234313,0.024387006693728525,0.32621544616876813,0.6241566408274639,0.3333198049641008,5.056054682062534,6.637811369151847,54955.17246325308,0.994984370435914,0.5906050188278451,1.491460197658387,579.3569973814373,1.05058841892154,38685.2,8.629460782313717e-20,0.00015325612215604575,-0.15043023766979222,1533.3991581683451,48.85417832394245,-34.00892422838094,8.96080388146644,0.019932133559024696,0.6063285051751869,0.10841737781225756,1118.0,18.07909895690024,0.041795965865011636,0.023944444444444442,1.7457084666860636
OSP_27_08_25_20250827_212000.WAV,0.000526932584594863,1.417340441295114e-07,1.1481431926187289,3.868973450974492,22.0,50.29830104170713,-36.68109904501324,-46.00094351874627,9.319844473733028,0.8854631710880466,0.05707670412282806,0.22801120242819872,0.12478696414149526,0.07283892502178013,165.8508871489557,12.422407206414748,340.5542669180531,0.8507817694274933,12.403188017486773,0.07895886724310416,0.9793416760639985,1.4642931767589211,7.539672121955484,2.099352178042878,0.30961586760254356,0.1505188633498206,0.14762234706803967,0.15145788410344815,0.1396657695664824,1440.09375,17.06032284171191,0.009360831272427504,0.024528778082372825,0.3516832679134335,0.6194638406255197,0.3333160416232244,4.933335533547661,6.52091277842373,49336.40830622153,0.9942295356421156,0.5259376574245003,1.5501541596299182,561.8999127145767,1.1131543376006208,38918.27272727273,-1.3793680002918613e-20,0.00021153954303480878,-0.43702767102889406,1677.633117758711,50.253915618605305,-33.99571850059714,9.995370002049434,0.019962460737517385,0.5873189290278922,0.10909619860356866,1125.0,19.20319370102966,0.03685027152831652,0.023295019157088124,1.582048297934245
OSP_27_08_25_20250827_212100.WAV,0.0004999392141249754,1.3004274935328152e-07,1.2266112265635856,4.769733991412866,18.0,49.86972956414653,-37.10967052257385,-45.980642930523345,8.870972407949495,0.8834165682439757,0.0599406585701987,0.188346256461409,0.11757236145328087,0.07144776266163444,168.25999356029192,12.529493259966047,337.49170074449535,0.6320570346278158,4.435625051227562,0.22371397385561084,0.9923113067436152,1.44904455176356,6.306757610930512,2.2301196225750144,0.19139808055695334,0.16020107975301456,0.14989396770739288,0.14963603881890042,0.13892134310445156,1432.41796875,16.718772868347894,0.009129926474153815,0.024022369260199263,0.33843431741028124,0.6244293361244083,0.3333089753829235,4.762019983760245,6.507964526029823,48872.52891807036,0.9938749892523938,0.5344428927859477,1.5218289744299898,576.0837940064009,0.9605563839588789,38232.01818181818,-4.175952513078714e-20,0.00019338557707323394,-0.09496662213310714,1522.725426314916,49.864240807548306,-33.9690938738504,9.794806273943937,0.02002374501661821,0.5868052065559128,0.11918153607447633,1229.0,18.605959360708436,0.05294802172226532,0.025321739130434784,2.091213267384347
OSP_27_08_25_20250827_212200.WAV,0.000489951267318128,1.1095353725078887e-07,0.8853145615617162,3.286355621188617,17.0,49.52524239661215,-37.454157690108225,-45.982739059404935,8.52858136929671,0.8972082814359302,0.040777522608740124,0.2667364565652547,0.12574234752229774,0.07144568930659723,163.56113989241362,12.321469455769716,339.24119474131606,0.7558046018738022,7.190162531099045,0.10614855783956881,0.7632253833082674,1.3595534901612933,5.918031421803536,2.1507481893958693,0.27112960266900255,0.1588028965829373,0.15120974797208867,0.15292261145659702,0.139899136844147,1442.5,15.926339304715786,0.009485091770924256,0.02423023234033095,0.35640742452715807,0.6203944576618333,0.33331941835727236,5.041966297347758,6.594518746803106,51315.855301880365,0.9948984594750464,0.5585714655628684,1.5335087318878933,559.7177771312191,1.145147627533702,38340.4,-4.44961828325857e-19,0.0001748191071059383,0.039672473633638405,1259.8983246423259,49.42588897733056,-33.9691936952031,9.845256336998446,0.020023514897895583,0.6059202145235371,0.12170287044220326,1255.0,18.574010916868332,0.045868890612878195,0.025226666666666668,1.8184463194646494
OSP_27_08_25_20250827_212300.WAV,0.0005813759275988288,1.916870445388368e-07,0.925082576074701,3.0055547836336394,15.0,51.31227655352329,-35.66712353319708,-46.033957024947526,10.366833491750448,0.8822966329194455,0.06671354024712028,0.22032025768903174,0.09840499727251462,0.06961014956254719,169.86691822118232,12.641334694374228,346.538919110229,0.8897288048195243,17.137102773999075,0.0869175493053134,1.4895149753092876,1.559172801769832,9.817929189280788,2.2180931877261076,0.2044595677453019,0.14722141402385805,0.14691246561824176,0.15177149528178327,0.13883686111919308,1431.546875,18.633579477755113,0.010372342037629715,0.025345421399558265,0.3714678937318138,0.6209619384369964,0.33331862569604115,5.0142656833716845,6.50128386475161,46283.02805253177,0.9944768867550301,0.4789554138918769,1.6269962711928592,532.4410823392493,1.1073012135098437,38977.74545454545,-3.7749685532377717e-19,0.00026292185636511543,0.056658039356501405,1339.4927880760818,51.198266899641794,-34.06579365602541,10.99757865123863,0.019802057497429124,0.5775732730597565,0.10870830100853375,1121.0,20.31048364747717,0.042959658650116375,0.02990717299578059,1.4365725923770731
OSP_27_08_25_20250827_212400.WAV,0.0005711533505066308,1.7684572149647292e-07,0.8481321482705655,2.83593149465291,16.0,51.08831371618309,-35.89108637053728,-46.014365009553025,10.123278639015744,0.8870224158004542,0.050697274168195805,0.20104075578540348,0.09564355549939785,0.07049478101933004,167.46852186482212,12.518008983815317,344.8285647827797,0.855767009514109,12.866453113552005,0.09333155302478421,1.200846051008379,1.4037115551113368,8.36032658468772,2.239517805000142,0.17511141864558938,0.1517149969288462,0.14896412299146045,0.15489763676755702,0.1404389880952381,1448.06640625,18.055015493537066,0.01149409611094947,0.025102119131344934,0.41831874014912707,0.6225954297119932,0.33331985439395934,5.057884924180725,6.530884102252198,47285.39051071957,0.994714191343374,0.4962536589805824,1.6170095947806444,580.4480651731161,1.15397466904277,38746.145454545454,1.0046677294808709e-19,0.0002569918382095698,0.058744987773002404,1285.2574207317227,51.099193308144365,-34.04899068055199,11.48383127555989,0.01984040193268747,0.5772428929997894,0.11927851047323507,1230.0,20.43387005499623,0.05023273855702095,0.02581931464174455,1.945737561827175
OSP_27_08_25_20250827_212500.WAV,0.0005002819021899536,1.1355793660760735e-07,0.8294761057662023,2.963488306738174,22.0,49.68120315094897,-37.2981969357714,-46.106936992845995,8.808740057074594,0.8991038466279698,0.04500242005657029,0.20681262827984503,0.10928222890255013,0.07037216037485772,169.18908526800044,12.623676329041901,333.0635988645682,0.6952555870783981,5.562876676969684,0.15316957055882205,0.8520634316831336,1.0800871232589162,6.164024602951981,2.2350475719860587,0.18241759091401094,0.14981573077296093,0.14269317024056982,0.1469195859244777,0.13683259231645817,1410.880859375,16.61185848856963,0.008009687772766949,0.024195047120125924,0.30092522429679924,0.6221401647364746,0.3333210041610683,5.102465043082709,6.606426346145264,51726.062371253734,0.9950617530606372,0.5503335370000713,1.4800050413309782,519.3482688391039,0.8144555874793908,39017.61818181818,-2.028680254087786e-19,0.00018230293775982708,0.04317260871276255,1876.0181777009732,49.607936672430284,-34.129416409973686,9.284837441092126,0.019657540517864804,0.575652648477698,0.09833204034134989,1014.0,18.860552115103783,0.038401861908456174,0.02575609756097561,1.4911259819610125
OSP_27_08_25_20250827_212600.WAV,0.0005837381385919624,1.7165397893451245e-07,0.6375093545123244,2.160680860533235,18.0,51.1682264488702,-35.81117363785017,-46.04600340842573,10.234829770575566,0.8956887373960879,0.0390380204509001,0.2204734158817786,0.10925519683811014,0.06821661551585945,171.19683728350384,12.716648097909438,343.1170946888416,0.7769377104881802,7.966105406597746,0.1330826698050672,1.0601505754586085,1.3274896510449197,8.195505046649577,2.1430000033091936,0.27596164107880644,0.15120583195939613,0.14713442855043207,0.153295138029706,0.13987811105857823,1442.283203125,17.961607426676572,0.011467008837649112,0.02715435079635078,0.3874874022490301,0.6208240506425323,0.333323612925346,5.221335338848738,6.585225734812977,48823.038179389,0.9952670115732453,0.5106727930636776,1.6017133806183823,548.8070992144312,1.0442996254000583,39000.4,2.0181667784758054e-19,0.0002614614243853739,-0.18408328719951023,1316.5699205081967,51.17407622792676,-34.1160446362193,11.149836104394304,0.01968782626065341,0.585495848409178,0.10929014740108611,1127.0,20.451931941845025,0.04034134988363072,0.028444444444444442,1.4183881291824265
OSP_27_08_25_20250827_212700.WAV,0.0005219770439416995,1.274440879114042e-07,0.8502732673984725,2.729494119481992,26.0,50.09165850622566,-36.887741580494705,-46.11165693930722,9.223915358812512,0.8963153158003277,0.04875615604127881,0.23766042699314704,0.11698004606966261,0.07347644929875996,166.51392943319502,12.47709377104779,335.9089359091241,0.868022005187526,14.154041420630595,0.06684735605871032,0.9461602465146275,1.271697608794468,6.750108379224985,2.1501236702077278,0.27247625488656785,0.1444654576019138,0.14216825790093054,0.14744891808675428,0.13681137710939772,1410.662109375,17.138991650434047,0.0074323310663369216,0.023621663412184208,0.2895943524187682,0.6206801953013572,0.333321869190179,5.138837045774777,6.589012184479256,51104.27354730046,0.9950240678983723,0.5348351642267668,1.5021114406347653,499.70904858888565,0.861792018232955,39376.81818181818,2.739811744482157e-19,0.0002120923489695031,-0.6233467577217975,1980.7388629076056,50.265250020372676,-34.143262601849585,9.724312585685855,0.019626229361331824,0.5628822791855009,0.09998060512024826,1031.0,19.27790937837063,0.031710628394103955,0.0218,1.4547570555717195
OSP_27_08_25_20250827_212800.WAV,0.0005181279931264515,1.4400670064145638e-07,1.1248159691622501,4.093639028770044,15.0,50.225953006166755,-36.75344708055361,-46.05393733262837,9.30049025207476,0.8826605050560364,0.06306545741498382,0.2547431956581915,0.122756579159508,0.07184857416692092,168.14808970210086,12.551937943245726,341.8012444900248,0.8511041217093532,12.43220526290172,0.08657172235673957,1.0762774223019242,1.6775883392345747,7.272492905106971,2.0962283041210745,0.3122518289272815,0.14666375715255556,0.1467934854879235,0.1512367247753737,0.13867092789254198,1429.8359375,17.306506998070873,0.008702591589079623,0.023990788775238314,0.32660616588870034,0.6201081838761595,0.3333126002763481,4.842584443497683,6.503350926068799,48019.03128591886,0.9940772261231966,0.5199531667648484,1.5639979585964536,534.623217922607,1.020925013335273,38994.72727272727,-3.747843786158862e-19,0.00021011260754452642,-0.1053911358010987,1511.8274531598909,50.22452112485644,-34.08888755010498,10.294482401046395,0.019749478056936554,0.5859230103960971,0.10812645461598139,1115.0,19.570866019054186,0.041795965865011636,0.0247168458781362,1.691155077102124
OSP_27_08_25_20250827_212900.WAV,0.0005182570631738537,1.3924477741356472e-07,0.9814923562250388,3.4140764999849904,17.0,50.17694634800928,-36.80245373871109,-45.96019554461137,9.157741805900287,0.8876042809194966,0.04020930437861736,0.1612160074034652,0.09496074566884904,0.07298078280124465,163.27267597931007,12.320966440179962,342.93187765706494,0.6347194865984682,4.475244166122587,0.1944707693017063,0.8703041757988325,1.6420840596207003,7.009754425054996,2.2128966138730712,0.2100390935923988,0.16089613034623218,0.1524145467706893,0.1559490499665995,0.14129915108864322,1456.935546875,16.510554020863385,0.010897607833866743,0.024268896196272483,0.4071299481692532,0.6178232180054245,0.33331746156625824,4.976178197034657,6.534407205968306,48650.490158472785,0.9945030922648157,0.5527159654398557,1.575579446460279,572.8105906313646,1.2005534138298903,38327.72727272727,-4.9476416229980934e-20,0.00020366996788584885,-0.5888506324072038,1038.062099893181,50.08926994915634,-33.995765388050046,10.783436088491623,0.019962352978099476,0.6013907534160572,0.13460046547711405,1388.0,19.16322560436296,0.061675717610550816,0.02405673758865248,2.564009310445156
OSP_27_08_25_20250827_213000.WAV,0.0004082575252249812,6.262721793464153e-08,0.9805738193359196,3.402822115201808,19.0,47.67616723013339,-39.303232856586995,-46.132604971549625,6.829372114962631,0.9087941970277691,0.0615603843730439,0.328056231103809,0.1757576682478621,0.07301307946413671,169.32712858686614,12.632291762485456,325.38895114853676,0.7494558946275428,6.982626440270121,0.07992484879002561,0.5580853623958242,1.5639060459916907,3.506725549799849,2.22879802313792,0.19167719656306073,0.14678498690718647,0.1424712073083795,0.14619175420134745,0.1357074286562894,1399.279296875,14.513044723096854,0.007314700320046552,0.025021681806902063,0.2635937310560136,0.6220663016033865,0.33332181895378227,5.136650809638475,6.666955606581972,56373.218484961835,0.9952163427911346,0.6041224735729629,1.4164393302861038,482.251963922025,0.8023326120162932,39228.854545454546,1.8049534930648378e-19,0.00011745589506909743,-0.09804462287639125,1615.8806580355374,47.69874818744367,-34.15658595565927,8.279246644725323,0.01959614761236942,0.5943422141469937,0.09222265321955003,951.0,17.986270004761764,0.029480217222653222,0.027480225988700563,1.0728833284841433
OSP_27_08_25_20250827_213100.WAV,0.0004285135223733766,6.79631822417609e-08,0.6380868924119169,2.137920228406946,19.0,48.078982025631916,-38.90041806108845,-46.14762586241631,7.2472078013278605,0.9139445191459233,0.038522430252575846,0.27918263755895256,0.1522706752463998,0.07155660376804807,171.9562724993465,12.761063866513707,325.615024918215,0.8290034728654363,10.696143971544668,0.049660878527615415,0.5311799064847657,1.1113921303721914,3.5404763394766694,2.2394954569767096,0.17736370989508837,0.14397245659974783,0.14052953156822812,0.14516481355090335,0.13556574138056443,1397.818359375,14.865034737274968,0.006935099650858307,0.02406473373972557,0.2643751704958778,0.6199544135213988,0.33332554322755,5.332021915063922,6.699352771500796,56363.41884022459,0.9957481581925929,0.5684296813707198,1.425063128422624,502.982251963922,0.7836367107942974,39488.0,-1.7372467101236826e-19,0.00013605884736721965,-0.2946020154064342,1962.3766035196377,48.33726787481696,-34.17183831279135,8.400194021923511,0.019561767578125,0.5848032708928996,0.08659813809154383,893.0,18.394499176299032,0.025019394879751744,0.022193548387096772,1.1274367180680827
OSP_27_08_25_20250827_213200.WAV,0.0006296805363509188,2.376355184817017e-07,0.867800548169982,3.0998042235174306,18.0,52.09390389895422,-34.88549618776616,-45.91259565170722,11.027099463941063,0.8804200318014654,0.047112842276917366,0.22541603534040677,0.08593362434365581,0.0687817880083107,164.12915878938296,12.369751665405028,357.8529711759413,0.8899604184016895,17.175278122201686,0.09856477173518678,1.6928773676031565,1.7254150287422143,11.495676808304022,2.127007157939275,0.2817097766211473,0.15358193515016325,0.1565308593464891,0.15909241287546103,0.14341631510037822,1478.765625,18.903687255779186,0.012358426377170013,0.024452403129560343,0.46619966582807953,0.6221281014883469,0.33331667383067914,4.951958742846113,6.489544905246021,44599.686343000074,0.9944146529180775,0.485891596939475,1.7402470489324848,643.7299970904859,1.4286737161768985,38454.70909090909,-1.9182887601619893e-19,0.00031962792502943235,-0.2441173713196177,1010.794097732012,52.04644715436673,-33.969104669764945,12.626974736393333,0.020023720128608473,0.596290081553718,0.13275795190069822,1369.0,21.184205780106808,0.057408844065166796,0.024287179487179487,2.363980215304044
OSP_27_08_25_20250827_213300.WAV,0.0005614667937972055,1.650414941769406e-07,1.2611868618428648,6.631828441725589,19.0,50.88710308262719,-36.09229700409318,-46.02412888920861,9.931831885115429,0.8847195967904604,0.03747241776807919,0.20438410437903387,0.08973148829000943,0.07159042451161013,167.45447888002886,12.512375729896219,338.51911060460077,0.5453282597212055,3.398777893637386,0.30378852819352015,1.032509733964774,1.611183008149452,7.805901175192371,2.1208678030905195,0.30204301035513603,0.15948178320887077,0.1490741046245277,0.15116965186440032,0.13960250278828434,1439.44140625,17.373834549426206,0.01153785247551159,0.025822000517864555,0.39864067425436467,0.6209336875170421,0.3332920353824291,4.498042692734329,6.515839055898732,48374.53187762414,0.9933840471242319,0.5658051105818903,1.551106535753871,581.5391329647949,0.9681143014741538,38391.25454545455,3.451994582437726e-19,0.0002379189598320345,-0.1119579591364578,1311.1046212978833,50.76429052471611,-34.06583311468616,10.48513662646986,0.019801967539931787,0.5851641733797662,0.12315748642358418,1270.0,19.220769017503976,0.061675717610550816,0.034969072164948455,1.76389292988071
OSP_27_08_25_20250827_213400.WAV,0.0005287455241095084,1.4645465930583504e-07,0.9641248759155483,3.032501901424075,16.0,50.366465722315105,-36.61293436440527,-46.16067011129188,9.547735746886609,0.8866104619595095,0.06178799612904018,0.23102845198737798,0.12851160613198465,0.07053654406961796,174.63167274721712,12.885430704937603,336.0661875019529,0.897228101036401,18.460572590065535,0.06212777814569373,1.1469143583180663,1.0908809083680686,7.031779279037099,1.9977854542802282,0.3740913049511674,0.14267125723337537,0.13843688104086618,0.1454775183385496,0.1352433460018427,1394.494140625,17.87191260452676,0.0069657859324992735,0.024471522624117795,0.2620308521762852,0.6212939165134873,0.3333194229439529,5.042131135455245,6.5282515041896865,48472.13354541246,0.9945892283140477,0.49470984385503025,1.5132915573485999,450.61099796334014,0.7500901646300068,39536.61818181818,1.213780759403166e-19,0.0002126642005039775,-0.4148091829127552,1830.2304183148017,50.276943877300695,-34.21438528494309,10.06850729328439,0.019466180038452147,0.5549969844983452,0.0795190069821567,820.0,20.640463620784676,0.021819239720713732,0.02448979591836735,0.8910386965376782
OSP_27_08_25_20250827_213500.WAV,0.0005570172993003446,1.6442905635277333e-07,0.9248717956477698,2.985154209038396,18.0,50.83626756861106,-36.14313251810931,-46.10402530156088,9.96089278345157,0.8868070431111138,0.05961499600437026,0.2605340793125114,0.11328276773086843,0.07016664969810393,170.5952404749535,12.696076379264364,343.23301692236,0.8440566770559265,11.825172391108179,0.10778559770349214,1.2745832741224283,1.4778953020209358,8.480452048186521,2.081419281774421,0.3217771562472732,0.1467122490544079,0.14309910244989085,0.14849579933235263,0.13674867859567452,1410.015625,18.16032035285742,0.007254653707205898,0.023946584091277392,0.2795777195986906,0.6199701005323033,0.3333195405291645,5.046375625086087,6.529496129063473,48053.30002734056,0.9946256865248796,0.5036400263961588,1.572780242271211,461.52167588012804,0.8740854730385026,39323.70909090909,1.95592700285288e-19,0.0002475321950123479,-0.9379123825539567,1704.918172381562,50.9363169299437,-34.12959769936419,10.543651935598504,0.0196571302356142,0.562955331731555,0.09765321955003879,1007.0,20.27946387281146,0.029189294026377037,0.022933333333333333,1.2729124236252547
OSP_27_08_25_20250827_213600.WAV,0.0006611854800517371,2.54917399660826e-07,0.7825234119089383,2.8038865909984456,20.0,52.47368552005601,-34.50571456666436,-45.98415988221939,11.478445315555028,0.8841438745590416,0.04680513253063667,0.2723304007228807,0.12103406992843413,0.06762721989843634,169.26759780618042,12.608253382675766,351.8997202613629,0.8410505443170415,11.58261622480301,0.1516064625302891,1.755999472688316,1.6360997170853822,11.131025628808533,2.0106642953872735,0.35352856432790103,0.15177157081434067,0.15003694383038033,0.155988931156908,0.14156547770584813,1459.681640625,19.409647720720137,0.013150776476578412,0.026207658352680192,0.46470782689742973,0.6199413701936864,0.3333191162774637,5.031227953935947,6.512903662942493,45135.45290148989,0.9946686113072168,0.4982421781358936,1.709638392333929,576.0837940064009,1.2208972820289012,38902.61818181818,-1.6689091186458081e-19,0.0003590641310174979,-0.16488748770838924,1006.1475084426958,52.55172023117665,-34.07909401770708,12.24592417021191,0.019771758588155112,0.5887116461829436,0.11636927851047324,1200.0,21.349278088198137,0.04994181536074477,0.026666666666666665,1.872999709048589
OSP_27_08_25_20250827_213700.WAV,0.0005293847596511682,1.4984869832217398e-07,1.1228511062956261,3.827509079974861,26.0,50.407763042469455,-36.57163704425092,-46.10087137993682,9.5292343356859,0.8828023551383074,0.0696521668702138,0.33763991138873095,0.1897468181809936,0.06963790372684053,170.152376253049,12.686783545667685,335.23370197513293,0.8565211424141844,12.939335966651303,0.09035508580605844,1.1691348115401967,1.459906326666907,6.956882611455129,1.8433759444437736,0.41516425340461643,0.14810235024084312,0.14320708441690236,0.14723500988419047,0.13671856057850837,1409.705078125,17.58745610846689,0.007607735367568616,0.02464039355469262,0.2840532363906402,0.6200339871976106,0.33331544609572855,4.916405396857667,6.504274331007477,48079.04174337158,0.9941513113168757,0.5408417299514221,1.5107046535019713,488.79837067209775,0.8453502327611289,39216.36363636363,3.675511073948435e-20,0.00022649646214849704,-0.299963052816647,1702.7349056069895,50.55061422766576,-34.12957749773883,9.749892746584727,0.019657175954182943,0.574796892027432,0.09775019394879751,1008.0,19.40349025973325,0.02657098525989139,0.022833333333333334,1.1638056444573757
OSP_27_08_25_20250827_213800.WAV,0.0005606387547976078,1.4821834799352732e-07,0.629903583324224,2.3460266033356665,27.0,50.72353783584689,-36.25586225087347,-46.02070816391532,9.764845913041853,0.9002533506261716,0.04421430798986703,0.25352780681139964,0.12254587455547084,0.06947097288148907,170.6786679003547,12.675026748837142,341.30509922188264,0.852237591981313,12.53524233137205,0.08472276065077046,1.06202033574024,1.6165991524340926,7.53387884267754,2.096095153480518,0.312495272165472,0.14920150001616397,0.14881014870516623,0.15154308482819817,0.1394680135292406,1438.0546875,17.55192478087536,0.010727886177383376,0.02507450898665963,0.39761059499272555,0.6212325555388444,0.33332338108275555,5.209549777489409,6.613738710578974,50406.63750558638,0.9953421218598796,0.5319086813843604,1.5703380074891757,591.358743089904,1.1092901391717582,38931.4,2.155262500456033e-19,0.0002370904376637291,-0.29983272426225815,1464.9204840708207,50.7491403835768,-34.07564967345452,10.374170457903713,0.019779600530682187,0.5862141498477063,0.10977501939487976,1132.0,19.593473326859964,0.044608223429014736,0.02453333333333333,1.8184463194646494
OSP_27_08_25_20250827_213900.WAV,0.0005945353729232548,1.915857935987746e-07,0.9892207925648752,3.499743108481702,19.0,51.436527702333976,-35.5428723843864,-46.05945353453026,10.516581150143864,0.8845418365161057,0.059948500535468074,0.21193441924671508,0.06971266432083101,0.07113921779776233,164.51498776845546,12.372274499229446,345.6056803234019,0.8965017250839913,18.32399357982584,0.08021954365611678,1.4699424029312425,1.1482827338279924,10.4664779033936,2.12810702937572,0.29177129568827986,0.14946820547635212,0.1463725557831842,0.14994602443448019,0.1381731282125885,1424.703125,18.681112669560235,0.009131631267578315,0.02528908727154387,0.3314013624515034,0.6212215603770067,0.3333163445021322,4.9421710646606964,6.515235611120996,47507.43632822979,0.9943700764393182,0.5048228266729996,1.5945856375541605,519.3482688391039,0.9589273591310251,38987.74545454545,-2.8785896225603018e-19,0.0002716889593936502,-0.5275542695219901,1513.9187140743227,51.3407199038021,-34.062221954845654,10.603612252402513,0.01981020192232999,0.5661797220170498,0.10337470907680373,1066.0,20.100366921138896,0.03665632273079907,0.025846153846153845,1.4183881291824265
OSP_27_08_25_20250827_214000.WAV,0.0005295336951128583,1.5504857997602467e-07,1.4848994187535272,5.5742557153708,34.0,50.46152766768729,-36.51787241903308,-46.07180710521259,9.55393468617951,0.8739018040727483,0.09181531724653369,0.3158611258174562,0.13998173862311492,0.06779742466594152,170.59802973986018,12.681797362062534,335.6683515247199,0.8759647048552879,15.124442624710934,0.08962705356573805,1.3555592292768988,1.476512935119365,7.3072607685817115,2.037593749387554,0.34143802115587346,0.1496379271328355,0.1469924522604725,0.14896077775572225,0.13762948853166523,1419.09765625,17.90492493287412,0.008639703653864805,0.025012207755446186,0.31690921283947626,0.6207809381560604,0.33330445211525683,4.676853389498447,6.448244397603133,47772.43758898033,0.9931516426683935,0.5030844934943653,1.5115130845165408,533.5321501309281,0.9789302686451362,38930.43636363636,-2.9677438957498977e-19,0.00021884293758399822,0.15923146298657756,1869.9313845467977,50.40132535789027,-34.10254671743069,9.146652697691206,0.019718445032293145,0.5897559615734688,0.10356865787432118,1068.0,18.48369947111117,0.03520170674941815,0.024199999999999996,1.4547570555717195
OSP_27_08_25_20250827_214100.WAV,0.0005416393056877889,1.5125272069493823e-07,0.9122689644064347,2.694836169135321,18.0,50.55204686063079,-36.42735322608958,-46.12828354562601,9.700930319536432,0.8882295667672983,0.04881464424995241,0.16675219115007356,0.08559921282844296,0.07031266713550122,171.6927717098481,12.729248737030778,342.4860829934777,0.9008540064298076,19.17227250422437,0.05271809254089175,1.0107256360968948,1.1867736599639838,8.341744812320032,2.2250714750436122,0.195975747850523,0.14347945559758188,0.14034256279201374,0.1457548738893315,0.13585896584957813,1400.841796875,17.782840596984805,0.006187263601978469,0.02326411981640407,0.24100302724903008,0.6198120890685229,0.3333209877702936,5.101800769406285,6.538440688213993,48888.00480541016,0.9947650149624757,0.4875089469043961,1.5481836524135142,481.16089613034626,0.7721198841043546,39549.163636363635,8.168970550508965e-20,0.00022714770051968222,0.2496274166785777,1948.54750538787,50.56308344687214,-34.16014213254775,10.355507006200448,0.019588126199895684,0.5489494041442353,0.08902249806051203,918.0,20.47223579599858,0.02404965089216447,0.021333333333333333,1.1274367180680827
OSP_27_08_25_20250827_214200.WAV,0.0004908508506584984,1.0996324438181362e-07,0.9611228090845992,3.209664434759855,17.0,49.52390617448458,-37.455493912235795,-46.12543182766654,8.669937915430744,0.8962182146562468,0.03708762259505527,0.1805625007067445,0.08840646291348009,0.07527329032190888,165.42065649826768,12.423223437296876,333.4240677463681,0.8612978215592431,13.419384197734484,0.05325035185853148,0.7145869302541785,1.129542790566639,6.529633602510547,2.1798516953237206,0.24831987370662834,0.14417450619079944,0.14036955828376663,0.14622891621958947,0.13595689676074096,1401.8515625,16.39357982307619,0.007138159489865192,0.024093673165011646,0.27211852494544136,0.6212910505157202,0.33332016106631296,5.0693923165865185,6.58832045928331,51859.487644246874,0.9948538391895175,0.523714784168148,1.474847929615073,504.07331975560083,0.82017611652604,39420.090909090904,-3.008746450636622e-19,0.00017219605153569143,-0.7285531624478127,2081.8608340217816,49.36023188837025,-34.129465306785946,9.108020358748306,0.019657429856965038,0.5601508221743409,0.09193173002327386,948.0,18.949053853776043,0.021625290923196278,0.022024691358024692,0.9819610125109107
OSP_27_08_25_20250827_214300.WAV,0.0005373058387264693,1.370605735448301e-07,0.7756751414969624,2.64485736393264,15.0,50.363729273985676,-36.61567081273469,-45.98953434528019,9.3738635325455,0.8969221378158949,0.0484471414556602,0.27449152411557587,0.10726031576120698,0.07198672238705117,155.80790200024327,11.930829821958211,342.17698766279324,0.8609214626513926,13.380364059962023,0.07573901519488133,1.0134155968505076,1.358764061471941,7.211968647486602,2.1549177060009606,0.27251757130987625,0.14866000711214558,0.1499739543496236,0.15352626765535762,0.14014273288235865,1445.01171875,17.241805530241162,0.009937051449907863,0.024842651354113694,0.37771940925072744,0.6232875547404808,0.33332197648463535,5.143538648916837,6.592835724869854,50560.354286941925,0.9950999395624013,0.5105921251061444,1.5701080671781553,574.9927262147222,1.1857217110367568,38715.4,1.6055128607055649e-19,0.0002159461760156661,-0.38949978371535743,1548.3365748461235,50.3434551794592,-34.00906138030394,10.509557301634082,0.019931818829160747,0.5836863562505881,0.1221877424359969,1260.0,19.281690002743428,0.04548099301784329,0.023160493827160494,1.9639220250218214
OSP_27_08_25_20250827_214400.WAV,0.00046717071135537113,9.574640787483804e-08,0.9080261899232145,3.104804185238718,14.0,49.041325381420634,-37.93807470529975,-46.04367764522932,8.105602939929575,0.8998446217905031,0.05124362274484362,0.2254367858767098,0.11021937154443506,0.07296565983170689,160.02420404923237,12.12353831416157,331.8759233786118,0.7984452582625252,8.92286255713598,0.08926583360479241,0.796506764303733,1.6049054658432012,4.351697809476686,2.2563550499970315,0.15479561358265137,0.14979148482203475,0.14827223853616445,0.14908223410802546,0.1384481682184075,1427.5390625,15.830929718703466,0.008636294067015809,0.024215640405397223,0.3304423231389428,0.6230246351578574,0.3333210070244523,5.102581178879267,6.611024652632296,52687.643048029284,0.9950159657561672,0.5624161592094947,1.4897566831460956,520.4393366307827,1.0604951629327901,38816.854545454546,-2.620483796286177e-19,0.0001754495468533702,-0.14619616609346325,1644.3577107020647,49.441522508681246,-34.03559297355956,9.327821517273446,0.019871028732531,0.5847350586464588,0.10899922420480992,1124.0,18.46529104258999,0.03558960434445307,0.022759689922480616,1.5638638347395986
OSP_27_08_25_20250827_214500.WAV,0.0005776857398151146,1.888515561914038e-07,1.0436486242171459,3.6800812245430703,18.0,51.25356413315445,-35.72583595356592,-46.098350243541276,10.372514289975356,0.880490738720082,0.05932181811658188,0.27869769236068487,0.1381246207583603,0.07192196977070853,165.51171370993129,12.426463472127994,341.79689151001253,0.8828081629219823,16.06603505727577,0.08628466142351399,1.3862523953353458,1.4850949937106392,10.06534219084124,1.868344534371114,0.44009205236213944,0.14708402030194292,0.14338705436192153,0.14630595942814,0.13698962273300358,1412.5,18.50091967178573,0.008526240180389874,0.024372153089297414,0.3183655317955868,0.6212387382133022,0.3333146947247459,4.895831554711368,6.489852309911449,46484.92674544438,0.9941492673137771,0.5037887565376058,1.5635161620633302,522.6214722141402,0.9218386310736107,39115.90909090909,2.9797292579475554e-19,0.00026267977851249626,-0.7938962498235193,1652.0059703911606,51.19426641425359,-34.143160069226106,10.377335867615372,0.019626461040612424,0.5537152668496121,0.09930178432893716,1024.0,20.02469263355467,0.03830488750969744,0.027008547008547008,1.4183881291824265
OSP_27_08_25_20250827_214600.WAV,0.00044783354703624976,7.198184764814595e-08,0.59477790222701,2.2737317234282304,27.0,48.426350160067656,-38.55304992665272,-46.13253982935149,7.579489902698768,0.9166345774392952,0.028771890978800285,0.23821401361458372,0.10954319192817574,0.07442833795197601,167.3502158195036,12.503698881826827,323.82138436134153,0.803512320395705,9.1787552483076,0.058519163025028284,0.5371330747425463,1.191556158648875,3.9472361485936767,2.2220674380402468,0.20170325063583264,0.1416610092781172,0.14184331216686816,0.14487567492116665,0.1354674316264184,1396.8046875,15.033336779617004,0.006777690391329648,0.02425938379307321,0.25830125484966054,0.6205129662044059,0.3333254415027031,5.325535071153015,6.716167846723689,56928.81072496941,0.9958154996551496,0.5688136178341845,1.400746002014471,523.712540005819,0.8086024633886141,39357.763636363634,-2.0396142687242458e-19,0.0001431831644346852,0.9176698373645368,2283.372023704055,48.558919563590585,-34.10605119400192,7.818349384746817,0.019710490879868016,0.5781860723127134,0.08902249806051203,918.0,17.599229218241263,0.0224010861132661,0.025142857142857144,0.8910386965376782
OSP_27_08_25_20250827_214700.WAV,0.0005049019903072469,1.3225181264662018e-07,1.234405748935844,4.231955875917138,17.0,49.951204538352044,-37.02819554836834,-46.03812072196696,9.009925173598624,0.8827184654920675,0.06084517604334405,0.26056196278031496,0.12483941427370471,0.07180900038622517,163.02001323949355,12.28668032274671,335.16015172451284,0.8558110433327684,12.870687785166005,0.07506099408704232,0.9660866197385134,1.5826083722720912,6.3772909508017595,2.113602556840624,0.3057822664054822,0.14728606989299453,0.1487161644005451,0.14903419540151747,0.13836065548928328,1426.63671875,16.856610278387695,0.008954143329938899,0.024292102036061913,0.33662279870877787,0.6220750778787861,0.33331375011141656,4.871112547156766,6.503672510652966,49085.90575888425,0.9939960486313628,0.5327977358413318,1.5127237569921808,545.5338958393949,1.0086883849772088,38822.090909090904,4.583875366823563e-20,0.0002038241991467101,-0.3512016730652042,1649.750213164098,50.09255744596715,-34.052455023382464,9.416988760000251,0.01983249022165934,0.5860607468235616,0.10492629945694337,1082.0,18.72970338353318,0.03685027152831652,0.024417670682730923,1.5093104451556592
OSP_27_08_25_20250827_214800.WAV,0.0005040271588538393,1.213803031778775e-07,0.8645013059697256,2.8652594619781033,15.0,49.8173163214317,-37.162083765288685,-46.034550746360594,8.87246698107191,0.8948666533614008,0.04580292549645948,0.22400364246391913,0.10288565992130339,0.07173746153236626,165.00894213087346,12.380392905207158,336.95313276495176,0.7652518291477677,7.519768195590953,0.11355809914654844,0.8539305823139791,1.6641129352229926,6.294587058046072,2.2607506914132984,0.1461349873133891,0.15221607991465425,0.1479892857892732,0.1499859056247887,0.13879575665551352,1431.123046875,16.568905380196767,0.009551957557462904,0.024354786816485365,0.3575795836869544,0.6211458398208092,0.3333210852367918,5.105763864372157,6.57993181180482,50563.28340394524,0.994938568093287,0.5428968198559743,1.5215201080776097,580.4480651731161,1.0042559220735139,38883.145454545454,-8.590560922549388e-20,0.00019008194184454963,-1.034838697476469,1516.4649620131509,49.78940860001778,-34.06588775219604,10.003780121841363,0.019801842978506377,0.5780845753882773,0.10589604344453064,1092.0,19.339763181776185,0.040632273079906904,0.0266031746031746,1.5274949083503055
OSP_27_08_25_20250827_214900.WAV,0.000492288297810321,1.1693639587717121e-07,1.0938519213930213,4.095309586587647,22.0,49.62648045125799,-37.35291963546238,-46.048977307642446,8.696057672180068,0.8910679554406628,0.0692685255440112,0.3054016079009164,0.11896899902914804,0.07307865254601142,163.7296111076815,12.311330454666512,331.6766679201722,0.8265518271460185,10.530821957310058,0.09161062375710938,0.9647351681842379,1.5745754848459952,5.19777949900975,2.1273832910632047,0.29713863210647096,0.14764975915688747,0.14564067800677286,0.149281640059568,0.13801856027543402,1423.109375,16.66945904459425,0.00923581308796431,0.02492650594899367,0.3401392761881668,0.6215628120615421,0.33331555541081886,4.919470444996666,6.5559583707414975,50516.0344923634,0.9943922980800922,0.5444421210916871,1.4914867186797869,554.2624381728251,0.9664473923479778,39045.81818181818,-5.2378135498887595e-20,0.00019198713568074438,-0.4268919998602606,1485.8231255646592,49.83272129276256,-34.09294063516592,9.667502129834947,0.019740264534227777,0.5824477923194714,0.10327773467804499,1065.0,19.073885344766538,0.03549262994569434,0.02470886075949367,1.4365725923770731
OSP_27_08_25_20250827_215000.WAV,0.0005007023691755453,1.4688073455546943e-07,1.4070374408814152,4.670104357824275,15.0,50.066384282300056,-36.913015804420304,-46.129956868167696,9.216941063747392,0.8699837383666942,0.08834637271178947,0.29461479790226563,0.18214069203700756,0.07530006595591177,163.3954593652319,12.307044277198852,333.0340349470132,0.9020115347208422,19.410565614046842,0.06601750749635886,1.2814371609339028,1.5803597767558082,7.548211726714992,2.011367022456546,0.3804474723746479,0.14581514887013872,0.14082148281237036,0.14425298451794064,0.1352662660023276,1394.73046875,17.699642086354476,0.006627857991465425,0.023722942630792783,0.2529732586687682,0.6205132076968393,0.3333095723616391,4.77442693970738,6.423876436624639,46318.859568538166,0.993294829981827,0.4956206098343717,1.480105599624546,489.88943846377657,0.7640884128600524,39231.65454545454,-1.9002055821093825e-19,0.00019262832522580345,-1.3005285850704604,1918.6262153844143,49.84720148753097,-34.13312441767272,9.355757762257,0.01964915050159801,0.5541363496347389,0.08785880527540729,906.0,19.422079965279956,0.025795190069821564,0.022518518518518518,1.1456211812627293
OSP_27_08_25_20250827_215100.WAV,0.0005372621550641323,1.3106339577502765e-07,0.5968429827723185,2.2618049928764186,16.0,50.30163445148797,-36.6777656352324,-45.99275646672476,9.31499083149236,0.9030920625903402,0.033512877969816834,0.14509684899755915,0.08341149380893464,0.07165418560294257,165.45065538401408,12.408491340612901,346.3429107732959,0.8147602845309357,9.796820730023239,0.0857343575398253,0.8399241312213848,1.3024334478580317,7.613952201597318,2.2605590904595254,0.1455698411177863,0.14804577635534866,0.15029890008368604,0.15285372576424597,0.13994687106003298,1442.9921875,16.80898805830132,0.00949437342401319,0.024379576187602153,0.36116710111542194,0.6231798318867514,0.3333240012840858,5.241721818936694,6.631504853635208,51300.287867377374,0.995456169640991,0.531617834523811,1.5895303178260929,562.9909805062555,1.16979136359228,38904.836363636365,1.0210687514355606e-19,0.0002084424766210953,0.26202958516875985,1277.9511707216247,50.1898622461987,-34.039090249109336,11.17319820143257,0.019863029497320002,0.5881849148113738,0.11472071373157486,1183.0,20.268373646267207,0.04412335143522111,0.024266666666666666,1.8184463194646494
OSP_27_08_25_20250827_215200.WAV,0.000581765086351775,2.0596007119235448e-07,1.2381344488961552,4.568990447760763,17.0,51.43136611550044,-35.54803397121994,-46.01154011176113,10.463506140541192,0.871626262838538,0.06947853297155138,0.25537231028737006,0.11880119112623844,0.07133697473446854,163.34853882553216,12.309310934377159,345.30484206310393,0.799915995906945,8.99580155877848,0.17751126408068627,1.5968561061177757,2.0239360554789667,9.46168756471019,2.1516494118845766,0.2741616574914447,0.14938738563993148,0.14855219178397208,0.15179234226762633,0.13944736658665502,1437.841796875,18.600261051650552,0.010816724856948888,0.02508333898246904,0.3922470788372939,0.6213902792364565,0.33330765612671587,4.735647286485047,6.434196135409874,44869.38134756627,0.993443007285611,0.4944035995546837,1.6226384296206042,513.89292988071,1.1011450150324895,38704.799999999996,-7.18280653810518e-20,0.0002834744136545488,-0.3824615237959501,1260.541103021072,51.52513865662399,-34.06216920048421,11.026434576600067,0.019810322241349654,0.57809261279502,0.11171450737005431,1152.0,20.223063654716587,0.043638479441427465,0.025263157894736838,1.727524003491417
OSP_27_08_25_20250827_215300.WAV,0.0004036596868447406,6.535272268337238e-08,1.1982370756113572,4.190540413553756,20.0,47.65704211275465,-39.32235797396572,-46.15532720729391,6.8329692333281855,0.901512939079959,0.07120764675472857,0.25453711144538005,0.11778693333757473,0.07324795122405015,170.57460548947446,12.674416274673238,323.24948473652694,0.817585932032236,9.964066654954696,0.048611146340711404,0.4843647023126055,1.168021985409393,4.1775743115929895,2.196514255144378,0.2271504169092875,0.14296220864448972,0.13859185516018824,0.1428480789502546,0.13415606663999613,1383.283203125,14.352074957165117,0.005342064906410629,0.02343939824578112,0.20399121377909796,0.6236440033889552,0.3333182314759073,5.001040262344932,6.621288948041645,55189.96508443473,0.9947323476079935,0.5955191079143345,1.3831708993783913,451.7020657550189,0.6420441458151489,39370.545454545456,-1.4932289411696116e-19,0.00010956239396062686,-1.2600036505735255,2240.8744849403183,47.39661513108498,-34.16027785638279,7.362377296006173,0.01958782012245872,0.5854137764965398,0.07835531419705198,808.0,17.594324480405035,0.015031031807602794,0.022962962962962963,0.6546406750072739
OSP_27_08_25_20250827_215400.WAV,0.0005703927072986296,1.999800724530863e-07,1.312701524446408,5.025148608090551,17.0,51.27640447048294,-35.70299561623743,-45.95436271215516,10.251367095917729,0.8696578766610245,0.07811411053706019,0.32996593523815,0.16127324775769314,0.0740245049489846,165.60860707184796,12.41872052117542,341.6524941275124,0.9004268964469991,19.085745333180615,0.08255090882801905,1.5755456229141829,1.6793279453296295,8.297031532130699,1.995199038773188,0.35483157206267746,0.15071283095723015,0.15087980307288684,0.15467919661154905,0.14080570810299678,1451.84765625,18.427899479017558,0.012746172170497526,0.02682578113204645,0.43266880986299705,0.6203431847792862,0.3333041729517015,4.672043637364701,6.421781724600781,44677.46472626231,0.9931765904310421,0.4881230453392771,1.6138470273863599,564.0820482979343,1.237680026185627,38677.181818181816,4.436055899719115e-19,0.00028175253856363083,0.22189785415902757,1293.260848027415,51.49867837687833,-34.008904920038475,10.867509572247698,0.01993217786731142,0.5965656488570477,0.12112102404965089,1249.0,19.70603528168058,0.05188130333591932,0.02825082508250825,1.836630782659296
OSP_27_08_25_20250827_215500.WAV,0.00042068338278249053,6.850458081624946e-08,1.031498646903841,3.6275935718297574,17.0,47.972244731947384,-39.00715535477298,-46.10792888454134,7.100773529768354,0.9062587620993274,0.05289378428764757,0.26819394502915195,0.14850594219050595,0.07491099181255445,163.41283831751687,12.299490801285684,322.1628486951625,0.7437053580118347,6.803518577233276,0.0803737423953127,0.5468242495082717,1.3549358951911767,3.5521726288026265,2.2342703882385058,0.1893271347299617,0.1472699059257104,0.14212226558164784,0.14378981887594863,0.13523273839831246,1394.384765625,14.678782980094926,0.006901193203859955,0.023788121711055637,0.26306093143792436,0.6221079771420124,0.33332069856020835,5.090222742347517,6.651064889082546,55758.71789484896,0.9950697714601636,0.5962808051989786,1.3887864634871576,507.3465231306372,0.7767038842013384,38971.2,3.411412566575481e-19,0.0001271067590612433,0.1933665047477182,2152.64312824696,48.041686453215306,-34.07932623705965,7.193753304556829,0.019771229992490827,0.6044324600900812,0.09222265321955003,951.0,16.701159721753356,0.02773467804499612,0.02585310734463277,1.0728833284841433
OSP_27_08_25_20250827_215600.WAV,0.000439101117712537,7.965387624100624e-08,0.8524607243623158,2.8088559470835497,15.0,48.425185683030946,-38.55421440368943,-46.042423215692985,7.488208812003556,0.9043631533534016,0.040362170804720265,0.3087993822804155,0.1780644077953646,0.07562018827408412,159.20629884869032,12.080269413245263,330.50214653428924,0.7736994525855013,7.837804516383881,0.0672670522055798,0.5272260055807236,1.5214550742036173,4.601952749675159,2.249702626797198,0.16598862120287006,0.14437655578185107,0.14711343205684652,0.14863991545187655,0.13801931796140043,1423.1171875,14.78219343995204,0.007748286114343904,0.024459613480197213,0.2927911501273036,0.621545682383643,0.33332276988590354,5.1797492915689185,6.6393285038093035,54075.18922545165,0.9952457539097113,0.5619910762514192,1.4501963351998444,571.7195228396857,0.9830975414605762,38923.72727272727,-2.521446856021319e-19,0.00013159381571612835,-1.1043534743841303,1610.6341454826822,48.19235479981061,-34.0623440561798,8.772834254862126,0.019809923443649756,0.5978148551692696,0.10424747866563228,1075.0,18.030341478744113,0.03306826997672615,0.023929824561403506,1.3820192027931335
OSP_27_08_25_20250827_215700.WAV,0.0005314763969697249,1.380770058754462e-07,0.8556476599280645,2.8206441494622054,20.0,50.31021582674738,-36.669184259973,-46.062951716734545,9.393767456761545,0.8934458936040556,0.04402079778943935,0.28052725550005486,0.11773678278682354,0.07137599487864787,170.8581598926535,12.663034065847707,337.4971586983968,0.8659981037586727,13.925161927545807,0.06644332077925282,0.9252340008549644,1.4376684919803522,7.372856709337449,1.9413528867490766,0.4114627974575525,0.14444121165098764,0.14336005887016867,0.14712443022015326,0.13681459727475512,1410.6953125,17.28387578757217,0.00785436214964601,0.024520411995254742,0.29122827124757517,0.6215656274859619,0.333320955142559,5.1004810768622715,6.571055872690113,50006.39967746323,0.994913142670451,0.5157866836460908,1.5152718300927033,524.8036077974979,0.8562419685287558,39083.854545454546,2.1043772784940467e-19,0.0002159580031129604,-0.14260473758451297,1880.5355137374224,50.34369303050771,-34.07570493114029,9.879038160929664,0.01977947469769102,0.5585705975933595,0.0973622963537626,1004.0,19.561279682169868,0.03248642358417378,0.02447488584474886,1.327465813209194
OSP_27_08_25_20250827_215800.WAV,0.00046285450446706676,1.1112136736489929e-07,1.3574280137248198,4.856090531920561,17.0,49.19568335480997,-37.783716731910395,-46.10938379202849,8.325667060118093,0.8808161134513814,0.07907240244476599,0.3079603242795306,0.1441058384467051,0.0788592684687045,159.40248901630886,12.085951895932384,329.35226779086827,0.8647044091733725,13.782447733739307,0.06952204076449885,0.9581838931795988,1.5460871470185156,5.830163684483317,2.1478107302030796,0.28039051437151413,0.1436815051886335,0.14388597104283585,0.14506148501237676,0.13604308353942393,1402.740234375,16.46369619293599,0.00709345601784502,0.023658041177391488,0.27368140382516976,0.6240894124940671,0.333310558795666,4.795627563181237,6.491655018837747,49220.51516219724,0.9936992752511613,0.5305697454536635,1.451534022456605,511.7107942973524,0.8251579017554068,38984.763636363634,-1.5105761759293797e-19,0.00016303899367648957,-1.162582704318183,1837.3104557599345,49.12291486080308,-34.089189152973766,8.789615052019673,0.019748792301524768,0.5708404912211857,0.09251357641582622,954.0,18.559321284335613,0.022013188518231187,0.02241975308641975,0.9819610125109107
OSP_27_08_25_20250827_215900.WAV,0.00035596108330525323,3.857723639265672e-08,1.286649260263817,5.665793712904288,17.0,46.25444802319237,-40.72495206352801,-46.11361376565767,5.38866170212966,0.9192561340151216,0.04789238172856658,0.25314966236723035,0.14385197667739036,0.07866074031691228,156.31022126967224,11.948852501582918,317.66026708813195,0.7223778489870417,6.204036106998707,0.06065124976746174,0.3762825434919296,1.4144967156892423,2.261008249040052,2.2688130312484036,0.13237692112635138,0.14653444541428248,0.141481372610774,0.14307648940383963,0.13482889177819804,1390.220703125,12.466084233260899,0.005988371035787024,0.02331857457659113,0.23226511351236662,0.6202416561709845,0.3333178960438373,4.990056145443504,6.732192076079581,61014.46420164336,0.9951633510289953,0.6727645392648267,1.3492698277104958,490.98050625545534,0.7374936354378819,38896.799999999996,-4.060724820371406e-19,8.462132674787916e-05,-0.5520176377107233,1516.0598182455456,46.274798301983694,-34.06243801615095,6.459536327136231,0.019809709150140936,0.6244494943562466,0.09833204034134989,1014.0,15.51575434898082,0.02618308766485648,0.021818181818181816,1.2001745708466687
OSP_27_08_25_20250827_220000.WAV,0.0004236599543012968,7.867918527751306e-08,1.4664460131487973,5.473326569625142,18.0,48.191106004584434,-38.788294082135934,-46.1293227951941,7.341028713058165,0.8918120395608385,0.08285053030667344,0.3780251708949397,0.1986087050970411,0.07521973200571208,166.28950173279117,12.443949097626334,323.05481121502373,0.8481710797150841,12.172720956237331,0.05673960782238113,0.6906754131881864,1.3632218437517132,4.32435645952213,2.077205474603265,0.3369036778806175,0.14342288171208742,0.1395786903587101,0.14322060552336355,0.13438299358694597,1385.623046875,15.277758994859266,0.005852176983318786,0.02414798353261898,0.21766640397672163,0.6212280777441472,0.33331173258547203,4.822085165998119,6.560391116769581,53386.72646770991,0.9939779743440759,0.5836077514026772,1.3902143565905694,466.977014838522,0.6815195846668607,39275.799999999996,-3.3936973601692935e-19,0.00013070082380137665,-1.1067396437301802,2433.3268502149413,48.16278324927633,-34.106361562042366,7.315990797914125,0.01970978658849543,0.5892868697662953,0.08184639255236617,844.0,17.353877900421807,0.02114041892940264,0.023253333333333334,0.9092231597323247
OSP_27_08_25_20250827_220100.WAV,0.0004966201862207543,1.219459549974238e-07,1.0012782993251084,3.687797401642372,17.0,49.737388654482466,-37.24201143223791,-46.09301391933069,8.851002487092778,0.8907459373107497,0.05652614053989047,0.3289442457063506,0.16239680634971265,0.07400755959846417,165.53998588613132,12.4155312838695,336.5632952088549,0.8963054256164101,18.287412209259326,0.05364578356121843,0.9810425572727091,1.349683773218561,6.717555097765188,1.9650881825672761,0.40595109053027956,0.14135389389971875,0.14189830298340178,0.14596243735707354,0.13608816585442732,1403.205078125,16.954522896062144,0.0071817264329357006,0.02423944417562552,0.2729354843598448,0.6214481913974069,0.33331659685668186,4.949653850604758,6.5540182758491845,49830.018904793054,0.9945287701624269,0.5202967760592803,1.5048875815098448,498.6179807972069,0.8189448768305694,39305.854545454546,3.648176037357285e-19,0.00018613455056246345,-0.5485206678167428,1711.47641789544,49.69826994978712,-34.11589793339142,10.061937127662347,0.019688158786658083,0.553938089347483,0.09396819239720713,969.0,19.917509865379916,0.029092319627618306,0.024242424242424242,1.2001745708466687
OSP_27_08_25_20250827_220200.WAV,0.0004651405878303572,8.907236540755122e-08,0.708621035633023,2.4222180199862375,16.0,48.92119005467809,-38.058210032042275,-46.110655131943794,8.052445099901519,0.9068148696070046,0.040959506841008464,0.16162443319863584,0.08087210724351679,0.07447437104313359,167.58135522033854,12.523239579462718,327.6786843179998,0.8192344614835256,10.064055773095967,0.06782271800886343,0.6825716167241618,1.419840386779327,4.500468966354711,2.2762667754637684,0.11568410813147753,0.1459282966411276,0.140893470790378,0.14590261557161077,0.13565249642372224,1398.712890625,15.834560312724184,0.006945138989913684,0.024028121209074077,0.26227949199806017,0.618533512442709,0.3333240579803134,5.244768800038254,6.654733432272485,53936.8014135556,0.9954651111678039,0.5613732878628667,1.4428746735556035,506.2554553389584,0.8040184632916303,39211.10909090909,2.852936742067069e-19,0.0001671604491608648,-0.09655668865168099,1971.6076666692597,49.23133529424347,-34.146516484903955,8.682904806359517,0.019618878416581588,0.5695875087871518,0.09338634600465477,963.0,18.396283991993634,0.026764934057408846,0.023,1.1638056444573757
OSP_27_08_25_20250827_220300.WAV,0.0005496182375721954,1.6215170756526265e-07,0.924239828057846,2.9356975215671697,18.0,50.73944963317098,-36.23995045354939,-46.011270517049525,9.771320063500134,0.8858124989396715,0.0538278637865407,0.23822196193549883,0.10678368658180826,0.07773711562628682,153.98336951325322,11.832077697858859,342.81867017733464,0.7984541161419498,8.923298663884454,0.13121380145187173,1.170859939178687,1.9586141232484615,8.086870765317158,2.1945837020285968,0.2360299771889723,0.1516503410597097,0.1476763380515454,0.1515929363160838,0.13926381716128405,1435.94921875,17.667629173282243,0.009633977063330423,0.024410964888500725,0.3578637434832686,0.6206655338170155,0.3333195859749914,5.0480257921129255,6.5232846500609165,47761.13662892744,0.9946112610474559,0.5157575815706199,1.5773563236715504,569.5373872563282,1.0444511625933468,38775.63636363636,-4.158500143562826e-19,0.0002373022950296987,-0.7015273118512206,1461.1068019889706,50.753019384445366,-34.03904509355661,10.423324131605078,0.019863132760019015,0.5840421478367834,0.11549650892164469,1191.0,19.426457056483656,0.04567494181536075,0.025896907216494843,1.76389292988071
OSP_27_08_25_20250827_220400.WAV,0.00038960414085325814,5.0692394190995416e-08,0.9347288662302604,3.7959376315897235,22.0,47.136002109856925,-39.84339797686344,-46.08992235339416,6.246524376530715,0.9170810933137958,0.033778997460751414,0.2405811666513773,0.1328124408311807,0.07789833303662819,158.65538914376137,12.070069516438117,321.5544249752603,0.7316808538928882,6.453810244318567,0.053383894849630846,0.34452952746217275,1.3438446484863655,2.859976392624484,2.169533048025124,0.2629485319884715,0.14478873694759642,0.1427011689047929,0.14525092066634218,0.13566821840752594,1398.875,13.153106926159966,0.0066416857603530215,0.024068057509164117,0.25361261821047526,0.6194654176296167,0.3333217657201542,5.134344521654366,6.718768165905928,58817.11518161121,0.9954488290076989,0.6176478897211005,1.376780429259869,511.7107942973524,0.8129591576956647,39155.36363636363,-3.1242895476122893e-19,0.00010171077162741699,-0.3871625763862777,1198.2043825145158,47.07366949094091,-34.08912220490601,7.479309280396034,0.019748944519505356,0.6125437536115037,0.0899922420480993,928.0,17.144545551407838,0.021334367726920093,0.022564102564102562,0.9455920861216177
OSP_27_08_25_20250827_220500.WAV,0.0004926225496949705,1.3975068507156895e-07,1.7884569190669666,7.994851825557267,16.0,49.89759267528881,-37.08180741143156,-46.083988138400755,9.002180726969193,0.8663932111348425,0.08698032918741361,0.3620962967017961,0.1787462819142145,0.07715369266196304,158.61358905590836,12.062568100200318,329.12376553753506,0.8992232029560793,18.845838116172295,0.059335470724839634,1.1182266758272081,1.5990307558545713,6.363284078121155,1.9293193269585536,0.4279031405191226,0.1430107005463421,0.14316509142973124,0.14555002959365598,0.1361050243671807,1403.37890625,17.116423042564836,0.008221839843371158,0.024706661473354458,0.30184874363482056,0.6218666565329225,0.3332829306444876,4.398426872764264,6.400797013322356,47008.80329024338,0.9919609563935972,0.5264237500627384,1.4608258676267525,508.43759092231596,0.8204791909126177,39203.145454545454,-2.320954876100848e-19,0.0001978938798804823,0.29096546687554276,1918.9854915120734,49.96432363305766,-34.09270514222653,8.727762313208661,0.019740799742033986,0.576145759661853,0.09445306439100078,974.0,18.400329534550025,0.02851047323506594,0.026133333333333335,1.0910677916787896
OSP_27_08_25_20250827_220600.WAV,0.00044931568416268884,8.565615700252934e-08,1.2563782864458177,5.662975767824515,23.0,48.6590935729634,-38.32030651375697,-46.13135825495028,7.81105174119331,0.8981849052994781,0.05590460085537807,0.3105816520930311,0.16356221803267335,0.0751456065211934,164.1039275702111,12.327027302885302,322.75311038786236,0.8043126040189273,9.220382309106123,0.07365710243026195,0.6791466441880049,1.4489384625387303,4.014995614704911,2.074202941606385,0.34199156728082836,0.14556460737723467,0.14060851837743096,0.1445475614918103,0.1354799334448647,1396.93359375,15.544607401207253,0.007317162799437494,0.026141011369678738,0.26284781159068865,0.6221267201547992,0.3333093176251139,4.769095071952048,6.600292875890531,53737.46921023703,0.9942719990135324,0.5817075443838365,1.4091801055982633,487.707302880419,0.7355804783726118,39031.29090909091,8.991124343365851e-20,0.00015256760486002607,-1.3665554495224495,2067.363573581985,48.83462328349627,-34.143150282596004,7.866001873724372,0.019626483154296874,0.5963607906690678,0.09251357641582622,954.0,17.48707029871832,0.028995345228859583,0.024916666666666667,1.1638056444573757
OSP_27_08_25_20250827_220700.WAV,0.00026721000758666885,1.3385173277215222e-08,2.266191129070558,10.98707348476167,14.0,43.35535967761548,-43.62404040910489,-46.242682056158095,2.6186416470532023,0.9402021244493528,0.029629556971492055,0.6535488039561459,0.554210498538134,0.07341740812449593,173.0545985459861,12.816714233203506,302.11580596862314,0.32296340711321203,1.9540500779614938,0.04686713460942596,0.09158072803738061,0.9321617082643331,0.7033236424262282,2.2913461784067666,0.07508034930390065,0.1397374971713057,0.12902545274939084,0.1371704476754251,0.13045458127242748,1345.1171875,7.26758378373622,0.002922584194064591,0.022095521388840328,0.11472951776188167,0.6199217017915951,0.33331819988425454,4.999995402284503,6.863031443064655,69939.71987380007,0.9955060057369072,0.7787735281847915,1.2325929317611597,374.23625254582487,0.2785821877121521,39880.34545454545,2.6992297286199116e-19,4.375515127688558e-05,-0.02736179764022077,235.17976769995278,43.41029189688169,-34.23822492697175,1.5148413760400246,0.019412825630650377,0.9056829497298974,0.05595422808378588,577.0,8.968563729015631,0.0033941039565554693,0.02074074074074074,0.16366016875181846
OSP_27_08_25_20250827_220800.WAV,0.0002807744150706465,1.3972723400818505e-08,1.583631617229844,7.292804156741528,12.0,43.74790683131827,-43.23149325540211,-46.25398231436677,3.0224890589646662,0.9463504944044807,0.037097337535430985,0.3481607516657269,0.2664298661403146,0.07381714113464433,174.8700517877849,12.897347079732313,303.84936505393676,0.5656305306458579,3.604375171610868,0.036102026623818485,0.13012524840772588,0.8743422307168376,0.8909697903384215,2.2977425187850815,0.04970782307131909,0.13799178870461967,0.12848354324827754,0.13717135406611394,0.13035399846038212,1344.080078125,8.683912220349175,0.0030623772548734364,0.022048912209078682,0.12066135350994181,0.6187858611613708,0.3333235027332421,5.215699145039512,6.901689118716912,70451.79311143568,0.9961049398751383,0.751342413872127,1.2409191703320888,367.6898457957521,0.2783169976238968,40020.6,1.8987336955237053e-19,4.822412169884148e-05,0.8402358377654165,1956.998155449395,43.832643266255104,-34.28284015685819,2.0282226082874004,0.0193133669535319,0.8328830207728496,0.05401474010861133,557.0,10.575469569424028,0.00504266873545384,0.027733333333333332,0.18184463194646494
OSP_27_08_25_20250827_220900.WAV,0.00029178392624271935,2.2530830379295762e-08,1.9396776385338648,6.974360959363326,16.0,44.39299398663337,-42.586406100087004,-46.20955428365748,3.6231481835704784,0.9211118646687285,0.034038993669584516,0.42983301811953567,0.3620119869733226,0.07389231967777032,172.52370158060077,12.783087648059722,305.3757955889575,0.3036684428552421,1.8721949759117797,0.03593026691118918,0.06726846519429765,0.8640359899536585,1.2228691564590477,2.2798887950050335,0.10730798754747486,0.13635114602528045,0.12981532084141947,0.13848199500216174,0.13127363980215304,1353.5625,8.571692528130423,0.0038882549582969646,0.024261161971278537,0.14723029446532493,0.6207767113801645,0.33331785470406444,4.988718976787745,6.743665497359204,64389.509186615585,0.9949569125911455,0.6336137868892869,1.2540527198756257,396.0576083794007,0.3452017263117059,40022.2,1.570713256429909e-20,5.3794466940893564e-05,-0.28663294346178797,2326.490826096801,44.30737608368741,-34.20080087403556,3.665927649774595,0.01949664824514678,0.7004501442361101,0.060802948021722265,627.0,13.4935435526614,0.0062063615205585725,0.028444444444444442,0.21821355833575795
OSP_27_08_25_20250827_221000.WAV,0.00026371314019656914,1.1722894056238148e-08,1.9733606399342165,9.328953935719047,8.0,43.171269463624185,-43.80813062309619,-46.23929876898653,2.4311681458903394,0.9468224162862605,0.012537707334790316,0.239718399707173,0.2174635330308694,0.07444478211156857,177.62741338849932,13.002942682057096,302.2191554555636,0.2847869269236432,1.7963694670699597,0.03722318699219537,0.06686659657981546,0.8324847048395649,0.6382738614999501,2.302177375854533,0.0144443006617351,0.13731290207868618,0.1298073221771964,0.13835328752434792,0.1309412050843759,1350.134765625,6.686488786473442,0.003549001066821841,0.023163624984870824,0.13643222220538312,0.6207908404655592,0.33332192528609855,5.141289632569293,6.904562301834541,71322.4152480816,0.9959648978713941,0.7342780524102931,1.2320823338750129,390.6022694210067,0.32366450271554653,39906.836363636365,-2.236847071205003e-19,4.178614214190203e-05,-0.5651697695335836,175.81136106086223,43.2103227724979,-34.25540210081583,1.3828404548642865,0.019374472855076645,0.9170243980127535,0.05799069045771916,598.0,8.424489487967243,0.00504266873545384,0.027733333333333332,0.18184463194646494
OSP_27_08_25_20250827_221100.WAV,0.0002589285242707684,1.1236506903110502e-08,2.4392452491726107,13.414226027678367,11.0,43.008634917238375,-43.970765169482,-46.2486175247586,2.2778523552766003,0.945389124055538,0.016006591798261693,0.4591509820726647,0.41938004722600164,0.07299813516570886,169.8392524352431,12.65137884735182,301.72845123002605,0.2968772664574632,1.8444536132737714,0.03665442333379705,0.06760738356048841,0.9058677476625672,0.6097666325914405,2.302483962510909,0.007178608728344393,0.13543788187372707,0.13003528410755405,0.1375112505744251,0.13064798061536226,1347.111328125,6.397481088630745,0.0032453584157695666,0.022395718780999364,0.126095909614452,0.6186969258950098,0.33331749399755234,4.977200908402518,6.8954515980316495,71515.57559061197,0.9956306705780588,0.7488190305696226,1.2279716610611768,382.9647948792552,0.31271594050043644,39982.96363636363,-3.6210512702783753e-19,3.9688647891586535e-05,-0.10572567504313954,7.351529538921527,42.9866630366339,-34.227874617531796,0.9314977159833333,0.019435972196405586,0.9755556910927657,0.061384794414274635,633.0,6.474200606970947,0.0062063615205585725,0.03103030303030303,0.20002909514111145
OSP_27_08_25_20250827_221200.WAV,0.00025567314199126184,1.0783215519497955e-08,2.3900900700386583,12.193257591482077,9.0,42.88891118387699,-44.09048890284338,-46.27692976250496,2.1864408596615803,0.9461695135893903,0.015101104052546388,0.523787297765848,0.29444674627223455,0.07358388681710593,173.9375401259037,12.839594264235625,300.97934278945473,0.23677518283155435,1.6204598632156308,0.03851173498558543,0.0624067208069384,0.8361123561430522,0.582335433918585,2.3024585106307187,0.008107814349279962,0.1373290660459703,0.1278026569562883,0.13615891566669114,0.12956164836097372,1335.91015625,6.173909567593618,0.002743391463000679,0.02170268581734789,0.108478002242968,0.6207953086597796,0.3333194020981318,5.041382406697737,6.900375466734601,71741.88075226815,0.9957398189566146,0.7563324637221368,1.2229469475549033,363.32557462903696,0.24728975729803124,40134.21818181818,-8.45914247739963e-20,3.863947605388703e-05,-0.09470194762068294,4.633815945874338,42.870312288084556,-34.32038879914922,0.7712920443428857,0.01923005649104263,0.9841502878541631,0.04897207137315748,505.0,6.307447709287207,0.000969743987587277,0.026666666666666665,0.03636892638929299
OSP_27_08_25_20250827_221300.WAV,0.00025662698407872197,1.0975352560052608e-08,2.375172771002296,12.175557922064982,9.0,42.92756412496412,-44.051835961756254,-46.276244679853704,2.2244087180974503,0.9457547686604777,0.015282258175327579,0.3989960588059156,0.2311669246604956,0.07543050336385082,171.0300075160296,12.71545121468776,301.2054642092804,0.23778609304401593,1.6239353306833524,0.03947936846922051,0.06411194129023352,0.8864886066678155,0.593275220463412,2.302562125816615,0.003519746076644914,0.13712701645491868,0.12833756762620643,0.13650425051913528,0.12990847911211328,1339.486328125,6.250579065841938,0.0028879200610997966,0.022139108994407016,0.11355735860208536,0.6222998829912303,0.3333191828926098,5.033576249575374,6.897778205073667,71598.27163767091,0.9957201455474604,0.7569613597329714,1.224767423476022,367.6898457957521,0.2551507491998836,39997.145454545454,2.369842537696558e-19,3.898729283327187e-05,-0.09606154998261332,5.218876682130919,42.90923080061298,-34.30666413345438,0.8370033951189555,0.0192604661247947,0.980892747387264,0.0532389449185415,549.0,6.415454206953891,0.00252133436772692,0.02311111111111111,0.10910677916787898
OSP_27_08_25_20250827_221400.WAV,0.0002561021255920602,1.1030308029453217e-08,2.499509303159772,13.786888982534162,12.0,42.91544220127357,-44.06395788544679,-46.27868050446786,2.2147226190210674,0.9449456993299099,0.016294738077567872,0.3733915273319133,0.24739638300464661,0.07466828273783033,170.4281702588978,12.69127259368923,301.1080071749873,0.2693823847768365,1.73741004641547,0.03588027362804285,0.062338747869497696,0.8025384395783114,0.5958376772753361,2.302577064513943,0.002086203467908021,0.13734523001325447,0.12778665962784214,0.13607915328607412,0.12980013001891186,1338.369140625,6.237311800033774,0.002885647003200466,0.022226733669552065,0.11423223811833172,0.6214206779652717,0.3333169391246627,4.959985063334417,6.892661048523854,71495.89906680734,0.9955825899211835,0.744594891243995,1.224501797282034,363.32557462903696,0.25202529458830375,40064.01818181818,8.991124343365851e-20,3.8791415768847216e-05,-0.09506747967382981,7.60875619489435,42.88735630318736,-34.306529082076736,0.8302085388203722,0.019260765595869585,0.9793238804489469,0.05634212567882079,581.0,6.181934044145892,0.0016485647788983709,0.01813333333333333,0.09092231597323247
OSP_27_08_25_20250827_221500.WAV,0.00025647464081559777,1.1193642815082546e-08,2.4244648719884525,12.382668592170498,9.0,42.93547729653994,-44.04392279018043,-46.260717614704426,2.216794824523994,0.9444958465727892,0.01547153890599029,0.5696511853025297,0.3428114718583545,0.07454080567411081,172.1386534716583,12.772448805256392,300.8450792539114,0.21305532535376714,1.541474724254396,0.04027884609465952,0.06208882317705054,0.7874687270128016,0.5906798771264772,2.3021475427548874,0.014717535579037388,0.13710277050399247,0.12806561304262187,0.13641451784094114,0.12973705266220542,1337.71875,6.188555919924731,0.0028843210527591894,0.022069164380797805,0.11288247908583898,0.6206461252662135,0.3333185613890444,5.012084271855001,6.889883096766275,71340.12762474235,0.9956376857456227,0.7558614035784029,1.223177759669766,358.9613034623218,0.24852099699350208,40072.70909090909,-4.336808689942018e-19,3.9050245440393914e-05,-0.06612559898613518,4.8311987635723375,42.91623767869496,-34.292821355236164,0.8071082153118567,0.019291186170866996,0.9836957788739842,0.05362684251357642,553.0,6.231072786416401,0.0032001551590380138,0.029333333333333333,0.10910677916787898
OSP_27_08_25_20250827_221600.WAV,0.0002687089738923509,1.4858099630083034e-08,2.1787882462856145,9.942009557343058,12.0,43.470416635044714,-43.508983451675654,-46.24971672180446,2.740733270128807,0.9354129355806303,0.04369105012346408,0.7658545961055188,0.6776673786793671,0.07624945174905162,168.54270709749676,12.600009183978813,301.654565943855,0.4168884493376561,2.429875463328145,0.035926553731507764,0.08729705139413094,0.8560485584949421,0.7424262708050751,2.232947569155212,0.18645052262122644,0.13598745676138752,0.12823258515827857,0.13657676177424166,0.13008710357870235,1341.328125,7.447418071466028,0.0031955405634759,0.022535672899909702,0.12336087157492726,0.6213976383657591,0.3333175743801842,4.9797448058117055,6.833073030696426,68555.58028634473,0.9953428395294521,0.747492283411847,1.230371708739073,392.78440500436426,0.31701580836000387,40141.94545454545,-1.5052143033672695e-19,4.4552165283646365e-05,-0.18690902137113247,226.09650578973103,43.48868816069582,-34.2398566035784,1.2345252094802106,0.0194091796875,0.9376732044172793,0.059057408844065164,609.0,7.8393675298587535,0.005624515128006207,0.02812121212121212,0.20002909514111145
OSP_27_08_25_20250827_221700.WAV,0.0002561633183432246,1.0855901092980421e-08,2.4190001691608365,12.53505528199174,11.0,42.907325602794984,-44.07207448392539,-46.2677646617648,2.19569017783941,0.9459513826061046,0.014259987193177226,0.5332159186299639,0.30744869600574054,0.07257236960318514,174.37077800555983,12.863285220327116,301.118649908272,0.24066637901123134,1.633888378859998,0.038862331640376085,0.06349671204261369,0.8529248734768909,0.5816905502632846,2.3023124247744833,0.011780825927226245,0.13679565512559402,0.13013826690942612,0.13636013439961134,0.13035683978275628,1344.109375,6.17987805693415,0.002910082375618272,0.021753402391321515,0.11515575745635305,0.6199788920146383,0.3333189881964098,5.026743637436891,6.898998500075729,71705.9629457662,0.9957078490778668,0.7580661047781861,1.2235623984558717,363.32557462903696,0.2636178898748909,39979.30909090909,3.344126322658805e-19,3.8795995365045795e-05,-0.08772501773480591,4.39173501637764,42.887868987740596,-34.29281560396761,0.7917215406095082,0.01929119894432299,0.9839841604237632,0.05178432893716059,534.0,6.2383353471458305,0.0033941039565554693,0.02074074074074074,0.16366016875181846
OSP_27_08_25_20250827_221800.WAV,0.00025571952745514196,1.0899795732223659e-08,2.5437267993882315,14.151604224110075,11.0,42.89690520702366,-44.082494879696725,-46.27967920561508,2.197184325918357,0.9452219476134597,0.01633198280336956,0.44573470543564164,0.40594422435294475,0.07552586958808549,169.81687478387838,12.6691542434125,300.95455565077305,0.27453263215832685,1.7568435034509813,0.03613214809672513,0.06347852964946028,0.7898479247075957,0.5885858722051579,2.302556955020238,0.0037754515319086577,0.1347832411987198,0.12782365344987384,0.1363039381769039,0.12975580538987488,1337.912109375,6.23538645555861,0.0027473693143245078,0.0214764517152168,0.10748344295586808,0.6210673263311711,0.3333167707073769,4.954874780330805,6.894380675025617,71625.03157179151,0.9955753609936948,0.7490995394510496,1.2238628411765093,355.6881000872854,0.23154883134516535,40086.96363636363,-8.326672684688673e-21,3.871530227179636e-05,-0.08471396987398869,7.444012619354648,42.87882654390218,-34.2790532984885,0.7932778360531856,0.019321788995916193,0.9791311919406254,0.05188130333591932,535.0,6.328954356950092,0.0002909231962761831,0.016,0.018184463194646495
OSP_27_08_25_20250827_221900.WAV,0.0002560327864061894,1.099043028938819e-08,2.4359784489615386,12.925629134136845,10.0,42.91116686383152,-44.06823322288886,-46.270192780924624,2.2019595580357674,0.945267632737801,0.016156832429650714,0.5066005216654912,0.39722030796118657,0.075216936139471,173.09342721357677,12.82386070229231,300.9253382668873,0.25453426069701046,1.682886542673309,0.03683925013313455,0.061996278291228044,0.8023214915003081,0.5894180628036978,2.3025476235911806,0.004431314758358696,0.13469433937865713,0.12738272708457687,0.13601479954716722,0.1298202086970226,1338.576171875,6.206376346357877,0.0029843356003297454,0.022398888472644277,0.11575959702352084,0.6184466426078238,0.33331807674006747,4.995943257187933,6.89470397933341,71530.990873232,0.9956506438225466,0.7480909316413432,1.2228510889753301,367.6898457957521,0.2542604681893124,40113.41818181818,-4.2521752112655736e-19,3.885507161312784e-05,-0.08462856444943018,4.554123691144059,42.89447713737769,-34.26900282938237,0.7797931126023627,0.01934415923609878,0.9828711418574443,0.05081458494957331,524.0,6.344711390818592,0.0030062063615205587,0.04133333333333333,0.07273785277858598
OSP_27_08_25_20250827_222000.WAV,0.0002584582199147447,1.1312844622746263e-08,2.298562309295415,11.494542682495585,9.0,42.99936045264726,-43.980039634073115,-46.23175708145575,2.2517174473826316,0.9452518684487868,0.014545862449860447,0.44285250794468367,0.31028992948900347,0.07360883548718888,172.4571952359933,12.777155079274097,301.845001482212,0.2457552885520967,1.651659295244714,0.038221859883775175,0.06312949015857831,0.7797093437155777,0.6036473377747377,2.3022629885844914,0.012839964190491316,0.13652894966540588,0.12842555293266025,0.1381366601497176,0.13053053929056346,1345.900390625,6.278260078659265,0.003076583866744254,0.021877076683313623,0.12172695274612026,0.6194745379514294,0.3333196360020492,5.0498486261077975,6.894649518981424,71364.80167359584,0.9957368217608085,0.7471045158767396,1.227415688460836,382.9647948792552,0.29375484919018524,40074.36363636363,1.2588835697785628e-19,3.9609499723160137e-05,-0.09645952308165384,4.873864322858895,42.977993572025,-34.22799018166049,0.8921551355662984,0.01943571360616973,0.9809703302892242,0.06012412723041117,620.0,6.319487791868049,0.0026183087664856477,0.018,0.14547570555717196
OSP_27_08_25_20250827_222100.WAV,0.00026867518166569845,1.1894080470295345e-08,2.0129747883571403,10.619841303371409,15.0,43.319049129017216,-43.66035095770316,-46.17865035877199,2.5182994010688304,0.9479901513909735,0.013962295321275242,0.4079041994870246,0.3278596672112859,0.07616620880124247,170.42276189994308,12.656800505255617,303.2517244010593,0.3855541456235285,2.254965406235125,0.03634071076119671,0.08194704560449512,0.8717877073212567,0.7083303726292288,2.3015191993633506,0.02337633114684028,0.1395596935311803,0.130087275425004,0.13859166827551014,0.13126833600038793,1353.5078125,7.110073675967344,0.0033682929638250408,0.022340820396306034,0.13252502500606206,0.6213597996518423,0.3333208789075926,5.097411114184141,6.911838582484349,71592.21681991484,0.9959491038220972,0.7360788292393797,1.2368267397144677,401.51294733779457,0.3539719413732907,39974.145454545454,-2.6239532432381305e-19,4.2805045781535167e-05,-0.9195012299327603,263.66911167516247,43.314949658803684,-34.1600272676959,1.7212866799348845,0.019588385240959398,0.8725208425979816,0.06254848719937936,645.0,9.205674585190899,0.0061093871217998445,0.018666666666666665,0.3273203375036369
OSP_27_08_25_20250827_222200.WAV,0.0002607401031768067,1.1502676775942309e-08,2.372649276377021,12.99417458405721,11.0,43.07511966623382,-43.90428042048655,-46.2295474427477,2.3252670222611513,0.9452096720824872,0.016734384222433007,0.4549889043393557,0.4260333779975005,0.0768246447994827,169.1259351040492,12.623817680928605,301.5721369272409,0.317008784971303,1.9282953513772016,0.037349694701018746,0.07202124266733215,0.9217706066553842,0.6277284492357179,2.302370658133964,0.010602173396976333,0.13791905085184109,0.12942438612751672,0.13725292922810864,0.13035759746872272,1344.1171875,6.5594228982554625,0.003144586182232567,0.02218690747349171,0.12410679104025218,0.6199863855306851,0.333317710223169,4.984073515235185,6.894341176852198,71365.7241266962,0.9956485690681771,0.7531532945680467,1.227956312796823,393.8754727960431,0.29146284914169335,39936.92727272727,-3.153464442435536e-19,4.034001350129254e-05,-0.15156088341734206,12.962287036918088,43.05736039229644,-34.23807370476453,0.9722573701142849,0.019413163612828112,0.97292041717486,0.05983320403413499,617.0,6.66718476742719,0.003975950349107835,0.01822222222222222,0.21821355833575795
OSP_27_08_25_20250827_222300.WAV,0.0002681330721109081,1.2649898276011987e-08,2.2009071548871644,10.981925902487369,14.0,43.3429914450042,-43.63640864171617,-46.218699824373566,2.582291182657393,0.9438748597453213,0.024779917904667603,0.2729411649115123,0.2078863995630743,0.0869313283410742,142.30250988022243,11.270361246461551,302.6981196527088,0.4369683185552219,2.5521979773284906,0.03813249107176088,0.09732166658384485,1.0995556855339776,0.7186253070151843,2.301958397602347,0.018134336909426806,0.13795946077005142,0.13200795467156987,0.1366755583593241,0.1306669227645233,1347.306640625,7.286416001300159,0.0035882113155852975,0.02282184103802942,0.13863446062681864,0.6227203476421398,0.3333195371907642,5.046254620089581,6.886041547525251,70787.4700481402,0.9957014331162122,0.7668205214560001,1.2373461326354551,397.14867617107944,0.37944913199495683,39540.27272727273,5.3534617816205465e-20,4.267849896198781e-05,-0.16367592848475981,61.323186652138176,43.30209136525874,-34.14279443634647,1.253127578956402,0.019627287234682024,0.9384471903125449,0.06613653995345228,682.0,7.542725931205884,0.008824670287044221,0.02311111111111111,0.3818737270875764
OSP_27_08_25_20250827_222400.WAV,0.0002636974858807866,1.4020521255262152e-08,2.5420814264089335,12.576486112635571,10.0,43.29192212400946,-43.687477962710915,-46.23132085113795,2.5438428884270365,0.934789509561803,0.014737401136237005,0.5415465576218548,0.5031906422260046,0.07458078771251864,167.07399530621248,12.504400759472464,301.84354717648114,0.04270647112680045,1.08922335697196,0.063919048209727,0.0696221202654514,0.9690387275143124,0.6533769851483,2.279830096343596,0.1073274603094319,0.139398053858339,0.1288244863107861,0.13751578252786922,0.13068662259965086,1347.509765625,6.632971915429926,0.0033252942852293665,0.022711187454920526,0.1286888677558196,0.6186120123482118,0.3333144912268305,4.890402098133644,6.829049832548482,68985.97115044521,0.9950778294279868,0.7860737963589778,1.2285231873268327,384.05586267093395,0.322092304335176,39932.41818181818,-4.3242976539637607e-19,4.249963912643597e-05,0.17626788007293556,77.1632976826263,43.28385242378243,-34.22436509861813,1.1156082369524398,0.019443826854590212,0.9554260182795229,0.05682699767261443,586.0,7.45818605785594,0.004072924747866563,0.0448,0.09092231597323247
OSP_27_08_25_20250827_222500.WAV,0.00026041107617466965,1.1331232655355471e-08,2.088189257834189,10.047848638145007,9.0,43.056343379081966,-43.9230567076384,-46.21718707029132,2.294130362652915,0.9467531045309829,0.01586683633648145,0.360616157739287,0.202979458388444,0.08396124367234126,144.8454369626227,11.39282974424661,301.9827823774882,0.3053869269397446,1.8793008331798364,0.037438629784460706,0.07035844814704845,1.004377836660023,0.6172687252972837,2.302571755419391,0.0027637321220694844,0.13739372191510682,0.13147204416862385,0.1371260345316725,0.13104765996266124,1351.232421875,6.436386799305417,0.003409776270487829,0.022110662603949675,0.13511798314742968,0.6199950727394861,0.3333213589433346,5.117064033429663,6.904102472573707,71479.82209149493,0.9959105899721216,0.7535695381686155,1.2304085412314643,404.786150712831,0.39126903307147703,39666.98181818182,3.550453281543925e-19,4.019379417204497e-05,-0.08935682775879526,8.703572894514798,43.0415900420664,-34.15996617347921,0.9543928446074901,0.01958852302088882,0.9712590922533914,0.05769976726144298,595.0,6.784694005945998,0.00252133436772692,0.017333333333333333,0.14547570555717196
OSP_27_08_25_20250827_222600.WAV,0.00030295555948858224,1.9185516074457937e-08,1.2200488915317138,4.842129789030927,13.0,44.52406112403062,-42.45533896268975,-46.159432511832634,3.7040935491428826,0.9401996152261419,0.042763395795458625,0.345146253570096,0.265049082397274,0.07925032759011275,163.0720873098067,12.300080657148104,307.36661800012195,0.6571522323879863,4.833492847074082,0.04116749690420092,0.19898280181839956,1.0696511232933557,1.1925350591990747,2.2850235118182427,0.09639928370632536,0.13822616623023953,0.132559862502962,0.13960954501906592,0.13192013535302105,1360.228515625,9.994845910584608,0.003615866853360489,0.022803427744329238,0.14136949866634335,0.6171688437223228,0.33332475705747294,5.283949249462557,6.863308081208965,67820.32010678,0.9960839539384302,0.7338722895761839,1.265488267154472,397.14867617107944,0.40865792600135775,39730.05454545454,-2.5036790822370717e-19,5.7254724090989226e-05,0.3526431331121411,2257.0086138931783,44.57811326156127,-34.1565515854689,3.2417873972877658,0.019596225154761112,0.7509908141089225,0.07117920868890613,734.0,12.088971098635245,0.008242823894491854,0.020606060606060607,0.4000581902822229
OSP_27_08_25_20250827_222700.WAV,0.00027845331089761447,1.6091183818719995e-08,1.6905854591966358,6.85985238699941,14.0,43.7861307293323,-43.193269357388075,-46.210110808629096,3.016841451241021,0.9375518185545901,0.017440312825889204,0.44045102308386685,0.29966717407227406,0.0746038562802539,173.59714781182564,12.82267731635204,303.7482989305642,0.2482629484226522,1.660504754692427,0.04305397388700589,0.07149132834777687,0.8674238171731156,0.8921765388636272,2.2975575940487767,0.050506130398788505,0.13981023502408432,0.12918642586688026,0.13932765751483986,0.1309965161599263,1350.705078125,7.679680790535334,0.0038244199156240908,0.023501341220885423,0.14723029446532493,0.6175655820906037,0.3333217758798649,5.1347838592574195,6.846618272829655,68228.32981100684,0.9957429804255423,0.7018288179291492,1.2442760151307355,404.786150712831,0.35442655295315684,39879.69090909091,-4.334075186282903e-19,4.727508525119756e-05,-0.09409631772142121,275.66606609581845,43.746323206813564,-34.21445864721183,2.462876527478983,0.019466015625,0.8233689536822707,0.0584755624515128,603.0,11.323530519295023,0.010861132660977501,0.02715151515151515,0.4000581902822229
OSP_27_08_25_20250827_222800.WAV,0.00025841536232009874,1.1291040280266387e-08,2.359360073560735,12.073081049522768,10.0,42.99691588760848,-43.98248419911188,-46.235045938064154,2.2525617389522736,0.9451243785768805,0.014955604921581656,0.382155586291657,0.20096485030685396,0.0774455088381717,166.980256483166,12.492340494662116,301.2979355977933,0.25057317795290995,1.6687061914022747,0.03948516789007426,0.06588914412672521,0.9645420654709088,0.6012612473288802,2.3022355389366917,0.013628174676527393,0.13714318042220283,0.12953036842847243,0.13768346480530275,0.13039226160168754,1344.474609375,6.294424863365785,0.0029831990713800795,0.022136757495670102,0.11757111572502425,0.6207364808906148,0.3333190457976223,5.028755370358871,6.893832061090039,71397.26374579353,0.995693150844728,0.7555772072503224,1.2270552001788764,373.14518475414604,0.2822001382019203,39928.50909090909,-3.9534873691292032e-19,3.9576105827938984e-05,-0.08450476513527128,5.2710550096925255,42.97433058676837,-34.19708733705693,0.8370056227667035,0.019504985560792866,0.9807822652966743,0.05663304887509697,584.0,6.311035615862325,0.00126066718386346,0.02311111111111111,0.05455338958393949
OSP_27_08_25_20250827_222900.WAV,0.0002635530270476,1.1417619907477916e-08,2.3112688253167977,12.90723936495772,14.0,43.150393954296064,-43.829006132424304,-46.22206385918705,2.3930577267627484,0.9469450892622567,0.015342193996575326,0.38010809218449104,0.3280578843564187,0.07373050238495071,171.67908456429507,12.746053815733342,302.335893016182,0.3581593865595423,2.116038402866721,0.03666825597122032,0.07759143780124915,0.8926534105709637,0.6738236642450575,2.3022615347207007,0.012882449462172475,0.13647237577991142,0.12925441451277636,0.13757107235988789,0.1306960936742314,1347.607421875,6.8295041669638055,0.0031347362646688003,0.022332078003712445,0.1242843909129486,0.6195285814373869,0.3333184504003808,5.008341576143375,6.905219018810671,71713.02434559548,0.9957513136003514,0.7507136216306479,1.2325724729208334,372.0541169624673,0.2847383861895063,39985.61818181818,1.1880227441538133e-19,4.087303678245881e-05,-0.28768367331184574,36.644655982232024,43.11436906095963,-34.25170599961409,1.3242993540017736,0.019382719016797615,0.9339120406301761,0.05459658650116369,563.0,8.410579996179944,0.0031031807602792862,0.018962962962962963,0.16366016875181846
OSP_27_08_25_20250827_223000.WAV,0.00028821501081291976,1.715536124988178e-08,1.996306588753102,10.207393686031713,14.0,44.08178467479531,-42.89761541192506,-46.1926132616785,3.294997849753443,0.9367942583150113,0.04355008817316319,0.4275070831086154,0.22273119707334377,0.07780888853776458,167.9413578602473,12.553882829098047,305.2833301661204,0.5793171372801703,3.754175121538,0.036805115687437516,0.1381728496591059,0.9686358849760615,1.027074060644191,2.288545669225765,0.08465630519940195,0.13651278569812175,0.1297043393753243,0.13878654227360854,0.13084497896663758,1349.142578125,8.94168240083788,0.003285894614974299,0.02212166441723208,0.13053590643186228,0.6183695523757086,0.3333171725035981,4.967153936259644,6.841723129434818,68309.6906013432,0.995409171041777,0.7434074842792838,1.2515786496074592,387.3290660459703,0.3445198089419067,39850.67272727272,-9.489463087373734e-20,5.169438154341724e-05,-0.668368812706696,1301.2465993689116,44.13443343920125,-34.21088635921075,2.5484378261989526,0.019474023154287628,0.8041285995156552,0.0654577191621412,675.0,11.051136710865478,0.0032971295577967417,0.01813333333333333,0.18184463194646494
OSP_27_08_25_20250827_223100.WAV,0.00028406765126760684,1.4457284299111317e-08,1.6273769126944018,8.503959949530826,16.0,43.85626589066972,-43.12313419605066,-46.20134293423611,3.0782087381854524,0.9459023699043392,0.020525991812897715,0.25873339885467905,0.20541726102655022,0.07668072959485739,169.1804065721103,12.628241134982442,304.701618528665,0.4868372035689815,2.8973986694081177,0.037081545430018896,0.10744002038853342,0.9446450015093962,1.0405595599277113,2.301607320040002,0.02256264620300872,0.13556719361200015,0.1288184873126188,0.13956694465669095,0.13112001897245662,1351.978515625,8.395368307655257,0.0033438575914072352,0.022478425912537753,0.12993206686469447,0.6178764162925997,0.33332182089368734,5.136735055102995,6.898845519465732,70271.78052785841,0.9960105418817177,0.7231730051730956,1.2466383976145923,379.6915915042188,0.31942146130346233,39922.854545454546,4.375077741169627e-19,4.696559306640395e-05,-0.17458964920556297,771.6758937409102,43.71779810838261,-34.20085435097022,3.004765818339891,0.01949652820933949,0.7540458312041021,0.06497284716834756,670.0,12.013061223304733,0.007757951900698216,0.02245614035087719,0.3455048006982834
OSP_27_08_25_20250827_223200.WAV,0.0002782145668630346,4.958228746505377e-08,10.617182648851585,156.10537729825515,11.0,45.10964556738998,-41.869754519330385,-46.18418221920802,4.314427699877633,0.7603124114956783,0.01577218675992431,0.5963325952201899,0.4781794614337065,0.07372876808029216,174.43182345974586,12.877234649393536,303.28621984108463,-0.572248733243064,0.27206335595171205,0.2663537551433677,0.07246509649464519,0.8835302268375459,1.0052871553996932,2.2810692018153165,0.10407513415386926,0.14701936443280642,0.1278496491085989,0.13836144504054737,0.13117873963485596,1352.583984375,7.864274855824185,0.003533089661526525,0.022605048611571456,0.12801398823957322,0.6166669663523697,0.3286969064312391,2.1375994924657187,5.707605699062636,48841.99696786847,0.9343240568317256,0.8183665569112314,1.2401792944766417,365.50771021239456,0.28994747720880615,37723.4,2.545943254197234e-19,0.00015280377576795397,-0.7884549403325322,48.534642693250944,48.841340857509785,-34.09272033225546,3.1497610553507798,0.019740765219023734,0.8791137634447264,0.10735065942591156,1107.0,10.333989616803835,0.053432893716058964,0.08643137254901961,0.6182717486179808
OSP_27_08_25_20250827_223300.WAV,0.00027238426329858966,1.3567427535722355e-08,2.1386451063306358,10.89156708486604,15.0,43.50509624801874,-43.474303838701644,-46.212217663844726,2.7379138251430817,0.9422915937536036,0.014116801099654963,0.19431335479065803,0.1612619769194089,0.07561057454939468,170.87252468192264,12.702924071794028,303.31934385619263,0.2909154047460093,1.8205379349464075,0.04667652010882947,0.08497637552941287,0.857671575637964,0.7804997738258395,2.300896925229276,0.0294489560351888,0.13952736559661202,0.12949937360460803,0.13823726951617774,0.1307741353287751,1348.412109375,7.4104083559287055,0.0033732179226069244,0.022933188813136465,0.1308555862027158,0.618692649792437,0.33331869531507213,5.0166380672979045,6.876130019504492,70212.91212287,0.9956330882864328,0.7500511561251201,1.239574857589675,387.3290660459703,0.30712800649791483,39918.63636363636,1.51036590641714e-19,4.40300997551182e-05,-0.09390335216105292,311.28431288023177,43.4374966940339,-34.20068926568478,2.298114170657975,0.019496898766719933,0.8207403363567155,0.0612878200155159,632.0,10.769275138580683,0.004460822342901474,0.0223030303030303,0.20002909514111145
OSP_27_08_25_20250827_223400.WAV,0.0002589435949851877,1.1255309636882875e-08,2.2455883907119136,11.45982758674612,9.0,43.01011082775523,-43.96928925896516,-46.19634346235861,2.2270542033934504,0.9459585533609273,0.01476931070942078,0.4476045606203116,0.24187063812840737,0.08049205900548595,165.63322448465746,12.412029858807927,301.3756879742869,0.285864797623403,1.8005901310341879,0.03639740785421484,0.06553681337752547,0.911484977880682,0.6018680237776577,2.302584126892318,0.0007232993081986549,0.13621375230336533,0.1295663624174763,0.13825267815788783,0.13071295218698478,1347.78125,6.258898895469612,0.003113899900591601,0.021904440871235407,0.12332535160038798,0.6198746524596109,0.333319673943185,5.051235530610612,6.899080311228481,71458.44412336427,0.9957813135220605,0.7439238049823734,1.2265287700844518,386.23799825429154,0.3053474444767724,39891.38181818181,-2.4132631919740384e-19,3.975073197424853e-05,-0.08533903934807993,5.414669648324211,42.99345130211361,-34.18372455832903,0.9016269925054701,0.01953501603675611,0.9781440862673727,0.059057408844065164,609.0,6.406532049431577,0.0032971295577967417,0.016484848484848484,0.20002909514111145
OSP_27_08_25_20250827_223500.WAV,0.0003139905025996022,3.10856092662649e-08,2.0883708465722934,8.044537876438685,21.0,45.20068386440529,-41.778716222315076,-46.18126526914225,4.4025490468271755,0.9080769964301091,0.04638446119638484,0.3923538033709425,0.2472388421000804,0.07580834031068862,170.5744425196552,12.69354990877806,304.7153680549742,0.2904712424201949,1.8187722888385502,0.04792561277245833,0.0871657764361541,0.8530715766590247,1.3146242845006064,2.1020491770097993,0.3198457962496459,0.13861410144505867,0.1294963741055244,0.1388436448870048,0.13112418624527206,1352.021484375,10.06230992894208,0.0033601478396857727,0.022883387230619244,0.13074902627909796,0.618367053771296,0.3333112457393619,4.810941088575433,6.661951811213706,61189.1888187975,0.9941677025629223,0.6295647205281029,1.2507302740546948,382.9647948792552,0.3161634116477548,39864.34545454545,-1.0548170081500185e-19,7.261008252072006e-05,-0.333179887651011,4541.262780426175,45.60996930329334,-34.18354510387866,2.499897651867954,0.019535419643286502,0.7799006949346124,0.0626454615981381,646.0,11.107205038238881,0.0068851823118696665,0.02227450980392157,0.3091358743089904
OSP_27_08_25_20250827_223600.WAV,0.00027087312606639027,1.925346677766675e-08,2.7153641745319375,12.660621243549544,8.0,43.73941553398495,-43.23998455273542,-46.21736938341762,2.9773848306821975,0.9166597594920511,0.029912761595613957,0.5698055961440128,0.4631341724022857,0.07200879283143491,173.2249713156536,12.823958911538941,302.04322112674186,0.26686739373241575,1.7280194372776607,0.0367648697049526,0.06353040945913871,0.7916112926708823,0.7640038964067386,2.2997273407506094,0.037960926833958374,0.13745837778424339,0.12752970253967588,0.13843395629565378,0.1308768017772282,1349.470703125,7.311420337944385,0.00357400470371448,0.02283833688000894,0.1354731828928225,0.6194890925594112,0.33330585185075196,4.701692926054381,6.715403656939463,64861.110898187595,0.9939927510412642,0.6624371388783129,1.2324844991378483,396.0576083794007,0.3445198089419067,40088.56363636364,-3.3912266934004784e-19,4.689035635677386e-05,-0.14387122797904794,56.63908908751869,43.71083533297441,-34.21434197348748,1.383537888814466,0.019466277105158025,0.944842553772708,0.060221101629169896,621.0,8.283262516600832,0.009794414274631498,0.028350877192982456,0.3455048006982834
OSP_27_08_25_20250827_223700.WAV,0.0002602453716598913,1.188453543103553e-08,2.4524627823226193,13.168001561966308,12.0,43.08189534463161,-43.897504742088756,-46.26767094706753,2.370166204978773,0.9429745164713671,0.020162983213700802,0.6360198954569158,0.5477858622790859,0.07439811412438946,172.47054257084395,12.791004525866649,301.17019336373335,0.2935562094727725,1.8310815762247352,0.039979367514012765,0.07320548328402647,0.8376003702761909,0.6520649566146819,2.298765955004763,0.04366479392645761,0.13817767432838715,0.12793763441505268,0.1359259732596619,0.12969897894239163,1337.326171875,6.657176141104937,0.0030028989065076133,0.02228161681824311,0.11792631547041707,0.6200857377691344,0.33331673622434127,4.953834873103569,6.880327250287766,70908.04618195289,0.9955089520150744,0.7599889829058772,1.2274837341726124,366.5987780040733,0.26096598899233825,40010.23636363636,3.9272036800992515e-19,4.0193712582630604e-05,-0.12423418482852311,25.766447805848397,43.041581226310356,-34.2791980125519,1.0016984104261297,0.01932146708170573,0.9644367055487683,0.05304499612102405,547.0,7.1978941295757135,0.00504266873545384,0.018488888888888888,0.2727669479196974
OSP_27_08_25_20250827_223800.WAV,0.00026151369639233995,1.1490846144439887e-08,2.3332168215754483,12.657285030665626,11.0,43.09649436949135,-43.882905717229036,-46.252094503757505,2.3691887865284684,0.9457013257017057,0.02072514034550421,0.6078695871988222,0.5172420926093901,0.07516358653384081,175.317456621887,12.917242944821217,301.6080686783275,0.36049990216235833,2.1274428366198097,0.03707005937119314,0.0788644322623159,0.8489960438780417,0.6273710161455205,2.3010627645704513,0.02777464448293916,0.138403969870365,0.1294683787807436,0.13652237833291186,0.13006645663611677,1341.115234375,6.785820083970372,0.003114278743574823,0.022640183396830167,0.12201111254243455,0.619498657201271,0.3333182462844447,5.001530791495867,6.897432331172702,71446.66996777356,0.9956961446672714,0.7610298821313971,1.2290253722954612,365.50771021239456,0.275627212443022,40002.32727272727,-4.175952513078714e-19,4.0777482518482966e-05,-0.11167554257102712,29.47344536695935,43.10420410209167,-34.26559056375763,0.9925357686321661,0.01935176011287805,0.9626900053611787,0.05149340574088441,531.0,7.356631174306047,0.0015515903801396431,0.021333333333333333,0.07273785277858598
OSP_27_08_25_20250827_223900.WAV,0.0002699731784026475,1.1628153959722807e-08,2.061511857548429,11.685148769398376,16.0,43.34136936193022,-43.638030724790156,-46.24077697755234,2.602746252762188,0.9494607995614083,0.0186106158380851,0.29158643514994365,0.2360918899859652,0.07493795976642015,170.3426249841581,12.69607766246368,302.17538247987136,0.45824968766889657,2.691737603978811,0.036541147062727874,0.09835917964126449,0.8224341542742485,0.791147900959869,2.300833320134717,0.029329879764388167,0.13811301845925064,0.12885348146859477,0.13713419204787192,0.13048072143826983,1345.38671875,7.567250142583371,0.0031112479997090488,0.022300351242974033,0.12233079231328807,0.6195083658905951,0.33332039620682,5.078398533612628,6.921020062226942,71997.01754675581,0.9959637943937077,0.7527730918868,1.2317264675634232,373.14518475414604,0.2823706175443701,39997.96363636363,2.1249836906935289e-19,4.2147381801087255e-05,-0.3481482116130174,718.2622744436669,43.24770601388827,-34.26532816563857,2.3379861896944263,0.019352344732573537,0.7798511267679115,0.05546935608999224,572.0,11.202931860963105,0.0061093871217998445,0.0224,0.2727669479196974
OSP_27_08_25_20250827_224000.WAV,0.0002576082715802978,1.1407686595008072e-08,2.52019377229893,13.753230413205111,10.0,42.980204389854,-43.999195696866366,-46.233858303937446,2.2346626070710798,0.9437487463233762,0.015794041905280665,0.4781382880952526,0.4358177896094454,0.0746328310436637,173.70859422921126,12.83045609805395,300.7879687298558,0.2506483468195491,1.6689738943144512,0.03933359412742844,0.06564674176823827,0.8413714964973712,0.5942368077798075,2.3024768802544684,0.007449591732049043,0.13898587269259366,0.1279236367526623,0.13588881124141988,0.12964025827999226,1336.720703125,6.278687295081068,0.0029407686572592378,0.021744727808637024,0.11668311636154219,0.6214879946139685,0.333316570806701,4.948876215942778,6.885159779137258,71208.72017524278,0.9955143834336629,0.7547046018849509,1.2239326066325666,369.8719813791097,0.26585306347589954,39930.07272727272,1.8924256101565169e-22,3.948566576987038e-05,-0.10612386943609525,5.225991545374543,42.964394650727314,-34.22793125771102,0.7927084967890892,0.019435845455978856,0.9826088573914998,0.05256012412723041,542.0,6.238654802739126,0.0024243599689681926,0.01904761904761905,0.12729124236252545
OSP_27_08_25_20250827_224100.WAV,0.00027664127651205565,1.2370634713194025e-08,1.8928311165853875,10.128747788811014,18.0,43.56116765197332,-43.41823243474704,-46.242540841375714,2.824308406628674,0.9494363610870713,0.020037629178949246,0.30724846025012453,0.24649067839655014,0.07400259130824971,174.47426086995475,12.87036939054386,303.6494458389776,0.47035786594617546,2.7761346226219064,0.0373127090030085,0.10358510332706801,0.8179459349591149,0.8133468787143139,2.300766652631038,0.030091158037375366,0.13634306404163837,0.12862751920429288,0.13727196343257403,0.13065366326011055,1347.169921875,8.060308711571352,0.0033084357724759966,0.02282944263872766,0.12772982844325897,0.6195000119219198,0.3333217408504076,5.133270702444313,6.920914269256574,71789.20083848333,0.9960557542788376,0.7523033389850711,1.241100364629744,378.60052371254,0.28648106391232664,39988.490909090906,-1.2658224636824703e-19,4.566293199588932e-05,-0.9799102073082694,799.0809716236668,43.59563793898723,-34.26537730955586,2.5280064723386033,0.019352235239202327,0.7811464944673677,0.059542280837858806,614.0,11.38492810738753,0.0075640031031807605,0.034666666666666665,0.21821355833575795
OSP_27_08_25_20250827_224200.WAV,0.0002630555722255715,1.1990108483390991e-08,2.3328510908098816,12.260192664791832,12.0,43.167036451413665,-43.81236363530671,-46.25322752839416,2.440863893087453,0.944135018166284,0.021596293819360013,0.5034444780138069,0.40124978037865344,0.07271522308490974,171.59098750907532,12.746671905589897,302.3668109153451,0.33248989989235717,1.9962093452630598,0.04165419035757141,0.08315048406115048,0.9932959520015191,0.6602940966054578,2.3018764990715535,0.018852688919334604,0.13845246177221734,0.12973933353130027,0.13643264565471772,0.13020151415963532,1342.5078125,6.913357905989599,0.0030388889899136844,0.021916810524861746,0.12066135350994181,0.6205477577662385,0.3333182864220102,5.002862763431881,6.887629043350892,71036.1207789444,0.9956317893271648,0.7730396219161217,1.2337485507589045,369.8719813791097,0.30244929565512557,39915.92727272727,-9.159339953157541e-20,4.1155646485822695e-05,-0.09021496180450278,13.5903271807113,43.1442942811222,-34.28265169229048,1.1285687542664036,0.019313786015366062,0.9614819692044299,0.05236617532971296,540.0,7.817344907258963,0.0035880527540729248,0.019733333333333332,0.18184463194646494
OSP_27_08_25_20250827_224300.WAV,0.00025719181197096045,1.1238473950600628e-08,2.5580853557342675,14.36277409269511,11.0,42.95872941633248,-44.020670670387894,-46.233887107336784,2.2132164369488905,0.9442469840343116,0.016915744813167377,0.5204958893119794,0.32299103681114194,0.07641103856238196,167.35654914828865,12.527527553404415,301.04858996759833,0.28234409512454356,1.7868508938794063,0.03648436931615019,0.06519212792518936,0.9274919431460393,0.5986952790701415,2.3025831044996976,0.0010674601313112931,0.13639155594349076,0.12964534922667917,0.13622417579628687,0.13029243647560856,1343.4453125,6.237094391531448,0.0030296073368247505,0.02195306651174881,0.11991543404461688,0.6202924642686027,0.3333160488077492,4.933543321489917,6.88826408570029,71368.55612699107,0.9955071930813335,0.748218058600881,1.2248863459363721,379.6915915042188,0.2977705848123363,39906.07272727272,1.116951649016824e-19,3.921843455008088e-05,-0.09594892296223241,4.371708802595386,42.93490254302948,-34.20090433912102,0.767934826975555,0.01949641600522128,0.9846832517453667,0.05352986811481769,552.0,6.066559870210247,0.0008727695888285493,0.016,0.05455338958393949
OSP_27_08_25_20250827_224400.WAV,0.00027060897420523177,1.274384525692567e-08,2.099153717824976,11.280317163947645,14.0,43.41572365305914,-43.563676433661236,-46.2420351528298,2.678358719168564,0.9450849567629982,0.0175946439627076,0.30738784276471265,0.2360683317109712,0.07463560242789469,172.07349298473682,12.756751562511518,302.4998937683904,0.3535264410500412,2.0937073486014186,0.04002271860142462,0.08379586004680942,0.8034305387258502,0.8164427182235945,2.3010058075007582,0.028063808883294784,0.1387110852487635,0.12887847729429186,0.13652872306773367,0.13004846159441374,1340.9296875,7.487461933700597,0.0030078238652894965,0.02192650068152965,0.11842359511396702,0.6185431635974745,0.3333191829775135,5.033579249622912,6.893618704832862,70869.44179894477,0.9957581588322576,0.7422719118039167,1.232291568837943,370.9630491707885,0.2683344850160023,39898.01818181818,5.551115123125783e-20,4.310760074740017e-05,0.0031512456295864927,913.0754721130445,43.34553851868938,-34.24177480962703,1.6895028342488345,0.019404893320257015,0.8590108864624313,0.050717610550814585,523.0,9.85982689827073,0.003878975950349108,0.019393939393939394,0.20002909514111145
OSP_27_08_25_20250827_224500.WAV,0.00026951459559889843,1.162011531600388e-08,1.882824683396504,9.749119515343704,15.0,43.32822314554275,-43.651176941177624,-46.217997529072086,2.566820587894462,0.9498712328206576,0.0199816929311587,0.39491251405023287,0.3230800790784285,0.07275055786572382,173.82655955420702,12.851961430704376,302.285761364683,0.4343521115848079,2.53576852483886,0.03688152767219036,0.09352301701911375,0.8447586489692215,0.6936664408656174,2.3011077493007144,0.027151346911840336,0.13875149516697377,0.1294573806174369,0.13807955753632137,0.13065764111143438,1347.2109375,7.474257558098142,0.0032853263504994666,0.022441783876788704,0.1302872666100873,0.620666506506067,0.3333223569257479,5.160575032379636,6.923647390248461,71935.2672553364,0.9960956277107109,0.7500391410347315,1.233339104782715,381.87372708757636,0.31055653549607215,39922.763636363634,1.1803479069570674e-19,4.376227676310912e-05,-1.2981403985409272,850.2794777635744,43.41099908387836,-34.22810724808903,1.8544556477704646,0.019435451657844313,0.8518913530179212,0.05818463925523662,600.0,9.825442632278632,0.004654771140418929,0.019692307692307693,0.23639802153040443
OSP_27_08_25_20250827_224600.WAV,0.0002606174564488632,1.1564639231915565e-08,2.439909567238198,13.452471484469765,11.0,43.07501146602504,-43.90438862069534,-46.25488247191313,2.3504938512177844,0.9446116282390736,0.01910246696851181,0.6365788041849951,0.5308418221102433,0.07691011210078635,169.99559153246852,12.665841712532753,301.7953128153989,0.31218682954451316,1.9077663614314782,0.036928840370640044,0.07045159942577983,0.881278433638627,0.641052575608327,2.3011430859519217,0.026898999514459555,0.14037597387902886,0.12845954725560832,0.1362404908286858,0.13015737895209,1342.052734375,6.646505293283944,0.002989639402094851,0.02202518284972986,0.11813943531765277,0.6169959985801626,0.33331700945652054,4.962134699083957,6.890578683729588,71304.29165775691,0.9955858774427478,0.7516583635524225,1.2299281298523128,368.7809135874309,0.2718198404616429,40018.72727272727,2.8438951530407656e-21,4.028257779722713e-05,-0.12415463853829649,32.972223982894704,43.051172545153875,-34.26896679689069,1.163835441011173,0.019344239483457624,0.9463981125962443,0.05702094647013189,588.0,7.657114066694123,0.0013576415826221876,0.018666666666666665,0.07273785277858598
OSP_27_08_25_20250827_224700.WAV,0.00028013172080012833,1.4283083081935062e-08,1.7453662730297201,8.462718556315776,15.0,43.74556027254936,-43.23383981417101,-46.23184753350696,2.998007719335945,0.944393830937608,0.02748507866353045,0.42877336138063415,0.30762932579839675,0.07547634019148264,173.57224566440166,12.8240288317036,303.43674280785194,0.4529807555943194,2.656178499118322,0.03760301055444418,0.09988030813683396,0.8880750676202601,0.9359378934255046,2.2857928403624515,0.09117397044533071,0.13955161154753826,0.1294893752743292,0.13772243960492242,0.13054436705945105,1346.04296875,8.367985785984208,0.0033677246993502087,0.022976621539621385,0.12907958747575168,0.6225555631272309,0.3333217296628674,5.132788400878109,6.889393406641592,70124.67772840531,0.9959279148195169,0.7297451041603216,1.2407198853702432,370.9630491707885,0.30135065100378233,39970.72727272727,2.1531598053336369e-19,4.6453748272546664e-05,-0.012154887183843168,844.0280498831975,43.6702076221357,-34.255456085997096,2.281485966222668,0.019374352437799627,0.8153304745300219,0.05818463925523662,600.0,10.908283023435244,0.008824670287044221,0.034666666666666665,0.2545824847250509
OSP_27_08_25_20250827_224800.WAV,0.0002788278807447776,1.4665074578687816e-08,1.6527062606649816,7.091968412973802,16.0,43.7292922966906,-43.250107790029766,-46.223588080038304,2.9734802900085384,0.9428474748100089,0.04437141175992243,0.38371060080931585,0.26350697856386873,0.07445647559878565,173.41670991466043,12.835493804407934,304.6031382151766,0.5685788359660264,3.635841184282984,0.03683013568139913,0.1339085241331612,1.314586352378077,0.7582135233562324,2.302352133842121,0.010927432595044983,0.13771700126078942,0.13164901461455936,0.13898594822515106,0.1314327538551062,1355.203125,8.473970235278156,0.003974820579963146,0.02265597621515479,0.15536436863482056,0.6222092072881668,0.33332296115684934,5.188885693169333,6.8797622066947035,69614.6520051703,0.995957605555529,0.7755865915973137,1.251957822939618,381.87372708757636,0.38287766099311416,39824.63636363636,-8.679925465251224e-20,4.665735751788454e-05,-0.13874828591403832,52.475494866677984,43.689201384890495,-34.25160247412056,1.9938021062179558,0.01938295003717596,0.9033729016060839,0.06468192397207137,667.0,9.794826082944402,0.010376260667183864,0.01967816091954023,0.5273494326447483
OSP_27_08_25_20250827_224900.WAV,0.00028942844327444877,1.722519680389373e-08,1.9854002252311942,10.077566967230945,14.0,44.11505631490792,-42.86434377181244,-46.22581030491405,3.3614665331016056,0.9370963478058092,0.04851096515127573,0.5622787291747189,0.2798586194625451,0.07484262614124493,173.375674221006,12.825328945837928,304.75039483127216,0.5801761683357288,3.763902973472406,0.041416850741472735,0.15588900765769206,0.9182224308922485,0.988591682440653,2.2723528020072536,0.12306086136711372,0.13703811463485596,0.12872450300799768,0.13683508312055814,0.13060763383764912,1346.6953125,9.225701149350442,0.003156330314712443,0.022434318490743507,0.12410679104025218,0.6180585456538372,0.3333175821234333,4.979990543963027,6.843620261306499,68366.6458813965,0.995433952933389,0.7563229877861178,1.2495523980646928,369.8719813791097,0.3001194113083115,39967.63636363636,2.864922104264727e-19,5.3179342960029754e-05,-0.31019720446759025,1083.3792980827438,44.25742967245338,-34.21939635217754,2.915965798069333,0.0194549560546875,0.7593872250064347,0.054984484096198605,567.0,12.521593916378206,0.004363847944142746,0.018461538461538463,0.23639802153040443
OSP_27_08_25_20250827_225000.WAV,0.0002792135625042956,1.6635483305155483e-08,1.8417340940136115,8.018921554193804,6.0,43.83081350212293,-43.14858658459744,-46.10232974562863,2.9537431610311913,0.9352853220659463,0.0161708718621143,0.44951381355374,0.3674688611103306,0.07666057984163743,169.90035186296475,12.662679971548563,307.06192015767533,0.27273190593536556,1.7500175194297114,0.03931836254716167,0.06880782329282194,0.9315992532902085,0.9155308615041686,2.301685819356275,0.021118920658408237,0.13861410144505867,0.12899345809249857,0.1426278260128689,0.1330884871132771,1372.275390625,7.425049566256936,0.003683111482882359,0.022235301729742214,0.14836693365058196,0.6166797841127345,0.3333194958377836,5.044758146436088,6.832371561252851,67845.9619438018,0.9955301489924042,0.6881924650721282,1.2584244207714839,410.24148967122494,0.4713374975754049,39905.05454545454,3.0297734018605834e-19,4.7735477526054157e-05,-0.2732192031644454,102.0664199231176,43.78841271425756,-34.07579251012723,2.7589417685156192,0.019779275264162007,0.8667666903733723,0.08698603568657874,897.0,10.408675999909887,0.012218774243599689,0.018666666666666665,0.6546406750072739
OSP_27_08_25_20250827_225100.WAV,0.0002927724907856335,1.9579550012811604e-08,1.5081886040625498,6.3056650843795925,15.0,44.29618879111523,-42.68321129560515,-46.053062818482225,3.3698515228770773,0.9336371750096776,0.015918204096269095,0.15510467336847722,0.1381629400044101,0.07490450925009884,168.99763700471254,12.605914239805411,309.0960137751975,0.29394799814856976,1.8326525450753506,0.03872333350032771,0.07096641569317716,0.8420140736639123,1.1251069826678588,2.3024193760463065,0.009153888775305319,0.1387676591342579,0.13034223284711455,0.14418047326283426,0.1336018193555426,1377.568359375,8.154719217074033,0.004485500921346136,0.023061669343717478,0.17699603312924345,0.6122185096513607,0.3333209838334629,5.101641351682905,6.82215357860241,66566.02280507909,0.9956560326341459,0.6535203010791122,1.273177447386281,423.3343031713704,0.5162682753855106,39824.836363636365,2.954286646966562e-19,5.280782863960177e-05,0.4860559669038254,428.38830382709983,44.22698310468492,-34.06237130689967,4.210659616941268,0.019809861292983545,0.7416291634232979,0.09008921644685802,929.0,12.77507787211788,0.019879751745539177,0.021437908496732026,0.9274076229269712
OSP_27_08_25_20250827_225200.WAV,0.0002984651368910003,1.9237501499183396e-08,1.5729144023015529,7.0427645268371135,17.0,44.41914368789512,-42.56025639882524,-46.10143544516922,3.5411790463439843,0.9365341643065325,0.01933907230336951,0.36111205814684033,0.22388437108140968,0.07273087174135451,173.84934563550343,12.840859297847492,308.85776278345645,0.4574873324194145,2.6865498623641213,0.03965711723105736,0.10654082283885498,0.9398152464590609,1.1385797130056883,2.29743405279041,0.05022844937817208,0.13905861054537225,0.12853853406481117,0.14373543543461886,0.1329642266147803,1370.994140625,8.833369702303026,0.003909470165357385,0.022683584767271815,0.1557195683802134,0.6167283110023105,0.3333209840921356,5.101651824795812,6.840248888548782,67458.19499667102,0.9957019311871853,0.6823638207865936,1.2715007146377644,430.9717777131219,0.4931020269614974,39902.472727272725,-1.1932794819598036e-19,5.438747401821916e-05,-0.5739491113526919,508.0498633931406,44.35498888831287,-34.079236202603376,3.926856534538466,0.0197714349342115,0.7440914239661874,0.08427075252133437,869.0,12.596632504888278,0.010182311869666408,0.018666666666666665,0.5455338958393948
OSP_27_08_25_20250827_225300.WAV,0.00034427228704572954,3.168729098817353e-08,1.0409916799141894,4.077026405900367,13.0,45.83910835634039,-41.140291730379985,-45.86098640889303,4.720694678513041,0.9286125981637168,0.016378968391102755,0.2120410355199419,0.15237779342692215,0.07357948670990211,169.424444227137,12.603505924815662,318.21514054221745,0.5973002103929249,3.9664788798411172,0.04112506381624215,0.16312169705924262,1.103832281777826,1.8567302824956262,2.298533088220471,0.044863122933450225,0.14353602948307628,0.13521341935896705,0.1545260165851368,0.1382632928425953,1425.6328125,10.54897219424478,0.005704238798370672,0.023173720522340957,0.22864207610935985,0.6100932598420655,0.33332350543703826,5.215836683340441,6.790872470987534,63419.26164541105,0.9957811431538539,0.6267364454834435,1.333477595347355,535.7142857142858,0.9074994241586655,39548.41818181818,-5.008619781547581e-20,7.798829544043789e-05,-0.46033701695568174,1134.2843446577594,45.92029428240999,-33.84124155810077,6.055737436148899,0.020320665272799406,0.7044401817962795,0.13537626066718386,1396.0,13.686873421370844,0.03277734678044996,0.01877777777777778,1.7457084666860636
OSP_27_08_25_20250827_225400.WAV,0.0003556028430268827,4.1889549637295114e-08,1.1312893918695317,3.7921204591894013,13.0,46.33404855569992,-40.64535153102045,-45.6446811247454,4.999329593724944,0.9144506390474084,0.02089205748944134,0.358041065366248,0.2373086974962917,0.07384334810260196,156.67227900137178,11.971471282903487,324.5309881449017,0.4125484946135363,2.4045363432752973,0.04481617784033994,0.10776212838378642,1.172464433808782,2.203057950678935,2.297667911731194,0.049459703508568965,0.14700320046552226,0.13748903933043183,0.16364883886820808,0.14259157392590438,1470.26171875,10.248078288479967,0.007251812384831733,0.023058034353104252,0.29186763078928224,0.607244060733373,0.33332149790483445,5.12290041045525,6.7022844222460165,59389.30012864165,0.9953008633389661,0.5661781731334508,1.3703126290112717,642.6389292988072,1.1895669673164582,39290.6,-1.0281127800955877e-19,8.471171381526542e-05,-0.08292732138842225,435.48510059993913,46.27943468106233,-33.56827512879852,6.613391325918805,0.020969411560983368,0.735636096036511,0.1795965865011637,1852.0,13.225881019336825,0.05595422808378588,0.020113289760348582,2.782222868780914
OSP_27_08_25_20250827_225500.WAV,0.00033485736935128565,3.541582427410857e-08,1.3288646840324931,4.3401203707591804,12.0,45.76135296678764,-41.218047119932734,-45.779875060376824,4.56182794044409,0.9152114290439526,0.01925221182491832,0.1746901073966003,0.1441209425916995,0.07299040619619712,166.75159607059163,12.469378317224843,320.55871143059153,0.3235998474337721,1.9568296110107333,0.04450814664851986,0.08709485929303179,1.0433753141118065,1.7689971534123474,2.30013305062072,0.03480699994785219,0.1483124818155368,0.1332127534701705,0.15815248573114457,0.14025373387644263,1446.15625,9.602383093433605,0.0062700407938124335,0.02334791253691689,0.24892398157129,0.607725448636734,0.3333208257992889,5.095283541498536,6.706971995246434,60574.735443940874,0.9951845731420041,0.5808823934977118,1.3442188753597755,533.5321501309281,0.9757479875860731,39468.490909090906,3.4768063848820006e-19,7.631067974458677e-05,-0.22098047231968654,532.3435023662353,45.825853220907945,-33.750329802280056,6.28684839496907,0.020534470558166505,0.7240054972396859,0.15457719162141195,1594.0,13.437224983076245,0.04683863460046548,0.020125,2.3276112889147513
OSP_27_08_25_20250827_225600.WAV,0.0003528712765128105,7.69797614154986e-08,8.186191579195347,111.53618480982949,19.0,47.11480492238249,-39.864595164337885,-45.951233883927756,6.086638719589871,0.7921783622566807,0.015665262073900732,0.20740775807053646,0.11433852164085578,0.07411110799640441,166.8883862635906,12.488619152309804,315.7859771871123,-0.3802450146009302,0.44901809377537166,0.3475030777431565,0.1560351695493069,0.9954688338461598,2.3554958570481874,2.085631685715639,0.3304674923806262,0.15634597355574953,0.1327948232645148,0.1462479504240549,0.1357784617156435,1400.01171875,11.06847499982614,0.005481668545727864,0.023627751550903988,0.2039556938045587,0.6140464425087174,0.3305587025983827,2.3943126602281417,5.916776874075753,48334.73651499424,0.9529062041388631,0.7400557733139558,1.3223426977550257,453.8842013383765,0.6477267905634759,37188.10909090909,8.495939642041562e-20,0.0002416239411311136,-0.46963379506510694,160.58941390555083,50.83139963831552,-33.85087255850496,6.838709499277254,0.020298146005110308,0.6966242502477874,0.15312257564003104,1579.0,14.150789671252769,0.07835531419705198,0.05454852320675105,1.4365725923770731
OSP_27_08_25_20250827_225700.WAV,0.0003622894118636633,4.075476595154095e-08,1.0551888792914055,3.697510663950023,13.0,46.42759585118185,-40.551804235538526,-45.85007728896944,5.298273053430911,0.9195290000915458,0.030625907644133976,0.4125068528643876,0.1675999610270521,0.07146242143925263,166.6396661623468,12.47375809822449,321.5982415188707,0.5953693398427083,3.942779173537028,0.0444909543070856,0.17541800805276464,1.184160993845398,2.3421002419937014,2.287345284920099,0.0872499921981202,0.14832056379917888,0.1351454307130709,0.15515867728593996,0.13919221583745514,1435.2109375,11.215982360446846,0.006635624272621472,0.023324866695959443,0.26174669237997095,0.6090356325435764,0.33332274290430225,5.1784737988254586,6.734070353291111,60575.37242202303,0.9955105382780441,0.6094338949560376,1.3593177013764515,555.3535059645039,0.9410459703229561,39387.21818181818,2.674207656663398e-19,8.875688453081243e-05,-0.8076803294497873,1118.4972574679168,46.48202049589456,-33.85070731993865,6.599008459644423,0.020298532156510788,0.6935568090744118,0.1400310318076028,1444.0,14.222292934777307,0.03966252909231963,0.02117799352750809,1.872999709048589
OSP_27_08_25_20250827_225800.WAV,0.00031236811181202127,2.4509502032104024e-08,1.1876081786595236,4.126767235825871,11.0,44.938663695483704,-42.04073639123666,-45.881140205181325,3.8404038139446612,0.9303776492518399,0.014524233020753563,0.2140091187905745,0.1482359951986827,0.07226675188995557,166.9622325387205,12.495690032452279,315.73717603339185,0.3151264267925025,1.9202470035941306,0.04251442004934348,0.08163818770929404,1.0877412249955685,1.3226163689726476,2.3018152326224026,0.019905222499369123,0.14841754760288364,0.13403761571817507,0.1541290174634294,0.13856466243574825,1428.740234375,8.77968270587786,0.005456475487343614,0.023000773297162838,0.21883856313651792,0.6087874941529778,0.33332377152738873,5.229560826867287,6.8018945605825465,64780.22591543172,0.9958031296583467,0.629751496376177,1.3119111709630982,502.982251963922,0.8469792575889825,39479.61818181818,-2.929054305497809e-20,6.253134294479449e-05,-0.3239868340900488,210.0134761796374,44.96097755839646,-33.837811068050065,4.946912398119299,0.02032869249979655,0.7795758480469458,0.13363072148952676,1378.0,12.264339169793288,0.02938324282389449,0.0202,1.4547570555717195
OSP_27_08_25_20250827_225900.WAV,0.0003389494771996235,3.8733446565760354e-08,1.3620471618046757,4.624390493931476,15.0,45.93658280738903,-41.042817279331345,-45.881758733097314,4.838941453765969,0.9106827186665788,0.023069841940927094,0.17279479772284267,0.13604971482090866,0.07443672412331814,167.11689442653707,12.50602602311027,319.05123836299214,0.3337605039289028,2.001923500174135,0.04264179695935756,0.08536561542259188,1.0419794353037308,1.9763992027662607,2.2880920646901988,0.08607962233784186,0.1450716063750687,0.13350670438036846,0.15307669787369807,0.13865141747890602,1429.634765625,9.997777328180339,0.005592669539811851,0.023201471619703373,0.22423759926648884,0.6126975225545643,0.3333189607546332,5.0257880675247835,6.6786082098485835,59264.861106487835,0.9949620203847003,0.564056835610619,1.33811177878021,484.4340995053826,0.8763964152361556,39562.69090909091,-1.819462089409371e-19,7.827119044780414e-05,-0.11014942478925285,749.9540729189854,45.936019391729005,-33.86384669875908,6.519804471715972,0.020267849234378698,0.6931015344529644,0.13285492629945694,1370.0,14.346996099601858,0.029189294026377037,0.019818930041152264,1.4729415187663661
OSP_27_08_25_20250827_230000.WAV,0.00034467545094814787,3.760934763611144e-08,1.344853409509552,4.942769762264363,14.0,46.01475913204638,-40.964640954673996,-45.83530111367219,4.8706601589981915,0.9153930392721977,0.0185284792377981,0.29118994760055583,0.17464037514940123,0.07505582259851795,165.57399391531268,12.430033104427494,320.27779663228273,0.3353783563734118,2.0092309198460025,0.05686538975094915,0.114255699356701,1.0889184174047368,2.0118920246761456,2.2944100661410904,0.06410704372308995,0.14705169236737464,0.13398262490164142,0.15501818672917142,0.13901794806517312,1433.4140625,10.194872416883356,0.005464620611482883,0.023043918438854245,0.2199396823472357,0.6058738354423779,0.3333192396425211,5.035585516087936,6.708061017820055,60447.061662929504,0.9950983386822859,0.604632452856093,1.3410939812784815,482.251963922025,0.8803932087091456,39590.41818181818,-1.4956470405603671e-19,7.943858428020722e-05,-0.4991902245639356,658.2683850307501,46.00031495749502,-33.815271959292765,6.696177051266446,0.020381512144840123,0.6914364845407305,0.14361908456167571,1481.0,14.241809903226239,0.035104732350659425,0.019115511551155116,1.836630782659296
OSP_27_08_25_20250827_230100.WAV,0.00036179870997775604,5.139415087596329e-08,1.6229404727962535,5.665016646701176,31.0,46.679786691875805,-40.29961339484457,-46.06786899069981,5.768255595855237,0.8970082569518711,0.0517035161555125,0.30406405134728987,0.18817576127982283,0.0730908084301698,174.11229069858157,12.837303631171324,312.22906439982165,0.5699369270321615,3.6504806520544166,0.04296138001764225,0.15682968653996027,0.8789432896903445,2.123168381350779,1.7981921067488555,0.4986886840181691,0.1395354475802541,0.13025024820854916,0.14657515746272243,0.1344894484652313,1386.720703125,11.94146689744043,0.004412763068567549,0.023225013678606334,0.17404787524248302,0.6151445661907741,0.3333133226023334,4.860314794817818,6.59288737541584,56231.21438477986,0.9941375008804463,0.5626994747784682,1.2976242862107603,429.88070992144316,0.5596268548152459,39838.69090909091,-2.5771682767648166e-19,9.250987017724923e-05,-0.7749535524233256,2725.667936139362,46.661880714939834,-34.079276006767614,4.895432207406181,0.019771344329371596,0.6868348356740366,0.09222265321955003,951.0,13.69781808434919,0.0126066718386346,0.019809523809523808,0.6364562118126273
OSP_27_08_25_20250827_230200.WAV,0.00041875223639002083,6.790395060651306e-08,1.1807686384020375,4.1866723483704416,16.0,47.93276005386326,-39.046640032857105,-45.47454354514749,6.427903512290385,0.9041713412680326,0.04335746207530555,0.3955976295615088,0.24433473467801436,0.07378089839566859,157.4892766785509,12.007285960821083,330.288168353827,0.7150287768235152,6.018252501802207,0.04629496393758399,0.2786147825382078,1.2505640995362306,3.049021004415189,2.20885214576949,0.2201221111194041,0.148336727766463,0.13802994899851725,0.16886149171966786,0.1461490989598487,1506.943359375,12.577503401356598,0.008840869277955582,0.02482197552635109,0.34063655583171676,0.6029217901889858,0.3333186724568727,5.015857894385242,6.637926087356774,55950.64343036731,0.9948382326958317,0.579956394650711,1.4174270097399244,647.0032004655222,1.3296062760643972,39285.69090909091,4.911685536405119e-19,0.00012710631437176905,-0.5309470048697459,1191.223139627178,48.04167125917495,-33.42118527413626,7.569563444093088,0.02132753858277292,0.7276033255375479,0.19840961986035688,2046.0,13.952434704397144,0.06060899922420481,0.020080321285140562,3.0186208903113183
OSP_27_08_25_20250827_230300.WAV,0.0002597857182890576,1.151155857329138e-08,2.2571889671448857,11.293679550595984,10.0,43.04838039475531,-43.93101969196505,-46.21402251342615,2.2830028214611033,0.9450881948251915,0.01451504309493834,0.37926797495898323,0.347621673462302,0.07739966767836914,167.75230011358505,12.566606494044628,302.3541728976636,0.2539710525999041,1.6808611206977715,0.038542278681988784,0.0647842177396535,0.854732175205439,0.6212941040035838,2.302562192881174,0.0034866800113293904,0.1366178514854686,0.12804061721692478,0.1394391435695659,0.13103212740034914,1351.072265625,6.364793239949029,0.0031317055208030255,0.022422949324591976,0.12318327170223084,0.6173462994562219,0.3333196493305752,5.050335400310129,6.893631838906689,71252.39101744468,0.995743548215272,0.7446788277292485,1.2298741068405454,387.3290660459703,0.3027144857433809,39975.545454545456,-3.548718558067948e-19,4.0030875105684865e-05,-0.09968341961842368,7.560109171746743,43.023950842199156,-34.21093784621366,0.9691681114020341,0.019473907719236433,0.9753627128742388,0.06109387121799845,630.0,6.630871723887534,0.0030062063615205587,0.01837037037037037,0.16366016875181846
OSP_27_08_25_20250827_230400.WAV,0.0003038529697658189,2.2639232690219636e-08,2.5763196576635794,15.550991269383674,13.0,44.6777886176558,-42.301611469064575,-46.207382271555424,3.9057708024908493,0.9238390058622625,0.06873536186045759,0.568500275300366,0.24504290395210326,0.07745247063481842,169.58259400150402,12.610208408684056,306.2708065196702,0.6690117002470028,5.0425096642162766,0.04042171784509903,0.20382690287813537,1.0527001004792764,1.1748727509809491,2.1445917151677274,0.2841756264748012,0.13819383829567128,0.13112210260886434,0.13778316778107402,0.13082452144554357,1348.931640625,10.29215608740409,0.0036026073489477256,0.022554643474497017,0.14154709853903977,0.62151769203138,0.33329989831800194,4.603647277623462,6.760259929958458,65673.14232216628,0.9941385034210978,0.7408692326251068,1.2622409918714457,408.05935408786735,0.37262995829696444,39689.145454545454,-1.09739658437854e-19,6.047892782420343e-05,-0.9796585780062788,2129.013579900537,44.81604083350302,-34.210575742214886,3.875489071345406,0.019474719579292067,0.6867621277533311,0.061966640806827,639.0,13.758748918417162,0.005333591931730023,0.019555555555555555,0.2727669479196974
OSP_27_08_25_20250827_230500.WAV,0.0002567362910762879,1.1462492648792647e-08,2.6061775973125036,14.53475273239502,12.0,42.95816333199148,-44.02123675472889,-46.26555981450877,2.2443230597798802,0.9428276187897562,0.017517062593858546,0.47005713594189236,0.4171535484807297,0.0775741098809809,168.8400740036855,12.60262611147186,300.8820507276209,0.2502718533847078,1.6676336069669524,0.03807942084965752,0.06350252194272694,0.9297626481504397,0.6004549801258187,2.3025574684988515,0.003891325026980219,0.13544596385736915,0.12784864927557096,0.13669731173585598,0.12969386456211812,1337.2734375,6.266441526939003,0.002797187166618175,0.021770657928573862,0.10922392170829293,0.6193596101073116,0.3333152357257473,4.910559258663012,6.87936195146543,71076.03284417427,0.9954126707204465,0.7484369571150973,1.2242796851572981,356.77916787896424,0.2558894930171661,39952.03636363636,-1.5014294521469566e-19,3.922872217452877e-05,-0.09180368741274207,14.580232966110747,42.93604161772429,-34.26036771132907,0.9106213634396667,0.0193634033203125,0.9690488286469138,0.05333591931730023,550.0,6.798771916935676,0.0008727695888285493,0.024,0.03636892638929299
OSP_27_08_25_20250827_230600.WAV,0.0002641085746197115,1.3850172907563416e-08,2.863308888777408,16.665217846581356,9.0,43.29434491722474,-43.68505516949563,-46.257282335714294,2.572227166218667,0.9345362380866143,0.020417223626847614,0.6799744891298338,0.6038679258307251,0.07647973212420633,173.93188097719758,12.848115195810538,301.81408136060134,0.17549624868563107,1.4257015165931426,0.05259798719387468,0.07498903011205382,0.8197104705844801,0.6468263159954497,2.286112626526515,0.09051236740547211,0.1414347137361394,0.12853253506664386,0.13836144504054737,0.13093874260498498,1350.109375,6.843759148771236,0.0039592880176510525,0.02395426494629236,0.1462712551527643,0.6224320226010619,0.33330775718928146,4.737619112624355,6.827304490272145,69264.17925054922,0.9947539962961836,0.7759994034334485,1.2309527004736334,386.23799825429154,0.3320179904955872,39961.21818181818,9.48105230688415e-20,4.2445141123134836e-05,-0.11822431852611379,23.161220928491826,43.27827981878275,-34.279098640895036,1.0833061531738295,0.019321688131852584,0.9682998947737224,0.060221101629169896,621.0,7.206073880352686,0.01386733902249806,0.04486274509803922,0.3091358743089904
OSP_27_08_25_20250827_230700.WAV,0.0009780274310069897,8.103600089966546e-07,1.6954236674669447,8.444618194374558,19.0,56.544213664097484,-30.435186422622888,-45.35693718316384,14.921750760540956,0.8394808546247636,0.07316215584317198,0.2889781062293665,0.09833126922299495,0.08164331496632249,115.52017463770963,9.934899384400753,397.4100075281284,0.8954437152775485,18.128453208805922,0.29538831215959727,5.354933195413417,4.253596914231572,32.67254251666271,2.1887583779084663,0.24339784598228,0.1839136197588336,0.1938736231049415,0.18658505524904442,0.16147310820967897,1664.94921875,22.17602581494312,0.024728407465328294,0.02549303542200535,0.8815702480904462,0.6234399447588629,0.33324383099130717,4.11131673823382,6.231925577389659,36178.13491860096,0.9900343183631193,0.4515035041698856,2.341712196436386,843.3954029677044,2.6400620393269323,35492.181818181816,-1.099078740476457e-19,0.0009207160164447195,-0.19551651252328944,433.44433961137446,56.64125698047825,-33.29607415040511,15.45770171268072,0.021636962890625,0.6586010788806452,0.23613266097750193,2435.0,21.634920140505418,0.14478277734678044,0.027363115693012603,5.2916787896421305
OSP_27_08_25_20250827_230800.WAV,0.0010197134660375284,8.358471030218331e-07,1.4816358083913144,6.994428761049442,21.0,56.80364701408816,-30.17575307263221,-45.23420836510833,15.058455292476118,0.8484354174505667,0.06271598680300472,0.2824066850627309,0.09934585956673814,0.07856715874845532,113.7734433771719,9.798896413192182,390.83238246894206,0.8318723343211464,10.895722169962601,0.5154226316947704,5.615901795057178,3.729106611230468,31.281621819398744,2.1900674307625367,0.254565230753796,0.19485662561018977,0.1980299290018567,0.1909248538671612,0.163648235197847,1687.376953125,22.17529964122332,0.026936493793036562,0.02687432359062394,0.9124726259396219,0.6254586160875197,0.33326852780165206,4.272753652064849,6.288401749977292,37238.49406269743,0.9912383201251319,0.46599728246984223,2.2840284505353035,787.7509455920862,2.573328847832412,34757.89090909091,1.8549976369778658e-19,0.0009808722131334849,0.09531510685925966,411.42125239977645,56.91612431696075,-33.16072683623474,14.932539992321864,0.021976759633150968,0.6649969657621275,0.2527152831652444,2606.0,20.806792847264965,0.15913498836307213,0.029667796610169488,5.364416642420716
OSP_27_08_25_20250827_230900.WAV,0.0011956301845467635,1.2667376826568044e-06,1.4531263974940225,6.501615994311989,18.0,58.37973223718414,-28.59966784953623,-44.78163216838877,16.181964318852536,0.8413195780412862,0.06422133028885868,0.2331005705337219,0.08860670355782163,0.07977320711489866,105.28494037637192,9.328672434616252,415.7365323606532,0.913078750694012,22.009333344478478,0.3958838235413224,8.713139038007661,6.033456074076615,49.72957237584379,2.2300226210936516,0.20982827523443975,0.19984320951734394,0.22295076722187396,0.21275436721693644,0.17646184141935797,1819.498046875,22.939178612937397,0.033357882358646104,0.02599057339686916,1.1737930786251212,0.6218983281307308,0.33326950608429645,4.280359034617955,6.2439311384683025,34548.926557233586,0.9910778899813872,0.43766574230787353,2.687000449136648,953.5932499272621,3.5288845044127632,34581.72727272727,5.847595135383637e-20,0.0013818523982930882,-0.13030414610772914,273.5366219126071,58.404616566197646,-32.728649246618204,16.71608450488428,0.023097636251738576,0.6983979906471047,0.29819627618308764,3075.0,21.91197696090905,0.18754848719937936,0.02750577777777778,6.819173697992436
OSP_27_08_25_20250827_231000.WAV,0.0010347335745452039,9.880517144143157e-07,2.0026140919158664,10.718290211577154,19.0,57.208083680889516,-29.77131640583087,-45.09049128430793,15.31917487847706,0.82558092718359,0.07594458788195102,0.28324247836285743,0.11787498485833825,0.0861859609393929,96.82959586529267,8.92565849176198,400.2501816353465,0.8879000185459668,16.841216154171317,0.4058060060292551,6.8342666641996335,4.7368761928302145,37.88021987774731,2.203753088775297,0.23676106499446944,0.19953609413894546,0.21101676020104643,0.1955492591615705,0.16703812221171566,1722.330078125,22.300984848845715,0.028105224396275823,0.026185769415080547,0.9866383327776431,0.6252069664246881,0.3331971715614726,3.9015272957387737,6.14416721034109,34328.34172548818,0.9879902587946982,0.4298008849290312,2.400646019731214,881.582775676462,2.945636789593638,34796.87272727273,4.817800199190132e-19,0.0010525208841593331,0.04800704606859533,363.55682264664347,57.22230721880794,-33.04098953069424,15.621485647107953,0.022281812916379987,0.6761227054344554,0.26735841737781224,2757.0,21.268723794489446,0.16698991466252908,0.02654335260115607,6.291824265347687
OSP_27_08_25_20250827_231100.WAV,0.0010178874863030823,8.122350597466532e-07,1.3490263297306184,5.765953404993183,23.0,56.73989480906663,-30.23950527765375,-45.21558936882849,14.97608409117474,0.8521774642341619,0.06248035001263774,0.2102405297944998,0.08782920251538906,0.0797433490077839,120.70992856177197,10.163714555623281,400.75357145970315,0.9047604560077073,19.99968055455886,0.27878947178049945,5.575700377584191,4.475081269975442,34.12900732189319,2.207375198287028,0.21540099653740102,0.17819965732389356,0.198666822640619,0.19296967126116105,0.16415474826641452,1692.599609375,22.17466022875833,0.026927969825914076,0.025948746896642512,0.9531074768125606,0.6249034898392503,0.3332857281429465,4.426978236131633,6.312152977843318,37915.36640436457,0.9920349183143446,0.45102485579421653,2.371677270112554,901.2219959266803,2.831301977257298,36100.181818181816,-1.6186547052205408e-19,0.0009400357083927029,0.146459546311433,429.9521598690253,56.73144351113912,-33.28383189998643,15.538738331189347,0.02166748046875,0.6654054608941801,0.24321179208688906,2508.0,21.59050150937982,0.14342513576415827,0.0272,5.273494326447484
OSP_27_08_25_20250827_231200.WAV,0.0009981349527192088,7.536575198369891e-07,1.2368933280168855,5.002873356154964,21.0,56.50230870480259,-30.477091381917777,-45.51071524096404,15.033623859046262,0.8569665773852246,0.061696515368396154,0.22184744160396597,0.08779291818750323,0.07109273072502809,143.3606383270189,11.282798232170881,397.85077787762566,0.9390704252637495,31.8247818675498,0.16463714355200434,5.239541180839021,4.0926642498820245,33.941131603173325,2.1735125137440594,0.236376099270953,0.1693418032521902,0.18250352191184072,0.18059471918656878,0.15654947537823682,1614.181640625,22.651372912957832,0.02245440245853942,0.025783963172751112,0.8072269413797284,0.6246775875701688,0.3332955007255603,4.541863449516059,6.34233052590332,38766.19458826987,0.9926279474896385,0.44990059507565255,2.32750610553177,763.7474541751527,2.3058657016778197,37129.81818181818,-1.76573822903215e-19,0.000883168640346153,-0.14762929275752823,482.5432917203154,56.46043639680396,-33.58422146231818,15.397457809079981,0.020930949355616714,0.6412987342602061,0.19840961986035688,2046.0,22.3222833956836,0.1089022498060512,0.025595441595441595,4.25516438754728
OSP_27_08_25_20250827_231300.WAV,0.0008427297396137877,5.42861084030438e-07,1.458379521209289,6.564944235464112,19.0,55.05179929462463,-31.927600792095756,-45.6383406322879,13.710739840192144,0.8519311967406147,0.07419111001286416,0.27178868072818363,0.0891728123515515,0.07240660762000861,144.34116814999808,11.3656567639577,378.8512454785883,0.9074254159562297,20.604201851497148,0.1879795474157721,3.8731685389076476,3.1993414970166656,22.02476950684304,2.138090128785347,0.26703816374688716,0.16718391361975882,0.17376198174904794,0.17466239212817816,0.15236344983512753,1571.01953125,21.49479360189709,0.019757798103966637,0.025501769646040867,0.7019457368452959,0.6207848470983615,0.3332777490473194,4.349498866817295,6.310421203751711,38733.891608734986,0.9916521468397839,0.4559494198230828,2.06955715986975,785.5688100087285,2.091857300455824,37433.01818181818,3.1597199604246644e-19,0.0006514063765339181,-0.1946918550205516,562.5314398110856,55.13852005502941,-33.724821104756316,14.239803693153767,0.020594864775917748,0.630108399788332,0.17969356089992242,1853.0,21.559743951538053,0.09755624515128006,0.026430213464696223,3.6914460285132384
OSP_27_08_25_20250827_231400.WAV,0.0009537380403692975,7.440909789820609e-07,1.335433384131327,5.203422339794697,20.0,56.25668594425954,-30.722714142460823,-45.52892231128255,14.806208168821726,0.848330595966776,0.07567708945981189,0.25874539199736035,0.10224936089048131,0.0767836808378165,140.33954307866318,11.12522699634841,391.8436743960802,0.860359656515346,13.322508453438392,0.38691376145842804,5.154661857781553,3.6323517850460143,30.678570436406662,2.1570751776367763,0.25551387830242084,0.18059192448194483,0.1820216023924005,0.1785054886488162,0.15617176892396473,1610.287109375,22.45632565116388,0.022114580302589466,0.02557292635535468,0.7847072775218236,0.6231236396693283,0.3332923011125353,4.501270319052895,6.288203062560259,36878.60029260013,0.9921243464706718,0.44474541809712537,2.2575349968153398,775.7491998836194,2.212291484822035,36471.6,9.281296270256517e-20,0.0008596120659275823,0.11914011788717747,508.1597028935879,56.34302502828004,-33.580873377660495,15.08986700191371,0.020939019006671326,0.6386089013624925,0.20219162141194724,2085.0,21.92667940377114,0.11927851047323507,0.028898678414096914,4.127873145184754
OSP_27_08_25_20250827_231500.WAV,0.0007298503240016797,3.5366783998085945e-07,1.1337253910347285,3.8069153921498278,21.0,53.548148930547,-33.43125115617338,-45.75289869295898,12.321647536785598,0.8668957776691569,0.05755332689960613,0.17778137733426935,0.0764637770953247,0.074007682981173,149.2265518718646,11.571502651459726,365.8228366536207,0.8337302985979411,11.028649736753744,0.20762180733827146,2.289788190845564,2.773180231134782,15.641097804325026,2.1166609345457514,0.2880991500976732,0.1642663175249733,0.16605726843617116,0.16612963018353508,0.14751520675734653,1521.029296875,20.004182635587696,0.015648677686451364,0.024963695173435455,0.5715519103115907,0.620869021909133,0.33331129554074307,4.812069722366544,6.404753974082775,42468.59676512267,0.9935755860648744,0.486805748169567,1.8496187541672955,719.0136747163224,1.755766747890602,37677.74545454545,1.3644388649228485e-19,0.00045954749017732726,-0.6172864884259067,905.7904284275584,53.623303985430866,-33.77627114310479,12.620673045473648,0.020473233650669907,0.6084702610745293,0.16611714507370054,1713.0,20.214572209915225,0.083688906128782,0.02571322160148976,3.2550189118417228
OSP_27_08_25_20250827_231600.WAV,0.000763597229071207,3.835218196898036e-07,1.1061010539458622,3.822678222832235,25.0,53.924579052393334,-33.05482103432703,-45.82144639746875,12.76662536314172,0.8684272961185621,0.06350415445004876,0.19601687027529036,0.07794394680330685,0.07389800452214101,153.04272523366308,11.774748275705123,370.7234402512644,0.9222297858074957,24.716786571391054,0.11383995216423773,2.8137578009408313,2.6087353642172637,18.634256907520225,2.1621710524461046,0.25944279125336356,0.16186596838328002,0.16600527711872118,0.16263730685947408,0.14661507582921152,1511.748046875,20.739073189161665,0.013982715667733488,0.02517801056903147,0.5082908356571291,0.6227503716745774,0.3333110354932454,4.806204226282944,6.414338780522722,42635.25245412422,0.9936372514642128,0.46481898358115353,1.8910618402809556,651.3674716322374,1.683559275288527,37748.81818181818,-3.291979483623381e-19,0.0004863677969676706,-0.019181934288778214,904.7790296057857,53.86964812024889,-33.85446272129127,12.61812583470433,0.02028975784995339,0.6048432868327072,0.15128006206361522,1560.0,20.61286672738043,0.07020946470131885,0.02398343685300207,2.927698574338086
OSP_27_08_25_20250827_231700.WAV,0.0007208895213766155,3.2747323418535223e-07,0.9573847230809074,3.451975812311318,19.0,53.3517281538603,-33.62767193286008,-45.83414113978922,12.206469206929135,0.8753744891318764,0.05807376938242381,0.19011732583987462,0.06011401508987346,0.07228002779540488,158.17129456128657,12.037889680209407,364.28970504145764,0.8667641370920247,14.010973444750219,0.15678301068599218,2.196682599309426,2.7311124215142852,15.019259504457953,2.1202714551726802,0.29041004813042937,0.1638056444573756,0.16181797639794157,0.16212610251097412,0.1458323862258753,1503.677734375,19.980415042814702,0.014831323950150325,0.025318929161904556,0.5374882547284191,0.6195460362462759,0.3333141946598717,4.882593596399866,6.457898330929524,43359.73779034058,0.9940754698761219,0.4951764330308624,1.8441359996242976,663.3692173407042,1.5960654883134517,37749.72727272727,3.233945098245248e-19,0.00043341856310672995,-0.29772076415023546,782.7918357529237,53.36907508004046,-33.863819518882266,12.87266620844457,0.02026791265661066,0.6091408932064073,0.15195888285492629,1567.0,20.861110216364686,0.07437936384794415,0.025096114519427403,2.9640675007273787
OSP_27_08_25_20250827_231800.WAV,0.0006529264952847499,2.4269134202217634e-07,0.9760363579064892,3.4168510221052997,30.0,52.326389114677255,-34.653010972043106,-45.8993617682992,11.246350796256095,0.8815311009399314,0.0563922771688774,0.3188569234185664,0.11930633210695074,0.07254084654535853,164.50988946264405,12.35765064346601,354.3855165194773,0.8000014723350808,9.000073617295982,0.19225226784326577,1.7302845636814967,2.023703729400959,11.8427705297675,2.0177755914411173,0.3399442143983535,0.16551094300585137,0.1565068633538199,0.15671132453590533,0.14294901228057413,1473.947265625,19.13702631893384,0.01122076089855494,0.02467665123199854,0.4150509024915131,0.6239649453699415,0.3333162567048161,4.939593747013068,6.496415597255667,46169.96171128484,0.99429402429306,0.4969706560211576,1.695150197758125,580.4480651731161,1.3174075320046552,37990.96363636363,1.784767619889835e-19,0.00034025938656744107,-0.274079545522406,1180.9642357883972,52.31810114707744,-33.893581558616106,11.289793375393884,0.020198583874557956,0.5957558392433959,0.14129169899146626,1457.0,19.50022395381201,0.059930178432893715,0.023884057971014495,2.509455920861216
OSP_27_08_25_20250827_231900.WAV,0.0009265086934150725,6.280146937826559e-07,1.0751027739362595,3.758937965229872,25.0,55.79355323502831,-31.185846851692062,-45.45359183168606,14.267744979994,0.8621983629921379,0.06130607842042979,0.19114605504441406,0.07710909750620776,0.07497977150179336,139.0553326036606,11.043914544647903,387.43861497590154,0.8848440462128163,16.367751594469354,0.2659557174867031,4.353097118951226,3.6259948705844898,27.110875038348215,2.185632657786013,0.2297003341722302,0.18308925742734297,0.18758767285863262,0.18185369585335326,0.1579871844995636,1629.005859375,21.743876991357652,0.023770313560760356,0.025566926454503876,0.8498864308014065,0.6253772062061388,0.3333094550019398,4.771963428928416,6.375377193843103,39524.88338878555,0.9934318943981307,0.4565311743233093,2.1812701164218007,799.7526913005528,2.3535999175637667,36299.490909090906,-1.141973720973338e-19,0.0007830047532393373,-0.13095157023452678,535.147843520182,55.937643984555805,-33.483457063638234,14.6729685184232,0.021175181758765017,0.646185339735616,0.21751357641582622,2243.0,21.184703061247685,0.12800620636152057,0.028387096774193547,4.509746872272331
OSP_27_08_25_20250827_232000.WAV,0.0006930218496538367,3.5741146837051884e-07,1.3981778657199084,5.854482324991174,16.0,53.30293690803262,-33.67646317868775,-45.769217790805435,12.092754612117687,0.8541480088550895,0.07261900267579557,0.24929086329610528,0.1286283131911765,0.07298468058559782,145.72605728421811,11.42531242597984,363.7315517256924,0.8613081000834254,13.420452825313042,0.2037114981401949,2.7339005507643312,2.7207160239874586,15.442583081902908,2.122908166454481,0.28239869267882883,0.16732938932531602,0.17010659219910276,0.16670518827094194,0.14845606330617786,1530.73046875,19.95940395398123,0.016166556044515567,0.025017976429842083,0.5825631024187682,0.6247855278025629,0.3332872784635324,4.44353238094752,6.3244858362724985,39601.71951334614,0.9921132563352683,0.45459591146067213,1.841776404848405,720.1047425080012,1.829091807293182,37500.0,2.233482759009169e-19,0.0004233419720883219,-0.4123928374735235,795.4961523005188,53.26691328579622,-33.82648220000944,12.90696148844864,0.020355224609375,0.612780682475937,0.1740690457719162,1795.0,20.31369130349198,0.09358029480217223,0.02560530679933665,3.6550771021239457
OSP_27_08_25_20250827_232100.WAV,0.000735866386709441,3.350832995638326e-07,1.0102038875922197,3.545981295493101,31.0,53.50002834537537,-33.47937174134501,-45.84808932218124,12.368717580836226,0.8749537115343228,0.05442927997435154,0.1871159321220751,0.0815326335008909,0.07525339842257783,154.19945163239785,11.835135760380162,362.3184139909533,0.8834688821284385,16.16279768468678,0.14687006291810362,2.373831112882527,2.6782740619867615,15.5453188418923,2.128436017760364,0.28905168593976976,0.15991012834190024,0.16006226960097664,0.1602779718964503,0.1447373405828727,1492.38671875,20.285512858316068,0.013442485573659199,0.025627911710416708,0.48268093401430656,0.6186565687166825,0.3333135024473045,4.864828823265675,6.455242420213122,44071.04298440131,0.9940142490499789,0.488921853014443,1.8019543910132454,621.9086412569101,1.4963350729803122,38174.89090909091,7.038771922221045e-20,0.00044876316789736157,0.03911514493030497,997.228462232611,53.52017205121216,-33.880617864524694,12.131689526300203,0.02022875277779319,0.603918441013108,0.1463343677269201,1509.0,20.24472134197257,0.06846392552366176,0.02461002178649237,2.782222868780914
OSP_27_08_25_20250827_232200.WAV,0.000754796404631949,3.880725165681334e-07,1.0711371188669274,3.42149803007622,19.0,53.88480326537919,-33.09459682134118,-45.862982845654436,12.768386024313259,0.8663675213636114,0.06856140473813643,0.24887965069941087,0.11203625274357154,0.07089804155495372,161.38790192696672,12.217722460652007,366.43392780802424,0.9013418256964143,19.2720151078988,0.14541814092173663,2.802500608806265,2.381395363698329,17.813554818329848,2.07325620456619,0.29484464836799995,0.15653185917951704,0.15965033839348827,0.16118436258528004,0.14471120041703034,1492.1171875,20.84901119430503,0.01319263862622442,0.024902235793878333,0.48800893019519886,0.6206878989733825,0.333314090861765,4.87988918620844,6.401536383235553,41654.71047367347,0.9937284303805943,0.4567920887626642,1.8528052083463438,651.3674716322374,1.4948197010474251,38238.63636363636,-1.2656121941702306e-19,0.0004934170143063099,-0.08853000919977068,920.3504918963448,53.932141210190245,-33.90326637273422,12.547784914711968,0.020176074894991788,0.5977112861652565,0.14691621411947245,1515.0,20.665798073281167,0.0626454615981381,0.024262910798122064,2.582193773639802
OSP_27_08_25_20250827_232300.WAV,0.000646742601350721,2.719160707501172e-07,1.3053004657397074,5.420408897209256,16.0,52.461799304725005,-34.51760078199536,-45.884754122504894,11.367153340509532,0.8664566726794125,0.07190450506241652,0.26792858528183483,0.11548982449209566,0.07453805506791555,159.70486275588226,12.11616433973118,356.5234617491785,0.8903475882795999,17.239452909615423,0.12175997916493596,2.0990754270896685,1.9391230584422978,12.520570122900867,2.088206531253378,0.3080365993491231,0.15675007273785277,0.15762267701293886,0.16026256325474023,0.14398912569100958,1484.671875,19.393838138981074,0.012554477620987296,0.024929759385634864,0.4569289524733269,0.6224386245824021,0.3332976137808559,4.57060002099644,6.40166265202514,43041.90616594579,0.992885458967153,0.47986449187666014,1.741269704987961,605.5426243817283,1.419107930850548,38369.854545454546,-2.8395846280398533e-19,0.00034988830118698564,-0.47800064324866604,973.980700712574,52.439294217201876,-33.94266895298185,12.386954063646296,0.020084755643208822,0.6002227985719573,0.14332816136539953,1478.0,20.603047363801018,0.060124127230411176,0.026666666666666665,2.2548734361361653
OSP_27_08_25_20250827_232400.WAV,0.0007190911299772318,3.502112804904552e-07,0.9738954542857611,3.1798195860180645,21.0,53.45380985363414,-33.52559023308623,-45.847952853981624,12.322362620895397,0.8692073922183219,0.05863785806700894,0.18983346347088503,0.08180820618795026,0.07225377488878648,157.06732833496295,11.989657600268963,367.05951926180967,0.8721210060174113,14.63978521970786,0.17010458250552085,2.4902945527689004,2.4686354923733838,16.482324091251595,2.2220405106805323,0.197985047964535,0.15704910613260917,0.1615220258216878,0.1627170692400911,0.14560110258461836,1501.29296875,20.279808334914033,0.013778708721268549,0.024674292483429824,0.5063017170829293,0.6216368404844157,0.3333150411942621,4.905213430342019,6.419373362236028,41608.01914698841,0.9939693695974751,0.4563943087328415,1.855988759136041,632.819319173698,1.6088135546988651,38176.090909090904,-1.13545536609391e-21,0.0004305532212880389,-0.13795304251071233,883.4769339629039,53.340268428584245,-33.90314157303409,12.921366879513553,0.020176364788864597,0.6037450242246437,0.1537044220325834,1585.0,20.86254363450598,0.07185802948021723,0.024245398773006133,2.9640675007273787
OSP_27_08_25_20250827_232500.WAV,0.0007841226286716705,4.0736425684883014e-07,1.067132358322837,3.6835201103792206,25.0,54.16751179807247,-32.8118882886479,-45.852146516597244,13.040258227949344,0.8692033040697018,0.07259944662591122,0.2889725586540105,0.12766168969772607,0.06995551686737533,157.7278775299209,12.009874063354768,371.36677266945196,0.9058932293221078,20.25245596669749,0.14333964507865496,2.902979850237506,2.307645408653927,19.160916422059234,2.0908031186441653,0.2979954950249885,0.1616558368085863,0.16017625056615548,0.1639461350141442,0.14620592540733196,1507.529296875,21.109193103042536,0.014968275688585006,0.025598745698879637,0.5400812128697865,0.6230237282735794,0.33331266426863354,4.8441300728943775,6.419222295425693,42242.73115417512,0.993720638645286,0.4625138412817006,1.9179936978648713,642.6389292988072,1.610594116720008,38156.05454545454,3.709154195906773e-20,0.0005183862704250389,-0.16927510123798736,829.6768962725388,54.14653490629502,-33.92963072550947,13.414495581190728,0.02011492713581432,0.6053311017331937,0.1459464701318852,1505.0,21.599539855352138,0.07428238944918542,0.024031372549019606,3.0913587430899043
OSP_27_08_25_20250827_232600.WAV,0.0006481761984797666,2.7067433052335695e-07,1.2022589969499164,5.074933583178686,15.0,52.465665200053564,-34.51373488666681,-45.79724250567886,11.283507619012049,0.869378425702914,0.054052119906246365,0.26134574251873743,0.12745019188972473,0.0757164835676597,149.76817651220338,11.602243566686928,361.2056895036918,0.86206697185803,13.499790419604684,0.1382890024848771,1.8668725508820323,2.3860498128060157,12.388678847663567,2.1366643842966098,0.27147456449650653,0.15781689457860537,0.1648714664651003,0.1649449775532346,0.14669160211182233,1512.537109375,18.877351375003435,0.01352867235234216,0.024885452729435598,0.4912412478782735,0.6221710621990547,0.33329966465491917,4.60016514401613,6.4200344097378705,43117.921003454576,0.9931732181711732,0.4941698771915918,1.7706073946759546,683.0084375909223,1.683805523227621,37965.74545454545,-3.629777455036319e-19,0.00035629715824004834,-0.12037999494026308,873.0683957696957,52.51812358512712,-33.841322095725836,12.485424696024516,0.020320476855653705,0.6099353695622725,0.15835919317300232,1633.0,20.27836590562625,0.07098525989138868,0.02486624203821656,2.8549607215595
OSP_27_08_25_20250827_232700.WAV,0.0007530169995490835,3.8084021405293394e-07,1.0426726399619053,3.5834787120722194,16.0,53.83960954183439,-33.139790544885976,-45.80530215164475,12.665511606758777,0.868598532175722,0.06542822804796411,0.2262349354736206,0.10117473205597505,0.06984060895487443,150.26885795671143,11.651894464786194,370.26603119484685,0.9201918365830627,24.060093032732883,0.11669920800597317,2.8077938014699604,2.6394856817598265,17.852242278810518,2.1765142931300456,0.24495291446189144,0.15881097856657939,0.16566933322135202,0.16527399737327977,0.14775974990301619,1523.55078125,20.655238575880848,0.014737181468819706,0.025098231328334084,0.5392287334808439,0.6227497979196789,0.33331236678405946,4.836984996647011,6.415466728071646,41885.08308541712,0.9937553461145868,0.468078969586917,1.8994841125008326,681.9173697992435,1.7011186475608575,38051.34545454545,-1.1375580612163063e-20,0.0004871115837226559,-0.14295395890687135,827.5772121871375,53.87628457403863,-33.880585658669034,13.201145752864946,0.020228827782833216,0.6076386015463945,0.16010473235065942,1651.0,20.97933868065185,0.07874321179208689,0.025474509803921568,3.0913587430899043
OSP_27_08_25_20250827_232800.WAV,0.000595753594165363,2.0970787182761725e-07,1.3991919861246214,6.412609666030071,23.0,51.58974085813326,-35.389659228587114,-45.95748077744973,10.567821548862618,0.8723477625318168,0.06952239624851264,0.2597929493160466,0.11766460883827168,0.07369044879645437,162.19926632177044,12.24024289259004,347.6518469984738,0.8496607100271776,12.30324228856975,0.13025547614906835,1.6025646824750062,1.6540451516206898,9.955725972343998,2.0242731486780623,0.35608343586912133,0.15291921249151394,0.1529894507617228,0.1561656773412298,0.14141431935554263,1458.123046875,18.60993947448683,0.010957086182232569,0.02480043146908334,0.40649058862754606,0.6199643644413179,0.3332917840629387,4.495009153922312,6.438372551266452,45633.17575105723,0.9928101947945245,0.504792092727403,1.640441082129754,600.0872854233343,1.257436687760644,38589.25454545455,-3.959164645959673e-19,0.0002875412315457961,-0.5722033506270606,1198.3254257732956,51.58700128500122,-34.00889327359751,11.115495102366332,0.019932204593311655,0.5920746842673126,0.12315748642358418,1270.0,19.90190024296056,0.05294802172226532,0.024266666666666666,2.1821355833575793
OSP_27_08_25_20250827_232900.WAV,0.0005641838791303543,1.6456604207776235e-07,1.0315452892143788,4.075737760026422,34.0,50.91039736508627,-36.06900272163411,-46.031390788156955,9.962388066522848,0.8876837453174523,0.06517535500226568,0.483066896326355,0.225124521706905,0.07079715716108193,170.42750410418796,12.662399768126933,340.8954193631243,0.8627857360877846,13.575744117095033,0.08901643260080103,1.208464311205111,1.4797560831461654,7.7694683695344775,1.9583028563577387,0.36504531104209015,0.1505188633498206,0.1468524756365687,0.152640723952371,0.13900639335418485,1433.294921875,17.930459527138247,0.009826997563281932,0.024972274736728597,0.36027910175193995,0.6211136021998612,0.33331343152842735,4.863043921442481,6.534797591929742,48648.97225454475,0.9942965149985147,0.5362241139300478,1.570993721733756,547.7160314227524,1.0366091128406556,38967.2,1.5866937393601196e-19,0.0002525375690999699,-0.44758188134681803,1472.1081629692383,51.02325995678864,-34.075739229103505,10.48542496856076,0.01977939659465443,0.5870108362862712,0.10744763382467029,1108.0,19.805585049724755,0.04189294026377036,0.026482758620689655,1.582048297934245
OSP_27_08_25_20250827_233000.WAV,0.0005563583018309184,1.7950330056325454e-07,1.4936326905213602,6.286494752288897,22.0,50.96552452502025,-36.01387556170012,-45.989473517634366,9.975597955934248,0.8710123062772481,0.07109792814889004,0.37895471218526455,0.2018681597177686,0.07516166446863226,159.7937316240523,12.125921208365499,343.3097777866673,0.906105377968451,20.300474475822394,0.07038469927875934,1.4288427911968888,1.6711182633740091,9.073886286400953,1.9732835302969527,0.372398991500895,0.148708499013998,0.15109876650599352,0.1547788995873203,0.1402552492483755,1446.171875,17.988559919186052,0.009672050783144214,0.024098640093255463,0.3612381410645005,0.6200662008319718,0.33329578590539916,4.545646695262373,6.430030272063952,46429.59616009536,0.9927835113938854,0.5105077520747029,1.5767646115607996,603.3604887983707,1.1621576774803608,38776.81818181818,-1.099078740476457e-19,0.00024323210493821233,-0.19843452124358643,1614.0482512197505,50.860208982210835,-34.03555157530662,10.43392644443852,0.019871123441060384,0.5810540927423655,0.11879363847944142,1225.0,19.318353323829204,0.04965089216446858,0.025761006289308174,1.9275530986325284
OSP_27_08_25_20250827_233100.WAV,0.0005750244934424358,1.9049490109141156e-07,1.3113592565565217,5.383117315614702,20.0,51.2417110269536,-35.73768905976677,-45.94961020304211,10.21192114327534,0.8749903488993507,0.06714762132050645,0.24745223788877757,0.12338025305648515,0.07604142876652542,152.68430004364507,11.774366968890664,348.023782570932,0.7819570947129488,8.172506655820886,0.17847323743356694,1.458573720811727,1.971343595798169,9.54937698705247,2.125506687934006,0.29625832325270396,0.15887563443571592,0.15552302765438172,0.1554342200553442,0.14161131770681795,1460.154296875,18.081821241593026,0.011531412144796818,0.024703765813063692,0.42535169510790494,0.6209680191144483,0.3333023415372933,4.641587871853042,6.4551051865232285,46292.74049956038,0.9932940284033306,0.522679686637054,1.6372247901338048,598.9962176316556,1.2484581090582874,38336.836363636365,2.19500343826932e-19,0.0002609141703997055,-0.8333469996267586,1158.7704927808647,51.16497666525588,-33.98587463389632,11.01988191504687,0.019985097359166,0.5999986068960315,0.1288789759503491,1329.0,19.604407486109125,0.057408844065166796,0.02631111111111111,2.1821355833575793
OSP_27_08_25_20250827_233200.WAV,0.0004287874218803721,8.010110950230934e-08,1.1125296374301357,3.9596223148342684,13.0,48.28747698849725,-38.69192309822312,-46.08324842490157,7.391325326678448,0.8972171617902963,0.06266501325031215,0.21469855408778704,0.11284360172147712,0.07212233451318228,167.22723320741807,12.501016823184326,331.7441787990216,0.8575793535826951,13.042907754679248,0.05253315309345514,0.6851850698603782,1.3253014946004005,4.482446559206855,2.2933632495087055,0.06829302185316362,0.14422299809265185,0.14382298156207912,0.14710811518775432,0.1364319658617011,1406.75,15.285723612620146,0.006958587915818058,0.023782890507199426,0.26451725039403495,0.6213023995051091,0.3333174896563397,4.97706388820738,6.594451119368738,53142.749283402976,0.9946543541899853,0.5549003228866728,1.459590867944581,522.6214722141402,0.8906598535544563,39111.70909090909,7.437232647915111e-20,0.0001328055681602112,0.01040415149562165,1400.8075212400045,48.23216284147652,-34.07928930194757,8.78261306714652,0.019771314066106622,0.5822720643775507,0.09619860356865788,992.0,18.38580788917246,0.025795190069821564,0.020862745098039214,1.2365434972359617
OSP_27_08_25_20250827_233300.WAV,0.0004613068360893496,1.1005493752683567e-07,1.67319100468913,7.5324964779401755,15.0,49.16222778887173,-37.81717229784864,-46.11257136343227,8.295399065583624,0.8774094572863413,0.07866469272747056,0.3830499911895898,0.1677684314177268,0.07513959068764009,164.45111352153535,12.353880962943187,326.5375700979316,0.755568053246238,7.182236514340651,0.124094210494049,0.8912739698286335,1.3788400980097602,4.595486995847904,1.9482503617025584,0.4111051776178316,0.14753661138589858,0.1419732904604931,0.14640113045046713,0.1358968501479003,1401.232421875,16.154879648161444,0.0072768160217243725,0.024073616924368615,0.2775530810499515,0.6225503031414822,0.3332931287643555,4.5114588119826395,6.469896874333438,49456.9837396812,0.992704403959975,0.5649762755967646,1.4409500939923539,512.8018620890311,0.8015938681990107,39210.145454545454,-3.4946792934223675e-19,0.00017357946251618197,0.03725609961506101,1632.6379689340945,49.39498339253325,-34.146672037769996,8.595048999888196,0.019618527071403734,0.5840696576999418,0.0889255236617533,917.0,18.504169388119486,0.027540729247478666,0.024830601092896174,1.1092522548734363
OSP_27_08_25_20250827_233400.WAV,0.00046699623635393335,1.1648502078077133e-07,1.5478385331786695,6.092392061061076,17.0,49.31697622228558,-37.662423864434786,-46.03336898008183,8.370945115647046,0.8758132652073045,0.07849449130644515,0.3294513072816797,0.1615333819870869,0.08222638918399916,151.74858180048224,11.711473371344624,330.73415102539116,0.7165545517664307,6.056031460247434,0.1342609518133657,0.8130885480645075,1.565338500065431,5.753076378189967,1.9817771821572623,0.3897379420409063,0.14805385833899073,0.14609360236840446,0.14932061485918768,0.13759842340704104,1418.77734375,16.13177830806399,0.008413155549898167,0.02409060726175518,0.31598569350145495,0.6203349838552153,0.33330211464323695,4.637940656141472,6.4601263462200915,48680.78067930553,0.9930692932312252,0.5597377864573441,1.458913982991807,558.6267093395403,0.9308929783726118,38813.63636363636,3.4194028080405864e-19,0.00015935872391964993,0.16020893458842964,1553.6911523137194,49.02375843438601,-34.0089354240153,9.135810338013638,0.019932107867616594,0.5841993296515314,0.1089022498060512,1123.0,18.254960462623252,0.03549262994569434,0.02568421052631579,1.3820192027931335
OSP_27_08_25_20250827_233500.WAV,0.0005054166798240861,1.267064063784483e-07,1.2081148960898271,4.431718221153612,22.0,49.8944659129637,-37.08493417375667,-46.005163069936515,8.920228896179843,0.8869488010898668,0.06761126405732454,0.27652069187848494,0.1309641847971017,0.07733015493440187,150.87300713502478,11.658894912109469,335.02646848283376,0.8297774618407636,10.749325451422187,0.0935756963239695,1.005875614129799,1.687013742994308,6.682574532899929,2.1489509437014265,0.2765228035811635,0.1498965506093816,0.14728740300369839,0.15149595251237902,0.13876488095238093,1430.8046875,16.868977669117044,0.008497258692173408,0.023817913798675955,0.3232672882820078,0.620127879465999,0.3333133808926557,4.861773396856498,6.530119540316642,50058.366858378045,0.9941100792481044,0.5404872180305726,1.4942391585479822,566.2641838812918,1.0507210139656677,38819.96363636363,-4.761553104666036e-20,0.00019457466035066741,0.05722268971330199,1899.2474386363663,49.89086281017457,-34.02233263245736,8.715368351394375,0.019901388070077606,0.6010650221873642,0.11714507370054306,1208.0,17.469079616487065,0.04034134988363072,0.023602836879432623,1.7093395402967706
OSP_27_08_25_20250827_233600.WAV,0.00046176963259089617,1.0126866574653009e-07,1.7620319799675297,8.92026670090676,24.0,49.04830425176801,-37.93109583495236,-46.03660658305242,8.105510748100059,0.8837170316210323,0.05959131364669823,0.318970700815992,0.1541975617814385,0.07722068000918325,159.0604413284833,12.068397105480331,327.42538723512297,0.6017268259854072,4.021678914098089,0.17788085897773775,0.7153796997724237,1.3808819904658018,4.826347547240205,1.9988786282714381,0.37857049395885783,0.14913684414702746,0.1450447775221538,0.14953996140588446,0.1372574647221414,1415.26171875,15.455477850479335,0.008318255382601105,0.023984764137961585,0.3172999325594083,0.6220103124874454,0.3332872617778106,4.443351263293824,6.509227272118621,51483.1056471011,0.992673851113908,0.6143449318579225,1.4350829722645932,542.2606924643585,0.8981420024730871,38905.67272727272,1.8192518198971315e-19,0.00015703208229734633,0.7420334272110101,1562.2129994781453,48.95988389615006,-34.062141608284044,7.949456263746374,0.01981038517229485,0.6257637085877958,0.10182311869666408,1050.0,17.180974445627484,0.03743211792086889,0.02393798449612403,1.5638638347395986
OSP_27_08_25_20250827_233700.WAV,0.0005865466740359097,1.8258107938927128e-07,0.9999136775552059,3.880427178266023,37.0,51.28705735168863,-35.692342735031744,-46.08188378537582,10.389541050344079,0.8864154205466834,0.0405799054485102,0.24510617190200545,0.0870775570359259,0.07868093097381568,157.75366844323196,12.015396573982478,335.7126717871021,0.8420986771606599,11.666138345369914,0.09964367193022763,1.1624568619786884,1.3279529137332726,7.7844469940531855,1.861305056154285,0.4396165614729979,0.14614651019946334,0.14343904567937155,0.14920550324170628,0.13757588224953932,1418.544921875,18.073253258910633,0.007417745611482882,0.02537948134469201,0.27659404173739094,0.619495019622116,0.33331425694865585,4.884223551770882,6.526895736107838,47942.01178616314,0.9943164031695165,0.5367356771972763,1.5102230024225856,498.6179807972069,0.864292381922219,39209.90909090909,-1.683627984502581e-19,0.00026188315558305997,-0.07659717362667827,1598.407600839104,51.181075653492925,-34.115893822932804,9.930337911679985,0.019688168103767164,0.572015293463854,0.09755624515128006,1006.0,19.61003703997055,0.02492242048099302,0.02284444444444444,1.0910677916787896
OSP_27_08_25_20250827_233800.WAV,0.0004889928040082608,1.351368281915226e-07,1.5027847350447372,5.79883287157902,14.0,49.803726960629646,-37.17567312609072,-46.01456776311576,8.838894637025035,0.8721810611204527,0.08517654426195786,0.3180205609898764,0.17835764748524185,0.07474456070649449,162.5582124434537,12.25029743514034,332.4904484109684,0.7801097409823116,8.095446105409861,0.1344039955652645,1.0880603024503448,1.186425024007572,6.020944562341124,2.13256159912133,0.2879489266616275,0.15099570038470242,0.14597362240505835,0.15006476161471688,0.13810531531859183,1424.00390625,16.866862152064105,0.008653152579769178,0.024636902372408016,0.319892890700776,0.6190384311516509,0.3333021584115094,4.638642142693233,6.43742940682111,47185.50049071261,0.9929931042457406,0.5261373133094217,1.488440189519216,547.7160314227524,0.9375984991756378,38844.36363636363,3.2789427738645246e-19,0.00019238905703283327,-1.3550811867674755,1343.8103310720148,49.841803660104624,-34.02229244513099,9.509644782303045,0.019901480148777816,0.5845239177518109,0.106477889837083,1098.0,18.770458550019956,0.03617145073700543,0.024260162601626015,1.4911259819610125
OSP_27_08_25_20250827_233900.WAV,0.0004354446520046406,8.137810827074845e-08,1.0721395049315536,3.7392826270389112,14.0,48.401634801699274,-38.5777652850211,-46.05953123113817,7.481765946117072,0.8988787779813601,0.059129200406032534,0.23294014553516118,0.15653524056765022,0.07631865376997682,158.99322278146343,12.087455660420677,326.7731800749415,0.6691115343587634,5.044332781815624,0.13632877550049521,0.6876877113619306,1.2114413431480424,4.294553518144011,2.2565995706886866,0.15265552441513036,0.14652636343064043,0.14271816606626694,0.14853386774128347,0.1366490428910872,1408.98828125,15.207283370464385,0.006988895354475804,0.023887567011161195,0.26451725039403495,0.6231905848673229,0.33331896196782723,5.0258302744693575,6.604877081371857,53417.40527644664,0.9947733806812393,0.5891769945762294,1.4241167270369475,481.16089613034626,0.8168233561245272,38993.545454545456,-3.2209083884863915e-19,0.00013882203202057587,-0.8536767214712067,1490.7969558908226,48.42458397139272,-34.02584693106561,8.39534762188865,0.01989333762544574,0.586034602609883,0.10201706749418153,1052.0,17.690174097145555,0.0321955003878976,0.026828282828282826,1.2001745708466687
OSP_27_08_25_20250827_234000.WAV,0.000517206048253838,1.3102643255338428e-07,0.9427286665542222,2.932777387074107,22.0,50.07669385723752,-36.902706229482845,-46.03212342781418,9.129417198331332,0.8915442351137054,0.06064724536956978,0.22198684503993937,0.12298541456753276,0.08092630841338877,149.23064062885422,11.597938253699004,337.8303259685756,0.8830810106105564,16.105861164590056,0.06326623404266159,1.0189571818975687,1.3669463395053687,7.542596419034061,2.230515801583401,0.19318166575759327,0.14529790191704653,0.1462655736492006,0.15056237010288442,0.13827996193385705,1425.8046875,17.188720682087073,0.008967402834351663,0.024901208596340964,0.32923464400460717,0.6228892781937978,0.33332066175575653,5.088768384972318,6.559126321542186,50121.06885873305,0.9947806566217844,0.5147605351915996,1.5204244172114296,541.1696246726797,1.0109046164290563,38963.32727272727,2.1363382443544679e-19,0.00019371746586622956,0.63421177978023,1738.6100276604022,49.87168779146381,-34.03537322097399,9.51575778064715,0.01987153147495154,0.585491766743773,0.10143522110162917,1046.0,18.981474215081192,0.030740884406516678,0.02415238095238095,1.2729124236252547
OSP_27_08_25_20250827_234100.WAV,0.00044746796930644197,9.21475375878008e-08,1.217064887597815,4.590953524702642,20.0,48.731503844111714,-38.247896242608654,-46.13472476518869,7.886828522580039,0.8920426884998032,0.061980445533104,0.2252991141125551,0.10869933126154974,0.07846275626091104,159.99770138923944,12.117872981637994,326.03015150563743,0.8351969445335724,11.135697328787856,0.06945204906326968,0.7733969972326953,1.318227559200163,4.8018617317557695,2.074003644106358,0.34173213460094976,0.14407752238709468,0.14065151119763,0.1447913805871055,0.13524315658035108,1394.4921875,15.874186262337824,0.006263032198622831,0.023315297829355673,0.24476814455019397,0.6193972470331559,0.3333132241578273,4.857861032778324,6.561979836005634,51940.72319930111,0.9942762063204633,0.5461982635651186,1.4213099971246836,480.06982833866743,0.7425890735622152,39275.181818181816,-2.2103531126628117e-19,0.00015224353774423958,-0.24403475849081938,2068.1601062832488,48.825388672715434,-34.11601446009279,7.584679281763005,0.01968789465933135,0.5892880051463543,0.0865011636927851,892.0,17.442258430032776,0.019588828549262995,0.021986394557823127,0.8910386965376782
OSP_27_08_25_20250827_234200.WAV,0.0004304546803810637,7.973549548771396e-08,1.310519286777744,5.208892558485157,16.0,48.30499643415483,-38.67440365256554,-46.10064688762236,7.426243235056823,0.895707598203829,0.0562156354099802,0.23275667035992098,0.12343777662403954,0.08338230343563302,154.85845085196857,11.857288143150532,324.53130093499055,0.8219104049439939,10.23030236197143,0.060486353191739214,0.6187936819244879,1.3286124126482737,4.231554543039849,2.254799004608677,0.15622545206118552,0.14524132803155207,0.1425231986258295,0.14621532035925702,0.13582297576617205,1400.470703125,15.109778113659342,0.007515676522645718,0.023815575189343727,0.2853319554740543,0.6213468463643388,0.3333121365222261,4.831523759200407,6.584829737284252,53592.92776659382,0.9942513176823086,0.5714142605324286,1.4103523630517276,522.6214722141402,0.7949641159926293,39163.854545454546,-8.946967745795532e-21,0.00013468361995359044,-0.17212029610544605,2029.8924056908081,48.2931478060543,-34.09284558933628,7.901763823765812,0.019740480544350365,0.5857662446172277,0.0865011636927851,892.0,17.820191364548272,0.030740884406516678,0.024862745098039218,1.2365434972359617
OSP_27_08_25_20250827_234300.WAV,0.0004991639544338671,1.1891270774785057e-07,1.1413156643208906,4.503338766512488,26.0,49.731490763412374,-37.247909323307994,-46.091279050424916,8.843369727116922,0.8909584530940795,0.03725775587552227,0.17023439647991434,0.07853087073392295,0.0820314897656782,142.09844512603556,11.256963813610108,325.48557646149686,0.6260689237416541,4.348579262286874,0.16584716654042947,0.7211995491267491,1.3836152013921528,4.93635002134709,1.9996684657038872,0.38564299172666094,0.14506352439142664,0.14269317024056985,0.1484314455934457,0.13705914042042477,1413.216796875,16.338199106371217,0.009317832593831829,0.026306097472054545,0.32316072835838994,0.6212119494632969,0.3333119342301057,4.826774626697691,6.555217997369134,50913.04285351122,0.9942814914480808,0.5559041125273436,1.4403468696505612,548.8070992144312,0.9045633910386964,39105.163636363635,4.844609562000683e-19,0.00019737386336515352,-0.047835216963111785,1926.3637610268713,49.95289642012358,-34.08891803377199,8.342448996432474,0.019749408745043204,0.5776611057084395,0.09813809154383243,1012.0,17.79449537196005,0.03617145073700543,0.029691542288557214,1.218359034041315
OSP_27_08_25_20250827_234400.WAV,0.0004525001267048261,8.815966098953183e-08,1.0636752535741407,3.6503628584205505,18.0,48.73953102559209,-38.23986906112828,-46.05114432749354,7.811275266365257,0.8986480329278067,0.044433961500069286,0.20225456480410953,0.11870158646533391,0.07791742337130925,151.49583849800808,11.71833227214924,329.9623867627355,0.7970968549522636,8.856919662479674,0.07416032405145905,0.656832032267232,1.3892692862501104,4.458073327513722,2.1014226361929813,0.31637089010572605,0.14633239582323085,0.1459526259114728,0.14935052575191904,0.13773461745950927,1420.181640625,15.34763129266995,0.008269763480748715,0.024700162046750518,0.307567459535645,0.6197864043524928,0.3333192077264869,5.034454515302832,6.603446362176319,53368.30405836503,0.9947906182678968,0.5739448987698759,1.4565939209451615,549.89816700611,0.9468043836679275,39087.4,-2.5867355395717187e-19,0.00015432668837465663,0.3039082867546601,1708.30157056045,48.884410369612645,-34.05255471381051,8.627866338405187,0.01983226259982947,0.5943661417937193,0.09862296353762606,1017.0,18.103139780345472,0.0315166795965865,0.02374429223744292,1.327465813209194
OSP_27_08_25_20250827_234500.WAV,0.0005626071181873628,1.788056219569174e-07,1.0921596254075927,3.726139905177148,24.0,51.02106698484035,-35.95833310188002,-46.0051087834787,10.046775681598675,0.8793317600067497,0.06443321413344894,0.20328059478515104,0.088591567851947,0.07976775400471181,148.02296408423317,11.511745605104421,344.45011257695285,0.8734693638624934,14.806448628192367,0.09485302516192695,1.4044364442887094,1.78256099718995,8.918702986861645,2.235688347777927,0.1875417349257308,0.14899945042511234,0.15047387086356578,0.15142616042933912,0.13951480063766852,1438.537109375,18.201460919347422,0.009344730445640579,0.024311637840983398,0.34926790964476245,0.6212026820530494,0.3333146093892486,4.893547566075714,6.482585723649359,46678.00205418653,0.994076345878328,0.4957705284831692,1.5871730033852147,583.7212685481525,1.1119041557559888,38561.490909090906,3.297341356185491e-19,0.00025872555310015586,-0.38831086003772003,1591.086560811289,51.128393240483874,-33.98231494797286,10.113110047654668,0.019993289409984242,0.5807910511192099,0.11122963537626067,1147.0,19.250163551823373,0.037820015515903804,0.024186046511627906,1.5638638347395986
OSP_27_08_25_20250827_234600.WAV,0.00046233928095563016,9.077326935327215e-08,0.9614220597042119,3.8166528010887295,15.0,48.90841307218034,-38.07098701454004,-46.13522404759199,8.064237033051953,0.9018189928458853,0.04641277628970897,0.3321483991990466,0.16242564900280165,0.07687170563670342,166.13385779846183,12.432753215942709,328.6160102788349,0.7274789903674842,6.338883716513909,0.10502854173818174,0.6657637129933617,0.9094498700315131,5.25062629080345,1.9383616709856044,0.4142115916991408,0.14584747680470697,0.14044554559388583,0.14517025189503632,0.13515640153719327,1393.59765625,15.712909778425615,0.00662236476820871,0.02396499264457464,0.2504513404764791,0.6225427352400881,0.3333184685920214,5.008953107746458,6.623283505255134,53423.19998685648,0.9949027098502192,0.5742818799108298,1.4328601871613782,485.5251672970614,0.7326633874018039,39138.29090909091,2.8916263323191576e-19,0.00014834930767754277,0.7496045713942397,1968.0881757693658,48.71285523874805,-34.183693146465366,8.584514701817135,0.0195350866837935,0.5748687279367061,0.08882854926299456,916.0,18.49631407246894,0.029868114817688134,0.026494623655913978,1.1274367180680827
OSP_27_08_25_20250827_234700.WAV,0.0004187407931618798,7.265883982186167e-08,1.4476920188422764,6.276717116579678,18.0,48.01666364084156,-38.96273644587881,-46.137922987672646,7.175186541793835,0.896953115310968,0.04757089856048258,0.47786249943288506,0.20663780727691172,0.07653539222820549,161.52377214967717,12.214403691838028,323.5447792186087,0.7804095114934596,8.107862611000256,0.0584399731164386,0.47382327301863264,1.1385930123725871,4.2397256953515985,1.7428442198954994,0.4949489938854349,0.14779523486244464,0.13964967850368987,0.14534065334453633,0.1354193185675492,1396.30859375,14.490201807733971,0.006909527749490835,0.025083901759619137,0.24846222190227935,0.621582439058335,0.33330800507062636,4.742488697008108,6.592492343287416,54549.540397382756,0.994040859319206,0.5841156395929619,1.3931023416957025,501.89118417224324,0.7606409417127339,39310.27272727273,-2.0669493053153957e-20,0.00012146675987345452,-0.7296456043724895,2091.2323151290184,47.844574468346856,-34.14310824830099,7.4927938262602005,0.019626578134478944,0.5950978082001293,0.08970131885182311,925.0,17.172329591035115,0.028801396431342125,0.025142857142857144,1.1456211812627293
OSP_27_08_25_20250827_234800.WAV,0.0005344522041332429,1.5678245137712694e-07,1.1442568810472398,4.061344702843621,22.0,50.53046301376775,-36.44893707295262,-46.05639238437418,9.60745531142156,0.88056634009181,0.05477143425484754,0.2405585625136264,0.1345733598344221,0.07822937010309516,154.77839925501914,11.855174670647287,339.8495204456493,0.8366119138897693,11.240794586764965,0.09161225233126123,1.0297945100865873,1.7027873225669392,7.756881887270325,2.116081539799866,0.30777926652509535,0.14575857498464423,0.1459216310876084,0.1500529785357621,0.13839872920909707,1427.029296875,17.42466949412225,0.009235055401997865,0.024528764901498246,0.33882503713021345,0.6219949372508765,0.33331275342739614,4.8462915547460845,6.490247402589796,47469.240954128145,0.9939981754141791,0.5204228757494492,1.5473615011287003,544.442828047716,0.9779831611870817,39038.854545454546,-3.1311233067600767e-19,0.00022531215005359043,0.4591684247711352,1576.6931806814805,50.52784611870091,-34.079267472572866,10.450109105081118,0.01977136375542843,0.5678117446884797,0.0980411171450737,1011.0,20.15999140266598,0.03704422032583398,0.02611965811965812,1.4183881291824265
OSP_27_08_25_20250827_234900.WAV,0.00036260301052027565,3.986742050744379e-08,1.1133742765593446,4.33828843650475,18.0,46.41089931232206,-40.56850077439832,-46.16384075932754,5.595339984929218,0.9207932288973475,0.04865626852968319,0.3765420715186858,0.15337382002223765,0.0840184121612415,153.0986535032511,11.799290734130354,314.33696016569206,0.6821857983453861,5.292984988045026,0.06398538003302023,0.33867365596913207,1.02474219287661,2.1330095919784564,2.2378865993109827,0.1813275800973182,0.1445624414056186,0.13594829663446206,0.14264957938940084,0.13374653737513337,1379.060546875,12.778085945664191,0.005367068543303268,0.02340716863544815,0.2053409728115907,0.6212454753913293,0.3333216667294604,5.130083939405141,6.741924487241739,61014.66276384249,0.9954465544424872,0.6594087389169574,1.3227763848481113,454.97526913005527,0.5656315160993114,39408.799999999996,-4.223052883820387e-19,8.974770983561477e-05,-0.5783226256232226,2460.853767349075,46.53023375150689,-34.13308278189844,5.272598775103482,0.019649244689941406,0.6533585963582051,0.08174941815360745,843.0,14.72250238246074,0.020849495733126458,0.023401360544217684,0.8910386965376782
OSP_27_08_25_20250827_235000.WAV,0.0003810400125856945,5.009387885814141e-08,1.1369999325862887,4.161292971873445,17.0,46.97879678656225,-40.00060330015812,-46.21924022529871,6.2186369251405935,0.9123807322406772,0.04218466585670244,0.246061291953665,0.15030350836711026,0.07840548212822185,166.8410928768883,12.498612533455816,313.11721801430474,0.7847832064885909,8.292955105262156,0.04535362568063056,0.37611558163033404,1.0591654878318546,2.430140570032726,2.202168244420668,0.22607570880787478,0.14121650017780366,0.1328398157507696,0.1403192489284196,0.1323921737101154,1365.095703125,13.559336346985972,0.004675301255940258,0.024121866306517047,0.17664083338385062,0.6195333685413014,0.3333204394043774,5.080070846138604,6.689299975575661,58405.78855947624,0.9951585360302736,0.6105028835219544,1.3219692363393065,417.8789642129764,0.4463717449810882,39772.181818181816,7.653810245521913e-20,0.00010845431561487679,1.6553074261260525,2662.0909943008082,47.352468381430796,-34.22445905647646,6.572879962777886,0.019443616526054613,0.5633314313171832,0.07127618308766485,735.0,17.021598951839653,0.010182311869666408,0.0224,0.45461157986616235
OSP_27_08_25_20250827_235100.WAV,0.00026905249090387624,1.2451788839011858e-08,2.247189455963421,12.252062447553437,18.0,43.358159107176384,-43.62124097954399,-46.24258851627935,2.6213475367353567,0.9450104643404934,0.019508705644303848,0.37716854969486957,0.22999612666740032,0.07912413538817364,163.99341783729048,12.342849754650834,302.71769001817484,0.39808080596471246,2.3227051401898806,0.03915041125218166,0.09093486145599008,0.9793154974026776,0.7232984854780435,2.3009446153477846,0.02915765268089814,0.1387514951669738,0.1307381667261567,0.1386814009537043,0.13111850360052368,1351.962890625,7.358470944002301,0.003575141232664145,0.022746387875139974,0.13934486011760427,0.6194007061264919,0.3333183002916857,5.003323857118748,6.893117542380341,71079.38916501694,0.9956861455772235,0.7587754665982234,1.2372620400545085,408.05935408786735,0.36020390844728933,39802.38181818181,4.906639068111369e-20,4.325617748288746e-05,-0.5423513112555285,300.33732080307396,43.36048138509508,-34.224365392961026,1.7973237874849843,0.01944382619568796,0.8655695530155507,0.05944530643910008,613.0,9.56231407214285,0.005236617532971295,0.0288,0.18184463194646494
OSP_27_08_25_20250827_235200.WAV,0.0002921752315898448,2.0020417034099893e-08,2.3606218101458696,11.995510191932928,15.0,44.299961171941064,-42.679438914779325,-46.20755533611653,3.5281164213372023,0.9272149684974812,0.050662906136777486,0.6057369621512763,0.3329217087883941,0.07593353686160731,162.49110328525992,12.261141888966817,306.3352113267292,0.47134640083329066,2.783195656196234,0.05532856839754944,0.15399023122761582,1.0429744856346603,1.0054365330681372,2.268624580155544,0.1319757093393788,0.141879222836453,0.13366967716391362,0.1401724136368292,0.13246623751333525,1365.859375,9.169158982020562,0.004426969680438367,0.023465811377292502,0.1696789183741513,0.6203892398533862,0.33331101071151054,4.805648836751917,6.781606521513483,66443.00427570856,0.9946996269689063,0.7649510583746939,1.2640639277662493,430.9717777131219,0.46889396033362424,39359.96363636363,-2.637831031045945e-19,5.3784583007075395e-05,0.19647667296215232,468.12965671394596,44.306578058806004,-34.14291222736617,3.216737900444585,0.01962702106707024,0.7652412667784941,0.07564003103180761,780.0,11.80139006659238,0.011152055857253684,0.02453333333333333,0.45461157986616235
OSP_27_08_25_20250827_235300.WAV,0.00035256829732366996,4.6358796416510836e-08,2.5339276309741607,14.840987647783322,18.0,46.393498559743975,-40.58590152697641,-46.212294240892504,5.626392713916097,0.8938751637183178,0.09987291382723129,0.5272223563205795,0.26621529714046555,0.07375125167562124,172.4774847846012,12.775203158332035,310.147334299012,0.8109485838413311,9.579132601267688,0.045053365863323376,0.43157216573820173,1.0907753549718526,2.405716494439539,1.4862575092020027,0.6210898591332722,0.140513367600944,0.13164801478153149,0.13958597886115637,0.13162103881776743,1357.14453125,13.104471644489626,0.004288313148579187,0.023788779228353454,0.16346292282977692,0.6187864293670166,0.3332718131982321,4.298766874023943,6.572313838028008,57625.58760977099,0.9921233760684497,0.6726753523750523,1.2909779544504576,423.3343031713704,0.41792063694113085,39813.145454545454,1.9729588333442887e-19,8.573370376244291e-05,0.5472891189400391,3109.624375637254,46.3315158599019,-34.19709840980704,4.638093852048005,0.019504960695902508,0.6582170257847539,0.06671838634600466,688.0,14.651670701166006,0.009600465477114043,0.02112,0.45461157986616235
OSP_27_08_25_20250827_235400.WAV,0.0003994347254335064,5.7470180718692886e-08,1.3082033361874292,4.76964838084083,20.0,47.43706287964967,-39.5423372070707,-46.187323487549435,6.644986280478733,0.9074677352894243,0.03095533249027227,0.16463554676876924,0.10444196772937198,0.074313421224939,164.16216588904683,12.35574854768624,317.40485359341375,0.7469155876687299,6.902501705170754,0.04461451383271664,0.3079517578056908,1.0949568758930772,3.3301462146469287,2.1803732622430125,0.252055001456897,0.1393091520382763,0.13476749382853065,0.14148214818218813,0.132592960491223,1367.166015625,13.689853126505236,0.004847864234797789,0.02299896625968096,0.19038706353055285,0.6206098873485735,0.3333179528333084,4.991898897185529,6.658480050744401,57682.04663243333,0.9948189354130829,0.5781702554758589,1.3423219720563235,452.79313354669773,0.5411203750848608,39654.30909090909,-3.1225022567582525e-20,0.00010743560529022959,-0.18494409452422847,3291.8150218476317,47.311482349804805,-34.18358261862393,6.331012263546967,0.0195353352691188,0.5905497644620894,0.0773855702094647,798.0,16.35792227951895,0.01386733902249806,0.021185185185185185,0.6546406750072739
OSP_27_08_25_20250827_235500.WAV,0.00032942320483878446,3.052773908557528e-08,1.5723108161010337,6.442532821903832,16.0,45.50372801507681,-41.475672071643565,-46.23631935942385,4.760647287780287,0.9211280057507764,0.04439551293126065,0.34583923561452745,0.22282972518174282,0.07760776086180554,166.5964358145864,12.458884376842356,310.1952711726477,0.6582942778170671,4.852989488216107,0.03676048499160787,0.17839824724599895,0.8814488387933752,1.9117885181629426,2.2628771672073498,0.14346915387269146,0.13774932919535773,0.1325148700167072,0.13936753870514837,0.13202659023130636,1361.326171875,11.11006421553303,0.004082601408689749,0.022740904199509082,0.1609054846629486,0.6182783291044278,0.3333178764871038,4.989423121224913,6.743829171206374,62852.52324109425,0.9950828596805379,0.6415513645029497,1.286889831638562,405.87721850450976,0.4359535629424886,39838.72727272727,2.6678995712962096e-19,7.132909384033261e-05,-1.5713453398828914,3280.854715859013,45.5326670680993,-34.23800609835568,4.980897725784963,0.019413314715298738,0.6176797327672613,0.06565166795965865,677.0,15.21217619317397,0.010182311869666408,0.02434782608695652,0.4182426534768694
OSP_27_08_25_20250827_235600.WAV,0.0004644823823599634,8.638410222953075e-08,0.726541005224762,2.4599724962252205,21.0,48.874009249604676,-38.10539083711569,-46.16111318098103,8.055722343865341,0.9081564320241586,0.04086658076321359,0.24429413877585715,0.11290376526618684,0.07656217159685608,160.75713658534707,12.192105214080406,324.66022948525136,0.8537080200847154,12.671289438820692,0.05042544279347762,0.6389553807168499,1.1074268662259614,4.613131215568342,2.1306039585958625,0.2958961167222675,0.14289755277535318,0.13931273477329284,0.14565517091356023,0.13531002236688972,1395.181640625,15.813973169066875,0.006673887413926875,0.024121053548704894,0.2553530969629001,0.6206847060877781,0.3333240788727939,5.245896306763395,6.663113779343825,54641.3465911324,0.9954875810486336,0.5529026272297973,1.412668939482282,477.8876927553099,0.7266776682668994,39508.74545454545,-4.75387826746929e-19,0.00015402980552690318,0.15913849904937397,2261.4442476462254,48.876047670921984,-34.15646509954281,7.687292734798675,0.01959642027652625,0.5870760261662675,0.08320403413498836,858.0,17.723633310506084,0.01774631497284717,0.02218181818181818,0.8001163805644458
OSP_27_08_25_20250827_235700.WAV,0.0004181433782010548,7.537524786193442e-08,1.7346814451841241,7.505981024408111,33.0,48.05530483889729,-38.92409524782308,-46.256105760375156,7.332010512552074,0.8899518372666252,0.08709890678843546,0.42672783150610594,0.16774407858976337,0.0764897624460662,164.12243500983638,12.333339116957752,313.5759703983149,0.8589738010615932,13.181762077225809,0.04447213949799322,0.586221161927743,0.9776944787074651,3.7095896244295394,1.603336834350102,0.5844387330367674,0.1381453463938189,0.1321819256184217,0.13916813275360584,0.13160342261904762,1356.962890625,15.314786491377546,0.004103627194258559,0.022959396163272257,0.16182900400096994,0.6214996107015561,0.3333012120419751,4.623689588423891,6.5484835093230895,53997.00915163589,0.9933825762726002,0.5559221197863353,1.3178120109922322,405.87721850450976,0.41174549631461543,39819.72727272727,1.697295502798156e-19,0.00012728455447797102,0.4205967318218543,3321.8849519403334,48.047757067804355,-34.23807282292718,5.404158654374584,0.01941316558375503,0.5977487949102968,0.05876648564778898,606.0,16.28767744867273,0.005139643134212568,0.02019047619047619,0.2545824847250509
OSP_27_08_25_20250827_235800.WAV,0.0003327744156513097,3.515603643395978e-08,2.29267271109811,12.926623461216113,17.0,45.712499259604144,-41.26690082711623,-46.22903340560748,4.96213257849125,0.9081138939961676,0.08535675234719109,0.43164844633672916,0.2255089956287487,0.07789561878809981,167.35276470346062,12.527228266865029,312.4531345378381,0.7826457165968519,8.201566993231996,0.04207050014551675,0.34504402538223206,1.0882593040019222,2.1119126217613173,2.1024680093371093,0.31784114043014194,0.14084472893026864,0.1326818421323639,0.14104073591672808,0.13217187651537193,1362.82421875,12.221730838921705,0.0040079693409950535,0.02234294912360918,0.1573179672344811,0.6184846544103815,0.33329199947152893,4.497608103425077,6.661801265783519,60801.91683994577,0.993425949428416,0.6930828931633354,1.2995826194149331,410.24148967122494,0.45343716661817474,39787.98181818182,3.850034769107314e-20,7.197149204953587e-05,0.5146618679902109,1630.0902745686212,45.57160506191221,-34.214401922025644,5.009458411554281,0.0194661427526763,0.6471606807010447,0.06817300232738557,703.0,15.111752210204282,0.008824670287044221,0.02022222222222222,0.4364271166715159
OSP_27_08_25_20250827_235900.WAV,0.0003483413510578648,3.995566464115749e-08,1.5766764092973784,6.161784825106859,19.0,46.14837232906379,-40.831027757656585,-46.22074125895001,5.389713501293421,0.9108112571204955,0.08427318079581936,0.3823956953027604,0.2231403148822395,0.07538235840409502,174.18224822371704,12.841388218559867,312.12536645079626,0.7914243317036281,8.58884617911489,0.04566110685024754,0.39217622310490535,1.046066895950775,1.7680523248790923,2.2660650191492935,0.13534008274284623,0.14304302848091033,0.1344485470926355,0.1406056683860898,0.1327064239646979,1368.3359375,12.974678501797715,0.005072518123848318,0.02350490580003646,0.19500466022065954,0.6183471254944723,0.3333157611801194,4.925291412005996,6.679257043520862,59756.88338600056,0.9946591871642827,0.6503251897771877,1.3158221661855434,438.60925225487347,0.5257961764135389,39757.29090909091,1.2797002514902846e-19,9.087300989365344e-05,-1.6277909361836382,2585.8653070705577,46.58434912982158,-34.238255859111206,5.508034426213364,0.019412756497932202,0.638290522534177,0.06797905352986812,701.0,15.814904220090806,0.015321955003878977,0.022774774774774773,0.6728251382019204
OSP_27_08_25_20250828_000000.WAV,0.000390079802589015,5.1617552474481105e-08,0.9119894870021994,2.999422029148472,17.0,47.16371111676379,-39.81568896995658,-46.19889788236422,6.383208912407639,0.9157070296418857,0.05774748575990185,0.3033188849230618,0.20871444807108075,0.07272311404384557,170.52174779536335,12.678972057756562,319.6261657704206,0.8251828337253295,10.440524077925074,0.04569376792929252,0.47706688427689914,1.036279472893403,3.485574094165836,2.1726876579232877,0.2560847336107276,0.13951928361296995,0.13431256980084325,0.14220907351462958,0.13301518099602366,1371.51953125,14.181062234905133,0.004825133655804482,0.023196133726842587,0.1876520254910281,0.6181721195170433,0.33332385707901585,5.234054572646848,6.710240979154225,58590.08870909526,0.9955360460679207,0.6009108083544998,1.3554218453275928,439.70032004655224,0.5447004412763069,39770.836363636365,-1.2289201642844182e-19,9.842328222460429e-05,-1.124034647600973,2550.3537554142113,46.930978438139505,-34.251728230430786,6.9175654982811565,0.01938266940839363,0.5905338646887994,0.0773855702094647,798.0,17.10246362580452,0.014449185415050426,0.022704761904761905,0.6364562118126273
OSP_27_08_25_20250828_000100.WAV,0.0003358926117258636,3.2616787595506224e-08,1.3437899251170988,4.983635514825976,17.0,45.69895729311715,-41.28044279360323,-46.254883485609106,4.974440692005878,0.9212146142106487,0.050675012722263935,0.3591532481726839,0.19387915846508819,0.07224983028162557,173.11483244929053,12.815381727413483,312.0553453911906,0.7266863881569849,6.317601148781248,0.04112035007251842,0.25978197085642946,0.9740291805590495,1.922269690552311,2.246641402966159,0.16820443406480196,0.13778973911356804,0.13048320930404622,0.14046336504794354,0.13185308014499078,1359.537109375,11.802046586255647,0.004169356451847542,0.022813634878816106,0.1631077230843841,0.622283022026401,0.3333207657465236,5.092888622627424,6.744488148909303,62197.11281398166,0.995317309336015,0.6790795027632944,1.3036336958759047,391.6933372126855,0.4048884383183009,39944.58181818182,3.0138980536864927e-19,7.598595189718142e-05,0.44522701712580764,1968.867835656707,45.80733308366699,-34.25545745674932,5.7835767178008695,0.01937434938026197,0.6017927948784854,0.059930178432893715,618.0,16.727541930588174,0.00921256788207913,0.022028985507246374,0.4182426534768694
OSP_27_08_25_20250828_000200.WAV,0.0004133682673920417,6.631745741887869e-08,1.0885414057929403,3.676891704133257,26.0,47.82307776408672,-39.156322322633656,-46.25845200625822,7.102129683624561,0.9049979300474742,0.05124894450058304,0.2485319379884251,0.11753885244635887,0.07298892443455085,173.74888679562284,12.851301057913933,318.83227900619534,0.8243343606521039,10.385265823324215,0.04180690466097121,0.4341758181545581,0.9095153807805485,3.7893998976803216,1.9558933970630574,0.40824519254365726,0.13926874212006596,0.13165601344575453,0.1400409869869489,0.1321330451095917,1362.423828125,14.710647981895972,0.004310664884589274,0.023035549306339644,0.1689329989088264,0.6190083143309855,0.33332022507706566,5.0718279940846545,6.643164583690333,55844.84274375872,0.9950005999689243,0.566481647201869,1.3485765349127137,413.5146930462613,0.44148467049752693,39977.36363636363,-3.714621203225003e-19,0.00011902591360174622,0.39089197488593663,2998.512046783702,47.75641523653579,-34.28268040204453,6.681808288726856,0.019313722176985307,0.5628814181306149,0.06245151280062063,644.0,17.71947684964255,0.007273079906904577,0.01904761904761905,0.3818737270875764
OSP_27_08_25_20250828_000300.WAV,0.000455506095617768,9.741406986193205e-08,1.6829955640419358,9.182011742053115,19.0,48.91367213126319,-38.06572795545718,-46.18291993252061,8.117191977063435,0.8863835825928595,0.0746992812568037,0.5401941177460238,0.2431193565932379,0.07189483749044756,171.0085793914214,12.71023163001031,325.6520251831085,0.8117367025767547,9.623419579779739,0.07996082938754663,0.7694966111435434,1.1082467347436866,5.159371822569934,1.5770670551596282,0.5309172491855556,0.14505544240778454,0.13535439581589873,0.14456115735214273,0.13416913672291728,1383.41796875,16.096583056430905,0.006538072204441858,0.024339917911123603,0.24302766579776916,0.6211237840780831,0.33328422381641704,4.411422713030606,6.525906417048587,51583.196946216216,0.9927656752012552,0.5737166436016956,1.4172948865466082,466.977014838522,0.651742526185627,39612.12727272727,-6.784345812411112e-20,0.00015766240610858335,-0.26106558993773665,2098.6217557162945,48.97728150107791,-34.224286847654014,8.526209697278198,0.019444002024332684,0.5569624804288936,0.08213731574864236,847.0,18.762263268290408,0.026667959658650115,0.026190476190476188,1.0183299389002036
OSP_27_08_25_20250828_000400.WAV,0.0005090857453942902,1.413242754423774e-07,1.3816141526895842,5.708200163099228,20.0,50.09804434786161,-36.88135573885876,-46.1965178187986,9.315162079939839,0.8776439363773326,0.07751264120965407,0.33799159897171305,0.15096711132390828,0.07447239681599283,171.03085475347913,12.690984182385616,332.34661389475264,0.906311404900349,20.3473155176755,0.0532152075878561,1.0827866191287074,1.4486299672747864,7.331068863399788,1.6700856478952881,0.5332465096895188,0.14064267933921704,0.13548637377557948,0.1433067126388024,0.13419792878964212,1383.71484375,17.620632135488133,0.006474426583260595,0.02412478611589567,0.24760974251333656,0.620597151931064,0.3333017139296253,4.631563647878054,6.4716637468527605,47845.85930588918,0.9933039213400957,0.5263882339821994,1.4705212649063713,432.0628455048007,0.6251666909126176,39763.25454545455,4.1379988661194637e-19,0.00019431474853738728,0.11922943217431342,1774.7673432302163,49.885057649091955,-34.25180275057403,9.581575230053474,0.01938250311649207,0.5450823740681853,0.07331264546159814,756.0,20.446181977991564,0.014158262218774243,0.022901960784313724,0.6182717486179808
OSP_27_08_25_20250828_000500.WAV,0.0004601736565358604,1.065080687925308e-07,1.7174678973339594,7.778356712654249,20.0,49.10002757678723,-37.87937250993315,-46.18129450345789,8.301921993524743,0.8786172579709852,0.08115752651001518,0.37473045957440854,0.1804559045322871,0.0767311410523599,167.94446295310362,12.530309685262319,324.0577230260469,0.8965082397505789,18.325209999133115,0.0489472238836878,0.8969681565431629,1.2680151636737844,5.401564474172702,1.5848227854550148,0.5666917433997523,0.1391394303817929,0.136640181089758,0.1424592373447466,0.13389277076665695,1380.568359375,16.517738738595803,0.005801601445058676,0.02444690540835498,0.21784400384941804,0.6234280417917255,0.3332911983453678,4.488009902844327,6.4774350069283875,50263.86087970834,0.9927133848939509,0.5441097761112217,1.3985742464685407,464.7948792551644,0.5946698307632625,39516.763636363634,3.8067192495859534e-19,0.000166956791842778,-0.5706261320398586,2500.6513859644742,49.226040909545894,-34.17378988925942,7.515429988192565,0.019557372405312277,0.5651817895827665,0.07224592707525214,745.0,18.12116260572347,0.018328161365399536,0.025199999999999997,0.7273785277858598
OSP_27_08_25_20250828_000600.WAV,0.0004447993390203531,9.790040963207835e-08,1.4867929898934653,5.502001708930752,24.0,48.78130114372461,-38.198098942995756,-46.189650726575955,7.991551783580199,0.8823381505225651,0.08620230039111232,0.2645665192077381,0.1437850999593191,0.07865911007934046,163.89517360598288,12.321358768170898,323.66315761288774,0.8880539377091529,16.865746762970517,0.051484697079526895,0.8683278631115483,1.3007433124570333,5.0117779385534655,2.189560898836392,0.23856393591078612,0.14196004267287363,0.13648020780529652,0.14372818430910822,0.13427293970032006,1384.48828125,16.275365637306034,0.006253182281059063,0.02534138144257212,0.22544527840082443,0.6221147652485269,0.3333084317702656,4.750983846995093,6.5010741079331,50534.70179879864,0.9935496880574415,0.5373294889851988,1.402133598107878,452.79313354669773,0.6188968395402967,39274.30909090909,2.234639241326487e-19,0.00014658956645735184,-0.36923098537936255,1974.9269603483988,48.661030604057196,-34.19720604426278,7.537152846068899,0.01950471899437182,0.5877527379014061,0.08116757176105509,837.0,17.650995379750714,0.019491854150504268,0.02552380952380952,0.7637474541751528
OSP_27_08_25_20250828_000700.WAV,0.0004249515164037523,8.244148705022123e-08,1.7948530085323617,8.460770908029193,25.0,48.27207458509435,-38.70732550162602,-46.19692402954002,7.489598527913998,0.8855692636662269,0.0858081304662226,0.4374777475858195,0.2251620801533848,0.07830653062725468,157.5747961574353,12.035582197639547,321.0425755030636,0.8552337128072555,12.81537123582621,0.05913634044780352,0.7578541563668073,1.1716274999849086,4.101055552982092,1.5957598840045764,0.5574722029575607,0.1389777907089516,0.13640222082912157,0.14302482513457637,0.13401059093443896,1381.783203125,15.611597054350753,0.005856154834642615,0.02347561818268778,0.22480591885911735,0.620718916702055,0.33329370233136785,4.51864328970451,6.520899696951264,52579.07899726069,0.99290242926261,0.5716083479277334,1.3742120040324446,473.5234215885947,0.6347135340898069,39575.781818181815,3.6710954141914033e-19,0.00013648853592919787,-0.3722303860230225,2733.4397750518833,48.35096175246556,-34.183741342379655,7.1010488921423125,0.019534978288592714,0.5760713382378423,0.08853762606671839,913.0,16.75843093796547,0.022595034910783553,0.025360544217687072,0.8910386965376782
OSP_27_08_25_20250828_000800.WAV,0.0004531672499103125,9.060578074921611e-08,1.5675312170146267,8.14131127242826,23.0,48.78452287377396,-38.194877212946416,-46.18953417881595,7.994656965869531,0.891779534157255,0.03936772724771409,0.20803058332531843,0.13090328505204984,0.07404026492216187,172.10051468837128,12.758648438088343,324.5409003647411,0.5692013768803479,3.6425403719187606,0.16177067943522352,0.5892562308355297,1.1490746441199118,4.481844761399017,1.964572392029438,0.4024727821977628,0.14114376232502507,0.13582131783992074,0.14356503398511888,0.13397384316506644,1381.404296875,15.458659321332453,0.006421767408592765,0.024684409316218806,0.23585263094083417,0.6203366548951624,0.33329123074241046,4.488394494195202,6.559868101213722,53091.082067822426,0.993358595327222,0.6051203667322649,1.4066852643673438,456.0663369217341,0.6073989549995151,39624.4,3.3012313421619236e-20,0.00015387929444279127,1.4371653516566378,2330.8718797618644,48.871801863408805,-34.21081196242276,7.690547290445082,0.01947418995481549,0.5774549008584648,0.07903413498836308,815.0,17.951362059751375,0.018619084561675717,0.02381395348837209,0.7819319173697993
OSP_27_08_25_20250828_000900.WAV,0.002563492280588402,3.769142307737268e-05,8.811450582309632,88.52502563476767,28.0,70.53249988647852,-16.446900200241853,-43.168967974516725,26.722067774274873,0.42195463018444346,0.049235294670201046,0.19630474994654323,0.047143946024369554,0.06996708856365652,56.83701007663617,6.745142965785429,346.47837611656155,-0.8954184535976781,0.05517596718751816,203.49057017659845,11.227789023033358,4.715631281486215,259.37125450688376,1.9823668808647306,0.40724509973060136,0.35117027123137107,0.19934870876563612,0.20830126976271598,0.17721308705508682,1827.244140625,27.302313863054653,0.06724936505916011,0.06265873974189268,1.020986148157129,0.6157633195208049,0.32380064982888396,1.7772083636742708,3.553238683288007,8129.242502862057,0.8525461738590421,0.16684063158450688,2.825495684627409,629.5461157986616,1.2634224068955484,21894.654545454545,3.8958735227755494e-19,0.02358624233614812,-0.02642979254775791,23.853358102170635,70.72658756372444,-29.997612667917043,18.794230325399504,0.0316314697265625,0.7772943593997228,0.39400698215671065,4063.0,22.816565745470697,0.35647788983708306,0.10540501792114694,3.382310154204248
OSP_27_08_25_20250828_001000.WAV,0.0038808873732137845,4.126524231797262e-05,7.610018483431496,73.17182123173382,22.0,71.57922960190811,-15.400170484812264,-37.09510598520337,21.694935500391104,0.5543677548728151,0.025525341231086296,0.17786837421924062,0.05269637779625991,0.05607707670914874,38.806564786377216,5.496694643742028,353.47795000684584,-0.7765099544646619,0.12580286700542873,210.92644327121954,26.53515129077734,4.0460282158495415,352.4582695595667,2.094082492126665,0.2968678005348256,0.34442989687388875,0.2422765398178504,0.2578953426927236,0.21311262698816796,2197.404296875,28.927462475651133,0.11581362592134613,0.07426960212217855,1.5441243331716779,0.6162481907007177,0.3281972376390348,2.0864248960162364,4.406407190848572,16333.739761734949,0.9017706196708737,0.37717648700712403,4.142864859947704,834.6668606342741,3.051883304238192,14652.10909090909,-3.0480668494254297e-18,0.031155400186811098,-0.08265302015210814,18.54122407369715,71.93533334079228,-25.254432159588006,15.566627321737847,0.05461078369834206,0.8124572757188322,0.3963343677269201,4087.0,19.545641900947217,0.3654965089216447,0.09349457364341085,3.9096595868489965
OSP_27_08_25_20250828_001100.WAV,0.004301393949872106,5.382168673977445e-05,6.957388507230699,63.12542414930289,22.0,72.66490465502744,-14.314495431692931,-42.187941603413826,27.873446171720893,0.5614581464027405,0.05756012066142935,0.37740613964155145,0.1593827207832783,0.06815315434727831,60.266652113558344,6.595853267530317,375.91267948121674,-0.5912891123300701,0.2568426343792854,182.58482232072149,46.89556676252786,4.966188369461713,345.64248120178615,2.2507396485684086,0.1755607989723657,0.37617602427921093,0.3314534674530294,0.3178052274048757,0.2658383915022762,1751.875,28.45535081785787,0.17398668674127465,0.059936665344739355,2.775788868047124,0.0,0.3290338690622049,2.1753262817429575,4.456163909865387,15118.328104888946,0.9118808816997169,0.2557388715834976,4.769882881386125,940.6297420333838,2.4915236153262517,24714.38341146003,1.6751081945299351e-18,0.042628668864278525,-0.03694917310847656,14.625805257784323,73.31566472965547,-29.492423040520883,20.893600583277582,0.033525776694255466,0.8199691952932034,0.4178425125170687,2754.0,24.670962381770373,0.3967531482324381,0.16603174603174603,2.3899848254931713
