filename,MEANf,VARf,SKEWf,KURTf,NBPEAKS,LEQf,ENRf,BGNf,SNRf,Hf,EAS,ECU,ECV,EPS,EPS_KURT,EPS_SKEW,ACI,NDSI,rBA,AnthroEnergy,BioEnergy,BI,ROU,ADI,AEI,LFC,MFC,HFC,ACTspFract,ACTspCount,ACTspMean,EVNspFract,EVNspMean,EVNspCount,TFSD,H_Havrda,H_Renyi,H_pairedShannon,H_gamma,H_GiniSimpson,RAOQ,AGI,nROI,aROI,ZCR,MEANt,VARt,SKEWt,KURTt,LEQt,BGNt,SNRt,MED,Ht,ACTtFraction,ACTtCount,ACTtMean,EVNtFraction,EVNtMean,EVNtCount
OSP_26.08.2024_20240826_203400.WAV,0.0024084566868109777,1.68961960432872e-05,7.057709877181433,70.88384161406839,26.0,67.63175741879768,-19.347642667922695,-44.86260496405944,25.514962296136748,0.5682085741235754,0.12553687221080656,0.45614898083794375,0.12556430680012232,0.019317026343700916,23.507490884111238,4.073374567932759,324.83751032471525,-0.5895815253142149,0.25819278102433724,82.49979507602794,21.300851524617578,5.755149789699746,131.88008237882133,2.1342774211233904,0.29901328918275405,0.2323004558238774,0.16529139633681175,0.17885716823608214,0.1617271224299292,1667.568359375,29.940833799830628,0.05125006819173698,0.06584418531822053,0.7815815197623666,0.6247107390563831,0.327159212549926,1.9943882505956634,4.492796336928766,14632.696662096962,0.9032012734905743,0.33759376399456054,2.7299871997820038,390.6022694210067,1.1234209824459316,33582.23636363636,3.061524098208765e-18,0.01195160176557433,0.08212014978144286,50.13703467754721,67.77426113763914,-33.1673639523735,19.251171942785433,0.021959973028934363,0.7024476579009186,0.24641194724592708,2541.0,25.297343174360734,0.21654383242823894,0.08629951690821255,2.509455920861216
OSP_26.08.2024_20240826_203500.WAV,0.002632045526902797,2.1586463669285997e-05,6.8837529228760825,67.09996918325048,33.0,68.62270054187354,-18.356699544846826,-44.48651394257016,26.129814397723337,0.5603071220368306,0.17709360578874822,0.4645790372758497,0.1545116292988934,0.024602263022028725,29.97353169566984,4.668520317295438,326.63266100763553,-0.4530609112536961,0.3764047910933112,102.5767479689608,38.610379390287925,6.570854731523109,170.16597404407028,2.205757311535032,0.22804551191818004,0.2324863414476449,0.1822905574769014,0.2007202180413441,0.1697512062360586,1750.3046875,30.771518537395846,0.060896168230530505,0.07016793273581676,0.8613238626030553,0.6259503853693611,0.3273066847654177,2.006475963566978,4.444643940786772,13827.721860432846,0.9053398848369092,0.26601048139097383,2.9632808374164483,353.5059645039278,1.4888339819125205,34450.2,3.4019924924271463e-18,0.014860967070656707,0.06422782031480073,43.34784710526293,68.72047071859555,-33.09721800691163,19.83906105225452,0.02213803652561072,0.7080090767066499,0.24806051202482546,2558.0,25.861068684310737,0.21576803723816915,0.10987654320987654,1.9639220250218214
OSP_26.08.2024_20240826_203600.WAV,0.0008906536336116433,4.234457675875528e-06,8.049593170392004,77.3788531869006,19.0,61.08581188631557,-25.893588200404807,-44.4261489006196,18.532560700214795,0.4545983809674502,0.18856383423207101,0.5418306772640121,0.19396438731229082,0.020330739475460713,22.20645334698633,3.890408950630612,310.49077038885827,-0.7587526417108352,0.13716957835212704,21.690956155259318,2.975339309871395,3.7147281316161114,28.17286164342174,1.903209886521217,0.4510459375784455,0.2366566450069505,0.1830404322478146,0.2130308163770295,0.16583283326059547,1709.90234375,20.928202909323414,0.04589303898748909,0.03601805570343597,1.0225845470113968,0.6261785364604113,0.3254760849219019,1.8738532600224629,3.7676076530757854,8303.683482833998,0.8721310478360619,0.17590367685771888,1.6226028660676128,639.3657259237707,1.7163670776355346,35684.41818181818,-9.438577865411748e-19,0.0026703487647798093,-0.26474137464006303,153.45766968719417,61.26567986730742,-33.07397274785267,14.313990460197658,0.02219736189408736,0.6590339519754299,0.28403801396431344,2929.0,19.672262948292346,0.2587276958882855,0.10698746867167919,2.4185336048879837
OSP_26.08.2024_20240826_203700.WAV,0.0024186888433077158,3.6005565617366344e-05,7.667160723763563,71.22150065842443,30.0,70.2896376297298,-16.689762456990586,-37.01141486936816,20.321652412377574,0.45362134208088445,0.06986923021176616,0.33761790631247535,0.1377650782343458,0.08705065020777714,18.50124300988545,3.7059371463379813,340.17896247217277,-0.7101194448454211,0.1695089521543809,184.0581582243039,31.199505536066994,7.021208722270019,230.22547286336612,1.7259980348489032,0.5243598628678203,0.34932757896098016,0.21405925210489848,0.20300976092132797,0.1807836821719523,1864.060546875,25.39688165076432,0.06201981651876637,0.04866695890081833,1.1609703678164403,0.6223395074913943,0.3260515099325822,1.91188084616547,3.7647648540971383,6621.0202455303,0.8779845056272741,0.12394278747702184,2.4176431749851472,645.9121326738435,1.5612308760062068,13814.254545454545,-2.9222415733012453e-18,0.0250985066219868,0.06512996447251897,22.52915143215575,70.99647881436209,-24.770576057973784,13.406839557425215,0.0577392578125,0.7964349276715368,0.3830488750969744,3950.0,17.500577570145868,0.34920480993017844,0.07247295597484277,4.8188827465813215
OSP_26.08.2024_20240826_203800.WAV,0.0003854100708395544,9.237418871185401e-07,9.9738468392037,111.8280380333652,6.0,54.37519313350884,-32.60420695321153,-43.52236809430941,10.918161141097876,0.37769479836114367,0.03825535536694313,0.8188986979157411,0.7739399596228851,0.02045243422711962,27.978956203709817,4.380365510877031,300.516157214864,-0.9381335387804224,0.03192063910028992,5.098724010020754,0.16275452899585552,1.9206794725944236,5.805368734616919,0.48820071737670084,0.8628646973331697,0.25661106261920924,0.13800895250493167,0.1292504058364309,0.13528539757298033,1394.927734375,8.601162941023873,0.005398512510910678,0.023709644942841005,0.181720189742968,0.6297999073451728,0.31728095885478186,1.5166431045457767,3.2535458680606353,8346.587414577585,0.8136441995802293,0.17111975320953515,1.2365333352758217,90.55862670933955,0.17627564009310445,24333.472727272725,9.523106209332072e-19,0.0007988137827106954,1.4114509262277803,147.2742949709525,56.02445549568171,-31.09116708142789,5.929850430381947,0.027889558925050677,0.7865171097324595,0.24117532971295577,2487.0,11.251298602617494,0.18231186966640806,0.03978835978835979,4.582484725050917
OSP_26.08.2024_20240826_203900.WAV,0.0003339990656393985,1.8058369060011137e-07,8.05282382578158,78.70498093848934,13.0,48.72799606759629,-38.25140401912409,-45.337376245459055,7.085972226334967,0.612968712432731,0.023716049117008753,0.6922596890644628,0.3452521010016145,0.009931836760763257,31.249809482089013,4.66088984279274,300.0656068428227,-0.7938246711432502,0.11493616526377073,1.085655525297466,0.12478108287511538,1.2152487702992354,2.3705512551790617,0.7395540605676474,0.8299785211176761,0.1947111499046326,0.13052020312607795,0.12982143197039364,0.1319769618005043,1360.814453125,9.698314682046465,0.0034620566021724376,0.023312856784627533,0.13138838582080506,0.6276912370170086,0.3291572800642762,2.189888191907389,4.781332205244833,28113.94138442058,0.9194700249763632,0.5572173999260202,1.2307156956062952,41.46057608379401,0.15197286271942584,37391.799999999996,3.588880034905714e-19,0.00014996396714758638,2.5560078561493906,1007.4450281508215,48.75986920730018,-33.475555039075374,3.727742196440907,0.0211944580078125,0.7357061310766384,0.08010085337470908,826.0,12.456128874164051,0.04383242823894492,0.0277088122605364,1.582048297934245
OSP_26.08.2024_20240826_204000.WAV,0.00028416815436121755,5.1696267434369736e-08,8.760367157193102,100.61556724660558,6.0,45.2925474279511,-41.68685265876928,-45.562859732741515,3.8760070739722323,0.7699883380662744,0.0008375373397635499,0.7191971255573224,0.6617617493705376,0.00735944452742987,37.65664757119486,4.8680543696790055,297.69004281247226,-0.6501182948232924,0.21203431673616804,0.31446451933424935,0.06667726949480507,0.9675775605803653,0.8309750613813549,1.902438856629904,0.45720635198477133,0.1695761807778101,0.1287285023401092,0.12786453447321025,0.13037862325429153,1344.333984375,6.6588549418759015,0.0023128364125691012,0.021889985869892374,0.09508697184165858,0.6290776690669392,0.33123706797360997,2.5344928144736225,5.779098772985836,48833.925407540024,0.9535998514895077,0.8683292920088992,1.2124533482185833,6.546406750072738,0.06737722456599748,40019.61818181818,-4.516168583882407e-19,6.810119546783748e-05,1.4359638641871189,120.47412243932074,45.33154735709086,-33.85416897158167,1.2604053789335552,0.020290444044633347,0.931490256588782,0.042377812257564006,437.0,9.11333726016437,0.018716058960434444,0.021900709219858157,0.8546697701483853
OSP_26.08.2024_20240826_204100.WAV,0.00028146879994406823,4.1649798919816755e-08,7.9697039446590034,85.27843952192124,6.0,44.89544603727593,-42.08395404944446,-45.56631251654271,3.4823584670982513,0.8066400286529026,0.0007289008369176786,0.6834146660663396,0.632254684634328,0.005751055199596622,27.873156449010693,3.9035669378795217,297.53232983950596,-0.5927102947623755,0.2557211481441389,0.255285987019146,0.06528202570564576,0.8705226222928328,0.7961762861273609,2.1071667354044448,0.3196016026088559,0.16125173762648307,0.1283975576078795,0.12810654078712777,0.1300776325041218,1341.23046875,6.489372034557467,0.0023437121157016782,0.021775888036640503,0.09888760911736179,0.6284767583148201,0.3321615282137756,2.8252987966130774,6.014758439384505,52941.10398886769,0.9666018958231039,0.8920343984567114,1.210846210199045,12.001745708466686,0.06857057996314615,40333.163636363635,1.759325008908842e-19,6.156402220505303e-05,0.8285547442907165,92.02090855711076,44.89326986149617,-33.8934399199653,1.054589902653845,0.020198913250547467,0.9448478337699289,0.037820015515903804,390.0,8.669573781670683,0.01638867339022498,0.02146031746031746,0.7637474541751528
OSP_26.08.2024_20240826_204200.WAV,0.000278080033195872,3.444372689776751e-08,7.540111589849546,79.03334779129305,5.0,44.55543892238478,-42.42396116433558,-45.37835158443227,2.9543904200966864,0.8330854379926514,0.0003931472260133573,0.6846277226212413,0.6389535511864006,0.003952229393285656,28.660469676480325,3.881307280125904,297.21944451022205,-0.5419251489697151,0.29707982345080863,0.2104018286790576,0.06250613811770171,0.8109135712762608,0.7285870224605677,2.2145483297673345,0.21121707376209892,0.1575986810202696,0.12726974595242593,0.12877001877135116,0.12971337497575405,1337.474609375,6.043688199669921,0.0019961236785956747,0.021604487709800557,0.08539001879243453,0.627583316003841,0.3325280768903049,3.012868739919853,6.183416934192779,56287.459159513615,0.9735713777166433,0.9047328691314747,1.2083858217627508,2.1821355833575793,0.04091504218795461,39454.799999999996,5.142140921819735e-19,5.6900872721190414e-05,0.5790228964442415,50.189229332018,44.551189274687204,-33.74740130108248,0.7610640889745,0.020541395048661665,0.9651977834993518,0.02860744763382467,295.0,8.08242105442152,0.012897595034910782,0.022881720430107524,0.5637183590340413
OSP_26.08.2024_20240826_204300.WAV,0.0002770758532024958,3.070844870573321e-08,7.265573017630929,76.11476901598348,5.0,44.385355146574724,-42.59404494014565,-45.6131177414082,3.0190728012625527,0.849085387891975,0.0009083282203989906,0.7565135292284443,0.71362337299099,0.004740021167195296,26.568451817800185,3.818073738670101,297.4432354456711,-0.49508747002383147,0.3377143746433246,0.18865476675696277,0.06371142657880995,0.8318160731766009,0.6998735994722831,2.0593325222161276,0.3521776452881058,0.15491546245110402,0.12820658949955357,0.12827875501800545,0.13027728275627973,1343.2890625,6.274381501831319,0.00220751806323344,0.021740765243093863,0.09359513291100874,0.6268408200594066,0.33268992979134265,3.1250630746959547,6.285125060649525,58344.33721085666,0.9771878086781637,0.9079886389730449,1.20888719702578,5.4553389583939484,0.04758267869265832,40897.05454545454,-5.293534970632257e-20,5.477775454008476e-05,0.8750449314032577,78.08507889612368,44.386042256025384,-33.946268660509894,0.8197699294756617,0.020076433609471176,0.9574869543299278,0.02957719162141195,305.0,8.3813861025042,0.012315748642358418,0.021166666666666667,0.5819028222286878
OSP_26.08.2024_20240826_204400.WAV,0.0002762344774806839,2.4907034731271238e-08,6.4963242581542255,64.67397074318616,4.0,44.12444213244094,-42.85495795427943,-45.652546334797165,2.7975883805177375,0.8770091970773728,0.0057750297170594544,0.5899787350638873,0.5749671034133692,0.008109687113597164,29.688134834767215,4.612097671146122,297.45463183454524,-0.3696596274094736,0.4602168012959031,0.15053565516384643,0.0692790377004885,0.8904144595262248,0.6439887462828597,2.1857477221884647,0.24559808218680299,0.15095529046649211,0.12889447462273798,0.1279633310582927,0.13010093134758996,1341.470703125,6.373417652390439,0.002149365665308894,0.021934362177008258,0.09217433392943744,0.627438051922187,0.33297530848949775,3.4181479445572545,6.462737313449535,62005.223685950616,0.9837120251800199,0.9061923234385908,1.2109112448582955,19.639220250218212,0.08429256376685093,41341.58181818182,-4.554542769866137e-19,5.180953854316649e-05,0.8184366434094512,66.24489867829276,44.14409724133311,-33.99925598740764,0.7138934142125066,0.019954332317005503,0.9635320471748923,0.027055857253685027,279.0,8.036964159770646,0.009115593483320403,0.020053333333333333,0.45461157986616235
OSP_26.08.2024_20240826_204500.WAV,0.00028152153347926236,2.276386227017996e-08,5.363992728222318,49.31043470090353,5.0,44.15887779862693,-42.82052228809343,-45.63563538358515,2.815113095491718,0.8958468864929383,0.03299698040590404,0.5959747050697767,0.3942132680798741,0.016227880029683117,96.6484641946924,8.84183983438373,299.15865200798476,-0.15260362276603223,0.7352019033224758,0.12507514746105575,0.09195548647170751,1.0462301341203322,0.7160937757383061,2.2500869637868024,0.16584963048193052,0.1478518087479391,0.13276982743881774,0.12855248500603203,0.13089157665357384,1349.623046875,7.047914417928159,0.002539573938027349,0.022533203832843435,0.10684408341416102,0.6291525893944372,0.3331266576649213,3.69287376202062,6.5825357434537315,63987.691651901056,0.9881184739108311,0.8934443087220504,1.2226207115993244,56.73552516729706,0.18665593783338183,41322.41818181818,2.8630296786545703e-19,5.2482178332246685e-05,0.7150987667924722,61.513521613277966,44.20011852626008,-33.9857484808519,1.0010079300995898,0.01998538762294885,0.9468506053671546,0.034231962761830874,353.0,8.80491164821444,0.010764158262218774,0.019096774193548386,0.5637183590340413
OSP_26.08.2024_20240826_204600.WAV,0.00028335544951006806,2.3133415021309505e-08,4.322974870185201,29.40736601833458,6.0,44.21830148608776,-42.761098600632614,-45.59604283416092,2.8349442335283044,0.8998573729414725,0.04152428699200461,0.5117213320847016,0.24182063742706983,0.05616161208775816,102.78815380694145,9.541624339560357,299.0148731918923,-0.04158376618965376,0.920152814320875,0.11726959635948361,0.1079059491244519,1.263624785718763,0.7392838689429502,2.271446362464088,0.1294192942385651,0.15114925807390164,0.13620225422354468,0.12811651108470493,0.13118120211424691,1352.609375,7.125701581864613,0.0033516238725632822,0.02249021919752249,0.13398134396217265,0.6292562716217821,0.333242261652068,4.102625683322384,6.608945048514444,63788.679977718355,0.9907782376868278,0.8878380014867971,1.2269750551841563,196.39220250218213,0.3094200065464067,40503.90909090909,1.1943308295210018e-19,5.3058380903364635e-05,0.22824622141570258,40.884945036997834,44.24753993187529,-33.89334465872718,1.1499878864867483,0.0201991347804214,0.9433160248072328,0.05013576415826222,517.0,8.051512166790616,0.014061287820015516,0.019333333333333334,0.7273785277858598
OSP_26.08.2024_20240826_204700.WAV,0.00028050895758547517,2.4357922406436654e-08,4.66389992157232,33.71151280420475,5.0,44.20229297133491,-42.777107115385455,-45.6020692611452,2.8249621457597485,0.8915197600750349,0.051011360723176136,0.6635368999525688,0.5102729359792499,0.08684292114183068,114.84944804663395,10.169443518568949,298.1293515422849,-0.0140130652411986,0.9723611741869117,0.11466475228060939,0.11149555316542471,1.2581429189587154,0.7139401623710298,2.2315771778418854,0.1966977891335464,0.15074515889179838,0.1359392981372111,0.12813101333572618,0.13133823253079235,1354.228515625,6.895797648907584,0.003501645693919115,0.02210862399005948,0.1298610269156159,0.630164561609294,0.33320833877451556,3.944314031199662,6.556236421063221,62607.54585435352,0.9894215771290428,0.89111985029885,1.221359179193721,205.12074483561247,0.307165890796237,40391.25454545455,8.23625679442564e-20,5.2650272173122845e-05,0.31332812684039685,28.418631406758927,44.214006205923475,-33.83791141952864,0.8074139278311776,0.02032845763582172,0.9745214388690958,0.050329712955779676,519.0,6.4718576724892465,0.01590380139643134,0.01822222222222222,0.8728542333430318
OSP_26.08.2024_20240826_204800.WAV,0.0002726090548967813,1.756233130285678e-08,4.733816088808129,39.25887856351828,4.0,43.704216354465466,-43.2751837322549,-45.643028417138545,2.367844684883643,0.9147133084785469,0.0023443064655708223,0.5807940459866434,0.5541513161871251,0.015160052689240588,110.0073123953167,9.427712208266332,297.4053473279091,-0.22700108332325317,0.629990410915636,0.10363943201591737,0.06529184836277091,0.8718416094301277,0.6146983220566555,2.2384640223078565,0.1813242192475812,0.1494197135744997,0.1295323680945282,0.12797420774655865,0.13014771845601786,1341.953125,6.04017413007004,0.002179483682475027,0.022022098778226272,0.0932754531401552,0.6283718871251357,0.3332312285518945,4.045449357141971,6.701896168008254,67117.19585107245,0.991339965340251,0.8878533088357785,1.2093970475898792,16.366016875181845,0.0923808614586364,41413.2,-2.393182453555155e-19,4.695015195125749e-05,0.3517350697704419,30.991029231597697,43.716370021715825,-33.99919416443494,0.5448177215222785,0.019954474345120515,0.9765377824779582,0.022595034910783553,233.0,7.225656433731542,0.005915438324282389,0.019137254901960783,0.3091358743089904
OSP_26.08.2024_20240826_204900.WAV,0.00027087624977228865,1.534040801183814e-08,4.2455826284256695,34.073304718260005,5.0,43.55203847955443,-43.42736160716594,-45.64383124808656,2.2164696409206215,0.9256284716903158,0.0019909985056887347,0.7188055037596716,0.6921106464249112,0.013966613869696332,113.97298428041385,9.602010977308032,297.3796848418734,-0.15719152293267066,0.72832237392424,0.08753419438673635,0.0637531122552937,0.8363219770014393,0.5794872971892641,2.2495412213232022,0.16394147297039333,0.14483722884944883,0.12726674645334227,0.12867756692109056,0.12988139183881292,1339.20703125,5.9301171483343325,0.0019341828508389097,0.02181945564961394,0.08439545950533463,0.627828096963851,0.3332623451058458,4.227192108018857,6.770753123353482,68876.39304829943,0.9928371419704405,0.874972873729562,1.2089852512146557,25.09455920861216,0.08842195228396858,41800.090909090904,2.7724035188792974e-19,4.5750887724452095e-05,0.3601668494025997,35.37263691409253,43.60399525289694,-34.0356331062542,0.47347469711182555,0.019870936919703628,0.97916869913368,0.018328161365399536,189.0,7.330584787895932,0.0026183087664856477,0.0288,0.09092231597323247
OSP_26.08.2024_20240826_205000.WAV,0.0002718700773463177,1.863321044179229e-08,5.147021830760608,44.71191100194663,6.0,43.73570200350969,-43.243698083210674,-45.657785076667025,2.414086993456351,0.9077088414704353,0.0005187459898063906,0.6832442792694837,0.6354410342320613,0.003746869605861791,15.920809606396139,2.5171050711636154,297.31279095682146,-0.29056791787155123,0.549705344681486,0.11169233929350791,0.06139787586961925,0.7563198218628073,0.6220834153235072,2.220506927382439,0.20156735416142713,0.14895095852325996,0.12760069068465565,0.12825700164147352,0.12956448968334788,1335.939453125,5.998758770077325,0.00201203508389099,0.02199573691866713,0.08560313863967023,0.6296165396248817,0.33319711837837973,3.9013320400935325,6.657560547400598,66181.76820475032,0.9900964794121225,0.892248666951712,1.207242280332221,10.910677916787897,0.05108697628745999,41528.145454545454,-3.6111686032031135e-19,4.725445148181645e-05,0.40834984957239306,37.76778361132927,43.74442726346398,-34.052741228252465,0.5962906197309294,0.019831836740898362,0.973391657591188,0.024631497284716836,254.0,7.445273348608742,0.008145849495733127,0.0224,0.3636892638929299
OSP_26.08.2024_20240826_205100.WAV,0.00027591166457911065,1.9454930178690883e-08,4.587316838347696,35.70923455372604,6.0,43.87586886754147,-43.103531219178905,-45.656600347139076,2.553069127960171,0.908985961757734,0.0060397693976120825,0.585642154320893,0.5071344287275077,0.008069960943922094,77.38008096680973,7.50349871787619,297.7601341383429,-0.27029674428683226,0.5744352719118685,0.12042261427580095,0.06917499717585777,0.8326624611160562,0.6540488208534244,2.2515418609255806,0.15952013869424703,0.15203827627452882,0.1274397175671663,0.12812104303814909,0.12965995811511977,1336.923828125,6.478968141286291,0.0021109131025118808,0.021961977132101226,0.0908245748969447,0.628433698156001,0.33323103497046813,4.044502299869687,6.666020166683997,65851.12784661613,0.9910461750401722,0.8980320615337379,1.2121178351114126,9.819610125109106,0.08215210091164775,41419.63636363636,-2.3777276444055436e-19,4.9199654036511806e-05,0.41806188386969895,49.76940834927022,43.91962048894146,-34.02211241797857,0.6994133845956299,0.019901892638928963,0.9648698927750723,0.02356477889837083,243.0,8.34500894740448,0.0065942591155934835,0.020148148148148148,0.3273203375036369
OSP_26.08.2024_20240826_205200.WAV,0.0002672191394594276,1.290133510886276e-08,3.8941839989948934,30.45005984993249,3.0,43.330756842778335,-43.64864324394204,-45.67856209812915,2.029918854187109,0.9361517391351647,0.000547184552748825,0.5927752283476099,0.5686730136566522,0.008625744326197338,73.445676460121,7.0476351756627755,296.85248332186336,-0.07979150914427438,0.8522094154870536,0.07086259933297626,0.06038977435744897,0.7320863767650959,0.5461266820447095,2.272482667434118,0.12230747320216331,0.1429217987262794,0.12736872942218652,0.1277312950419523,0.1294917518305693,1335.189453125,5.703960450914451,0.0019203550819513143,0.022194116635330788,0.08357850009093112,0.6272614806205984,0.33328537043924217,4.423235298552203,6.837002606222476,70870.41993098131,0.9940172532989329,0.8609831788027609,1.2052840316930982,12.001745708466686,0.04161590170691495,41923.854545454546,2.711635629842049e-19,4.329637245941335e-05,0.2731749108660692,16.00740309932854,43.364515109756454,-34.065659856905015,0.3517974445525738,0.019802362534494113,0.988144152066611,0.014643134212567882,151.0,6.2646055073755225,0.004363847944142746,0.021818181818181816,0.20002909514111145
OSP_26.08.2024_20240826_205300.WAV,0.00027010959610107544,1.61227587073061e-08,4.470559361899227,35.201046469694305,5.0,43.569996975410845,-43.40940311130953,-45.65756193491771,2.248158823608179,0.9206143817452013,0.00033955534642471363,0.5090842347175631,0.48384879968440764,0.006221077327235758,54.488234388505035,5.8026682221573065,297.27044756629385,-0.2219132114925316,0.6367774578335706,0.09540435472812524,0.06075134247002778,0.7343973179193729,0.6058168706294642,2.279151387264906,0.10683681869248537,0.148959040506902,0.12782565311592964,0.12788719424043102,0.12963419679226068,1336.658203125,5.89284420179559,0.0020019957448356124,0.02191073744131232,0.08617145823229874,0.6271343291768582,0.33325556543280677,4.181584756441626,6.739189678072868,68121.44113901422,0.9922761373584686,0.88380327151326,1.2080356179077363,7.637474541751527,0.050177753127727674,41548.03636363636,6.749651342891576e-20,4.5459368157158635e-05,0.19196967966665496,19.493858604104616,43.576233951424406,-34.03908111991451,0.4825533773171884,0.019863050374117765,0.9817043338731489,0.022013188518231187,227.0,6.840761021607687,0.005721489526764934,0.022476190476190476,0.2545824847250509
OSP_26.08.2024_20240826_205400.WAV,0.00027709900979754667,1.5143603330278146e-08,3.7517964156113233,26.805684623029997,7.0,43.706552517125125,-43.27284756959526,-45.67291409872331,2.400066529128054,0.9312293222618342,0.006669944970591479,0.3544969345813562,0.2918484138482227,0.006000485848300596,40.10924547539556,4.833124646413379,298.08158493119805,-0.08590623960346772,0.8417796371907073,0.08686187928036533,0.07311856122632894,0.8035417783593157,0.7141328207720263,2.2658224118804493,0.13461208178454065,0.14389971874696925,0.12690380706422028,0.12692642011027147,0.1291841313281932,1332.017578125,6.687698499092319,0.0018298116089613037,0.02159069196782541,0.08013306256062076,0.6283080364888205,0.3332878750212826,4.450051290994746,6.806197341137747,69620.25147931166,0.9938193111971397,0.8657776132493503,1.2132433038370456,15.274949083503055,0.06398657986616235,41847.94545454545,1.0164428221662891e-19,4.6629098272537376e-05,1.0113727789806317,185.25242906798474,43.68657017018983,-34.07934429586266,1.3011603183350715,0.019771188886237866,0.8714210212482449,0.016291698991466253,168.0,13.045225076138276,0.004169899146625291,0.02084848484848485,0.20002909514111145
OSP_26.08.2024_20240826_205500.WAV,0.0002635626609937161,9.252718499928811e-09,1.979142173106722,7.929019435797237,4.0,43.03283992172165,-43.94656016499872,-45.69035462187844,1.7437944568797192,0.9566007755903746,6.657165248924457e-05,0.020619116413761573,0.01685797508996434,0.007200924017691235,73.65872566005625,6.892128673455103,296.55930442131546,0.14564267323923893,1.340940888963716,0.04365499587008756,0.05853876896974256,0.7144856903854422,0.5189785958390957,2.3025673789744685,0.0030413372910389922,0.1383716419357967,0.12695579838167026,0.1282379674370081,0.12932221959557752,1333.44140625,5.495851854237603,0.0017720380540199787,0.02165700676772478,0.07913850327352086,0.6286098836070887,0.33332562010873595,5.3369809667212,6.9658151763406035,74333.28699482403,0.9964657570017542,0.8200905985310886,1.2038376674055082,5.4553389583939484,0.023810281495490256,42203.25454545455,2.458418569727495e-19,4.044078048224075e-05,0.045479446901186105,3.009352250818261,43.06819528616775,-34.092792674083725,0.21879987003667623,0.019740600805571586,0.9958567905879858,0.009891388673390225,102.0,4.292966802443468,0.0008727695888285493,0.016,0.05455338958393949
OSP_26.08.2024_20240826_205600.WAV,0.00026878603718468645,1.5447722780963697e-08,4.3082867986811815,32.61240368052466,2.0,43.50178148899407,-43.477618597726305,-45.67799619395682,2.200377596230517,0.9234884341000219,0.000262379411066882,0.7105055558712142,0.6822756916346989,0.0036413577139835507,15.238291582665171,2.5183109373473043,296.9534985003536,-0.2071425238765259,0.6568051911362974,0.09069762863610066,0.05957067331194302,0.7146740567719886,0.5821837228145881,2.2795158669779942,0.10575303199539121,0.14499886852229013,0.12743071906991535,0.12772766947919698,0.1292676662059936,1332.87890625,5.8166924116634515,0.0018603084691106587,0.021735120125374707,0.08034618240785646,0.6289579261547056,0.3332675499677526,4.265265632824743,6.757360432241249,68595.39955100861,0.9927467113140346,0.8805514316053421,1.2049937111692444,5.4553389583939484,0.024018645136262243,41805.109090909085,7.857771672394337e-20,4.513253172331635e-05,0.1637003179184598,22.05507299232094,43.544896960866566,-34.07577323023735,0.4544520034910775,0.019779319167859626,0.9818904318145848,0.016291698991466253,168.0,7.435267279362495,0.006691233514352211,0.01936842105263158,0.3455048006982834
OSP_26.08.2024_20240826_205700.WAV,0.00027276384236226423,1.0553240171869171e-08,2.126110721587785,9.906220021656573,8.0,43.36390498696272,-43.61549509975765,-45.703130110319385,2.0876350105617334,0.9537432618757405,0.005214272948152687,0.36610965246271276,0.30870810660369274,0.007375464183457914,72.44847055564993,7.108612962800194,298.1190840998075,0.16349830651588332,1.3909096844380455,0.05123339184935533,0.07126102088987755,0.6859602196970166,0.6094175436448563,2.3020826996818973,0.015861932884748065,0.14161251737626482,0.1283385674592343,0.12869297556280063,0.12963893232955098,1336.70703125,6.471267206853788,0.0017972311124042285,0.022050120976058477,0.07928058317167798,0.6289898577181998,0.33332349315933624,5.215212437879169,6.947880040141101,73606.10950839386,0.996249833434232,0.8258342639395748,1.2130805082141656,6.546406750072738,0.06224390214334206,42032.4,1.7507039589070177e-19,4.3961818179731256e-05,-0.012415950035219853,350.9192584495497,43.43075645741795,-34.08906890814596,1.0961192186976234,0.01974906569972183,0.8808987614572488,0.014061287820015516,145.0,12.769614000508113,0.0011636927851047323,0.016,0.07273785277858598
OSP_26.08.2024_20240826_205800.WAV,0.00027657740197393506,1.5049362430615997e-08,3.798831867331115,28.0318220520178,6.0,43.68841855227622,-43.29098153444414,-45.66969595210519,2.378714417661044,0.9312979666935614,0.005696328577042942,0.4333391179175189,0.3534731810919548,0.009000470890420886,62.58748270969925,6.513070038060904,298.72298374780576,-0.053530484306584865,0.8983788602152928,0.08551320215690807,0.07682325308708299,0.8141532641085915,0.6311915256083311,2.272186425719387,0.12215966074892375,0.14572624705007597,0.12996429596257425,0.12931475957533783,0.13038089631219085,1344.357421875,6.58608606592436,0.0025918542697119583,0.023033960378344646,0.10719928315955383,0.627804838981054,0.3332845832396253,4.415095574818914,6.806586680377138,69656.31595693981,0.9937449569626607,0.8693828704671179,1.2182829536868467,57.82659295897585,0.13837239962176318,41672.90909090909,-1.7129080140819473e-19,4.7279416550594174e-05,0.04637307338486079,62.642946681263304,43.746721085157354,-34.05244539664152,1.0281059121105827,0.019832512202407376,0.9335811710258166,0.02948021722265322,304.0,9.491770067306527,0.009018619084561676,0.01984,0.45461157986616235
OSP_26.08.2024_20240826_205900.WAV,0.0002649166615315132,1.0034079220356666e-08,2.168670578276977,9.564667920860257,3.0,43.11465106905935,-43.864749017661026,-45.70317156349312,1.8384225458320955,0.9531261650679376,0.00025038333184479455,0.2123719947153485,0.1924375326238814,0.007090204850346171,81.81235714387063,7.389459834817576,297.1274917293049,0.09487715977499951,1.209644825118797,0.04900581112407425,0.05927962582698559,0.7069389559407866,0.5366972722754972,2.3024683847470717,0.007826773331969327,0.14250961756053404,0.12758169385712584,0.12836758130551074,0.1298113058869169,1338.484375,5.607032623626717,0.001853868138395888,0.02192864888456529,0.08173146141488846,0.6281926300014303,0.3333236355274561,5.2224993037995695,6.9440210043438455,73549.16313140857,0.9962309164298893,0.8265053213995496,1.2066058270447906,20.730288041897005,0.059478348365822914,42124.89090909091,-1.024117659363035e-19,4.115174931163035e-05,0.05533283494605775,3.5354705813256064,43.143883012795314,-34.07917322626755,0.2932828938923677,0.019771578285910866,0.9933301878569921,0.013382467028704423,138.0,5.4360173683608695,0.001939487975174554,0.017777777777777778,0.10910677916787898
OSP_26.08.2024_20240826_210000.WAV,0.0002703451044866517,1.3983465957658151e-08,3.5051460122554037,24.228312225968562,4.0,43.470782222045095,-43.50861786467527,-45.68197819702963,2.173360332354356,0.9339726590520594,0.00830371826606835,0.6150448908134545,0.622121752045087,0.01579196682495876,107.75926092848005,9.380947385025975,297.1583859473535,-0.057248069484387154,0.8917036197336229,0.07689621748966612,0.0685686354793592,0.8622360899888302,0.5834397186334224,2.268362652314894,0.13115753695246113,0.1402224161898296,0.12935239814950902,0.127929794602806,0.1298463488628649,1338.845703125,6.055727365375407,0.0019502836776258367,0.022068467461806573,0.08535449881789525,0.6268229623568664,0.33329382516578526,4.520195422697241,6.823511715262084,70015.85338927749,0.9942143459662288,0.8681209285266017,1.2100225744697934,14.183881291824266,0.08808099359906896,41788.36363636363,-2.979518988435316e-20,4.449507158621804e-05,0.26107893454071013,24.87753156260655,43.483119098249,-34.03922452419457,0.447169634900483,0.019862722437309497,0.9821594441627769,0.017940263770364624,185.0,6.867307902048466,0.0026183087664856477,0.0288,0.09092231597323247
OSP_26.08.2024_20240826_210100.WAV,0.0002671453869902071,1.0919338735127476e-08,2.36208332948005,11.321268452477762,3.0,43.22535902682023,-43.754041059900146,-45.70783745869843,1.953796398798282,0.9495304189022007,0.009846316968680435,0.6388708682744138,0.5201840880962929,0.017214574929224846,132.0533525107279,10.667643946320808,297.44108846369306,0.12361408844481023,1.2820996705103371,0.053750246956592605,0.06891317391289663,0.8904765507363771,0.5457619521076709,2.3024630024271353,0.007962446925425937,0.1420651084602205,0.1288754777952082,0.1276696604751119,0.12973099117447387,1337.65625,5.9504840467368245,0.0020516241756376686,0.021766166401916823,0.08961689576260912,0.630615578849806,0.3333211265745197,5.107454234919535,6.921455030692659,72762.53946958181,0.9959643727972924,0.8472272902830325,1.209894146179718,16.366016875181845,0.10408710964019008,41748.50909090909,-1.4569574503082784e-19,4.2174393277642175e-05,0.05063245655448852,3.6700423456348212,43.25048843529868,-34.06587105743532,0.343803997952989,0.019801881038781367,0.9926540506254444,0.01813421256788208,187.0,5.416487805499182,0.004945694336695112,0.01813333333333333,0.2727669479196974
OSP_26.08.2024_20240826_210200.WAV,0.0002721504904336145,1.5679436878526017e-08,3.9605393991781312,29.45021470059248,3.0,43.602218106808344,-43.37718197991204,-45.70326594661176,2.32608396669972,0.9257720247712303,0.022584631751447648,0.6130278601646498,0.5627117523801664,0.020281342097457578,131.00294485413556,10.637321031850531,297.3445362498231,-0.05513386882197344,0.8954940781428449,0.08501965004896504,0.07613459314462523,0.9623224604723338,0.589333755038237,2.187400648705967,0.24160064364078035,0.14118417224323537,0.1300502816029723,0.12700436970951084,0.12976035150567355,1337.958984375,6.395336258369645,0.00221585260886432,0.02194943326713144,0.09593945123060137,0.6291166010006366,0.3332736462019586,4.313890913497474,6.771825469213195,68647.16500052204,0.9931790497566351,0.8819708092098868,1.2122604250666544,46.915915042187954,0.13626982106488217,41738.21818181818,5.622606757287251e-20,4.607375204303848e-05,0.5394592077553851,50.12898134546545,43.63453580718848,-34.05241736954586,0.5244516615646262,0.019832576196843928,0.9759960515279594,0.022110162916989914,228.0,7.16956972786441,0.005139643134212568,0.018844444444444445,0.2727669479196974
OSP_26.08.2024_20240826_210300.WAV,0.00026455425141963117,9.343464669855314e-09,1.909689459546862,7.522984697277561,3.0,43.066606535592115,-43.91279355112826,-45.70870699333678,1.7959134422085228,0.9567353868585475,0.0030744267373795653,0.5309761226962977,0.3447497482911098,0.016850054206438814,97.1028862865579,9.100890489643405,297.12466918233196,0.1873175342215469,1.4609857899225598,0.04285143421418231,0.06260533646472174,0.7843203925577117,0.5248300124994909,2.3025133609594675,0.006081961350287557,0.14027899007532407,0.1293024064981148,0.12798780360689113,0.1298133895233246,1338.505859375,5.657642220624615,0.0019125888007952671,0.02178080720835662,0.0834719401673133,0.6303948141267349,0.33332587112948564,5.353523738383163,6.966668920300809,74289.32625622867,0.9964934937965282,0.8243528232724987,1.2067153102798902,28.36776258364853,0.08239834885074192,42133.01818181818,-1.0019342258217558e-20,4.076473209981435e-05,0.039620274259674536,3.0976936761639045,43.102845925461125,-34.102837098266036,0.2552052606175792,0.01971778582948627,0.9956911748820244,0.014255236617532972,147.0,4.01493824779139,0.0005818463925523662,0.016,0.03636892638929299
OSP_26.08.2024_20240826_210400.WAV,0.000267466097873615,1.350184120532019e-08,3.8823144890059087,28.975029656610953,3.0,43.36832989905619,-43.61107018766418,-45.71229683276184,2.101226645097654,0.9334418625586656,0.0009853784325375425,0.7013261417116885,0.6763333569446104,0.011682628465443656,96.86507812245482,8.667332255452594,297.21863880392175,-0.10859903579752304,0.8040787835984411,0.07624418410681978,0.061306330813067245,0.7598344052751124,0.5601946873796078,2.280940847757622,0.10340069931109568,0.14744770956583583,0.12880848898233996,0.12776120593468368,0.12998330060129956,1340.2578125,5.80585750397015,0.002063936572592377,0.021737775405884452,0.08986553558438409,0.6277821412961345,0.33328628987666326,4.432913242386466,6.820025594288381,70282.44512472507,0.9938723837300998,0.8672788006742242,1.2080299627294053,26.185627000290953,0.07656416690912618,41793.63636363636,1.4845027564116675e-19,4.365473715072814e-05,0.19210103613656698,13.731745312880124,43.40031377635934,-34.089325582612446,0.41657113188095707,0.01974848210883863,0.9869414055751229,0.019976726144297904,206.0,6.135199359964578,0.00504266873545384,0.019809523809523808,0.2545824847250509
OSP_26.08.2024_20240826_210500.WAV,0.000270060465344986,1.3412920164768068e-08,3.3252564788316943,21.621769337188052,3.0,43.434500561280586,-43.54489952543979,-45.69470477242362,2.1498052469838314,0.936869720579164,0.004938900185218031,0.5324733147204823,0.48625275350314745,0.01718365412618683,99.09158734463233,9.1130198078648,297.5591445092422,-0.054537309435818124,0.8965663728578824,0.07460525901417915,0.06688856647046544,0.8264516151920636,0.5773754448702344,2.2812021274596423,0.10300100566411637,0.14402903048524232,0.1289654627677178,0.12844915646750546,0.12998557365919894,1340.28125,6.036871185678416,0.0021719068228105904,0.021979618462169552,0.09515801179073716,0.6285967914543892,0.3333016212589625,4.630100382978219,6.8417778419021005,70538.91894861865,0.9945929676651686,0.8656233637859884,1.2112905689808735,28.36776258364853,0.12047206866453303,41847.30909090909,-3.224482970194465e-19,4.434449040643263e-05,0.1712100117440429,23.303129578620897,43.46839668480623,-34.07923411794275,0.517793553208854,0.019771439679463706,0.9791076976335329,0.01900698215671063,196.0,7.443301116592755,0.0024243599689681926,0.026666666666666665,0.09092231597323247
OSP_26.08.2024_20240826_210600.WAV,0.0002665667234990717,1.0751498638546267e-08,2.366716737361637,11.239417818069235,3.0,43.200127350277306,-43.77927273644307,-45.69380161186991,1.9145288754268392,0.9500073208437433,0.003403790699588183,0.4555669273104014,0.31404709832327926,0.015500351207679341,85.73862051028975,8.328801613307274,297.14168256262667,0.06634375690192612,1.1421160248054105,0.05557003955196019,0.0634674326713642,0.8504726349095845,0.5446279315883672,2.3025077739890873,0.0063996236895341955,0.14618692011767367,0.12915043187787642,0.12741949664499486,0.12932184075259429,1333.4375,5.768780814742218,0.00207927971341286,0.021741148929427537,0.09089561484602329,0.629692655999046,0.33332144950323234,5.1208598041224205,6.924443586019265,72904.28570921312,0.995991016591092,0.8445564156242351,1.208292167535018,25.09455920861216,0.10440912617592861,41809.50909090909,7.277427818613005e-20,4.201171045250513e-05,0.0680655851125765,3.4172139556647796,43.23370363636598,-34.04908727453347,0.29818380753370377,0.019840181292909563,0.9944258663103164,0.016485647788983707,170.0,4.742025946897118,0.002230411171450737,0.01752380952380952,0.12729124236252545
OSP_26.08.2024_20240826_210700.WAV,0.00029460722826892786,3.068352070188004e-08,5.325716971732965,45.27336636100753,11.0,44.77162593995472,-42.20777414676565,-45.69518351046423,3.487409363698582,0.875668878827579,0.038738692393975205,0.4022280923065563,0.3007036183173807,0.013145337496933363,67.50720076624074,7.414953210880277,298.39589094918756,-0.20264753070440314,0.662997635582039,0.17879241612216795,0.11853894914899737,0.8878105254244838,0.8401335484116346,1.7306574681141051,0.5321068769508376,0.14182264895095853,0.12917942703568508,0.12875732930170755,0.12998424770875763,1340.267578125,8.31560457896656,0.0021819461618659683,0.022493132013552335,0.09469625212172647,0.6283529486470844,0.3330888845339459,3.608946195884464,6.455524075424912,60179.03375320864,0.9858876241560207,0.88206955451452,1.2182200586076708,22.912423625254583,0.11028119241586656,41880.96363636363,-5.043734790091597e-19,6.047543891511526e-05,2.038928532598886,1134.8438805973296,44.8157902904253,-34.05252548648962,1.8604700381860155,0.01983232933391224,0.8093778519946752,0.017552366175329712,181.0,14.694214428727484,0.0034910783553141972,0.032,0.10910677916787898
OSP_26.08.2024_20240826_210800.WAV,0.00026748849127998644,1.1476065272829417e-08,2.6368101203798817,13.571587972674864,3.0,43.26424912500208,-43.715150961718294,-45.68746755013095,1.972316588412653,0.9463538912283264,0.004189039202746381,0.5406113219827611,0.3410487224592653,0.015950075115632734,109.26755109504876,9.52446012640216,297.2602339488223,0.03075129725900066,1.063453883759735,0.060154217119826985,0.06397123582060635,0.828461751614874,0.5558465771182228,2.3024227924557126,0.00920665462910968,0.14603336242847445,0.12873050200616498,0.1279714885744922,0.12972436142226745,1337.587890625,5.821972941865111,0.0021173534332266514,0.022015619116212796,0.09242297375121242,0.6307728543269783,0.3333181140612251,4.997167871346833,6.901488779692133,72232.95913544645,0.9956673424455272,0.8514642984669285,1.2083066186937579,39.278440500436425,0.12092668024439918,41771.50909090909,2.346082082813482e-19,4.2632326724934584e-05,0.06896465413460003,3.676361720871502,43.297390355846204,-34.02589406219422,0.3362187677618067,0.019893229681072815,0.9925514482124895,0.02114041892940264,218.0,5.113619629727376,0.004169899146625291,0.01764102564102564,0.23639802153040443
OSP_26.08.2024_20240826_210900.WAV,0.00027081823820128447,1.2279551248001546e-08,2.4834360624592797,11.544459576019463,4.0,43.397956896889326,-43.58144318983105,-45.71048098559601,2.129037795764958,0.9446711834144772,0.019043534399052486,0.5992975076539866,0.4719340816622818,0.020662108673639157,112.44095444538587,9.812609980843797,298.19871232367313,0.10694040386441968,1.239492200357443,0.06169140590595422,0.07646601644951534,0.8804608278117158,0.6098641457713967,2.2842104233486027,0.0964698282996812,0.14101445058675202,0.130589191605002,0.12833313845933522,0.1303015287072059,1343.5390625,6.339678673787519,0.0022717319488895354,0.022030268778560767,0.09874552921920465,0.6312728294096651,0.3333196624161109,5.050813761669494,6.8910041609924875,71652.63401219716,0.9956910798148411,0.858950016407966,1.2145172252969878,44.73377945883038,0.1521243999127146,41761.27272727273,3.901550799606019e-19,4.380289472768985e-05,0.02450068604660304,20.001773282567413,43.41502811936095,-34.04930157459886,0.521222831779987,0.019839691797892252,0.9776194080039399,0.022595034910783553,233.0,6.982396476571432,0.0032001551590380138,0.019555555555555555,0.16366016875181846
OSP_26.08.2024_20240826_211000.WAV,0.00027776133699990087,1.1477772978322495e-08,1.5684839081972337,5.297156578928671,9.0,43.547864720787075,-43.431535365933286,-45.72092561291596,2.289390246982677,0.9534815086610526,0.005407128048321663,0.16002313258606005,0.14468819857284543,0.019877967103199334,115.58873670052314,9.947356824488425,298.61629439718047,0.2685342989096491,1.734236201394984,0.041415311717688495,0.07182393287287327,0.8536734188986235,0.6838669258588611,2.3009912163943134,0.028374132523537023,0.14015776032069313,0.12962335290006569,0.12852257411330065,0.1303833587915818,1344.3828125,6.800813545605665,0.002102957399864223,0.02208933525638952,0.09217433392943744,0.6268559608290686,0.3333266665997213,5.409884121330707,6.946370809065492,72909.33913899583,0.9964939620022053,0.7835730559282554,1.2157873599786357,44.73377945883038,0.12619259771118224,42097.490909090906,-1.3236465795483638e-20,4.6486579733336405e-05,-0.5253923809065418,1079.1198091818503,43.673275939873065,-34.106061129947584,1.2434860714201719,0.019710468332695238,0.8568589609003873,0.015224980605120248,157.0,13.086443686284415,0.0016485647788983709,0.01813333333333333,0.09092231597323247
OSP_26.08.2024_20240826_211100.WAV,0.0002707506856142912,1.010482099316361e-08,1.812292727043472,6.8009893961226595,6.0,43.284320206343956,-43.695079880376404,-45.70816197647679,2.0130820961003835,0.9557729698018768,0.02318801588589192,0.5158721664193855,0.4818528191028435,0.02265084967694664,109.78267808281498,9.703789025583445,297.96933875893137,0.3507352978709626,2.0804077188266925,0.040601085783293536,0.08446681225630856,0.9006023224514814,0.5913492643231641,2.301511490428385,0.023208777837146678,0.14074774512656388,0.13064618208759138,0.1277956487808592,0.13012044176122586,1341.671875,6.5289647975952105,0.0021935008728542335,0.021909823358839356,0.09625913100145489,0.6309995059220314,0.3333261834007002,5.3748976672872,6.960663762690262,73892.03242055867,0.9964906007674917,0.8313537970942788,1.2144107137095048,43.64271166715159,0.15165084618368732,41904.74545454545,-3.4107817580387624e-19,4.273172490746963e-05,0.020606190039308917,36.143352552604206,43.30750423888486,-34.06574793551663,0.5300779250169185,0.019802161731141986,0.97429966914266,0.028122575640031032,290.0,6.373998784294237,0.0032001551590380138,0.016,0.20002909514111145
OSP_26.08.2024_20240826_211200.WAV,0.00026676000369758304,1.1418321958192294e-08,2.9562302466482353,18.846081258752974,3.0,43.24080754139368,-43.73859254532668,-45.71544955100465,1.9768570056779708,0.9455743516500323,0.006140136150104669,0.5764373889749128,0.5581723398038303,0.012208101927031922,101.03454354024899,9.00208804451597,297.2004888336891,0.05432832390142632,1.114898913173674,0.05850449693725032,0.06522660005111292,0.8312828139721584,0.5365058766198508,2.2864536083545772,0.08964604091154929,0.14035172792810272,0.12868850901899384,0.12792435625867304,0.12992022324459315,1339.607421875,5.855024235025391,0.001928121363107361,0.02196840780427657,0.08560313863967023,0.6269368079147711,0.33331075334558274,4.799917126531899,6.896463717863166,72257.46549680764,0.9953507962919494,0.8486267696115717,1.2078228330398235,20.730288041897005,0.08378112573950151,41994.490909090906,-3.7638242690890725e-19,4.24973809279588e-05,0.18152281359643216,13.889340081729648,43.283621657306796,-34.09266621742181,0.38075075384821133,0.019740888208331482,0.9884242628948815,0.01978277734678045,204.0,5.6356970443530585,0.0020364623739332816,0.018666666666666665,0.10910677916787898
OSP_26.08.2024_20240826_211300.WAV,0.00026428143920549326,1.047198466878348e-08,2.318522532562432,10.256603740976443,3.0,43.12015629941882,-43.859243787301565,-45.7313313562324,1.8720875689308372,0.9504784157027707,6.155863451540178e-05,0.22212107866465136,0.21468296540436138,0.005058285903720816,19.02226456839608,2.7828710115607715,296.67584609423204,0.025517181961623267,1.0523707170394017,0.05499587093917022,0.05787604413446096,0.6718004489723822,0.5435288542261666,2.2910903455799203,0.07464036627686835,0.13913134839815086,0.12700079086792507,0.12710769824803744,0.12928963909902044,1333.10546875,5.628895505864967,0.0016655831757346525,0.022173828809576093,0.07338426739815712,0.6301336282580131,0.3333225982974746,5.171692748809583,6.927417850448938,73020.90635151556,0.9960606922221469,0.8390639605767862,1.204613217908494,4.364271166715159,0.026026512947337797,42252.21818181818,8.200510977344906e-20,4.11335879579474e-05,0.04774328595693912,12.241082561170725,43.141965933500714,-34.13315090769485,0.3022569325318969,0.019649090576171875,0.9897142681174458,0.01047323506594259,108.0,6.3546097067487946,0.0008727695888285493,0.016,0.05455338958393949
OSP_26.08.2024_20240826_211400.WAV,0.00026540692151335904,9.683763982211574e-09,1.8954607824654721,7.287188160333164,3.0,43.1097583307827,-43.86964175593768,-45.70993186922874,1.8402901132910614,0.9555828192309601,0.00735397210656652,0.6736724282416104,0.4977595741919921,0.016343869341103545,80.13811872948543,8.14394103971312,296.93437999712637,0.20522014493753007,1.5164200970378137,0.0437084265198031,0.06628033638452996,0.8348210918100103,0.5288510026394426,2.3025770710700173,0.0021217921968057496,0.13992338279507324,0.12958036007986665,0.12817452008879002,0.12964196307341674,1336.73828125,5.7853694032680005,0.0020743547546309762,0.02205512185956795,0.09089561484602329,0.6313314380874905,0.33332579667551904,5.348559723124964,6.9594598352760215,73952.16885424372,0.9964555796066251,0.8282380116218739,1.2082526181549593,22.912423625254583,0.10853851469304628,41985.92727272727,1.904831511378654e-19,4.1179163354233325e-05,0.05553221968277392,3.1028245313865033,43.14677518718853,-34.07912532779094,0.2870293490825375,0.01977168731689453,0.9951142904969125,0.01881303335919317,194.0,4.177166850194879,0.0008727695888285493,0.016,0.05455338958393949
OSP_26.08.2024_20240826_211500.WAV,0.00026945346354305936,1.307761937497837e-08,3.1289888244403237,19.68393115119447,3.0,43.40103561024755,-43.57836447647283,-45.710233208102686,2.131868731629858,0.9387650247458628,0.019303291919010923,0.6000500062257088,0.5226157117773249,0.026389121828114814,117.56572035004007,10.13886368903751,297.41643051182984,0.06622724044866429,1.141848730906405,0.06502994120732042,0.07425435583849695,0.9232908468361816,0.5570031571816759,2.2840039288206966,0.09662868461798428,0.14191155077102122,0.13083715019591727,0.12841108805857457,0.13039282986616235,1344.48046875,6.168383460347964,0.002305638395887887,0.021824011131967865,0.10023736814985452,0.6282962484786387,0.3333052216956572,4.690357313259481,6.853731186073377,70784.0609358033,0.9948489472151696,0.8613506396472709,1.21285556346887,40.36950829211522,0.14181987076908156,41618.74545454545,4.642330291226175e-19,4.407083484651293e-05,0.23226408997455528,16.56862995390253,43.441512775532516,-34.04908203412933,0.4442916650154416,0.019840193262967196,0.9866649674896069,0.026570985259891388,274.0,5.513498210649065,0.0023273855702094647,0.021333333333333333,0.10910677916787898
OSP_26.08.2024_20240826_211600.WAV,0.0002748978940669627,1.881228555930983e-08,4.5310523211987785,34.96951052301894,3.0,43.820951779091374,-43.15844830762899,-45.69187545734075,2.5334271497117626,0.9113712321878844,0.1427787472916966,0.742242516665237,0.6187781518828084,0.0350423221065852,121.53693445831422,10.37237405596168,298.23556640658467,0.5211757437897455,3.176897836858516,0.04356751096561135,0.1384095313439604,1.283057780711295,0.6337497895957221,2.3024435445702585,0.008605205831552176,0.14190346878737917,0.13363068367582615,0.12834764071035654,0.13065688342546794,1347.203125,7.8346267317346685,0.0028761759286199205,0.021985023445303876,0.12215319244059164,0.6314561632947405,0.333240312935199,4.09203973270781,6.68106013561426,66260.29467064749,0.9913562172928526,0.8596767064910473,1.2260994172339186,80.73901658423044,0.2475928316846087,41140.92727272727,2.963748775017345e-20,4.834971163271954e-05,0.07958734560451831,5.313881077210087,43.84393888208221,-34.012395337072554,0.815257600627632,0.01992416974847967,0.9826145073933952,0.05731186966640807,591.0,6.176292050620279,0.026764934057408846,0.01653932584269663,1.618417224323538
OSP_26.08.2024_20240826_211700.WAV,0.0002748867323286476,1.759711929454038e-08,3.7923721870626856,24.921085829700488,6.0,43.764386798671985,-43.21501328804839,-45.72640859851718,2.5113953104687923,0.9195400594802023,0.120437119852424,0.7331160889437331,0.5999272739490403,0.02637537834058845,75.69212188873792,8.270887169751562,298.0865709114271,0.4220188899754948,2.4603207013378077,0.05150487198641598,0.12671850276793295,1.2453717925378593,0.626579968501002,2.29303407802584,0.07029909588738761,0.1372644101768338,0.13483048330928735,0.12853435719225542,0.13115733500630394,1352.36328125,7.6850369077879375,0.003007823865289497,0.022253925118358303,0.12772982844325897,0.6332715359620497,0.333279986783057,4.370044477874999,6.7328622683432595,67179.12114765581,0.9929999925833197,0.864625485853525,1.2246745066860436,73.10154204247891,0.2677093940936863,41352.34545454545,-2.311703017562305e-19,4.765030455805875e-05,0.039468821843795576,12.876944694266435,43.780656807867615,-34.06576887149439,0.8072202617800244,0.01980211400118741,0.9787164497193898,0.05110550814584949,527.0,6.431615832108344,0.025019394879751744,0.01764102564102564,1.4183881291824265
OSP_26.08.2024_20240826_211800.WAV,0.00027669499804967683,2.029996088861046e-08,4.1875810514462675,27.890043405506717,3.0,43.93354805765298,-43.0458520290674,-45.709672301779634,2.663820272712236,0.9074892043189685,0.13406072843550376,0.6818547284339512,0.551160812501537,0.026092840157759922,53.5159407088239,6.895879921616253,297.84965782258405,0.40792036857371555,2.377924005225647,0.058616080105654146,0.1393845839754645,1.303435925152109,0.6300601078744783,2.277519674862154,0.11388738396117723,0.1384524617722174,0.13376966046670208,0.1278137765946358,0.1306163472262632,1346.78515625,7.899178442914637,0.002992859567452236,0.021748776356098433,0.12669974918161978,0.6331341370194175,0.3332606939138345,4.215695263257932,6.657007926585385,65186.47577929963,0.9916652778475694,0.8689366538394112,1.2264107381006601,69.82833866744254,0.262576071671031,41221.472727272725,-2.5874714828645577e-19,4.975100309337056e-05,0.2197165113371844,14.244344246799848,43.968018415344865,-34.05251031343284,0.9290214307382669,0.01983236397829923,0.9749652082925018,0.05760279286268425,594.0,6.67521735532529,0.03015903801396431,0.017277777777777777,1.7457084666860636
OSP_26.08.2024_20240826_211900.WAV,0.000267402375898969,1.0276940145729592e-08,1.755200775545263,6.115909537361711,4.0,43.19862231195429,-43.78077777476609,-45.72865880531801,1.947881030551926,0.9541785310861041,0.016939666487859606,0.6022871810813135,0.3943649610404857,0.019663333285119156,61.93161044341056,7.23177806338597,297.76439892314704,0.27681101364376326,1.765528842020856,0.041450010398629986,0.07318118886084564,0.9934526529330939,0.5449222296000996,2.302558394504879,0.003851356705654574,0.13662593346911064,0.1318449818880247,0.1292377163667873,0.13084952508243625,1349.189453125,6.124051210065736,0.002821433117544371,0.02225765538566627,0.12069687348448108,0.629751204079032,0.33332629619979964,5.38284867527538,6.950702398094023,73397.54167045692,0.9964610093114953,0.8231288084649463,1.214732487524902,99.28716904276986,0.24217537702453693,41785.0,3.327304761679636e-19,4.200357762660873e-05,0.06552887340132292,3.400065650433103,43.23286282715116,-34.07925613513284,0.43218868257840626,0.019771389562433416,0.9911491499372542,0.0315166795965865,325.0,4.837936414987112,0.005139643134212568,0.017666666666666667,0.2909514111143439
OSP_26.08.2024_20240826_212000.WAV,0.0002660009589082142,9.641642042439689e-09,1.8181448466242518,6.629552397249289,3.0,43.12456036976505,-43.85483971695534,-45.717548749893275,1.8627090329379357,0.9561619701198324,0.0128947798875223,0.6356634994159627,0.45999142336523025,0.025763448163114933,71.93403071285509,7.910492930925934,296.98616105767474,0.2902614525474407,1.8179390948660357,0.03999372314987099,0.07270615286339929,0.9891052215444526,0.5282026535925701,2.3025826120663977,0.0011819206189644048,0.13893738079074128,0.13130607188599502,0.12831229147349216,0.13011778986034334,1341.64453125,5.918472653523175,0.0023473111240422855,0.021908111287516893,0.10233304664767218,0.6281709146631282,0.33332634112193077,5.3860506982412,6.96310137535771,74038.67868439939,0.9965122468675762,0.8297801996183853,1.209812226045106,64.37299970904859,0.1444149452041509,41907.38181818181,-4.386116890562207e-19,4.132717976522895e-05,0.04850554343741544,3.0848402547292566,43.162357693226134,-34.08909342369983,0.3091247319505328,0.019749009958902993,0.9950639398038487,0.02356477889837083,243.0,3.993087455623515,0.0017455391776570986,0.016,0.10910677916787898
OSP_26.08.2024_20240826_212100.WAV,0.00027123877034509054,1.4978365172163107e-08,3.588539558617399,24.71888599836453,4.0,43.5439282486523,-43.43547183806807,-45.709181495306545,2.273709657238477,0.9297587768519175,0.011049368405460336,0.5457328978893052,0.3970946839671452,0.020687360236090524,56.03229541654211,6.972658540623974,297.5935852549291,-0.08671179871647922,0.8404143604239966,0.08361972345880408,0.0702752164094623,1.0260746738991025,0.5905429911063464,2.098339779756664,0.325662744244962,0.14121650017780366,0.13161402045858342,0.12806303403406397,0.1302081439118417,1342.576171875,6.452530121269681,0.0023185190573174284,0.022050763552772218,0.10023736814985451,0.6316707765604767,0.3332885196067886,4.45719189035876,6.79704012009825,69148.0275825634,0.993851716427076,0.877301415780736,1.2118589450857815,40.36950829211522,0.15007864780331684,41765.23636363636,-3.8766338624056246e-19,4.523700182972541e-05,0.45723955126453486,67.19569782633558,43.554938134958064,-34.07923665457615,0.5159421006018832,0.01977143390539921,0.9754473030758315,0.020461598138091543,211.0,7.019454286490348,0.0004848719937936385,0.026666666666666665,0.018184463194646495
OSP_26.08.2024_20240826_212200.WAV,0.0002692481666666754,1.3254843660125224e-08,3.4907614348559193,24.93125521886222,4.0,43.404411553478724,-43.57498853324165,-45.73484305117417,2.1598545179325157,0.9368147059762156,0.014779817264034323,0.5929445842860596,0.6181576006932035,0.02056155197123022,80.4015113682708,8.183910671877301,297.63971116246705,0.027384404365163408,1.056310847755406,0.06938484997926621,0.07329196970298035,1.0260171522796815,0.5629845941175806,2.2818471440700763,0.10247742679125534,0.1421701742475673,0.13076716188396537,0.12796967579311452,0.13053641135680344,1345.9609375,6.187305175866734,0.002481421540102803,0.022114960691256597,0.10609816394883609,0.6280873246722981,0.33329496880246023,4.5348824558665655,6.8413299414142354,70630.1243008031,0.994390427020829,0.8669393175818777,1.2126595521453765,70.91940645912133,0.17953368974881195,41684.854545454546,3.795995504461733e-19,4.4001872368555616e-05,0.20512338626804386,14.432372966732295,43.43471156986887,-34.07572500531841,0.47157862394424654,0.019779428984902123,0.9852878347393336,0.03200155159038014,330.0,5.473075887742551,0.004266873545384019,0.021333333333333333,0.20002909514111145
OSP_26.08.2024_20240826_212300.WAV,0.00027161648354850557,1.3200358533765356e-08,2.3948541871068123,10.19237015014979,4.0,43.46608764566075,-43.51331244105963,-45.70311038392284,2.1897979428632084,0.9414794397093216,0.03608344461006585,0.6474307609510639,0.4869164160155284,0.02654807533826653,67.00312059978832,7.613152268840857,297.6813711317037,0.16516228113845144,1.3956751771198836,0.06032120446020749,0.08418880771908481,1.0193675475497375,0.5935803784130754,2.2792738447162395,0.10854003479551774,0.13980215304044222,0.13127907639424216,0.12841290083995227,0.1302943306905247,1343.46484375,6.552622271642177,0.002710432123460382,0.022206731376338044,0.11742903582686713,0.63154998923912,0.3333200670769042,5.0658372842894455,6.871053504309341,70755.31428201828,0.9956116158631466,0.8610475673073112,1.216689316115842,37.09630491707885,0.20035111167684996,41514.4,4.901382330305379e-20,4.453092534372295e-05,0.012177368719896567,15.053444597953787,43.486617197774684,-34.025598068511805,0.5445537255005561,0.019893907604795515,0.9842581950379969,0.03529868114817688,364.0,5.684001102012877,0.005527540729247478,0.01788235294117647,0.3091358743089904
OSP_26.08.2024_20240826_212400.WAV,0.0002668016893844888,1.0148920249222651e-08,1.9385940012411413,7.310949525539794,4.0,43.174717511316196,-43.80468257540418,-45.722578877919815,1.9178963025156364,0.9539012007424379,0.02255274146730135,0.6919663480447366,0.5315074454164223,0.010240590294506191,85.72580139170321,8.104019318379882,297.2633257689997,0.24548349273886375,1.6507041009081662,0.04403458334480544,0.07268806730905278,0.8385215379182429,0.5433741426144563,2.3025466841558693,0.0044841727315466425,0.13666634338732098,0.12900045692369375,0.12832407455244693,0.12976073034865676,1337.962890625,6.120520889197758,0.002012413926874212,0.021748855263937904,0.08897753622090204,0.6297673406453445,0.33332551764224244,5.33038243899769,6.948930833280514,73540.21512271222,0.9963788188005706,0.8361964116164132,1.2102541714397943,31.6409659586849,0.09313854742508001,42060.70909090909,4.2969626173726113e-19,4.174230791237093e-05,0.05666179124204362,3.6732398599057987,43.205764573288164,-34.09762949102583,0.3485396547737949,0.0197296142578125,0.9922768490749497,0.020752521334367727,214.0,5.26830044300803,0.004557796741660201,0.01671111111111111,0.2727669479196974
OSP_26.08.2024_20240826_212500.WAV,0.0002686925118125282,1.1633770706526007e-08,2.267107340391554,9.759777824975634,3.0,43.30606517069768,-43.6733349160227,-45.72098603099353,2.047651114970833,0.9472954970034705,0.03823585448285127,0.7181520607067404,0.5241077050452361,0.02150088258366256,102.130059062218,9.309907458751645,297.7951574814262,0.2975298896905441,1.8470962260856185,0.044405061241273226,0.08202042103785655,0.9387524898274684,0.568035671174319,2.302514422262273,0.006107224864883421,0.14089322083212102,0.12945438111835325,0.1276216217686039,0.13006285762777617,1341.078125,6.389988346448919,0.0022548734361361655,0.021890895637489763,0.09945592870999029,0.6296236077217349,0.3333219809874734,5.143736931514028,6.907499221239168,72104.69591703298,0.9959362166318148,0.8386433800336957,1.2140823643591172,40.36950829211522,0.12740489525749202,41703.472727272725,3.507505733668984e-19,4.3109080575859776e-05,0.0727209148637827,14.204970672638307,43.345687603837256,-34.075626203448344,0.49135584907943297,0.019779653976902817,0.9816678990000559,0.028316524437548486,292.0,6.076369107639371,0.002909231962761831,0.016,0.18184463194646494
OSP_26.08.2024_20240826_212600.WAV,0.0002681652904756842,1.3426968226879113e-08,3.786114393730832,28.454864110169538,4.0,43.383605280044506,-43.595794806675855,-45.72983195594229,2.134037149266433,0.9345246942164731,0.005402916499542609,0.5933383263594643,0.5915233127556149,0.01166112670396402,103.58508143530094,9.055967200717907,297.2122849148001,-0.0715190317017879,0.8665090780735807,0.07431443299163813,0.06439413081914525,0.7617060445080224,0.5623341119749583,2.1964409169784815,0.22932832230923897,0.14111951637409886,0.12755469836537298,0.12816273700983527,0.12975334291048393,1337.88671875,5.964537045906862,0.0019116416933372127,0.021664504989996343,0.08475065925072744,0.6277931336622274,0.3332871431277545,4.442065247070994,6.82684244182548,70403.24539723316,0.9939951325822867,0.8677437482884766,1.207498386357679,27.276694791969742,0.06870317500727378,42175.763636363634,3.2209083884863915e-19,4.368334164597506e-05,0.4879407959417753,41.300347325799464,43.403158532062406,-34.10637308774471,0.42115618881691574,0.01970976043469978,0.979519003543738,0.01134600465477114,117.0,8.23456168813464,0.000969743987587277,0.026666666666666665,0.03636892638929299
OSP_26.08.2024_20240826_212700.WAV,0.00027718224587255816,1.1871223648928573e-08,1.7749426173827343,6.637449568039007,10.0,43.55139568091411,-43.428004405806256,-45.72333784563109,2.2953334398248373,0.951107713434762,0.012211183491702582,0.5596888734302086,0.4173518781552381,0.003845633829935302,12.97085527383954,1.7320199854129,298.2684890933185,0.25217387524897183,1.674418469488285,0.04606450816860608,0.07713126326540799,0.6658417724056811,0.7169219086390851,2.294901823599937,0.06019954881121432,0.13529240616816993,0.1266018574897992,0.12849719517401342,0.1294565194331297,1334.826171875,6.856475632325142,0.002014497563281932,0.02314230576495101,0.08620697820683801,0.6286518909267678,0.3333252363678329,5.312704453692051,6.931471519765872,72494.04438310167,0.996313838087083,0.8071699031646306,1.2140648152394216,7.637474541751527,0.04180532319852585,42446.21818181818,2.2153995809565624e-19,4.501114296874305e-05,-0.2157400265789557,308.49227003184257,43.533200411258974,-34.13312737633437,1.4148705266652684,0.019649143808538265,0.8532485334550421,0.010376260667183864,107.0,15.378734653210763,0.0015515903801396431,0.028444444444444442,0.05455338958393949
OSP_26.08.2024_20240826_212800.WAV,0.00026317538535148264,9.023407802772387e-09,1.8590352158091796,6.762809014240991,4.0,43.00886812774274,-43.970531958977624,-45.72679137846188,1.756259419484259,0.957777724861371,4.7683783825691606e-05,0.010905905613995293,0.009290626944974179,0.005164813281606673,36.765570650266746,4.279626077222657,296.67105801151365,0.15290554622491498,1.361011798727969,0.04215382831481777,0.05737185769802013,0.6496601926635588,0.5202357436208551,2.3025116512733805,0.005997885843570572,0.1391394303817929,0.12689580839999723,0.12866215827938043,0.12930839182668996,1333.298828125,5.521214858734469,0.0016716446634662012,0.021911051033384803,0.07459194653249272,0.6273952438457561,0.3333265878417652,5.404011951701922,6.973208690554523,74563.43925008018,0.9965674236971039,0.8178094459096331,1.204323252764829,5.4553389583939484,0.029833884928716907,42449.090909090904,-1.2157783197694423e-19,4.0223923387077146e-05,0.0506578619655456,3.179963759569202,43.04484428823055,-34.14654929284638,0.2354794290566531,0.01961880431319728,0.9954300902048396,0.012024825446082235,124.0,4.45516561725139,0.0005818463925523662,0.016,0.03636892638929299
OSP_26.08.2024_20240826_212900.WAV,0.0002619154179286274,8.845324267951686e-09,1.8321225466447735,6.6298715589288655,2.0,42.96203412165208,-44.01736596506829,-45.74906753097097,1.7317015659026822,0.9582605973728663,3.539689777987132e-05,0.0440868536421718,0.040351033530119484,0.0027996223020153588,3.7346200894353654,0.4824587352488545,296.6499299329177,0.16777243279336435,1.403188837775444,0.04052410430376438,0.05686297081989001,0.6184643154125117,0.5107978630350962,2.3025720004597225,0.0025511388140733613,0.1379837067209776,0.12592497052992152,0.1278745047707874,0.12920913496508585,1332.275390625,5.488404128516656,0.0016305401997866358,0.021761957935004808,0.07295802770368574,0.6259943856805452,0.33332673181718925,5.414799463921978,6.976234572571393,74671.63229275378,0.9965944119894514,0.8138133485908864,1.203550784191567,3.273203375036369,0.018904264862767917,42473.92727272727,1.451700712502288e-19,3.981354636670213e-05,0.05239146694200086,3.0090368900760183,43.000308638160185,-34.15998941629505,0.21995780531997866,0.019588470603480485,0.9960783379227767,0.011733902249806052,121.0,4.007506059974804,0.0002909231962761831,0.016,0.018184463194646495
OSP_26.08.2024_20240826_213000.WAV,0.0002633929514899584,9.736459945373229e-09,2.0544401081246453,8.131580836590924,2.0,43.05454017961505,-43.92485990710532,-45.748516853241895,1.8236569461365733,0.9541809475160876,3.032182017037588e-05,0.11781977821334433,0.11406857604053433,0.0030428196854785927,15.748553473634658,2.0698189004746412,296.8977922044855,0.08194403137262797,1.1785164176758118,0.0484490928232803,0.05709805131373518,0.6372788376364343,0.5321222779992173,2.300187379384074,0.033719483695690756,0.13823424821388164,0.12676583010637224,0.12842559030959588,0.12940386025846184,1334.283203125,5.590170005825322,0.0016922916060517893,0.021900836308069167,0.0754444259214355,0.6284546976591442,0.33332503611619496,5.300489047622245,6.950659101456703,73756.86179698368,0.9963455402690541,0.8277813909115926,1.2043437519187385,6.546406750072738,0.020798479778876926,42443.63636363636,1.7057062832877404e-19,4.0605592695184586e-05,0.008764931616542538,8.585354608103081,43.08585854005341,-34.18334314431751,0.3061191851585079,0.019535873875473484,0.9907941909710171,0.010861132660977503,112.0,6.190311734895609,0.000969743987587277,0.026666666666666665,0.03636892638929299
OSP_26.08.2024_20240826_213100.WAV,0.000261928756363405,8.683855292716318e-09,1.7961966010562829,6.457397579405386,2.0,42.95336247730117,-44.02603760941921,-45.73138564362239,1.7053480342031762,0.9590779281175581,3.8015657281231796e-05,0.17902476475301632,0.17098448269662714,0.0030345782862275517,5.222113178632657,0.6542265653926201,296.668002840113,0.19020033314708176,1.4697466322411499,0.03881601134017736,0.05704970194425996,0.6425848374284393,0.5091981033740227,2.30258299831943,0.0010549473617482263,0.1350418646752659,0.1272137553028644,0.12725453353962785,0.12908752636747164,1331.021484375,5.471541129069674,0.0016186066458151488,0.021879101782272738,0.07231866816197866,0.6260589681893818,0.33332695663294154,5.432123742847105,6.9813545361831215,74865.98320111158,0.9966365639212826,0.8104000047740395,1.2025839255556932,0.0,0.010778082872660265,42526.2,2.9481888311116137e-19,3.972578940354589e-05,0.04421412758786415,3.105887963284111,42.990725359662065,-34.18728472898823,0.23209906714554052,0.019527010669130266,0.9956100287327897,0.009600465477114042,99.0,4.2062140609876835,0.0,0.0,0.0
OSP_26.08.2024_20240826_213200.WAV,0.000262291504488133,8.669485021462249e-09,1.8105207655074405,6.561893573515849,2.0,42.96322885894774,-44.01617122777264,-45.73229984243664,1.716128614664001,0.9592051540534766,2.9160975128950106e-05,0.008342654223937651,0.007063542937324252,0.0037833567591532002,22.266564631738355,2.90251980750324,296.81389483855395,0.188230167447819,1.4637525562043339,0.039027032537428036,0.05712591863773,0.6433266024249572,0.5100613340370372,2.3025836894420237,0.0008636574278604314,0.1400446125497042,0.12766767949752392,0.12805578290855335,0.129767928365338,1338.037109375,5.468958526079332,0.0016674773906507614,0.02142118393759019,0.07473402643064986,0.6275848932416067,0.33332692650512613,5.429766970149438,6.982148210038489,74917.07104928153,0.9966365887698525,0.8119094279472959,1.2028684442366429,3.273203375036369,0.013524694501018331,42517.781818181815,1.0422008374156417e-19,3.983006779326922e-05,0.04216555764085718,2.9520563785269363,43.002110456063576,-34.1467400220131,0.2147111758828899,0.019618373518279105,0.9966136414672477,0.008339798293250583,86.0,3.779821760147009,0.0,0.0,0.0
OSP_26.08.2024_20240826_213300.WAV,0.00026743824941542977,1.4292172569038681e-08,4.373304756184505,36.149813224464054,3.0,43.407751492716656,-43.57164859400371,-45.7371825004154,2.1655339064116887,0.9281696273266247,0.00023207262250579674,0.6338803910425403,0.6062428280744975,0.004095944710872823,10.191841304650726,1.8000679196518297,296.8453847052348,-0.1643318439406606,0.7177233538773922,0.08181234707198429,0.05871863212908581,0.6882303656445277,0.556698497457099,2.1269761762739616,0.29039255231217637,0.13623799825429153,0.12687881123852315,0.1278110574225693,0.12923451744496167,1332.537109375,5.837345730925788,0.001756316070216274,0.021816266615329115,0.07754010441925316,0.6284447279320692,0.33326340025546874,4.234679757520749,6.786660739379345,69561.59536771225,0.9929461512296099,0.8733738097118323,1.2052472210334915,5.4553389583939484,0.023848165793812433,42425.109090909085,-5.085998962051759e-19,4.3788582146784223e-05,0.58483424764092,63.65889739479797,43.41360883173475,-34.16005474972568,0.42889484054531835,0.01958832326368852,0.9779481534439188,0.010764158262218774,111.0,8.454110986643666,0.0011636927851047323,0.032,0.03636892638929299
OSP_26.08.2024_20240826_213400.WAV,0.0002617289147415842,8.717741385094746e-09,1.8126198004636198,6.62350122530376,2.0,42.949384519974245,-44.03001556674613,-45.754925546560116,1.7249099798139866,0.9588353125557423,4.59474276438554e-05,0.051465306787060294,0.04738862676581446,0.003972094915874913,8.742267417979363,1.3053987082924752,296.83754506647324,0.18721464504870128,1.460674257744024,0.03893107920233939,0.056865625217050894,0.6700184235362987,0.5098159013798087,2.3025836936067052,0.0008648091380868195,0.1369249668638671,0.12717076248266537,0.12831319786418097,0.12957755976626906,1336.07421875,5.49770187978493,0.001767491938221317,0.021782602561303217,0.07906746332444228,0.626956041442058,0.3333268172026097,5.421308758407836,6.979832588675324,74808.55842387916,0.9966198390397208,0.8110673469405433,1.2036833044426425,6.546406750072738,0.024340661672000777,42499.90909090909,2.1392820175258225e-19,3.971572090580533e-05,0.04918599452697519,3.1952217085781784,42.98962450117732,-34.15654138664832,0.2265192082723999,0.01959624816432144,0.9954749930705237,0.010279286268425137,106.0,4.369700777813694,0.0,0.0,0.0
OSP_26.08.2024_20240826_213500.WAV,0.000261265422746849,8.6710538775051e-09,1.8474193738236742,6.867122710441153,3.0,42.933095126633816,-44.04630496008656,-45.756003143619104,1.709698183532545,0.9588051914961779,1.9715496517580533e-05,0.010910575838227299,0.01007526404144743,0.002726455544857953,2.7542609658580335,0.14036649447114619,296.71337962069026,0.18003879504458925,1.4391397884595765,0.03934949766901469,0.056629427751376395,0.6159762031786225,0.5070953528783799,2.3025839506039194,0.00079008616860623,0.13796754275369347,0.12737872775246534,0.12754276577867574,0.12951372472359618,1335.416015625,5.465322962933198,0.001687556068761517,0.022049179235116734,0.07508922617604268,0.6286023564732914,0.3333266821272601,5.4110500333377445,6.979638127781348,74836.25266363294,0.9966068636381933,0.8128804995801494,1.2035557838870763,1.0910677916787896,0.009205884492289788,42481.03636363636,2.405272950508933e-19,3.952035067338522e-05,0.04689406072109847,2.94495963340869,42.96820789529975,-34.16017002757477,0.19626804329820402,0.019588063292069868,0.9966049045350058,0.009018619084561676,93.0,3.592840433206008,0.0,0.0,0.0
OSP_26.08.2024_20240826_213600.WAV,0.00026132440261242556,8.630769419213282e-09,1.8239246317891393,6.67195381419856,2.0,42.93256092807411,-44.046839158646264,-45.753552346694136,1.7067131880478712,0.959060500183982,1.9038075418253975e-05,0.003454250131440517,0.0029653721171227776,0.002486473182567228,2.7721105843394693,0.24123916645908597,296.3722106023337,0.18548120191337206,1.4554374984324063,0.038912555738238506,0.05663479278127343,0.6106077289924269,0.5052392974301073,2.302584409284815,0.0006457777508991569,0.13685222901108848,0.1262179216070916,0.12802859118788842,0.12927770554504897,1332.982421875,5.459429389639748,0.0016958906143923966,0.02198307053239704,0.07537338597235693,0.6288987279278121,0.3333268394031457,5.423015172982915,6.981240410065365,74887.69983069356,0.9966258723904585,0.812207471639942,1.2027734817086548,0.0,0.008315603481718553,42534.781818181815,1.1988516240341535e-19,3.952351920850117e-05,0.04565350519791724,2.940663925169971,42.9685560759542,-34.18370783084859,0.2040946935732464,0.01953505365776293,0.9966968955048737,0.008145849495733127,84.0,3.6379828376656294,0.0,0.0,0.0
OSP_26.08.2024_20240826_213700.WAV,0.00026179045663413597,8.690942611568916e-09,1.8281640753423014,6.703612408930659,3.0,42.949689314928534,-44.02971077179184,-45.741608004421295,1.711897232629454,0.9589210371984614,3.720772351756274e-05,0.007859615890234317,0.006208680199394578,0.0035016301050360132,24.566905002679437,3.107437608480265,296.5480112858824,0.18588234203791063,1.4566473659426915,0.03915579454651518,0.05703618498757455,0.6844405313360528,0.5081607043310655,2.302583581140261,0.0008998473255504181,0.13665826140367893,0.12642188754478,0.1271947117541651,0.12904206520948502,1330.552734375,5.4764929568408425,0.0016729706139074776,0.021661890106421354,0.07480506637972842,0.6291175101331834,0.3333267967323698,5.419740484639877,6.980366864066995,74851.61494018666,0.9966188541600314,0.8120060882789666,1.2031990408239224,4.364271166715159,0.018317058238774126,42447.61818181818,3.619999922717177e-19,3.970845197838359e-05,0.040109037269316736,2.961638346635948,42.98882956558963,-34.14656394783426,0.19892044143278298,0.019618771212028735,0.9965345252260096,0.007757951900698216,80.0,3.8625049871366657,0.0,0.0,0.0
OSP_26.08.2024_20240826_213800.WAV,0.00026538033848795735,1.0453139839128857e-08,2.110848219311694,8.90215844583416,5.0,43.15050381399313,-43.82889627272724,-45.75294402076764,1.924047748040401,0.9516511229493133,0.005172876678497196,0.8539972413627402,0.7720034101491462,0.005297223690257202,39.88494721883077,4.6270627420320505,296.9772416925442,0.038638761686752024,1.0803834399534258,0.0585878042002478,0.06329729344118148,0.6758838239938461,0.5344410251539533,2.2653130306713183,0.13385518965850113,0.1395112016293279,0.12754170053601047,0.12825790803216236,0.12980713861410142,1338.44140625,5.952706011239987,0.0017190000363689266,0.0218948817151177,0.07693626485208535,0.6264086170748296,0.33332373589979697,5.2277012732630475,6.934802219145353,73091.35921263117,0.9961968252878615,0.8437682246980781,1.2046202409326163,4.364271166715159,0.022238083115119774,42337.67272727272,-2.5360605871219723e-19,4.1692066837876806e-05,-0.30285729546158696,35.574112472150986,43.20053425326233,-34.171838294590586,0.35691439273594483,0.019561767578125,0.9829024573505986,0.009988363072148952,103.0,7.747660166056915,0.0003878975950349108,0.021333333333333333,0.018184463194646495
OSP_26.08.2024_20240826_213900.WAV,0.0002636131322845143,9.642151953786366e-09,2.0747789476021286,8.400840740466279,4.0,43.05573282932635,-43.923667257394015,-45.734308479421664,1.8106412220276482,0.9546146253066635,0.00010852235819536205,0.18192793769522553,0.1672126194955622,0.003496343297347604,16.808555380439277,2.2517629279239717,296.6501305388608,0.08805432780306087,1.1931130997988773,0.04832005246658274,0.05765128758084892,0.671888737798549,0.5227317858906397,2.293166317852299,0.06739859676481749,0.13707044256942427,0.1274177212405528,0.12739683687777414,0.12934267711667152,1333.65234375,5.591995550038114,0.0016913444985937349,0.02211550295258935,0.07484058635426771,0.6300089900899296,0.33332494819609004,5.295218753220665,6.953367725644164,73891.27418478885,0.996352032584278,0.8293565517707178,1.2043055060307788,2.1821355833575793,0.023620860003879352,42420.05454545454,2.640985073729539e-20,4.083306339341718e-05,0.04978657773951049,11.434334443492746,43.11011962948966,-34.13295130195068,0.2504467567379791,0.019649542126511082,0.9927727745466682,0.009406516679596586,97.0,5.478960924886111,0.0005818463925523662,0.032,0.018184463194646495
OSP_26.08.2024_20240826_214000.WAV,0.00026592958091758827,9.865746244933906e-09,1.8417637506320914,6.676193779951072,3.0,43.134603440752635,-43.84479664596775,-45.72488672793228,1.880090081964532,0.9551176892532999,0.02338326416128078,0.7137690187272038,0.5667869574495227,0.018655771137360055,73.32279500181706,7.988489940323636,297.2796992126196,0.307343059448962,1.887432266843259,0.03873507153776524,0.07310982387886004,0.8871892803236754,0.5332999086465668,2.302581302779158,0.0014461526513146693,0.13662593346911064,0.1291134380558447,0.12862318347976076,0.12985998721026087,1338.986328125,6.0788713150724245,0.0021667924425370967,0.02198753602669256,0.09480281204534433,0.6270333696215967,0.3333261440322954,5.3721521576849645,6.956563309029538,73773.76442323945,0.9964654380318574,0.826585690392365,1.2104551161323216,33.82310154204248,0.11103887838231016,42007.545454545456,1.0779466544963759e-19,4.140824036071677e-05,0.05117847925074081,3.119258714385317,43.17086775591295,-34.10585127021383,0.32008863770914076,0.019710944562969786,0.9945936208834407,0.024437548487199378,252.0,4.337185132224269,0.0014546159813809156,0.016,0.09092231597323247
OSP_26.08.2024_20240826_214100.WAV,0.00029799978837227964,5.777238098561581e-08,7.993391277830738,83.57992208777708,6.0,45.732735905637405,-41.24666418108296,-45.660964954961386,4.4143007738784235,0.7744418418581228,0.3246445483528039,0.760438807209722,0.58528955362627,0.052848896727982875,102.9200545574154,9.676212833251672,300.7391827841465,0.8094696204451629,9.497013676626693,0.03996095677141599,0.37950975298922573,1.6558561451740055,1.0739560485867656,2.2985702591238617,0.04500908055387267,0.13915559434907704,0.13836689272891425,0.13483467887031092,0.13312731851905732,1372.67578125,11.121124955255624,0.004958296964406944,0.0220926284722439,0.2017179354085839,0.6269958068818628,0.331842821864349,2.705011830742422,5.810010650743481,48184.86992098233,0.959170052290674,0.7709708836414899,1.261688385894569,198.57433808553972,0.4918329029677044,40943.63636363636,3.3563219543687026e-19,7.535394440360131e-05,0.30224093152077336,32.87715108004071,45.771059903982724,-34.01261719515666,2.5493552412756557,0.019923660844745058,0.9022981245819178,0.05731186966640807,591.0,11.598671642240665,0.040632273079906904,0.0190997150997151,2.12758219377364
OSP_26.08.2024_20240826_214200.WAV,0.00029096158650877775,3.715050477427296e-08,5.891063046786217,49.13233751280835,4.0,44.92889880856646,-42.05050127815391,-45.66136349589951,3.6108622177455985,0.846288080380409,0.2441930783343399,0.7390999604466847,0.5928004900350508,0.028741875324752142,53.56830035377898,6.957592035896872,299.51706258329705,0.5760566697308147,3.7176116645828303,0.06619832823841709,0.24609967723502235,1.5171376727350276,0.8353244772178454,2.2582109712986203,0.15101420511489289,0.1367552452073837,0.13628024119971965,0.13043959042017553,0.13150643881534285,1355.962890625,9.887951263979108,0.0038170324774512657,0.022125270032978123,0.15891636608874882,0.6274420799460364,0.3329712798614882,3.4125531780497584,6.269839176958065,56158.85806574797,0.9812137858553064,0.8362183660697373,1.2443920243191156,121.10852487634565,0.3918183553971487,41225.05454545454,2.59714388042758e-19,6.234889657705067e-05,0.38278291231271244,33.52438278104643,44.94828771932628,-34.025969107612326,1.7468042117353946,0.019893057805841618,0.9352859529644764,0.055275407292474786,570.0,9.772775282082463,0.03423196276183088,0.01864026402640264,1.836630782659296
OSP_26.08.2024_20240826_214300.WAV,0.0002690368387368493,1.014185582157013e-08,1.90417624107673,7.394273469895167,4.0,43.237832744457315,-43.74156734226305,-45.73480598904453,1.993238646781478,0.9548008121116752,0.0193544888870264,0.6361177320652416,0.4964804109349651,0.006268489959217138,32.10239870259028,4.669075614100573,297.5186857389823,0.25096846448236126,1.6701145481382773,0.04635814413319494,0.07742341094154,0.7591548491844161,0.6049419277540737,2.3007184340461007,0.03012377279702072,0.13883231500339444,0.12805761437839883,0.12803131035995494,0.1295665733197556,1335.9609375,6.372800741509103,0.001966005661429541,0.022001217395001146,0.08677529779946654,0.6287430432027519,0.3333256038451327,5.3359278091899,6.9545622569530945,73725.55389072462,0.9964174451489748,0.8424062384814752,1.211073121395418,36.00523712540006,0.08027682814469983,42319.63636363636,-1.4079646539564486e-19,4.224622608445448e-05,0.028054725701546025,39.448923978591814,43.25787918873851,-34.11590302556898,0.5789970891308158,0.019688147244308934,0.9634965359911684,0.013285492629945694,137.0,9.522210677359453,0.0008727695888285493,0.016,0.05455338958393949
OSP_26.08.2024_20240826_214400.WAV,0.0002632319963775545,9.020837852762084e-09,1.9807904660743496,8.104513755847186,4.0,43.01037851305595,-43.96902157366441,-45.73448672486894,1.7654651512045234,0.9575242613885008,0.0010033929683982423,0.7145021107421489,0.6481452068666897,0.005037557961067529,63.23490492570088,6.188873920455853,297.014000590235,0.16477219483592281,1.3945562966586198,0.04251694515676158,0.05929227358305108,0.6446323508346118,0.5196669487175165,2.3025302462316977,0.00520116379945339,0.14195196068923158,0.12743771790111053,0.1280920385361065,0.12969973662835807,1337.333984375,5.587422020822296,0.001689639705169237,0.021731035432754182,0.07512474615058197,0.630268546858048,0.3333257005004839,5.342219607561524,6.9715928012782715,74586.10029566198,0.9964989184286689,0.8219940058008632,1.2048926273179779,4.364271166715159,0.039248133061778684,42284.490909090906,-7.665375068695092e-20,4.0342030634815086e-05,0.04914167857427452,3.3109947259918773,43.057577548410336,-34.146703144583135,0.26359520480374243,0.019618456811615916,0.9947145838605257,0.011152055857253686,115.0,4.8958727192191756,0.0005818463925523662,0.016,0.03636892638929299
OSP_26.08.2024_20240826_214500.WAV,0.0002634282764712861,9.209161252925122e-09,2.017211583241238,8.347737658896891,3.0,43.026525065732805,-43.95287502098756,-45.7222533153326,1.7693782943450387,0.9566580584810922,0.0005547285170666161,0.2661171421511692,0.17964991499158067,0.009582823699996745,66.13856791716266,6.9798645572275495,296.74161156769037,0.14596773260797088,1.341831891325874,0.044029318133427614,0.05907994322476577,0.7929628354300507,0.5184749948414944,2.3025754496314916,0.0022504373488622777,0.1410225325703941,0.12793363508294114,0.12816545618190173,0.129532288029774,1335.607421875,5.559913903470458,0.001805755079526719,0.021953162024047512,0.08020410250969931,0.6308640104659133,0.3333253637671815,5.320634106567448,6.96616431765115,74379.74962489847,0.9964496008756064,0.823615300499183,1.205007947743102,7.637474541751527,0.05900479463679566,42212.30909090909,-2.257243213892245e-19,4.035539556379028e-05,0.04706820665705791,2.987045834670038,43.05901608622534,-34.10612879197671,0.2132460403048313,0.019710314791130296,0.9962195495335199,0.010376260667183864,107.0,3.985636545678159,0.0002909231962761831,0.016,0.018184463194646495
OSP_26.08.2024_20240826_214600.WAV,0.0002626186914334222,8.829588115766777e-09,1.8477696629416693,6.95147879165672,3.0,42.981793243455385,-43.99760684326499,-45.72094128295316,1.7233344396881733,0.9585216937527317,0.00026081122366039544,0.22483293714629315,0.17119347989441946,0.005340287179229963,29.499995031278935,4.049444664234165,296.776344226205,0.18504368423795095,1.4541192715708213,0.03995090455509784,0.058093380230254274,0.6878407320708769,0.5140207839425133,2.3025847935588395,0.00040270307055205733,0.13728057414411793,0.12702078752848275,0.12792163708660653,0.12925061827174864,1332.703125,5.516771027386465,0.001617091273882262,0.021531970390667704,0.07249626803467507,0.6282906267958208,0.33332657010337097,5.402698844135371,6.97786248297951,74748.33895242489,0.9965927891875068,0.8136376807296136,1.2037620447090966,15.274949083503055,0.04405943894869557,42414.52727272727,-4.767125246740386e-19,3.994331644869736e-05,0.05019185740440906,2.9925101918485377,43.01444121014735,-34.146771313317174,0.2158949957900944,0.01961830284234249,0.9961063125921688,0.008533747090768037,88.0,4.355487150830239,0.0,0.0,0.0
OSP_26.08.2024_20240826_214700.WAV,0.00026226368867748016,8.834617018435875e-09,1.8702335316200147,7.063096221932352,2.0,42.97166035707187,-44.0077397296485,-45.72513143274682,1.717391703098322,0.9583216400252876,2.3247211164423298e-05,0.05154664794655517,0.04986101057608727,0.002619418954515784,3.060887967898825,0.18943473214235124,296.64827101187706,0.17541768266181754,1.425470396280337,0.03992596609626802,0.05691328271312247,0.6407810095972538,0.5120614019277954,2.3025824595974287,0.0011698381611921604,0.13899395467623574,0.1269977913688414,0.12770863527473153,0.12931218025652214,1333.337890625,5.48094871168713,0.001633949786635632,0.021701271452548125,0.0728514677800679,0.6287301198176818,0.3333264684260226,5.395237865940361,6.976607342484101,74719.32553381354,0.9965786110450335,0.8124486500596325,1.2038491579720527,1.0910677916787896,0.011668363883231501,42441.98181818182,-3.4556742989019196e-19,3.9883191994679674e-05,0.046261504994786984,3.3218323301812114,43.007899091732256,-34.14654128596717,0.2191251098348843,0.019618822398330227,0.9946782180406409,0.008727695888285493,90.0,4.737806959123329,0.0,0.0,0.0
OSP_26.08.2024_20240826_214800.WAV,0.00026165776783703006,8.613847599441601e-09,1.7926463484965853,6.494227056321078,2.0,42.94143985085175,-44.037960235868624,-45.75333187968039,1.715371643811764,0.9593248201087771,6.342665678926718e-05,0.4325374682639903,0.41084792660109826,0.003351770322088221,16.07923830325734,2.0493983974923307,296.47651025013056,0.19077264241317402,1.4714933093267428,0.03886263175674459,0.05718610261287867,0.6290585582328363,0.5083966999696425,2.302579063233607,0.0017303929894637803,0.135680341382989,0.12655886466960017,0.12843465421648417,0.12929342752885267,1333.14453125,5.492714011984109,0.0017479815245853942,0.021973168796359584,0.07810842401188167,0.6285933038956644,0.33332697688892404,5.433714551706386,6.9828992110717145,74928.91841589245,0.9966455087394598,0.8118345570425669,1.202943565015941,0.0,0.013316330860246337,42544.145454545454,-1.3284827783298748e-19,3.959726068633253e-05,0.04283458498514728,3.0652894067918353,42.97665142744722,-34.187309595312655,0.21388249747718646,0.01952695476647579,0.996162319559486,0.007854926299456944,81.0,4.186626544251177,0.0,0.0,0.0
OSP_26.08.2024_20240826_214900.WAV,0.00026199775827774716,8.633310308279573e-09,1.803363176456928,6.52719373000671,2.0,42.95255365826058,-44.0268464284598,-45.738530535166966,1.7116841067071675,0.9592994828221928,2.2648638779099173e-05,0.01048089772310723,0.00992546758613011,0.002757778554555279,2.737330389242266,0.37027672234232645,296.71079952740354,0.18889011904062367,1.465757164287545,0.03861290016562621,0.056597135051686356,0.6334406390708001,0.5094662158825227,2.302582665332613,0.001164516430391238,0.13555911162835807,0.12670184079258764,0.1284047433237528,0.12964840340413153,1336.8046875,5.4697160978105765,0.0017095289617883814,0.021874283804752554,0.07633242528491757,0.6295078481243196,0.3333269565310854,5.432115756321815,6.982739516709436,74936.5149941404,0.9966422649713749,0.8108284064527821,1.2030123553724494,1.0910677916787896,0.010853851469304626,42563.50909090909,5.4060291596804495e-20,3.971021216294585e-05,0.03843655118484928,2.956156177764697,42.989022074101555,-34.17348969559339,0.20395011027989796,0.019558048340768526,0.9965324237099257,0.0080488750969744,83.0,3.950975752813157,0.0,0.0,0.0
OSP_26.08.2024_20240826_215000.WAV,0.00026179235606283563,8.568895936531818e-09,1.8147607679875317,6.631204801828494,2.0,42.94287631283044,-44.03652377388993,-45.74397713288362,1.707453358993689,0.9594938296988458,1.9671948845001452e-05,0.00286794117968725,0.002408429235413956,0.0033040477078999375,14.587931741254307,1.9442480774266575,296.5568357277474,0.1917735159528639,1.4745539022492107,0.03868773368912857,0.05704714868048278,0.6736005528699823,0.5073710862430523,2.3025847455067154,0.00044879603594019104,0.13792713283548316,0.1273747284203538,0.12745847144461456,0.12930308802492485,1333.244140625,5.462708137940735,0.00163982185287557,0.021836525748557,0.07317114755092144,0.6287437348809698,0.33332693820275766,5.430680708033947,6.983953449104771,75002.23966501262,0.9966453506216076,0.8121920212643479,1.2032641476907704,2.1821355833575793,0.008486082824168363,42539.38181818181,2.5925179511583084e-19,3.963897214996251e-05,0.04528936583970049,2.942052606047993,42.98122384577442,-34.16009235280799,0.18443212405405518,0.019588238461812336,0.9966981665944872,0.0068851823118696665,71.0,3.6626642848503597,0.0,0.0,0.0
OSP_26.08.2024_20240826_215100.WAV,0.0003572200787742354,3.8839835238465647e-07,8.717710667754604,86.51610140381968,6.0,51.19863489905413,-35.78076518766625,-45.676245859872616,9.895480672206368,0.49605432670856403,0.5269239939743672,0.7143780793283074,0.5989857289519734,0.04664049890605204,62.02327569122963,7.60661435283531,301.3745104482322,0.9582228219265548,46.87302762489045,0.049020369683582324,2.2977331423608964,2.868488822988291,3.546209110821191,2.1458567251544993,0.2920185925353504,0.13653703164904796,0.1442269141053444,0.12963380909780586,0.13314834430462613,1372.892578125,18.435772834499648,0.006464008401221997,0.022722922193310596,0.22754095689864212,0.6306183195200313,0.32635775602985645,1.933363949254034,4.030731751725745,16764.873249406137,0.8800759579758531,0.30133406657239015,1.3379913366399845,152.74949083503054,0.5699882104063622,40086.23636363636,-2.7076405091094965e-19,0.00026102465488123805,0.2902998530010608,138.59607079118302,51.16681530224007,-33.98243698328519,7.024702018548389,0.01999300850954923,0.734406800964953,0.09270752521334368,956.0,16.472761541006506,0.06982156710628394,0.023132530120481925,3.0186208903113183
OSP_26.08.2024_20240826_215200.WAV,0.0002633460214902318,8.951009814852579e-09,1.7828600064875537,6.59161347354889,3.0,43.00983583676705,-43.96956424995331,-45.74753498067774,1.7779707307244337,0.95841415762827,0.005712701763555428,0.7145702758906857,0.5991235528526178,0.012697685515538182,107.44453486739069,9.282199193669596,297.30909104220075,0.23014386795849048,1.597887990703389,0.03916725158622006,0.06258488093847929,0.7711053079176914,0.5186336899161406,2.3025735692439677,0.002448597920426998,0.13580157113762004,0.12749170888461628,0.1284872248764363,0.12957263480748715,1336.0234375,5.729446000764056,0.001823371278246533,0.021958233258709055,0.08109210187318137,0.6296774788531317,0.33332672928121565,5.41460742571613,6.977199253541626,74641.49682169566,0.9966078601322228,0.8185166137088744,1.2060642300812394,18.548152458539423,0.06355091043545727,42295.92727272727,-2.0974383845901395e-19,4.0233263208444914e-05,0.04822641645715918,3.217429230461014,43.045852584212994,-34.14656493558184,0.25959815120440055,0.019618768981008818,0.9948655808788677,0.011442979053529869,118.0,4.908932655357871,0.0005818463925523662,0.016,0.03636892638929299
OSP_26.08.2024_20240826_215300.WAV,0.00026535902974166915,1.207202547374317e-08,3.454941267125681,24.022228768523217,3.0,43.23597795852333,-43.74342212819705,-45.75226968070287,2.00884755250582,0.9404232591541517,0.0003350054922065526,0.5428812009917288,0.5193763107524867,0.010066795554704466,101.60481613156979,8.93777281123019,296.8171089361705,-0.06469413431612604,0.8784737658807892,0.06625457070009987,0.05820290222973172,0.7136563640856929,0.5342171934196177,2.2429592288679348,0.16974220304352627,0.13721591827498142,0.12736672975613073,0.12741043273810657,0.12924796637086605,1332.67578125,5.7230950727197225,0.0017688178886625934,0.021668810592880908,0.07853466370635305,0.6294805964930991,0.33330072836091346,4.616216732168309,6.864007119474173,71508.93311377458,0.9947162205324581,0.8573336226540001,1.2049696530865903,8.728542333430317,0.05245081102705848,42425.65454545454,-2.188274813877652e-19,4.227873015193211e-05,0.4497088960559042,37.08593597693184,43.2612193473069,-34.15997601751789,0.3282364154759989,0.019588500820506703,0.9841998499879548,0.009115593483320403,94.0,7.7099741090480265,0.0005818463925523662,0.032,0.018184463194646495
OSP_26.08.2024_20240826_215400.WAV,0.00026161440953212335,8.551908291817822e-09,1.7964130511822263,6.433689057976846,2.0,42.936668950540415,-44.04273113617996,-45.75337513783648,1.7106440016565188,0.9595572257077545,3.1926015079175585e-05,0.05932856801778308,0.05436747873570236,0.0030939273747704332,9.918825961543032,1.2222694465519581,296.66264592770835,0.19683598120876356,1.4901513927503927,0.038121020638861886,0.0568060919980665,0.6345982585152553,0.5088164234086787,2.3025849754644794,0.00027208059044490083,0.13799987068826172,0.12678982609904146,0.12808931936404003,0.12912768372369315,1331.435546875,5.472695089191911,0.001658953423528271,0.02173286773989899,0.07413018686348205,0.6255626785476925,0.33332705972023374,5.440272914344431,6.984354326697893,75007.03268826938,0.9966560131319938,0.8105129852398794,1.2031406327259742,3.273203375036369,0.014244496169139753,42578.63636363636,2.4006470212396613e-19,3.956489517121257e-05,0.04071543889231609,2.9583260479541194,42.973100193842846,-34.17375293274321,0.20641801474801724,0.019557455617731267,0.9965788918686057,0.007660977501939488,79.0,3.9316229956230875,0.0,0.0,0.0
OSP_26.08.2024_20240826_215500.WAV,0.00026114584745683654,8.512529035794934e-09,1.8044736925905975,6.5313906794748675,2.0,42.920601558781435,-44.05879852793894,-45.764573046763246,1.705774518824306,0.9595795296082703,2.4148282266933663e-05,0.005241681250351515,0.004476961082382269,0.002823854602041931,6.584742957719482,1.1417137307734262,296.53038094194255,0.19565572620621666,1.4864974677655967,0.03801680268537151,0.056511880924349084,0.6323535644724377,0.5035719858013012,2.3025850682701923,0.00011285991798732908,0.1380806905246824,0.1266908426292809,0.12723912489791775,0.12923035017214626,1332.494140625,5.4631514074502245,0.0016343286296188538,0.021819334923473883,0.07299354767822502,0.6268626876125183,0.3333270076062723,5.436136645464327,6.984491921282701,75018.79731456502,0.9966529771552497,0.8108046961245262,1.2026552053255968,0.0,0.01123269445252643,42618.72727272727,-1.604461513144367e-19,3.941843079138126e-05,0.04212930899992733,2.939082479476332,42.95699331455124,-34.18728867026506,0.19876178922316257,0.01952700180862889,0.9966733615054295,0.0074670287044220325,77.0,3.6226809757702605,0.0,0.0,0.0
OSP_26.08.2024_20240826_215600.WAV,0.0002615965787125197,8.605016172991132e-09,1.824882217393525,6.739287029331841,2.0,42.939137636341194,-44.040262450379174,-45.75006719989495,1.7098047495157758,0.9592572312795818,4.21503331239359e-05,0.3092374385069323,0.2967099936441526,0.0029561816298930843,18.067096887034005,2.1288154222053133,296.51046795474673,0.19124215061935365,1.4729280853739064,0.038641563303474374,0.056916243852441116,0.6437591350925543,0.5069540651854343,2.3025831011573263,0.0010235124955443099,0.13896970872530956,0.12645288236864444,0.12816001783776876,0.1290593025652216,1330.73046875,5.478000852333405,0.001591708794006401,0.021691776019119768,0.0708268292313288,0.6290046114219356,0.33332683048878164,5.42232928239475,6.982470503616469,74941.7166211274,0.9966315239593194,0.8114377074373187,1.2022901076260821,1.0910677916787896,0.011062215110076618,42515.38181818181,1.594683980825225e-19,3.9607268317825744e-05,0.04770417515547824,2.9787544500525795,42.97774890487994,-34.17369043277065,0.20002791756893856,0.019557596345381303,0.996436190958195,0.008145849495733127,84.0,3.9477955075848836,0.0,0.0,0.0
OSP_26.08.2024_20240826_215700.WAV,0.00026152486956744535,8.5686713259595e-09,1.833094889386364,6.791070203339988,2.0,42.93497198394902,-44.044428102771356,-45.755149080861884,1.710720978090528,0.9593704776513076,3.143617245637831e-05,0.009000803286567716,0.007940882171554309,0.0027798528453745197,8.856996948761628,1.1844973856285677,296.6041427494479,0.19015567712200468,1.4696104467244677,0.03846029779790861,0.056521655427940534,0.6413964931237935,0.5065596652927637,2.3025781338970805,0.0019096346515643959,0.13614101445058677,0.12614493379605607,0.12878905297581658,0.129295700586752,1333.16796875,5.46951961399524,0.0016244787120550867,0.021687212447944353,0.07306458762730358,0.6262982915481426,0.33332682258769464,5.42172214110018,6.983177958460288,74983.92327511305,0.9966335064992763,0.8116587311257327,1.2030739187018562,1.0910677916787896,0.01344892590437397,42596.781818181815,1.1386094087775042e-19,3.9571562633517925e-05,0.04375867856371726,2.9884563978685015,42.97383200372535,-34.1582983342002,0.20142061824432034,0.01959228515625,0.9963057979363699,0.00795190069821567,82.0,4.242940141008518,0.0005818463925523662,0.016,0.03636892638929299
OSP_26.08.2024_20240826_215800.WAV,0.0002615787212962801,8.572076926014386e-09,1.809292056356367,6.567088905783214,3.0,42.93675337830689,-44.04264670841349,-45.75222056234493,1.7095738539314382,0.9594289000803703,3.0123167839013476e-05,0.004202283357209957,0.0033913392270232823,0.002883307506801991,4.131150527125294,0.46028166286001154,296.57918358343767,0.19478907058436543,1.483821228620753,0.03815012021932112,0.0566079582558625,0.6802494751523795,0.5069096072672696,2.3025850671084913,0.00011824006671190546,0.13763618142436881,0.12684281724951932,0.12871200976726604,0.12932809166181747,1333.501953125,5.467894006787662,0.0016811157380467463,0.021725064634439635,0.07508922617604268,0.6295303041419325,0.3333269573945453,5.432183464114802,6.983548450969171,74980.42452604181,0.9966454390257833,0.8103625497787442,1.2034381394870368,1.0910677916787896,0.008391372078362913,42568.74545454545,-3.233945098245248e-19,3.95727056217314e-05,0.042801573926927135,2.963585881476669,42.973957443882924,-34.19732649306766,0.2332816221197973,0.019504448520775996,0.9961248218578664,0.008630721489526766,89.0,4.3203972094040015,0.0,0.0,0.0
OSP_26.08.2024_20240826_215900.WAV,0.0002618050948130316,8.53566376693988e-09,1.794399679374417,6.414571673113111,2.0,42.94137992080096,-44.038020165919406,-45.742842533838555,1.7048223679191494,0.9596868361687444,2.4871764521261497e-05,0.003961053347599552,0.0032391624441908684,0.0026823788505846435,6.209715663172891,0.9320362313833241,296.8450738168712,0.1963706385121223,1.488709467131844,0.03800100800252097,0.05657246037390593,0.6085103665849394,0.5083410213737524,2.3025848203921315,0.0004000413309418249,0.136916884880225,0.1267298361173684,0.12790441566351876,0.12926501430511103,1332.8515625,5.460826865513994,0.0016517554068470565,0.02190557633140422,0.0738460270671678,0.6294179780983018,0.3333270934777611,5.442970616331845,6.98516583979733,75043.13300799244,0.9966619010380137,0.8103314258440987,1.202460318938006,1.0910677916787896,0.010323471292794102,42653.454545454544,2.1731354089964004e-19,3.9593482863803505e-05,0.04214412763477454,2.9419476095856085,42.97623706399875,-34.17369465281378,0.20566127146393143,0.019557586843317206,0.9967002659604488,0.0072730799069045775,75.0,3.6350439153942036,0.0,0.0,0.0
OSP_26.08.2024_20240826_220000.WAV,0.00026115545639853296,8.508341346447045e-09,1.808101745350504,6.545996642503961,3.0,42.92064861003187,-44.058751476688506,-45.767691402645106,1.7089399259565994,0.959589194711403,2.745318101071703e-05,0.01118592994399692,0.009783515535343845,0.002957130106726269,6.760927095250559,1.1046778921629654,296.4550423852859,0.19649215594270508,1.4890858437685495,0.03802097264079028,0.05661649212571213,0.6002952667105628,0.504798225691777,2.302584889726988,0.000351803833486386,0.13583389907218826,0.12612393730247048,0.12748385038390178,0.12912256934341965,1331.3828125,5.4699190100360955,0.0015884886286490155,0.021921139277389277,0.07061370938409312,0.6269118869621126,0.33332700506496615,5.4359358151257675,6.9845519598117445,75025.88568263056,0.9966524686173579,0.8109192823154764,1.2028964376572546,3.273203375036369,0.01532419867132189,42587.781818181815,1.779300612571605e-19,3.941577573551338e-05,0.041725161865046656,2.943244893863174,42.956700782625376,-34.19712276115583,0.20673080950629696,0.019504906012795187,0.9966210342397638,0.009309542280837859,96.0,3.647826493473999,0.0,0.0,0.0
OSP_26.08.2024_20240826_220100.WAV,0.0002665760900544432,1.1184247503644042e-08,3.008420351466171,19.40414651009773,3.0,43.22330348538173,-43.75609660133865,-45.743835696583744,1.9877390952450966,0.9463550402389636,0.003455076026203985,0.6932186643237728,0.587302994590537,0.0026639507387131722,9.363009757431827,1.4034459908766164,297.23356747881496,0.03446061397327251,1.071381063210856,0.05808544579529555,0.0622316466732403,0.6485899000268166,0.5527051296603942,2.2776063121448975,0.1089425111869021,0.13770083729350532,0.12748570988644897,0.12876458042721817,0.12945860306953738,1334.84765625,5.8999624795732055,0.0017635140868974882,0.021847360669695226,0.07842810378273521,0.6286141061579831,0.333310735584178,4.799523981437356,6.9013446331588195,72514.35965069056,0.9953722709173116,0.8465765998175041,1.2061555454026662,6.546406750072738,0.01922628139850645,42573.05454545454,-2.840846245113291e-19,4.2407441886361936e-05,0.3310409358852766,30.447335260404476,43.2744207561593,-34.1563661332777,0.4473448397758659,0.01959664355769302,0.9748625340139694,0.010376260667183864,107.0,9.155106065460568,0.0013576415826221876,0.02488888888888889,0.05455338958393949
OSP_26.08.2024_20240826_220200.WAV,0.0002637014642129223,8.717542295055588e-09,1.7097669437054692,6.025431145786521,3.0,43.007276402267294,-43.97212368445309,-45.736276882744356,1.7641531982912682,0.9597100919584367,0.0035798758187726154,0.5131225475937657,0.34944244277996483,0.008685295254993952,46.63995034641542,5.970202787840271,296.90165710648967,0.24634940766286623,1.6537496557892062,0.038020820608758936,0.06287691899455825,0.7914966261400347,0.5155816983711893,2.3025842881840486,0.0006779116708244715,0.13542171790644295,0.1289154711163236,0.12848359931368097,0.12966886092522548,1337.015625,5.672140379138282,0.0019449798758607313,0.021654556124784435,0.08673977782492727,0.6276853625983091,0.33332728323444927,5.458411826456045,6.985322444719246,74946.66239118406,0.9966847651307151,0.8173630415605927,1.206027464238312,16.366016875181845,0.07396909247405684,42339.01818181818,1.0101347367991007e-19,4.0236401699948e-05,0.04384893104575565,3.0822013103093564,43.04619135275232,-34.133139037252484,0.2284446951428052,0.019649117429328688,0.9956374922775977,0.011249030256012413,116.0,4.135780129870815,0.0002909231962761831,0.016,0.018184463194646495
OSP_26.08.2024_20240826_220300.WAV,0.00026414391220414316,8.792260616947439e-09,1.7077597580894304,6.036986189049355,3.0,43.024350324083585,-43.9550497626368,-45.73846833227461,1.78341856963781,0.9595276822490327,0.004496910801123133,0.5038075887658863,0.3245681833682986,0.01308037925076333,50.31528209336348,6.547763043461482,297.06742573486474,0.2577454865174942,1.6944935512973986,0.03808450536847082,0.06453394875122496,0.8354199926241411,0.5180731729058873,2.3025849137373067,0.0003317864123959069,0.13762809944072674,0.12974233303038393,0.12833495124071287,0.12978289266317525,1338.19140625,5.71629226277636,0.00218005194694986,0.021864768923201945,0.09700505046677985,0.6295910239965953,0.3333272421480818,5.4550277919628165,6.984180956157067,74888.98308367941,0.9966776914379155,0.819536828936811,1.2073914199397406,29.45883037532732,0.10878476263214043,42266.05454545454,2.4998942310167587e-19,4.037596049223351e-05,0.04836855473798587,3.009757922196121,43.06122866769879,-34.12964225292527,0.24743964716282818,0.019657029406229654,0.9959756587856008,0.012121799844840962,125.0,3.907989339051917,0.0003878975950349108,0.021333333333333333,0.018184463194646495
OSP_26.08.2024_20240826_220400.WAV,0.0002633097817431279,8.714265435899678e-09,1.7611904098027624,6.479618454721979,3.0,42.99562325319557,-43.9837768335248,-45.75298484922293,1.7692080156981334,0.9594846369871257,0.002334277580597899,0.39536886828993045,0.2542012792499184,0.008309606495622512,40.15939899451935,5.410566748542676,297.07845589279003,0.23406078015318654,1.6111732474020544,0.038447534474650935,0.061945638974125784,0.7997957561424109,0.5147666386666213,2.302584206652725,0.0007007559403319874,0.13880806905246823,0.12902445291636297,0.12821983962323152,0.13005547018960334,1341.001953125,5.665860327226325,0.00205825392784405,0.022243852124261394,0.0910732147187197,0.6276550478393101,0.33332699378286823,5.435045203959596,6.983901430496193,74926.77317145673,0.9966559518792159,0.8168878910630801,1.2070962988276994,25.09455920861216,0.08618677868295994,42339.12727272727,4.1181283972128205e-19,4.0121616729747937e-05,0.048248250020944704,3.0338416165149944,43.03378424913224,-34.13301144251889,0.24794537149971063,0.01964940607475512,0.9954654719777617,0.014449185415050426,149.0,4.08694177038191,0.000969743987587277,0.017777777777777778,0.05455338958393949
OSP_26.08.2024_20240826_220500.WAV,0.00026352554201381525,8.784200211541167e-09,1.7717559697592646,6.4548411087881705,5.0,43.00582808614102,-43.97357200057935,-45.73565362271677,1.7620816221374156,0.9592012024056323,0.0016128853695229761,0.7788382309719277,0.7057515633899322,0.008145406419305501,44.79803188508751,5.619689683837195,296.8981127821031,0.22062309843630376,1.5661525200289064,0.038592955994840986,0.0604424552866849,0.7466395632916016,0.5139477995537283,2.3024901636084616,0.00699610478585182,0.13693304884750912,0.1277766612975633,0.12786090891045496,0.12939855645669673,1334.228515625,5.623580012897063,0.001821287641838813,0.02169596627238908,0.08080794207686712,0.6274304638372514,0.33332696503227116,5.432782772257499,6.982127466318956,74862.56772302608,0.9966443660495913,0.8139924744614946,1.2053028172489695,8.728542333430317,0.06546406750072738,42350.163636363635,-2.373732523672991e-19,4.02360437674392e-05,0.046106379583466355,3.096406517756751,43.046152718878915,-34.13301410221378,0.23733123662970712,0.01964940005793716,0.9958879577156972,0.010279286268425137,106.0,4.235584046177494,0.0005818463925523662,0.032,0.018184463194646495
OSP_26.08.2024_20240826_220600.WAV,0.00026287583420850976,8.53564269174322e-09,1.7572190494809627,6.391624119886535,3.0,42.972918431209436,-44.00648165551094,-45.74075424731025,1.7342725917993107,0.9601318892159211,0.0013843078048455526,0.3199049005273821,0.2056801907754291,0.011704764841485416,75.01463679464867,7.823315563770697,296.6853900677238,0.23057237616800358,1.5993348016794071,0.03809277127288805,0.06092309478914343,0.7959750086187662,0.5103725191521772,2.302584996092336,0.00023869963511362612,0.13740988588239098,0.12852253673636502,0.1281491411495028,0.12953816009601396,1335.66796875,5.583965347225588,0.0019277425201241396,0.02194585182171791,0.08578073851236664,0.6285698503260664,0.33332717037017967,5.449170287983769,6.987953418791176,75115.53119466454,0.996684211172615,0.8166475116479067,1.2050087382506451,24.00349141693337,0.08143229924352634,42411.89090909091,4.706672761971497e-19,3.989344409467043e-05,0.041730026678632653,2.9498443726346393,43.00901531590431,-34.15653552508593,0.20570101593813206,0.01959626138860529,0.9966956201114792,0.008339798293250583,86.0,3.522251025603424,0.0,0.0,0.0
OSP_26.08.2024_20240826_220700.WAV,0.00026787325666188864,1.1780669488304029e-08,2.5913592623067734,13.003661298199965,3.0,43.29087550502608,-43.68852458169429,-45.74787385893818,2.0593492772438893,0.9453342943846048,0.05585669385082248,0.7431307871788455,0.6196377907932213,0.02138832854502537,69.85163853803684,7.868655714189324,297.46727946928183,0.3750323586862137,2.2001656850515747,0.04048377343115273,0.0890710091046249,1.0082781186844492,0.5525257495937501,2.3025654261587643,0.003285201671402049,0.13669058933824718,0.13010627225253385,0.12823524826494162,0.12995981233633985,1340.015625,6.607158405557562,0.0024996060032974497,0.02204390936743381,0.10936600160645006,0.6313503591095334,0.3333181949954002,4.999833903578973,6.895116316756234,71926.34199000422,0.9956434856429499,0.844944598622037,1.2140159701886528,57.82659295897585,0.1541890941712734,41702.58181818182,-2.961646079894949e-19,4.317483104745531e-05,0.06801420175733555,3.6036373679073326,43.3523064675365,-34.11970919097911,0.4417799261088575,0.01967952176874334,0.9918891070892059,0.031710628394103955,327.0,5.168573966491252,0.010764158262218774,0.016444444444444446,0.6546406750072739
OSP_26.08.2024_20240826_220800.WAV,0.00026614688334181184,9.871638209832401e-09,1.9046523870746643,7.3013849187022295,3.0,43.14114725751013,-43.83825282921024,-45.72924272943277,1.8909899002225288,0.9549872650842369,0.025119597211058498,0.7256822143378802,0.6302198785034414,0.008341515118060139,52.55196760277313,6.399989832461615,297.146592656715,0.28643888428436454,1.8028433107571815,0.04005024101524957,0.0722043091085556,0.8297035528079529,0.531986358049997,2.3025642754569065,0.003258518512760844,0.13509843856076037,0.12822758599313913,0.12881896386854796,0.1299073425831636,1339.474609375,6.139979610249836,0.0020879931020269613,0.021653345078764378,0.09029177527885549,0.6305899925839062,0.3333256614339081,5.339667020567673,6.955731347342194,73796.94652913975,0.9964292603397513,0.8294392145887693,1.20934372765883,31.6409659586849,0.07783329090291921,42168.43636363636,-3.2683241634964243e-19,4.157894213636171e-05,0.05076967474967835,3.2951780222900906,43.18873435688451,-34.1328817393089,0.33620632614845647,0.019649699494332977,0.9939024227328338,0.022885958107059737,236.0,4.884716773725065,0.006497284716834756,0.016242424242424242,0.4000581902822229
OSP_26.08.2024_20240826_220900.WAV,0.00027895280187738807,3.8538134341320423e-08,8.05261275050624,86.25584499959709,4.0,44.72986808642442,-42.24953200029596,-45.66055779245786,3.411025792161901,0.8145958690385363,0.005580793172314302,0.5077429460350608,0.3394126819609051,0.00859382051220281,54.76243201232925,6.104803930610484,297.77284898360364,-0.5549766199501766,0.28619297186865916,0.2293795348824141,0.06564681077384886,0.8353676060268639,0.7309822004874921,2.2742226824784035,0.11818717116204276,0.1652684834965894,0.13039922332970394,0.12875189095757458,0.13126473699204733,1353.470703125,6.606243472661111,0.0033283250290951413,0.02297255809466469,0.12247287221144519,0.6287019527660137,0.3322900454576313,2.8833829224969683,6.065309021642284,54222.24318956282,0.9682968579629908,0.8963050401631197,1.2157509409025162,31.6409659586849,0.10812178741150227,38848.74545454545,-5.3492563913757544e-20,7.31097515944272e-05,0.17117909509571963,26.498019967547243,45.639753083011485,-33.828178896674885,1.297001374944493,0.020351248400139087,0.9610646478983612,0.07554305663304887,779.0,7.177299512504196,0.04625678820791312,0.04542857142857142,1.0183299389002036
OSP_26.08.2024_20240826_221000.WAV,0.0002669955949941898,1.026778943088908e-08,2.230899329049547,10.514332981289726,4.0,43.18657564566104,-43.79282444105933,-45.709825856145486,1.9170014150861547,0.9526800937280598,0.013483845642383585,0.6478242638914111,0.4601068685637393,0.017818061262465323,84.22089141761941,8.459064262578297,297.26631809772334,0.20610374957165906,1.5192208666068325,0.04655587932851944,0.07072866333911643,0.9063995541706455,0.5376009174593341,2.302544365839889,0.00451367048541691,0.13971325122037953,0.13105511379599605,0.1278835686776757,0.12992836836873242,1339.69140625,5.9790543880915425,0.0023933405465037336,0.021943931834655227,0.10300792616391853,0.6318644185706336,0.3333226339089283,5.173354161597698,6.941205635893193,73464.88882466017,0.9961666736864989,0.8392092618341886,1.2109882661313591,33.82310154204248,0.14382773858015713,41591.74545454545,-3.8756876496005465e-19,4.2898566350475396e-05,0.05725220582817637,3.295443243062235,43.3244277851383,-34.07568535194487,0.35295553481303443,0.019779519283410273,0.9944330432900691,0.02821955003878976,291.0,4.233339541975152,0.004654771140418929,0.025599999999999998,0.18184463194646494
OSP_26.08.2024_20240826_221100.WAV,0.0002638556416467877,8.765258083171218e-09,1.7060845693248785,6.006249174718496,3.0,43.01443252080978,-43.9649675659106,-45.746831191220274,1.7818636253096756,0.9595629131250316,0.007139114348293396,0.6208565438278091,0.450045707663541,0.011866069042316574,82.5766670248866,8.076620002262533,297.02050888039344,0.2616066804797396,1.7085835517843186,0.03787123840628924,0.06470617502668836,0.8063803439246984,0.5179858121141389,2.3025841890136722,0.0007180968273452493,0.13626224420521774,0.129136434215486,0.12772313752575282,0.12964328902385802,1336.751953125,5.769012152543739,0.002053139547570556,0.021640580762663467,0.08933273596629486,0.6334063722871011,0.33332726775534094,5.4571342158952065,6.984401988831245,74898.76818980106,0.9966801675938666,0.8204555338263557,1.2074642463732985,37.09630491707885,0.10689054771603143,42313.43636363636,-1.647882167421847e-19,4.027822433539112e-05,0.046681741726198045,2.98974624578219,43.05070316441178,-34.13324972477491,0.2605625547109085,0.01964886703491211,0.9959844773142267,0.016194724592707526,167.0,3.790803245540821,0.0005818463925523662,0.016,0.03636892638929299
OSP_26.08.2024_20240826_221200.WAV,0.0002716617444581893,1.556251353229108e-08,4.437652549404165,37.43932653911916,4.0,43.58365848013139,-43.395741606588984,-45.75067091326118,2.3549293066721972,0.9244694432321929,0.01229313898205675,0.6798260892998296,0.650519155008195,0.007494776612895326,50.10583033219486,6.01688599670745,297.7128529338362,-0.11126136068884089,0.7997566285938836,0.08964565165124914,0.07169470413270473,0.8450611369346449,0.571631528040321,2.1544338678644794,0.2680253741788382,0.1379837067209776,0.12855953055839678,0.12874192065999743,0.12978289266317525,1338.19140625,6.393411595272859,0.002215284344389487,0.02224313804849896,0.09743129016125121,0.6283972078638007,0.33325220069774125,4.16040648869032,6.763340857532035,68767.39778350283,0.9924838840273302,0.8829180314694587,1.2112158148655783,32.73203375036369,0.1128573247017748,42277.490909090906,1.6763736863303144e-19,4.568194340242113e-05,0.5205746090595471,94.26318533983346,43.59744571397915,-34.1718382622146,0.5992657316286909,0.019561767578125,0.9682092921565764,0.019685802948021722,203.0,8.200898397296783,0.004169899146625291,0.01764102564102564,0.23639802153040443
OSP_26.08.2024_20240826_221300.WAV,0.00026330828586692423,8.639415833002176e-09,1.7562147868193263,6.393474520864502,3.0,42.99141231528356,-43.98798777143681,-45.746552331680086,1.758564560243272,0.959809677957898,0.0033726953346319144,0.6127506610045947,0.503051170156753,0.0045578788254704294,34.945000939573845,3.9097629871717476,297.06566049511173,0.22888040631410894,1.5936314112317613,0.03839323233339651,0.06118466102521957,0.7116475899715649,0.516766670918488,2.302583078616598,0.0010386769033244648,0.13848478970678565,0.12844854909230158,0.12817723926085653,0.12961430753564157,1336.453125,5.674440272325395,0.0018354942537096306,0.021873252106368424,0.08201562121120272,0.6271986732894969,0.3333271035283003,5.4437766159222925,6.98593714351637,75020.8543079354,0.9966718449327004,0.8168059983321655,1.2060984522989944,13.092813500145477,0.05328426559014645,42478.23636363636,6.594051903834263e-20,4.0066421317036494e-05,0.04289322947965508,3.013407404123126,43.02780553521515,-34.133165425119714,0.21921078577880593,0.019649057735096325,0.9959867562616583,0.012703646237393328,131.0,4.208450656363104,0.0006788207913110938,0.018666666666666665,0.03636892638929299
OSP_26.08.2024_20240826_221400.WAV,0.00026631485923225286,9.429588002504683e-09,1.7432168826444498,6.249771926138356,3.0,43.122131046264364,-43.857269040456,-45.75014398196181,1.8928749415058093,0.957386780373005,0.02205682105592699,0.6615786361403716,0.5303097242963752,0.008554782703265706,95.30610484419604,8.626034311933479,298.0886870806911,0.3180095323773214,1.9325923087630748,0.0382931951308876,0.074005134387917,0.9386506638658126,0.5474531432017828,2.3025752305043534,0.0022362934934658796,0.13926874212006599,0.12947337794588304,0.12815911144707992,0.12997439779119385,1340.166015625,6.20005434812899,0.0019800228518087482,0.022014868862749948,0.08791193698472358,0.6315888070121097,0.3333267728380954,5.417916087802446,6.970777942851961,74298.58863831345,0.99658341890806,0.8295695065430833,1.2143644589052314,24.00349141693337,0.12649567209775966,42258.92727272727,2.6338359103133923e-19,4.130277538019248e-05,0.056562813941544506,3.4442299666085927,43.15979235477349,-34.142977667796,0.4192945777295307,0.019626873195532597,0.9915103915907197,0.028510473235065944,294.0,5.41450333362845,0.0023273855702094647,0.016,0.14547570555717196
OSP_26.08.2024_20240826_221500.WAV,0.0002635716213191826,9.380053180327153e-09,2.1771942736090613,10.009819719227481,3.0,43.040119578254064,-43.93928050846632,-45.76032522766532,1.8210447191990013,0.9555468402122346,0.0008816763505072878,0.5372059111703203,0.4797594157301136,0.0031873219767646344,3.9595092546673905,0.659709389960293,297.0703274980243,0.12821043820356398,1.2941316203405089,0.045528779915338775,0.05892023372396379,0.6459958654495415,0.5196749563643891,2.3006476288372197,0.03004523233812364,0.13909902046358258,0.12683881791740778,0.12831319786418097,0.12959062984919018,1336.208984375,5.650148924421259,0.0016913444985937349,0.021960200179608882,0.07487610632880698,0.6275569694903192,0.3333239043352331,5.236554212147206,6.959169522298119,74209.7015853719,0.9963257705831842,0.8275402775218398,1.2048447706314833,7.637474541751527,0.032428959363786244,42559.6,-3.4171424107840105e-19,4.0536790929525195e-05,0.09310596401603488,6.1191843871684215,43.07849365058451,-34.16024722632453,0.30155296187653136,0.019587889197378448,0.9912436101325452,0.01134600465477114,117.0,6.084433409013265,0.00126066718386346,0.02311111111111111,0.05455338958393949
OSP_26.08.2024_20240826_221600.WAV,0.0002650507384711376,9.064219190687061e-09,1.7973588028765786,6.773159839528833,3.0,43.06571393325485,-43.91368615346551,-45.72983742331808,1.8161512698525684,0.9583974496595593,0.008387362473169846,0.697646888354694,0.622195684039476,0.0033846371785561935,11.819091945942956,1.9098159089014708,297.0406648579414,0.22087809989697765,1.56699240482849,0.04112558564660025,0.06444348035234616,0.7156843435214454,0.5270230871262401,2.302377738953864,0.010029443635338708,0.1366420974363948,0.12686481357613277,0.12781196381325813,0.12899262620017457,1330.04296875,5.860214692673141,0.0018606873120938804,0.022186814275049566,0.08254842082929195,0.6313663618528299,0.333326618798544,5.406311860522861,6.977090855139659,74646.46105409067,0.9965996345247338,0.8255307045282834,1.2070534562211235,13.092813500145477,0.05110591843662108,42430.61818181818,-4.711298691240768e-19,4.0828365937482576e-05,0.05106556413118797,3.654487779608094,43.10961998621612,-34.142914608730266,0.2992363581509707,0.019627015686035157,0.9933391938628717,0.014158262218774243,146.0,5.629443242743371,0.0017455391776570986,0.016,0.10910677916787898
OSP_26.08.2024_20240826_221700.WAV,0.00026248363626078385,8.642391799237893e-09,1.7694711366445655,6.389296807951975,3.0,42.96736052547377,-44.01203956124661,-45.758096452163784,1.746056890917174,0.9595123408465682,0.002087886928614724,0.5315163964760914,0.37019036301208663,0.006236447152431546,45.73090976570645,5.275229006530559,296.9638405390547,0.2209615139846291,1.5672672607352274,0.03818387936469378,0.05984434401614799,0.6803048616548388,0.5109784793942331,2.3025848329611085,0.00038806019485502217,0.13843629780493324,0.12807261187381708,0.12769050746095495,0.12940575447337793,1334.302734375,5.61205129633585,0.0018809554116962467,0.021939710761133994,0.08396921981086324,0.6295275367990403,0.33332706436360804,5.4406431231451835,6.984075704599147,74954.42562713781,0.996658777088453,0.8143887504735948,1.2052597726966727,4.364271166715159,0.05877748884686257,42475.109090909085,-3.6785599818759095e-19,3.985403785952678e-05,0.04787929785932739,2.9714455469968835,43.00472329026313,-34.173813489967515,0.22346211750516431,0.0195573192654234,0.996290437815631,0.009406516679596586,97.0,3.903342494719312,0.0,0.0,0.0
OSP_26.08.2024_20240826_221800.WAV,0.0002620234420302561,8.513845905280805e-09,1.804206323722702,6.5746577911205435,3.0,42.94659201949115,-44.03280806722922,-45.74493421608396,1.7121261488547432,0.9598317612811272,0.0003998052365472571,0.4332192235220691,0.3443445560027517,0.0029282049850192227,7.271490341341472,1.1407182885617924,296.3990406371971,0.2031368450204556,1.5098412287004792,0.03810334740702475,0.05753000486662346,0.6246699895993858,0.5070006282687503,2.3025848109869966,0.0003823057991899859,0.1360359486632399,0.126646849976054,0.12726450383720497,0.12903732967219472,1330.50390625,5.514871736967281,0.0017172952429444284,0.021814375573334623,0.0764389852085354,0.6278872313812052,0.33332702961214017,5.437879072346173,6.986069736310323,75087.95639471711,0.9966615790806382,0.812643017898634,1.2041355130563123,12.001745708466686,0.025950744350693434,42634.43636363636,-7.142855330779653e-20,3.96728781551607e-05,0.0414442185207253,2.949892266375152,42.98493708454046,-34.169949739802654,0.21906733598179784,0.01956602089621804,0.9964834986601114,0.01047323506594259,108.0,3.6754637121410805,0.0,0.0,0.0
OSP_26.08.2024_20240826_221900.WAV,0.00026170772333104883,8.537011967015544e-09,1.8060049957029174,6.535533945873087,2.0,42.938582780014485,-44.04081730670589,-45.75345241937165,1.7126351126657582,0.9596279151868059,3.0020815226516895e-05,0.10905923582480481,0.10203247015785755,0.0024579278260156157,3.147929723674047,0.06909122959931344,296.85039668790296,0.19418991198740848,1.4819743879512566,0.038242028539234266,0.056673706838446185,0.6161319739419697,0.5102450907913256,2.302584173259603,0.0007302805422954251,0.13692496686386707,0.1260339523299609,0.12827603584593894,0.1290922619047619,1331.0703125,5.481172533262693,0.001651376563863835,0.02181606278559403,0.07373946714354995,0.6257941965229616,0.3333270182368576,5.436977618190541,6.984794556748329,75034.59277176957,0.9966545474015902,0.811340798097437,1.2027586444930054,3.273203375036369,0.013619405246823781,42617.472727272725,-1.7720463143993383e-19,3.9583549941212114e-05,0.04488667778541245,3.1136411672587507,42.97514740116587,-34.21093620920481,0.22621847902156134,0.01947391138943759,0.9956031553559782,0.007757951900698216,80.0,4.743036935882578,0.0002909231962761831,0.016,0.018184463194646495
OSP_26.08.2024_20240826_222000.WAV,0.00026190804847180165,8.670490712385668e-09,1.8834211367125244,7.1443264517055685,2.0,42.95200178736572,-44.02739829935466,-45.73585054735081,1.7084522479961493,0.9588946924030464,2.2191514063019113e-05,0.003959443620744185,0.003372636834407694,0.002553980783980614,3.810903857735171,0.45154456819594085,296.65857198071456,0.17411527087178955,1.4216454542163106,0.03956163159445833,0.05624261371764206,0.6319891617252374,0.5092484055885036,2.3025836514154236,0.0008978844665342933,0.13648853974719555,0.12645288236864444,0.12793795211900547,0.1290159250436427,1330.283203125,5.4658135252220665,0.0016095144142178257,0.02168490552426512,0.07189242846750728,0.628031641777628,0.33332655007900236,5.401220646342475,6.9801917910527225,74898.21173968985,0.996597652314748,0.8146369085139551,1.2026333238655016,2.1821355833575793,0.010058281204538841,42563.854545454546,-4.697000364408475e-19,3.9757916814672926e-05,0.03855831852855803,2.9523912371564967,42.994236207053056,-34.173662992272554,0.2219512109945896,0.01955765813191732,0.9966005469670429,0.008533747090768037,88.0,3.591353953346757,0.0,0.0,0.0
OSP_26.08.2024_20240826_222100.WAV,0.00026500738910615376,9.596281511479607e-09,1.9437257735482818,7.452799976306972,3.0,43.093499729635205,-43.88590035708517,-45.743335256772745,1.8574348996875756,0.955650663584496,0.0018428861897241688,0.5165962243371756,0.3757724238561433,0.008928069840375752,69.19634571365823,7.374608975256304,296.9220858402049,0.1140789036386516,1.257537390422682,0.04822398768440604,0.060643467628423535,0.7522933568161759,0.5294953810953813,2.3009888555324696,0.027975970665581863,0.14054569553551224,0.12863251836943232,0.1284201519654629,0.1297766417539521,1338.126953125,5.7315082187278135,0.0019885468189312387,0.021858978970628107,0.0860293783341416,0.6283235128184846,0.3333257552403805,5.345818345314231,6.959878427792072,74038.09532420077,0.9964463356970578,0.8338297115322854,1.2059823738897806,25.09455920861216,0.05538684414702745,42345.545454545456,2.1081621297143599e-19,4.1178724503247975e-05,0.20133675157718847,11.630483043378907,43.146728903689464,-34.15633897801913,0.3137212013690345,0.01959670482404304,0.9902301272841023,0.012412723041117145,128.0,5.8581527758316065,0.0014546159813809156,0.016,0.09092231597323247
OSP_26.08.2024_20240826_222200.WAV,0.00026122983196354924,8.511322511681697e-09,1.8172525107349893,6.613179732801268,3.0,42.9230163773914,-44.056383709328976,-45.76277193296861,1.7063882236396353,0.9595725250241415,4.566557114593639e-05,0.08120213861463277,0.06982354015357484,0.0025966486943155287,2.7491367280303196,0.17390831867914208,296.4471558417055,0.19270908869426331,1.4774216728950158,0.03829175017500975,0.05657306160164092,0.6593118930587486,0.5044986498748174,2.3025849236687455,0.00029514079348285093,0.13725632819319172,0.1262189214401195,0.1283684876961996,0.12898580702647658,1329.97265625,5.47317347209781,0.00167353887838231,0.021812907160152224,0.07512474615058196,0.6272522381284549,0.33332696762529096,5.432986401755146,6.984446062893178,75030.09971790439,0.9966486944419467,0.812122475309448,1.2027704140713888,2.1821355833575793,0.01172519033071477,42616.6,1.6884641832840921e-19,3.942855597023282e-05,0.04171900736019322,2.945425539636797,42.95810871781732,-34.200758582994865,0.21302382403882092,0.019496743173310252,0.9965741159153335,0.009115593483320403,94.0,3.701039351390566,0.0,0.0,0.0
OSP_26.08.2024_20240826_222300.WAV,0.0002633326312985214,9.445894177330698e-09,2.2048467180579334,10.120352648179873,2.0,43.036808986137736,-43.94259110058263,-45.741109731489246,1.7985186309066137,0.9550815105578448,0.00014125672078302287,0.6430035298154976,0.6131431375043502,0.002469719777453805,4.638597890736649,0.6715006467461692,296.76640389965274,0.11299785943306592,1.2547859903942113,0.04580582207002768,0.05747650381196071,0.6025236331686281,0.5216813529308206,2.2992298579842965,0.03947510338633418,0.1384201338376491,0.12640089105119445,0.12809294492679535,0.12911726554165454,1331.328125,5.561660320648205,0.001687556068761517,0.02172408827602793,0.07526682604873908,0.6269377044291347,0.3333237136499909,5.226543460874322,6.956252453112424,74119.07267641094,0.9962975795328558,0.8249560638337201,1.2037173313219593,3.273203375036369,0.014168727572495392,42627.472727272725,3.2633828299587937e-19,4.048540546509269e-05,0.08802693156006691,6.221360016321435,43.072984931335164,-34.15996886194375,0.26629368581117774,0.019588516957832106,0.9916394331683739,0.008242823894491854,85.0,6.468912834726925,0.0005818463925523662,0.032,0.018184463194646495
OSP_26.08.2024_20240826_222400.WAV,0.00026600138433703705,9.906614365870187e-09,2.0051323135848107,8.150271621200018,3.0,43.138862287149905,-43.84053779957047,-45.70474767131778,1.8642098717473132,0.954500297283005,0.01787161862425979,0.7092702030890872,0.6091773535568049,0.0188606809200913,78.77020652250758,8.393128632694014,297.0062622477868,0.2643849656457774,1.7188133828120415,0.04169566499961919,0.0716670670065931,0.8147468629610692,0.5324075869086022,2.302566963092981,0.003057837104324612,0.13898587269259366,0.12984731549831177,0.12858692785220757,0.13015264341479973,1342.00390625,5.990202998469175,0.002078143184463195,0.02179837406334459,0.08979449563530552,0.6294490207054368,0.3333249894057423,5.297682114801156,6.9526609215979756,73762.72564432022,0.9963648150116677,0.8335632967580888,1.207903507918581,61.09979633401222,0.08783474565997479,42153.30909090909,-1.0599686111998891e-19,4.142444936427898e-05,0.046029046852727205,3.322203300224528,43.17256744257469,-34.13328915380882,0.3214172990491164,0.019648777840354226,0.9939016594570771,0.018231186966640806,188.0,5.224594648844448,0.005818463925523662,0.016842105263157894,0.3455048006982834
OSP_26.08.2024_20240826_222500.WAV,0.00026699075137399497,9.296224520137487e-09,1.7381595930653426,6.361282327883606,3.0,43.13438773259282,-43.845012354127554,-45.72100188022391,1.8759895260963546,0.9581675651437487,0.01096175972434954,0.5024618804972849,0.45299111656837954,0.008956485751623888,65.32319034422187,7.271606134179994,297.35289741597705,0.27041454927074554,1.741282735286055,0.03967708546488523,0.06908902390647392,0.7905421999152907,0.5417409473098214,2.3024527551067795,0.008067616258728271,0.13729673811140206,0.12770167382047196,0.12808478741059587,0.12927562190864125,1332.9609375,6.072097240917914,0.001981538223741635,0.02211190819818395,0.08720153749393793,0.6287708570382954,0.33332681488653276,5.421131071252851,6.975662554036795,74512.25137895094,0.9966110222827933,0.8227318802305701,1.208468705824518,46.915915042187954,0.08836512583648531,42379.94545454545,-4.0968911764766194e-19,4.1565787750435e-05,0.002677661656458972,40.52987517069231,43.18736015619223,-34.14277236749377,0.4973378863921667,0.019627337103179005,0.9688040081901953,0.014934057408844065,154.0,8.379435255358992,0.0065942591155934835,0.01726984126984127,0.3818737270875764
OSP_26.08.2024_20240826_222600.WAV,0.0002618824997868437,8.599753106144079e-09,1.8271712070556827,6.6825468563439845,3.0,42.94727105179774,-44.03212903492263,-45.755186734727104,1.723057699804471,0.959344606903735,3.080023406654142e-05,0.02766607620758932,0.024152803119361632,0.00251586758723088,3.5329554636698686,0.2765279077695171,296.62953761305397,0.18691145441986018,1.459756702848393,0.038782085116245736,0.05661240869887661,0.6737949265043214,0.5088450814765249,2.3025828318221384,0.0011008433482091462,0.1383958878867229,0.1262379182676493,0.12770772888404272,0.12945405695373874,1334.80078125,5.495832581349144,0.0016769484652313063,0.021888729627463178,0.07434330671071775,0.6261071933682517,0.3333268890768331,5.426854500133414,6.98301806379699,74974.52163881557,0.9966364299021415,0.8128235734741689,1.2036133016777044,6.546406750072738,0.021840297982736883,42599.89090909091,3.313532108627941e-19,3.9685495952429126e-05,0.04078785094950815,3.0493782747400093,42.98631812084199,-34.16042790447766,0.2146326024316494,0.01958748174725157,0.9955464574503258,0.008242823894491854,85.0,4.835674523605126,0.0006788207913110938,0.018666666666666665,0.03636892638929299
OSP_26.08.2024_20240826_222700.WAV,0.0002611412379390994,8.519927538914323e-09,1.841464870876389,6.871197588494564,2.0,42.920884117407844,-44.05851596931253,-45.76763076496973,1.7091147956572001,0.9594541554494888,5.520816092019487e-05,0.022866419937768834,0.017887815880685776,0.003834156853075532,26.246986824993552,3.299400346484782,296.7295436629665,0.18992511025373057,1.4689075359766273,0.03852748117711119,0.05659330744325628,0.6244357084725196,0.5054343391990991,2.3025850693005987,0.00011575946228745693,0.13804028060647208,0.12695179904955872,0.12863587294940435,0.12938378158035108,1334.076171875,5.4785074969855945,0.0016343286296188538,0.021644365091009015,0.0732421875,0.6291835397720873,0.3333267957159119,5.419662739423979,6.983699910543324,75015.11001056702,0.9966334193574719,0.8128865400915432,1.2038354071473627,2.1821355833575793,0.01937781859179517,42564.52727272727,-6.390090476961839e-20,3.943042954125093e-05,0.04509084161039919,2.939788375675717,42.95831508150548,-34.18351009231847,0.17913230366183086,0.019535498387885816,0.9967904358084301,0.0069821567106283944,72.0,3.626731834626119,0.0,0.0,0.0
OSP_26.08.2024_20240826_222800.WAV,0.0002621056915388508,8.512896500857765e-09,1.7979007027934353,6.512515349577117,3.0,42.94896403025536,-44.030436056465014,-45.740663746850075,1.7102276903850608,0.9598739975483723,0.000221530259398528,0.197713417552268,0.14765700132874837,0.003436649694010585,11.759803047608909,1.7587914293464881,296.56278823938,0.19947008381035053,1.498345108099858,0.038217385522065224,0.05726283264135276,0.6345690758403126,0.5074971811288169,2.302584599783124,0.0005048742144404983,0.13537322600459056,0.12597796168039938,0.1278572833476996,0.1291064685166327,1331.216796875,5.502791226551903,0.0016928598705266223,0.0217369659322966,0.07562202579413191,0.6285142548883043,0.3333270729856385,5.441331271712237,6.9863353645317545,75094.9958074547,0.9966658245394343,0.8126420375760207,1.2033058246730701,6.546406750072738,0.02909514111143439,42603.81818181818,2.4195712773412264e-19,3.9664684656481674e-05,0.03989022033749533,2.9545648815337233,42.98404005893234,-34.160152755918936,0.20362444685971326,0.01958810224244089,0.9966109711366608,0.008242823894491854,85.0,3.7623489718463894,0.0,0.0,0.0
OSP_26.08.2024_20240826_222900.WAV,0.0002620836836498263,8.618662537811805e-09,1.8024467486184008,6.49307539360505,2.0,42.954260920545906,-44.02513916617447,-45.7579169122031,1.7327777460286313,0.9593867471085902,0.00010082993819671149,0.15968172183218288,0.13021355822634828,0.003381383291172324,4.192997073126376,0.5455270282530568,296.69017015744623,0.1948854639166591,1.4841186071853152,0.038351116614105715,0.056917605773328175,0.6761646982140375,0.5109464154510494,2.3025827852761087,0.0010833303826222717,0.1380968544919665,0.12732873610107112,0.1284083688865081,0.12981850390359811,1338.55859375,5.505501152611445,0.0016724023494326446,0.022015878783525844,0.07452090658341416,0.6249327522297127,0.33332699720920717,5.435315512176369,6.983286190190579,74962.39174032178,0.9966468048608944,0.8112440531277639,1.2042120673638546,5.4553389583939484,0.02288211618659684,42632.6,3.452572823596385e-19,3.970994524473669e-05,0.04292388986776774,3.1882484741875152,42.98899288224167,-34.18755063935032,0.24524979060633711,0.01952641287716952,0.9949490846220068,0.010279286268425137,106.0,4.811101800868976,0.0,0.0,0.0
OSP_26.08.2024_20240826_223000.WAV,0.0002650878770238704,9.080086898716759e-09,1.9190742749035463,7.853068500409578,4.0,43.0676603775924,-43.91173970912797,-45.73516123584242,1.8234215267144478,0.9580255606728855,0.003407705761389934,0.6839694984486782,0.6241020600497714,0.0032463078112465737,4.159242461663867,0.5307790710626479,297.0536753551044,0.19859232661190357,1.4956087474738504,0.04251712558713622,0.0635889849455652,0.6641926589097348,0.5324786205591189,2.3017747944500617,0.01951303722861919,0.14027899007532407,0.12787464493429596,0.12756451915520764,0.1293805614149937,1334.04296875,5.8143481878859395,0.001861634419551935,0.0221097299876201,0.08226426103297768,0.6290558795908573,0.3333259170146056,5.3566077317846785,6.974738353422019,74650.46270314831,0.9965352694213946,0.8270589475050865,1.2066854687505846,13.092813500145477,0.04709018281446998,42426.43636363636,8.83973029455333e-20,4.0805977608679454e-05,0.05121586679949059,4.898445406858371,43.10723786921006,-34.13335101114919,0.32256093214787995,0.01964863791032271,0.9888870677328717,0.011055081458494957,114.0,6.8508076551038535,0.0020364623739332816,0.0224,0.09092231597323247
OSP_26.08.2024_20240826_223100.WAV,0.00026157521229613494,8.562028467870596e-09,1.8269304514916083,6.665772093114164,2.0,42.93608299589738,-44.043317090822995,-45.74803147437066,1.7047143835476675,0.9594185913475604,2.2276749601313206e-05,0.006364977418854001,0.005841813475054858,0.0025542095719597313,3.765955287221188,0.1472988160287565,296.6380998612009,0.18672458632345773,1.4591915190927491,0.03861182785101332,0.05634205173686784,0.618878813701252,0.5081383192373423,2.3025830358536954,0.0010467838696829545,0.13606827659780818,0.12630590691354546,0.1276062131268938,0.12903013165551352,1330.4296875,5.461721500282962,0.0016028846620114443,0.021517064354150746,0.07164378864573229,0.6263423710975796,0.33332690959246597,5.428448815837142,6.983481365764905,74997.37777928941,0.9966399352453041,0.8124590161698776,1.2023987375929794,1.0910677916787896,0.011952496120647853,42609.29090909091,-4.447200183867815e-20,3.957695979769366e-05,0.03891312530893989,2.9715671306971614,42.97442429744129,-34.21041616902447,0.2226519338340296,0.019475077363216516,0.9963074690270765,0.0075640031031807605,78.0,4.139839376548254,0.0,0.0,0.0
OSP_26.08.2024_20240826_223200.WAV,0.00026239761768097157,9.01548798719745e-09,1.9008575181247993,7.133868686142408,2.0,42.98568977315584,-43.99371031356453,-45.754903404906614,1.7611930913420863,0.9574658887512388,3.985921623972377e-05,0.018035103908635497,0.014757109363979226,0.003154042230136489,9.38318671804553,1.2258042490707621,296.4802664395651,0.13100155522681173,1.3015000913172028,0.04336443122500272,0.0564388111992596,0.6234619791936018,0.5120343887447866,2.302283039988193,0.01202485743945605,0.13887272492160477,0.12622492043828681,0.12773945255815178,0.1291341240544079,1331.501953125,5.53883986907331,0.0017337749127145767,0.022051892568896246,0.0770428247757032,0.6257935161912525,0.3333262869559705,5.382192316888298,6.971248387853689,74515.82534482995,0.9965377925547435,0.821916847064811,1.2033218848191363,4.364271166715159,0.021821355833575792,42563.56363636364,-5.3219213547846045e-20,4.004997509723637e-05,0.07601889935956561,3.4908075554339324,43.026022503794024,-34.18707959738247,0.24412504679371239,0.01952747183713046,0.9952507449223047,0.009988363072148952,103.0,4.706431322716156,0.0014546159813809156,0.026666666666666665,0.05455338958393949
OSP_26.08.2024_20240826_223300.WAV,0.00026167190706846553,8.66600910983451e-09,1.8830557222450426,7.267849283842523,3.0,42.94479447956466,-44.0346056071557,-45.76362987847254,1.7290242713168453,0.9588667823070539,0.00043923350660068916,0.5063731341428048,0.41566048287539714,0.0035472340479844044,17.403054613275273,2.202776637108092,296.8288189668084,0.1857263094774865,1.4561766188425105,0.039373528566893,0.05733481170043725,0.6385479762581237,0.5077162590847323,2.30257983705362,0.0016452629069876323,0.13757152555523228,0.1268828105706347,0.12805850208061983,0.12949402488846862,1335.212890625,5.5268365390817955,0.0017165375569779848,0.021888731613226096,0.07633242528491756,0.6280768957349414,0.33332645757527984,5.394448184749907,6.980015174605726,74880.54647224488,0.9965927378072119,0.8153711389677089,1.2043884453107263,4.364271166715159,0.02297682693240229,42530.05454545454,-2.0961767675167017e-19,3.963849258112046e-05,0.04811158868866289,2.98131195479914,42.981171302696126,-34.17379357285495,0.2337351340847249,0.019557364111235646,0.9962250198889048,0.009406516679596586,97.0,4.012185266630115,0.0,0.0,0.0
OSP_26.08.2024_20240826_223400.WAV,0.0002810325748639493,4.213008091596482e-08,7.200514442849204,70.15653209088399,3.0,44.903877829380214,-42.07552225734016,-45.70351801892012,3.6279957615799603,0.810045932978492,5.779694274454794e-05,0.7635420941909201,0.722804736121546,0.002812474447236535,3.5011882132192786,0.4507963830204424,296.97109307774514,-0.6456444446018669,0.21532935413874463,0.26407009039962975,0.05686204201311218,0.6304553245621438,1.157105124118854,0.08957559828539587,0.8956665497486263,0.13913134839815086,0.12645788153378384,0.12863859212147086,0.1292311078581127,1332.501953125,8.200414669831119,0.0016345180511104646,0.02168432744265711,0.0722476282129001,0.6274252029933564,0.3324587197226085,2.971558034105086,6.038197678796314,52482.1942939003,0.9706592978465288,0.8950692463106382,1.20501451509048,2.1821355833575793,0.01521054577635535,42282.50909090909,2.1035362004450882e-19,6.0777039398613106e-05,9.093494127674191,1973.4417595807365,44.83739540690262,-34.106034391301925,1.6965106487898964,0.01971052900950114,0.7978641654248811,0.009309542280837859,96.0,16.87205670855398,0.0006788207913110938,0.03733333333333333,0.018184463194646495
OSP_26.08.2024_20240826_223500.WAV,0.0002667035717637703,9.744885442271178e-09,1.881993174277304,7.1197381202097825,3.0,43.15027918276958,-43.82912090395078,-45.729657386320156,1.9005364823693753,0.9557569201848474,0.02426520151749334,0.7487591363787778,0.6659031193798125,0.005550112053216538,32.04507735388275,4.301512533137905,297.4485025962089,0.29160550968900006,1.8232856513634914,0.0402297753111847,0.0733503720824603,0.7402941112645937,0.5564374148017656,2.2969733098619916,0.051873829218234316,0.13843629780493324,0.1283715619491545,0.12878995936650542,0.12956600505528076,1335.955078125,6.211258845966987,0.001966573925904374,0.022013418854343082,0.08656217795223084,0.6291993198260905,0.33332596813757254,5.360066319927821,6.9605533414294625,73989.84132423865,0.9964702215970997,0.8331562035254664,1.210006304094575,27.276694791969742,0.07614743962758219,42384.21818181818,-3.05879059454965e-19,4.150091094945871e-05,0.05353369942010954,12.57103849436643,43.18057629627303,-34.11963551493594,0.3737535058673629,0.019679688696427777,0.9872074326771711,0.017552366175329712,181.0,6.218529714251351,0.0035880527540729248,0.016444444444444446,0.21821355833575795
OSP_26.08.2024_20240826_223600.WAV,0.00026607667072561363,9.904195007965954e-09,1.976666549121333,7.831653643674034,3.0,43.140888305656645,-43.83851178106373,-45.74499483228516,1.9064830512214286,0.9546066279002561,0.025596428222363188,0.7278428989390247,0.6377657082315431,0.004874169064283396,28.097352379584834,3.851088294334713,297.2283295095601,0.2607206959421003,1.7053374672089585,0.04190557771679137,0.07146315176548117,0.7797290583345724,0.5329517739696359,2.302103154726552,0.015205739316044919,0.13722400025862344,0.12670883962378285,0.12874101426930862,0.12962813530452913,1336.595703125,6.1757593011546295,0.0019656268184463197,0.02162900148445277,0.08695289767216295,0.6269546520615453,0.3333252558474886,5.313908801507249,6.953334254539442,73768.2277992312,0.9963845609079779,0.8350698288680966,1.2093720453045993,16.366016875181845,0.0627363980215304,42289.01818181818,-1.1451277636569324e-19,4.154447937798106e-05,0.06284879811336377,3.853281300814214,43.18513320900565,-34.142897634810964,0.3557691522813258,0.01962705404108221,0.9922099734558992,0.01803723816912335,186.0,5.769061239614882,0.006012412723041117,0.017403508771929824,0.3455048006982834
OSP_26.08.2024_20240826_223700.WAV,0.00026169470687701323,8.660669946444949e-09,1.8968038541378784,7.28717098667912,2.0,42.94516568298363,-44.03423440373675,-45.74636874920871,1.7121343454719664,0.9588446742129875,1.877534776517642e-05,0.01120892618049385,0.010443569784770679,0.0024272806606822073,3.5934104992675553,0.18612897229093767,296.51884017184875,0.17436026921015144,1.422364047435919,0.03957390776514759,0.05628850362169106,0.5739934688205882,0.507732750073866,2.302540407500784,0.004723012410655869,0.13799178870461967,0.12631690507685217,0.12769957136784327,0.12922637232082243,1332.453125,5.4692358975502415,0.0016725917709242556,0.021896651034151032,0.07448538660887488,0.6253043075146633,0.33332645243870135,5.394074796045519,6.979875726970593,74894.6219246436,0.9965896824638697,0.8152931647225996,1.2028406438539152,1.0910677916787896,0.01174413247987586,42605.65454545454,6.465787501368099e-20,3.966181215470114e-05,0.04047563883625049,2.9882644426593483,42.98372553308707,-34.1602125315258,0.2036061725026599,0.019587967439131302,0.996327747560605,0.00843677269200931,87.0,4.21520595022822,0.0002909231962761831,0.016,0.018184463194646495
OSP_26.08.2024_20240826_223800.WAV,0.00027357999768561,1.1555034846862926e-08,2.3379492455077777,11.722947002383933,7.0,43.4372898988111,-43.54211018790927,-45.7451898384602,2.203079650550926,0.949322512472137,0.051518318672630015,0.7005653458152628,0.5248697774846525,0.004313961713452885,16.191803418277907,2.199737055680578,297.7968639869714,0.43322637525746865,2.5287457155553796,0.0401644385216002,0.10156565182918395,0.6642678742882908,0.6399638420832274,2.21794439449197,0.20022481132896708,0.13739372191510682,0.12680782309354338,0.1289966164435586,0.1297626245635729,1337.982421875,7.152904941697603,0.0017254403670836972,0.021765290119625292,0.07668762503031037,0.6270243867811379,0.3333205029443359,5.082540885882391,6.920144633487482,72623.67138538107,0.9959381898639462,0.8511487847190312,1.2096760804080344,5.4553389583939484,0.043263868683929785,42550.63636363636,3.300285129356846e-19,4.45533976610426e-05,0.4747635166347572,202.45545197145964,43.488808291175935,-34.14274289896135,0.755096091576057,0.01962740369276567,0.9298517332085934,0.008921644685802949,92.0,12.597503888023923,0.0002909231962761831,0.016,0.018184463194646495
OSP_26.08.2024_20240826_223900.WAV,0.000262575072848475,8.536034713472797e-09,1.8292224027401305,6.867302058431382,4.0,42.96409130658687,-44.0153087801335,-45.74057368600719,1.7252649058736864,0.9598418552659976,0.0003178709946186631,0.6052352342405096,0.57346424620317,0.00391883223447187,22.949294519104573,3.0296688221296018,296.84617805659445,0.20285552125559253,1.50895546959094,0.03888570133514381,0.05867679171854497,0.6888427074368962,0.5115130553713505,2.3025543381583056,0.003923879843716093,0.13639155594349076,0.12698779303856256,0.12851894855054533,0.12923489628794493,1332.541015625,5.549262839797127,0.001704414581514887,0.02211755163239538,0.07579962566682832,0.6302338922652875,0.33332687379486364,5.425670199185492,6.986126966592067,75106.85405200881,0.9966502581799029,0.8162952536332225,1.204761169187177,6.546406750072738,0.04585894311899913,42544.89090909091,4.030340875852782e-19,3.984841327224664e-05,0.04243781092405778,3.1458524026026917,43.004110328631924,-34.1600218087187,0.22404297659240768,0.019588397552027847,0.995773935832218,0.009115593483320403,94.0,4.366456958267689,0.0007757951900698216,0.021333333333333333,0.03636892638929299
OSP_26.08.2024_20240826_224000.WAV,0.0002624979582827403,8.716280176203655e-09,1.915740807212404,7.604965403581916,3.0,42.97191767243973,-44.007482414280645,-45.76578453281343,1.7583021185327823,0.9588138941301471,0.000808147874922005,0.49241758861368334,0.4101677064748359,0.00598038064579498,48.07287741477827,5.719829348274862,297.1672945224662,0.19278813482126314,1.4776642741210824,0.04003690617798098,0.05916110590554014,0.7072996406652099,0.5153949583196429,2.302179706548648,0.013966338642894982,0.13508227459347621,0.1282235866610276,0.12791982430522886,0.12961430753564157,1336.453125,5.608899005788832,0.0017625669794394338,0.02170663348564749,0.07839258380819591,0.630168002784547,0.3333262659041681,5.380700740680227,6.9796768836974685,74889.53302832415,0.9965762169726126,0.818119334180168,1.2057520191156845,6.546406750072738,0.052716001115313736,42527.854545454546,1.6739555869395589e-19,3.984540070717974e-05,0.042451236454762335,4.026624682544639,43.0037819868648,-34.146663055813576,0.25282049576281906,0.019618547358657375,0.9923892117262056,0.009406516679596586,97.0,5.8890814612972555,0.0010667183863460048,0.019555555555555555,0.05455338958393949
OSP_26.08.2024_20240826_224100.WAV,0.0002610511181777966,8.454435521081718e-09,1.7807349611347465,6.334478572057625,2.0,42.91450769087788,-44.06489239584249,-45.78110115309113,1.716208757248637,0.9598683649784069,4.064997918928892e-05,0.010652210991833222,0.008453637368368683,0.003599313787830294,25.660541774070744,3.147643000697157,297.0037525213709,0.20214543993788875,1.5067225282817265,0.037551680578208915,0.05657996310202674,0.6219915985742562,0.505341626758314,2.3025850711158307,0.00010168275055395526,0.1371512624058449,0.1268588145779655,0.1288416236357687,0.12997515547716032,1340.173828125,5.482293874019523,0.001706498217922607,0.02197476025132275,0.07619034538676042,0.6268097790868137,0.3333271658043117,5.448799997153421,6.986303852037059,75080.47091949386,0.9966729813059662,0.8100796353313386,1.2041461288186872,4.364271166715159,0.018411768984579576,42611.96363636363,3.345177670220003e-19,3.9374796938499194e-05,0.04415852612913409,2.9520616944535316,42.95218327084217,-34.173865309584954,0.1851127792494438,0.01955720258770567,0.9965091247070486,0.008242823894491854,85.0,3.8622688465419093,0.0,0.0,0.0
OSP_26.08.2024_20240826_224200.WAV,0.0002614833347850362,8.470905192056864e-09,1.8210315750484676,6.660791078228869,3.0,42.92822417218814,-44.05117591453223,-45.757755479523965,1.7065795649917348,0.9598141397712843,3.588723814629269e-05,0.013087062563744922,0.010831619369890189,0.003181761720165266,8.68042297174885,1.3893593293940183,296.4178446377101,0.19534471833003952,1.4855364098887818,0.03809710124486061,0.056594631010459674,0.5982210188440785,0.5050323324814356,2.302584990635998,0.00023447728262766533,0.13657744156725826,0.12602595366573782,0.12778386570190442,0.12923565397391135,1332.548828125,5.468910903778105,0.0016561121011541072,0.02199612569143819,0.07391706701624637,0.6266472229189938,0.3333269852561039,5.434373150375696,6.985957176468986,75102.63467472655,0.996656361534537,0.8128001081872513,1.203244330581338,4.364271166715159,0.019548297934244983,42647.05454545454,-1.967281556513819e-19,3.9491935566116133e-05,0.03807596948541838,2.9384671481239173,42.96508419760437,-34.19676694637631,0.20801320751057517,0.019505705041596384,0.996746905547351,0.008242823894491854,85.0,3.6072312917665483,0.0,0.0,0.0
OSP_26.08.2024_20240826_224300.WAV,0.00026305746617936554,8.622954806899721e-09,1.8185192275497695,6.705947963715064,3.0,42.983133916812726,-43.99626616990764,-45.73836765925147,1.7421014893438311,0.9596174371613858,0.0003504797932253334,0.43773345030400224,0.3870044022581307,0.002809650094547922,5.97761746180736,0.7401667437261341,296.72851761694034,0.19836405257413292,1.4948980973497998,0.03924892914644581,0.05867314950403894,0.6272699584420538,0.519408869877545,2.3025642045996726,0.0032220315158195236,0.13842821582129117,0.12692580339083373,0.12773945255815178,0.12892045661187082,1329.298828125,5.591759743434629,0.0017360479706139075,0.022040705597177142,0.07729146459747818,0.6298103916378215,0.3333269221204855,5.429424902212775,6.984725605159717,75037.52703395205,0.9966474721288789,0.8152788894089957,1.205199018095952,4.364271166715159,0.028072265056735525,42621.4,-9.67660295326699e-20,3.995970574228041e-05,0.051050744614435206,4.340624096948649,43.01622281481513,-34.16042433419277,0.2784254944386788,0.019587489798574737,0.9915424136213101,0.008921644685802949,92.0,6.148265006985394,0.0005818463925523662,0.016,0.03636892638929299
OSP_26.08.2024_20240826_224400.WAV,0.0002623933554173436,8.538480137058402e-09,1.8227154196938973,6.767679509459229,4.0,42.95887818965345,-44.020521897066914,-45.7462022589562,1.7256803618892889,0.9597886716817917,0.00047514251666813667,0.537346138824216,0.4855193986939351,0.002341267326494978,3.0994032474618103,0.3885921836749265,296.74294441235566,0.20164137908561086,1.505139855206082,0.03859071348656695,0.058084420909470774,0.6503715849174166,0.510814845541454,2.3025815636277223,0.0013763362831070935,0.13912326641450878,0.12683881791740778,0.12787631755216505,0.12924398851954225,1332.634765625,5.550688347800153,0.0016600899524779364,0.021494299065016306,0.07455642655795344,0.6299817858192183,0.3333269179177271,5.42909724334804,6.985796039119594,75089.2153822547,0.9966519114662236,0.8151887399298048,1.2035929157025929,1.0910677916787896,0.020476463243138395,42629.25454545454,-2.0228978425011966e-19,3.979001578538111e-05,0.041076995157816154,3.0433867717346526,42.99774111438485,-34.17397290295577,0.22552671175747463,0.019556960331309926,0.9958232529596694,0.009212567882079132,95.0,4.565678987589504,0.0,0.0,0.0
OSP_26.08.2024_20240826_224500.WAV,0.000264443352412873,9.155924256218247e-09,1.7733209724119474,6.313956335696628,3.0,43.0531073815522,-43.92629270516817,-45.745903680252525,1.8196109750843519,0.9578620739257456,0.014021036264859732,0.7296770018156326,0.6063547110140599,0.010727942181997241,67.43876115816398,7.437979914832099,297.4494598492372,0.2686681881952327,1.734736774357506,0.038516180989825934,0.06681543557086053,0.7600400588913141,0.5317285100439682,2.302570082863828,0.002815807236472345,0.13804836259011413,0.1278866429306306,0.1279143859610959,0.12959536538648045,1336.2578125,5.909545693337142,0.0019260377266996412,0.022066952587946855,0.08475065925072746,0.6300136330301448,0.33332682843079325,5.422171069875664,6.973749381198606,74484.48032122689,0.9965961686742482,0.8232512107442449,1.2092204451972344,39.278440500436425,0.0678886625933469,42371.65454545454,-3.755834027623967e-19,4.0661741193693975e-05,0.0488825033715731,3.199342734269709,43.09185971808719,-34.16009647142157,0.3017427464867666,0.01958822917360248,0.9943773976888489,0.017455391776570985,180.0,4.830526312511093,0.0008727695888285493,0.016,0.05455338958393949
OSP_26.08.2024_20240826_224600.WAV,0.0002632656725244049,8.804033627160867e-09,1.7702144233977999,6.341840785550953,3.0,42.99932441910241,-43.98007566761797,-45.725593351897764,1.7455176842797968,0.9590286051211119,0.0015129801746873728,0.5100820966731805,0.3628114803782051,0.009468592423917954,85.7258867413114,8.14639991438076,297.0640424084327,0.21483355666851495,1.5472306120393267,0.038135719512143264,0.059004752641333515,0.7359964541856147,0.519534365504712,2.3025848426009494,0.0003845369635225637,0.13454886367309996,0.12780765612142772,0.12835307905448948,0.12942318125060615,1334.482421875,5.592353162713297,0.0017760159053438079,0.02190373584387269,0.07899642337536372,0.6277534543535644,0.3333270001101603,5.435544486343288,6.98104927284884,74819.28521779347,0.9966413792000619,0.8111296907316549,1.2062675040700066,8.728542333430317,0.05917527397924547,42506.109090909085,4.777007913815647e-19,4.015269841976752e-05,0.047865797816685325,3.395556502980012,43.03714736898275,-34.1601856692301,0.3580688869374953,0.01958802801767985,0.9906708635750936,0.014546159813809155,150.0,6.333258365726762,0.0005818463925523662,0.016,0.03636892638929299
OSP_26.08.2024_20240826_224700.WAV,0.0003097861687565398,6.792848200801676e-08,6.518202876169433,56.95967636257733,7.0,46.21778197842868,-40.76161810829169,-45.698453352359664,4.9368352440679715,0.7754528374437527,0.2658070527404153,0.8356585271403645,0.6868999327035306,0.048216197587174436,84.63030784364632,8.778449576720032,299.2435161406486,0.22666282862437678,1.5861940613075296,0.2224102557791411,0.35278582689076227,1.3281971965236246,1.3440707193948649,1.0348310568574544,0.7751219405618279,0.13757960753887435,0.1346215182064595,0.1279442968538273,0.13068283416981863,1347.470703125,11.858923575120883,0.0030489283289690623,0.02212236458856928,0.12346743149854511,0.6314117549051951,0.3324148672919042,2.9470966685473012,5.820562720079783,45852.78268032425,0.9670365448059004,0.7692282838809418,1.232773375426414,125.47279604306081,0.25412787314518476,41529.454545454544,2.2679669590164655e-19,8.623488235470032e-05,-2.0200036737456735,2684.935920312123,46.35682975219029,-34.02615694481837,2.6548302518683613,0.019892627612027255,0.7508118644149602,0.042183863460046545,435.0,13.085702508892599,0.016000775795190072,0.017599999999999998,0.9092231597323247
OSP_26.08.2024_20240826_224800.WAV,0.0002641051574933823,8.968118492272663e-09,1.8321808678137108,6.944091370894113,3.0,43.03293139067346,-43.94646869604691,-45.752318345267355,1.8058496492204483,0.9584208872991242,0.003402992768453461,0.553148468577026,0.4022812274347881,0.004754281625107715,28.85076498834263,3.912685544836575,297.46922467354227,0.21562859236027973,1.5498124747028588,0.03951583004689915,0.06124212635492236,0.7141277407583251,0.5274439539712871,2.30243001572969,0.008676266714439329,0.13745837778424336,0.12804361671600842,0.12852619967605597,0.1296448043957909,1336.767578125,5.7467531119686495,0.0018307587164193581,0.021934951227965932,0.08109210187318139,0.6285500666516552,0.3333265458584257,5.4009096404465105,6.977232614383569,74694.51099981979,0.9965908033058557,0.8163275866429626,1.20838779304371,16.366016875181845,0.06298264596062457,42511.61818181818,1.0513475611980649e-22,4.044380846738909e-05,0.04892286664255911,3.7837673340853604,43.06852045002378,-34.16043846668584,0.32319437061295986,0.019587457928513036,0.9914429576267999,0.014934057408844065,154.0,5.817814149559272,0.0014546159813809156,0.02,0.07273785277858598
OSP_26.08.2024_20240826_224900.WAV,0.00026168224581135045,8.478485848063529e-09,1.8341968176604906,6.761032298961907,3.0,42.93452927519941,-44.044870811520966,-45.74716360524123,1.702292793720261,0.959802785014164,8.090479643019233e-05,0.06873076747600793,0.05330886221318576,0.003905133289529572,20.576056544799446,2.631560844063237,296.74896387327067,0.192510722393264,1.4768130741347645,0.03845929888295972,0.05679719541241146,0.6673774966107872,0.506760588802247,2.302584994173101,0.0002472181058482903,0.13578540717033588,0.12668284396505786,0.12722371625620763,0.12917844868344486,1331.958984375,5.482045727433157,0.0017000578872078363,0.021972148026275826,0.07626138533583898,0.6286909191431677,0.3333269319706553,5.430193691577048,6.985883816481002,75111.79228767562,0.9966513647426477,0.8147667213423215,1.2032693422813474,5.4553389583939484,0.02388605009213461,42627.63636363636,-3.046962934486172e-19,3.956318092590846e-05,0.040874417358811144,2.94561202204806,42.97291202112008,-34.160376846723985,0.19199264143886552,0.019587596887530704,0.9967266681196723,0.007370054305663305,76.0,3.5877963388386034,0.0,0.0,0.0
OSP_26.08.2024_20240826_225000.WAV,0.0002626771015504031,8.554889916187957e-09,1.8030020609588497,6.6110988856176,3.0,42.96815009683299,-44.011249989887375,-45.751267004028804,1.7400170141414293,0.9598504229048287,0.0008490524384456855,0.7195360750128639,0.6531540780259744,0.0036457774743410276,36.47576653879611,4.292350282810273,296.8510577282372,0.19748774095395885,1.4921737673857234,0.039168832520591695,0.05844670438635175,0.7001568661620045,0.5133108840221543,2.302504387427007,0.006306870210235083,0.1361329324669447,0.1260269534987657,0.1278473130501225,0.1291668939724566,1331.83984375,5.574254582970733,0.0016943752424595094,0.021923333495208492,0.07530234602327837,0.6283941654786461,0.33332701631078937,5.436825144304687,6.986186003384259,75087.7899826975,0.9966612921200783,0.8171338384446721,1.2043162823053948,4.364271166715159,0.028413223741635147,42652.94545454545,1.7124349076794082e-19,3.9862313220328315e-05,0.04466681912794661,3.3921370004704876,43.00562497316659,-34.17183839846963,0.22569619789236128,0.019561767578125,0.9951407089441003,0.008921644685802949,92.0,4.861709150844993,0.0006788207913110938,0.018666666666666665,0.03636892638929299
OSP_26.08.2024_20240826_225100.WAV,0.000262155591837454,8.82293358116085e-09,1.960794097880967,7.834763700025663,2.0,42.96783303744281,-44.01156704927756,-45.75291068639011,1.74134363711255,0.9581025420332593,6.367775033577772e-05,0.09526172558366641,0.07865237254134538,0.003200265342760078,6.5504066841775055,0.8131473765341258,296.6817303992419,0.15741491188290596,1.3736475143054752,0.041374952100463505,0.05683460010730979,0.677683133235721,0.5097551768076276,2.302329310634767,0.010971066462576218,0.13706236058578217,0.12646488036497905,0.1286521879818033,0.12927581133013286,1332.962890625,5.501796698901228,0.0016210691252060909,0.02167314536294316,0.0724607480601358,0.6290873253225193,0.33332599394642176,5.36182147859446,6.975218194323745,74740.89757101682,0.9965344031818028,0.8192723787157152,1.203173295187568,1.0910677916787896,0.01928310784598972,42596.490909090906,-4.656628618058469e-19,3.983306413018208e-05,0.04567762604949377,3.2230675704685976,43.002437154890586,-34.160187734966144,0.21129700993895995,0.019588023359125312,0.9959817214546655,0.009115593483320403,94.0,4.21479634934953,0.0003878975950349108,0.021333333333333333,0.018184463194646495
OSP_26.08.2024_20240826_225200.WAV,0.00028622900279639407,2.775650520115719e-08,5.6204137445329225,48.21084585729016,7.0,44.47351457045103,-42.50588551626934,-45.742232983890645,3.2363474676213073,0.8776713718622494,0.2324812582989909,0.719875467823919,0.5846329810104395,0.005085291762420008,30.194265003833355,3.797685011654799,298.69067966841976,0.666331151954803,4.993966807860621,0.04387400041571201,0.21910530180412888,0.718571858720827,1.2295838911694101,0.6450092977865834,0.820233559988592,0.14070733520835352,0.12797462823708441,0.12847000345334852,0.1296796579502473,1337.126953125,10.097036306193825,0.001891752436718068,0.02193681997173435,0.0830457004728419,0.6295712232959092,0.33309533783509987,3.6223232553945337,6.468003813592343,61131.896883891146,0.9858553947825086,0.8498270431962833,1.2160706815169444,10.910677916787897,0.055614149936960525,42458.763636363634,-1.7925475918427007e-19,5.447518120663293e-05,0.41876420308786666,1898.9675017447262,44.36198683560971,-34.183487308153765,1.7104916612240615,0.01953554963198575,0.8042617609195312,0.012800620636152055,132.0,15.522102259521315,0.0020364623739332816,0.018666666666666665,0.10910677916787898
OSP_26.08.2024_20240826_225300.WAV,0.0002640857904170957,8.666942330009594e-09,1.759342978747214,6.428024163088512,4.0,43.01571714109801,-43.96368294562237,-45.7357780701657,1.772095124543334,0.959906972245126,0.0026435398600525017,0.6483154945585156,0.6366555630206796,0.009235218095022368,89.93442634304465,8.38438605703055,297.19889387525734,0.22936601540311,1.595265768153448,0.03914489644037053,0.06244651328923486,0.7081823727709937,0.526961436384145,2.3023824325316387,0.010051172373690243,0.13871108524876344,0.12837456144823817,0.12775486119986187,0.12944231282125884,1334.6796875,5.71009998435239,0.0019675210333624286,0.022064889830981357,0.08450201942895247,0.6289486449529053,0.33332711297045525,5.444535011860066,6.986545217001847,75049.42864143885,0.9966740755844754,0.8203028364579106,1.2061798741611909,50.18911841722432,0.07675358840073708,42515.07272727272,3.21081545189889e-19,4.028409417893201e-05,0.047607948545020505,4.396903202836271,43.051336026203984,-34.13336156092295,0.26701095845567124,0.019648614045345424,0.9912827291260802,0.010376260667183864,107.0,5.830545557877622,0.0002909231962761831,0.016,0.018184463194646495
OSP_26.08.2024_20240826_225400.WAV,0.0002617313321640936,8.46846411134577e-09,1.8319859579671711,6.761327040025985,3.0,42.93541354802368,-44.043986538696686,-45.75348104154372,1.7094945028470363,0.9598685907559592,8.417355527112758e-05,0.058586816652538176,0.044179190147283554,0.0035753128915945176,19.58136391570783,2.6368109374210484,296.69832791811893,0.193945462632853,1.4812216882156535,0.03834107825225693,0.05679163665681649,0.6875327289042982,0.5072957980141576,2.3025849947260393,0.00023176092632493095,0.1373129020786862,0.12584898321980229,0.12745031392841508,0.1290119471923189,1330.2421875,5.480698338257687,0.0016500506134225585,0.021663601979617603,0.07384602706716781,0.6273614503580658,0.33332694158183857,5.4309449695626695,6.986295777025176,75127.78644337114,0.9966542410421515,0.8139494750023002,1.203041013154766,5.4553389583939484,0.025590843516632725,42617.836363636365,2.378778991966742e-19,3.956391950770224e-05,0.037674641326033605,2.9409878295177583,42.97299309625003,-34.17396193409022,0.18773613977332815,0.019556985028584797,0.9967299890450887,0.008339798293250583,86.0,3.544236249558873,0.0,0.0,0.0
OSP_26.08.2024_20240826_225500.WAV,0.0002633087392421446,8.846677460856673e-09,1.9114256835784604,7.46658474642112,2.0,43.00295467768807,-43.9764454090323,-45.73490675650231,1.7584613474700106,0.9584797370509325,0.000456526433533444,0.5068412086833305,0.48540835055464726,0.00255368183297211,3.522622813104675,0.27556446261332,296.6158656011956,0.1754233147240741,1.4254869628417222,0.04158849639360559,0.05928385941327474,0.629559968587251,0.5194041067366276,2.302549268772989,0.004220209850289258,0.13970516923673745,0.12646388053195115,0.12785909612907728,0.1291254106657938,1331.412109375,5.5992406541157225,0.0017404046649209582,0.022033433927183925,0.07690074487754608,0.6274226141289884,0.3333262883810195,5.382293446383954,6.977587811965279,74796.10310831782,0.9965672108894045,0.821673493871771,1.2040153526200612,6.546406750072738,0.025780265008243625,42521.12727272727,3.821648384954966e-19,4.015802279083002e-05,0.05198384201559303,3.511737627653823,43.03772321861792,-34.11996540000515,0.256997931629094,0.0196789412874164,0.9927880274806615,0.01008533747090768,104.0,5.9017334510353825,0.0007757951900698216,0.021333333333333333,0.03636892638929299
OSP_26.08.2024_20240826_225600.WAV,0.00026359721783642323,9.45473594605133e-09,2.3674019833956437,11.971854892076845,3.0,43.044973493900294,-43.93442659282008,-45.74107014585985,1.8066435530397698,0.9547233369806332,0.0007846134920476144,0.579208588519502,0.48567195509556316,0.003895677800995978,26.385234046437596,3.069730753219132,297.0878532229417,0.1202894483823288,1.2734750609984897,0.04602963846860742,0.05861759665654826,0.7015544665843064,0.5167233408896039,2.2983064263423363,0.04567110631543123,0.13654511363269,0.1274177212405528,0.1277385461674629,0.12939950356415478,1334.23828125,5.598072720968376,0.001756505491707885,0.02146037986690972,0.07693626485208535,0.6275469898659676,0.3333222324259732,5.154935710081587,6.953967792812361,74153.99535137408,0.9961985697297339,0.8302235177098021,1.2052667706311593,20.730288041897005,0.03460730651731161,42513.25454545454,-1.3846247380978514e-19,4.057350884436016e-05,0.038112295594575296,4.4429859832042276,43.08242567621715,-34.17356542904088,0.2347608668283243,0.019557877812241064,0.9952304075600072,0.010182311869666408,105.0,4.64985170166007,0.0005818463925523662,0.032,0.018184463194646495
OSP_26.08.2024_20240826_225700.WAV,0.00026569027088929283,8.897115159938188e-09,1.7569519092143335,6.523761115100051,3.0,43.075139172737934,-43.90426091398244,-45.74827686566784,1.8440159516853996,0.9594097419982245,0.008533325614983545,0.5804956145577889,0.4538349732464484,0.009121019559219734,52.36003947338501,6.258361932108174,297.5593215155427,0.2710518691492326,1.7436794407659253,0.03930407120024712,0.06853370089027101,0.7570738575205989,0.5382238883380752,2.3024013236603547,0.009377672734896514,0.1370623605857822,0.12958635907803398,0.12842105835615172,0.13021401597808163,1342.63671875,5.992442775438418,0.0021277716152652507,0.0219129231500472,0.09167705428588749,0.6300961018539301,0.33332696087305824,5.432456322925948,6.9834322242486575,74892.21286213353,0.996652011048829,0.8253302415839023,1.2099486113456397,60.00872854233343,0.10632228324119872,42336.67272727272,4.768807402838303e-19,4.086001596821904e-05,0.0766577648646689,11.469376247216825,43.11298532020072,-34.11609489089691,0.3584692372500413,0.019687712351481118,0.9834392127587297,0.013285492629945694,137.0,6.956889746857417,0.0008727695888285493,0.016,0.05455338958393949
OSP_26.08.2024_20240826_225800.WAV,0.0002672537403034355,9.224082070389401e-09,1.8985788908398307,7.753851674198576,6.0,43.13807038145245,-43.841329705267924,-45.74167392463279,1.900344219364868,0.9581212549890371,0.006532731500700106,0.5021751752872263,0.37668148293269443,0.003845945323151523,23.221131423689226,3.148449697528173,297.5905396985408,0.23121675659746757,1.6015135178392623,0.04311037512750856,0.06904184852582647,0.7040955411517482,0.5559539489103855,2.3018784059174124,0.018445330618965628,0.13746645976788543,0.12778366012875847,0.12876276764584052,0.1298016453908447,1338.384765625,6.098285260005097,0.0018773564033556396,0.022316193639312802,0.08166042146580989,0.6284107834729011,0.33332601295162817,5.363117898585868,6.975339983613706,74648.25688995811,0.9965444880549742,0.830520142949023,1.2092765988454994,17.457084666860634,0.04726066215691979,42555.854545454546,1.745657490613267e-19,4.137302897095603e-05,0.15820435302153582,16.35499749238095,43.16717317299124,-34.16020402508046,0.49859735780809444,0.019587986622434675,0.9700874763294609,0.01047323506594259,108.0,9.601177558244926,0.0026183087664856477,0.0288,0.09092231597323247
OSP_26.08.2024_20240826_225900.WAV,0.00028773753132115996,1.926529567137915e-08,3.5052343411936175,22.16648275502422,7.0,44.1605780002783,-42.81882208644207,-45.72116424681248,2.9023421603704094,0.9211963232572925,0.1285517032962179,0.6235568271664045,0.3671600964799667,0.005434496589678317,56.10379014398593,5.690844227897528,300.0337061397892,0.48753899131646244,2.9027359469509793,0.055362014720333974,0.1607013102243427,0.9006058043823457,0.8065512473469549,2.2950196997612418,0.05984737727885694,0.1392525781527818,0.1294573806174369,0.1289386074394735,0.12992457993890022,1339.65234375,9.021538834360175,0.0023910674886044037,0.02259566479541269,0.10194232692774005,0.6273442521489502,0.33328741881221335,4.445058418996156,6.743379138708297,67072.58125383809,0.9933614820573908,0.8607779280943976,1.2308908313759641,28.36776258364853,0.12189272985161478,42349.27272727273,2.437864724906073e-19,5.3197071831394036e-05,0.7926482224190656,213.75309521759857,44.25887727737411,-34.129236375744355,1.5782733695888709,0.019657947967991685,0.8887040853168834,0.02143134212567882,221.0,13.012427030119673,0.008727695888285493,0.020869565217391303,0.4182426534768694
OSP_26.08.2024_20240826_230000.WAV,0.0002787814126133125,1.9884705913867914e-08,4.13307217075078,30.1828906705897,7.0,43.96676615599523,-43.012633930725144,-45.729696019278656,2.7170620885535115,0.9112112825425608,0.0643187806086789,0.7043481934972269,0.5853425638108443,0.012942055151875742,81.32812128135936,8.278999394290379,298.03677290499655,-0.03502017932085366,0.9323294752691049,0.104359605155933,0.09729753591432198,0.8908277103588946,0.7005004642022268,1.9489233926228013,0.4159449797948396,0.13816151036110302,0.1286515151969621,0.12834582792897883,0.1298808235743381,1339.201171875,7.663200242626806,0.002231385171176414,0.022069760662822048,0.09522905173981572,0.6270609404295816,0.3332501572689898,4.147969325518931,6.680276351382994,65707.54443770896,0.9917741870208815,0.8889103547245196,1.2178351531569604,34.91416933372127,0.10452277907089516,42008.43636363636,-2.4826521310131107e-19,4.9580963323310305e-05,-0.1035317022500162,130.37221655999014,43.953149605506745,-34.11985778221189,0.9954253786868676,0.01967918511014996,0.9370994917876474,0.029674166020170676,306.0,9.361794400244207,0.01057020946470132,0.017616161616161616,0.6000872854233343
OSP_26.08.2024_20240826_230100.WAV,0.00027028168428020393,1.337898081644832e-08,3.0202888425059564,16.69305865335053,3.0,43.438803599988205,-43.54059648673217,-45.74079333875896,2.2001968520267923,0.937948150512808,0.08133866215992436,0.743051067493822,0.5962648737889245,0.00891936689616768,73.34617798003993,7.571102243264365,297.38346088717526,0.32947771968999534,1.9827495054680866,0.04779311667795221,0.0947617784579883,0.9039210431961248,0.5828241448786778,2.2972991082306393,0.05042623663493053,0.13802411663918793,0.1277076728186393,0.1280294975785773,0.1295667627412472,1335.962890625,7.015150683204261,0.0020548443409950535,0.021866809951614913,0.08826713673011641,0.6276492464617769,0.333310721377647,4.799209745113837,6.8487002668766745,70565.87315218123,0.9949732951440285,0.8580878722255437,1.2151775805448866,32.73203375036369,0.09044876224420521,42138.50909090909,-2.8092006835212294e-19,4.4319571092230316e-05,0.10965343192361718,8.762431267929568,43.46595548805686,-34.129091342300875,0.568591309125658,0.0196582762111317,0.9824891182254767,0.03132273079906905,323.0,6.51114119195922,0.014546159813809153,0.01818181818181818,0.8001163805644458
OSP_26.08.2024_20240826_230200.WAV,0.0002648667057334756,9.493702417214125e-09,2.0011645613462647,7.855596493744818,3.0,43.08385249291643,-43.89554759380395,-45.73729637874269,1.8417487849387442,0.9558692018529026,0.0016455487160964566,0.7085361472868599,0.6634346338378355,0.0026946988211904443,3.9574530309913096,0.5148472292900365,296.9410426556675,0.12159632545559455,1.276857506359276,0.046960210016204866,0.05996149665939924,0.6549990730366644,0.5443633355639425,2.292757266394204,0.06746243253877537,0.13771700126078942,0.12637289572641372,0.12824884412527407,0.12925156537920668,1332.712890625,5.739106315721357,0.0016975954078168947,0.021851455560460493,0.07540890594689623,0.628271816160407,0.3333255859534181,5.3347717792736455,6.961235592087009,74161.9984912373,0.9964342098100909,0.8306421812949831,1.205651744083052,2.1821355833575793,0.022692694694985936,42559.34545454545,1.3222798277188063e-19,4.0893259142909235e-05,0.054747920116757574,8.795808148081093,43.11651724674555,-34.15623932663303,0.3265076434141889,0.019596929654208096,0.9873531111949481,0.009988363072148952,103.0,7.328870676457353,0.00126066718386346,0.017333333333333333,0.07273785277858598
OSP_26.08.2024_20240826_230300.WAV,0.0002616039157979224,8.749492905110957e-09,1.9618936760198598,7.825163384658949,2.0,42.947490768075234,-44.03190931864514,-45.762803168967274,1.7308938503221327,0.9582542236483982,2.5542599343064687e-05,0.003910920928814066,0.0032148045654079027,0.002932491160281714,3.091065075484896,0.21493685948928917,296.6587626677042,0.16164510521250236,1.3856245277925536,0.04050191645267105,0.056120448859425784,0.621529651469125,0.5074044722147079,2.302550431315355,0.004087443156467252,0.13687647496201466,0.1265308693448194,0.12930569566844954,0.1294131419115508,1334.37890625,5.4935181775022865,0.0016684244981088159,0.022107119558682057,0.07377498711808923,0.6280870813622204,0.3333260239121703,5.363867091467485,6.976167759167491,74787.75927525178,0.996541024578311,0.8183977550894704,1.2042079012023774,3.273203375036369,0.016479669770148385,42595.6,2.5162952529714487e-19,3.9639322838611466e-05,0.044202195042388696,2.9805496029189387,42.98126226792896,-34.2007125739548,0.2233319267377425,0.019496846447568952,0.9963812214405117,0.009794414274631498,101.0,3.8523703584822186,0.0002909231962761831,0.016,0.018184463194646495
OSP_26.08.2024_20240826_230400.WAV,0.0002620678386192775,8.855289501477156e-09,1.968562893335798,7.893466489363723,3.0,42.96706873293382,-44.01233135378655,-45.73985144493524,1.7275200911486905,0.9579079506152761,2.4684387774587258e-05,0.003540880307300265,0.002933048419034523,0.00286394341299967,3.1886626543534167,0.15575418565758709,296.6811625878645,0.1509389774004374,1.3555432963777065,0.041464680808929705,0.056207170106986,0.6213583414067436,0.5105345757705583,2.3025799838924894,0.0016480248742723803,0.1377250832444315,0.12606394732079743,0.12794429685382727,0.12918166884880225,1331.9921875,5.476508054305271,0.0017208942512850355,0.021872848138316654,0.07668762503031039,0.6290179688367323,0.33332588957876014,5.354761450403181,6.973998862099134,74696.07076690692,0.9965236936870315,0.8195289189269382,1.2020721109773151,0.0,0.0095657853263505,42481.21818181818,1.837545267461978e-19,3.998394604122145e-05,0.04423207240749565,2.9727348180173347,43.018856526975505,-34.14672602438576,0.2044130395889212,0.019618405134027656,0.9965576226656495,0.008339798293250583,86.0,3.8151420415571753,0.0005818463925523662,0.016,0.03636892638929299
OSP_26.08.2024_20240826_230500.WAV,0.00026552246468082135,1.0205816878562061e-08,2.63474418377033,14.575294515720644,3.0,43.14126534141381,-43.83813474530656,-45.749686854585995,1.9115521092794339,0.9512994384405641,0.002199466978266895,0.6573331268588523,0.5917418440877061,0.003968277057143976,29.364605461291507,3.7517817631139883,297.51969828536016,0.08279126123517232,1.1805287231490278,0.052211761474318386,0.06163748410663869,0.7025628183717801,0.5522951950017929,2.296846204140949,0.05193938089991938,0.1370300326512139,0.12760668968282296,0.12919511600441227,0.1299423855591116,1339.8359375,5.828242168449664,0.0018133319391911552,0.021972076110777557,0.07974234284068865,0.6276575935871807,0.3333189307363503,5.024744866466587,6.932456132888647,73478.805822264,0.9958973804927206,0.8424483190521304,1.2076773031637398,16.366016875181845,0.03983533968577247,42520.50909090909,-1.7671049808617074e-19,4.133228199415315e-05,0.07288396598016329,16.893190368037484,43.16289383750359,-34.146755048375994,0.3670497151091965,0.01961833957903313,0.9829758550597028,0.009115593483320403,94.0,8.27847709486165,0.0015515903801396431,0.021333333333333333,0.07273785277858598
OSP_26.08.2024_20240826_230600.WAV,0.00026621052303483415,9.068271533773089e-09,1.7593420022090327,6.543450063277668,4.0,43.099540885612974,-43.8798592011074,-45.75054635867634,1.8706871575689377,0.9588364816734322,0.011174330003660526,0.6016190823380452,0.49450216380866086,0.006816894374611748,47.813771073759824,5.8273198707787195,297.23005531143895,0.276976300249436,1.7661610548727242,0.03962708383716588,0.06998781219137877,0.6992280630719545,0.5563126084862018,2.301802950327109,0.01935517050008837,0.13671483528917336,0.12800962239306038,0.12782284050152412,0.1296084354694016,1336.392578125,6.096984368194843,0.0019296367350402485,0.022201695306147715,0.08450201942895247,0.6277913821413825,0.3333268466285975,5.4235718061954135,6.9798442722086005,74725.98969349188,0.9966285899847286,0.8284576821258909,1.2095994134861106,41.46057608379401,0.061069488895354476,42474.472727272725,-3.2161773244610005e-19,4.1033974272605814e-05,0.05231621124689501,13.023277310990448,43.13143581823725,-34.160390617755645,0.4702366111083691,0.019587565832427052,0.975507276280154,0.011733902249806052,121.0,8.861219299672777,0.0020364623739332816,0.0224,0.09092231597323247
OSP_26.08.2024_20240826_230700.WAV,0.0002620482774104688,8.621031989604666e-09,1.8820222206699933,7.103378973396,2.0,42.953351406792564,-44.02604867992781,-45.74532515653129,1.7192764766034756,0.959151514228927,3.78261065703267e-05,0.1351001708924937,0.12334679176491137,0.002887541848447861,3.593173443606611,0.21724201090121842,296.8797662283081,0.172736087168444,1.4176081767599495,0.03990098171410083,0.056563957938658566,0.6332401751956662,0.5109037938682132,2.3025023552277544,0.0061691148731281235,0.13593896485953513,0.12570300759773118,0.12801680810893368,0.12921140802298514,1332.298828125,5.489078259313308,0.00163565458006013,0.021891006896153954,0.07306458762730358,0.6254997813147763,0.3333266311233048,5.40723047114458,6.981799852238403,74972.27407269007,0.9966094169604217,0.8176781085571623,1.2033229162451102,0.0,0.014130843274173212,42637.90909090909,-3.0683578573565525e-19,3.972068700998354e-05,0.034164062328802376,3.016937977531718,42.99016751456389,-34.16949750088581,0.20012756108807395,0.019567039645801892,0.9964123944858536,0.008339798293250583,86.0,4.01169568675603,0.0004848719937936385,0.026666666666666665,0.018184463194646495
OSP_26.08.2024_20240826_230800.WAV,0.00034380204285432196,1.5599410856153478e-07,8.547644561856597,90.1217476878111,11.0,48.452678427607914,-38.52672165911245,-45.70575290811543,7.179031249002982,0.6450379547788083,0.11156567836690334,0.6258639135371886,0.3076094146216407,0.0036222966031345116,14.873730497056782,1.9425836891273294,302.2654378337617,-0.6254557112602168,0.23042417344573396,0.8587722639824411,0.19788188910627563,0.9032199345275645,2.0557873676240344,1.1116386566514935,0.7021925223616463,0.14842562958652572,0.1296103550707032,0.1297045075715346,0.13073814524536903,1348.041015625,12.121980930848917,0.0029972162617592866,0.023061064393098282,0.12201111254243452,0.6279699541728573,0.3291905240766901,2.193884434095478,4.982248395545438,32373.24457360763,0.9211247491417243,0.6242935220182071,1.2488055114304795,37.09630491707885,0.13149639947628747,41093.07272727272,-3.0962185677283013e-19,0.00014871184038018237,8.913816002689746,2506.8638525904826,48.72345548260091,-34.0220281760275,4.402777697694262,0.0199020856626106,0.6442091940596268,0.029965089216446857,309.0,17.672367077983125,0.0126066718386346,0.02888888888888889,0.4364271166715159
OSP_26.08.2024_20240826_230900.WAV,0.0003131122811113708,1.527371134522518e-07,11.246907781679381,145.8067214977432,7.0,48.06496657563624,-38.91443351108415,-45.707115088890305,6.792681577806157,0.5741610539708696,0.042817244458035364,0.5673719131375967,0.3118993467390856,0.0028415203137031053,4.978681450433306,0.9906828806718604,300.52947501285405,-0.7764985307251889,0.12581010645901014,0.855737041971184,0.1076603683513131,0.6454304383462924,1.8294984906538427,0.8847372829523938,0.7613132719786873,0.14872466298128212,0.12785564810676617,0.13033082353751596,0.13047257631413053,1345.302734375,9.788762147566905,0.0024501669939870044,0.022243930625560106,0.09863896929558681,0.6270719899269684,0.32229489555182317,1.703879732387944,4.508088623610473,29794.446657937795,0.8654161306791462,0.6262230664503253,1.2311284618561844,18.548152458539423,0.08277719183396372,40196.090909090904,-2.619958122505578e-19,0.00013385911120663934,0.5908739452379648,1342.457280098994,48.26647937062718,-33.99533426137063,3.658262289567297,0.019963343839934377,0.7086292282581838,0.04402637703646237,454.0,14.8053338953369,0.024728471683475563,0.0272,0.9092231597323247
OSP_26.08.2024_20240826_231000.WAV,0.0003552880554649064,4.63689585682186e-07,9.244918736561278,94.39035649799415,5.0,51.78002492149598,-35.199375165224396,-45.72306888782635,10.523693722601955,0.455252157627452,0.0712130856515183,0.6179430206647099,0.4962976283986553,0.0025150752772280516,3.7846215603997333,0.5477904063575589,298.86375559213764,-0.8968482116457753,0.05438062345786027,2.634140927643914,0.14324622592114244,0.7902756534605497,4.627555376211626,0.9639767815580257,0.7561706978588425,0.14191155077102122,0.12683981775043568,0.12911988557723944,0.12953778125303075,1335.6640625,13.789429834452866,0.001990819876830569,0.022960684026885884,0.08151834156765277,0.627442849764804,0.3246720059113336,1.825137498750028,3.765708497869371,14278.629419908213,0.8610240741005906,0.3039249217617564,1.2289025897611023,1.0910677916787896,0.01916945495102318,42121.30909090909,1.3112406783262265e-19,0.00029832339935779886,0.8897745067061041,1585.810552418038,51.74687319112713,-34.11725144081409,5.126132373506888,0.019685091053355825,0.6144721440159148,0.02220713731574864,229.0,20.052349337246476,0.0126066718386346,0.04622222222222222,0.2727669479196974
OSP_26.08.2024_20240826_231100.WAV,0.00027957732194414917,1.93832797429248e-08,4.468991967848028,32.563639230232766,5.0,43.96422812756828,-43.01517195915209,-45.734817200412664,2.7196452412605723,0.9116886749906393,0.02497885756737983,0.6126126534559869,0.4440291712626615,0.002561126848547146,3.8667760729119767,0.374427105049295,298.55511448815435,-0.136389862272058,0.7599593822504455,0.11024723801219086,0.08378342289456239,0.681894393514747,0.8419930892296819,1.6540838768396806,0.5504367381931591,0.1387272492160476,0.12779765779114885,0.12855520417809851,0.12961961133740665,1336.5078125,7.2743361645987825,0.002006920703617496,0.022282816090534348,0.08741465734117362,0.6270716971426394,0.33325333486892367,4.167445414842872,6.683174535799902,66329.93666202448,0.9916107927994252,0.890637819683986,1.216099495733682,19.639220250218212,0.06531253030743867,42409.98181818182,2.80352340669076e-19,4.917841630924513e-05,-1.5011418296945132,320.6730417017369,43.91774539058449,-34.146709654611435,1.195788172833474,0.01961844210769191,0.8987029534384895,0.014352211016291699,148.0,13.181428250007459,0.004169899146625291,0.02084848484848485,0.20002909514111145
OSP_26.08.2024_20240826_231200.WAV,0.00036362595879771734,4.538908657410169e-08,1.7822209790494492,7.071083937868007,16.0,46.5668453485495,-40.41255473817087,-45.731077390538395,5.318522652367527,0.9053405968208725,0.09731173063203546,0.3698791496532272,0.19297445546081804,0.003098021258885808,3.315825815763338,0.10288118029306612,306.41970922567856,0.7701535040295449,7.70145960483593,0.04604255109921996,0.35459484739423663,0.9699997299372752,2.283747360821093,2.1784482734057633,0.24085344177576432,0.13998803866420975,0.1286515151969621,0.13113751125057443,0.13107512607894484,1351.515625,12.927216464259999,0.00282143311754437,0.025073443994548746,0.11071576063894278,0.6284589236606122,0.3333107824009831,4.800560929146847,6.644916681884432,59200.123561416556,0.9942390358562588,0.7140146157484448,1.2740621554224396,27.276694791969742,0.13107967219474348,42445.74545454545,-3.0362917567400115e-19,9.054309670356339e-05,1.29464810398493,2174.6324513150344,46.56855343906428,-34.14268726941774,4.870121487349117,0.01962752939860026,0.6148770320640192,0.015515903801396431,160.0,21.21214274084783,0.004460822342901474,0.04906666666666666,0.09092231597323247
OSP_26.08.2024_20240826_231300.WAV,0.0003736075704619857,5.2712228976474665e-08,3.2264877921469646,22.67131335565359,24.0,46.91177613109234,-40.06762395562803,-45.722369698923245,5.654745743295216,0.8872075082284399,0.13171644043756137,0.6474156594054101,0.27258519523656266,0.0026578984196441446,2.6655731873900748,0.27818810147251605,306.5175186981446,0.7801972133680812,8.099065715436968,0.04800322659037916,0.38878128670849205,0.8606395120094097,2.4355028166028534,1.2318267388316595,0.684905330962587,0.13589047295768272,0.12906744573656198,0.13036254721162502,0.130696283095723,1347.609375,13.498567537533162,0.002626518402676753,0.023627257769123576,0.10936600160645005,0.6281200986539053,0.3332222469037725,4.003294863139068,6.529752602636462,57713.10530929006,0.9902420682781591,0.7162591138104338,1.2776259786945645,18.548152458539423,0.1077050601299583,42558.98181818182,2.958492037211355e-19,0.00010137424196305988,1.0372173540026284,2653.3641545033142,47.059276197470446,-34.14681120042505,4.82547037207042,0.019618212751908736,0.5973919107947789,0.012994569433669511,134.0,21.906373502692645,0.004169899146625291,0.02548148148148148,0.16366016875181846
OSP_26.08.2024_20240826_231400.WAV,0.0002677049018152263,9.245899024434157e-09,1.7175048915495628,6.292090939670733,5.0,43.15221904792439,-43.82718103879597,-45.75700328374126,1.9298222449452922,0.9586560520509833,0.007845972737556717,0.6566282889711698,0.5281555118940214,0.0028670098237195685,2.9652048464256406,0.2958565926787978,297.4795064234325,0.2529034085710011,1.6770300158571558,0.04082830857740766,0.06847029898099082,0.661960609342206,0.5583621642120629,2.299253293832247,0.039297525478852256,0.13662593346911067,0.12661185582007803,0.1284473436861278,0.1295648685263311,1335.943359375,6.191425759563107,0.002009004340025216,0.023400255304960975,0.0852479388942774,0.6267755953789957,0.3333269536524138,5.431890092903729,6.978721773179074,74624.03328942346,0.9966346406624714,0.8227704664048492,1.2084925343885236,5.4553389583939484,0.03269414945204151,42672.090909090904,-2.5585594249316107e-19,4.172871457486315e-05,0.04213953564992093,79.16199456816588,43.204350067667754,-34.187547543824785,0.8003393000509149,0.01952641983610211,0.9275131915095065,0.00882467028704422,91.0,12.96203494546566,0.0016485647788983709,0.030222222222222223,0.05455338958393949
OSP_26.08.2024_20240826_231500.WAV,0.00032588602165866824,2.84266537190355e-08,3.2504296801590375,22.08270183711691,21.0,45.363465019101454,-41.615935067618906,-45.72203059381076,4.106095526191851,0.9137579977146825,0.11790800493327191,0.5891158482889962,0.23069222301425152,0.0040957065763247424,19.998143138521016,2.6639573916155492,305.23410451278585,0.7166748421252348,6.059027214533612,0.04380898222932595,0.2654398155685053,0.8676193759067742,1.7228754775766215,2.119627678139899,0.2960894565048216,0.14052953156822812,0.12784564977648732,0.1302220566548564,0.13017499515080982,1342.234375,11.400768224683206,0.0022641550892251,0.022588009994332747,0.098283769550194,0.6284224071203456,0.33327388748034786,4.315916202467461,6.696653485116677,64465.88782035553,0.9927294486888582,0.7899575566100423,1.261076339057895,28.36776258364853,0.1245446307341674,42489.67272727272,-1.825980444288799e-19,6.73213820187313e-05,2.0284004509271347,1612.6338074184769,45.28153022885309,-34.14657376645967,4.067424811265219,0.019618749034765993,0.655116369149907,0.015709852598913887,162.0,19.895562805396715,0.004654771140418929,0.019692307692307693,0.23639802153040443
OSP_26.08.2024_20240826_231600.WAV,0.000267024110303857,8.69572089887636e-09,1.726019674278629,6.355721412663931,4.0,43.10286907970764,-43.87653100701273,-45.75694264520066,1.8804116381879297,0.960716411118433,0.0037151768192419388,0.4661651485968056,0.36522688780379564,0.0023730751205019995,4.949554757848893,0.5190633053415712,298.02098108782184,0.2691920011111957,1.7366969204510703,0.03872951171489905,0.06726142372583883,0.6508212282929996,0.5657545491233184,2.302430054414931,0.00864435892315658,0.13682798306016228,0.12657486199804632,0.12866034549800276,0.12972474026525072,1337.591796875,6.114360554278962,0.0017269557390165843,0.02165259737568466,0.07711386472478177,0.628953374496201,0.3333272902907578,5.458995323255579,6.99161346676949,75237.92895245236,0.9967113117220563,0.8167088088251659,1.2123759241629002,7.637474541751527,0.039437554553389584,42625.87272727273,1.451175038721689e-19,4.110780971151294e-05,0.025993453219336538,28.379661619499597,43.139243375065774,-34.169905158614874,0.6008830589343575,0.01956612132101348,0.9569673852249523,0.011927851047323506,123.0,10.277166046996225,0.000969743987587277,0.017777777777777778,0.05455338958393949
OSP_26.08.2024_20240826_231700.WAV,0.0003093938764761741,1.8732218891707862e-08,1.2708735770760704,3.880683421274865,20.0,44.658515302110246,-42.32088478461012,-45.730093949213106,3.4092091646029843,0.9425113824599045,0.025177937908058334,0.2973715455901037,0.20534752038398163,0.003690432320661463,7.283340317466521,1.1380850494708983,301.3961270220678,0.45105484981352284,2.643351251615208,0.048627478410504146,0.12853950591929764,0.7601541416869495,1.0616272069594563,2.286217433786633,0.08760876847358609,0.14131348398150842,0.1287035065144121,0.12965465608364898,0.13049019251285035,1345.484375,9.212588892590595,0.0030102863446804387,0.023376569714067923,0.12375159129485935,0.627460178535901,0.3333261764960053,5.3744150499344165,6.877801981896331,69011.43838905838,0.9962272134207452,0.7587924400383964,1.2382518174569543,39.278440500436425,0.11473259746872272,42417.69090909091,-3.494889562934607e-19,5.866222369661834e-05,0.5476087700561687,852.6586702451281,44.68358521666465,-34.174028114577354,3.369324119094106,0.01955683601841782,0.6889248793505239,0.017067494181536073,176.0,18.29698206531399,0.006012412723041117,0.027555555555555555,0.21821355833575795
OSP_26.08.2024_20240826_231800.WAV,0.000262295952267185,8.62405371871309e-09,1.8000993514584505,6.429316479776089,3.0,42.96081200787732,-44.01858807884304,-45.735160113434965,1.7165720345919269,0.9594234509680664,0.00014731024579128782,0.11299983236838962,0.08131095961824153,0.0038102450877519622,10.310017731947267,1.5635629671401101,296.612860434406,0.19618017026138987,1.4881197576954144,0.0381969294147869,0.056841605345441526,0.6872827534866486,0.510403451516773,2.302578905639711,0.0018275123873021215,0.1355106197265057,0.1262829107539041,0.12790985400765173,0.1290049385971293,1330.169921875,5.494411838669987,0.0016455044976238968,0.021534209468857687,0.07370394716901067,0.6278872555014949,0.33332704427730525,5.43904364243745,6.983517005262946,74973.86705696689,0.9966504461557961,0.811048356891178,1.2035742944402998,9.819610125109106,0.027712364222674812,42651.50909090909,-2.312123556586784e-19,3.9805060294320774e-05,0.03661289724901866,2.9890879944980586,42.999382860989066,-34.170113164206164,0.20365102225638054,0.01956565276637222,0.9963313300095655,0.009406516679596586,97.0,4.0449617144732395,0.0002909231962761831,0.016,0.018184463194646495
OSP_26.08.2024_20240826_231900.WAV,0.00026128777763877956,8.51191377394693e-09,1.8267936793626676,6.663144183124794,2.0,42.92476270793159,-44.05463737878878,-45.765775333460496,1.7111379546717131,0.9595559764263584,2.3617419653731986e-05,0.006586256712933447,0.005839209528517686,0.003368650367109205,3.193505823025943,0.570359053499788,296.66576065543995,0.1875630567852314,1.4617295123066527,0.03833805954619638,0.05603987308324505,0.6382818246818202,0.5057907222798108,2.30258302544247,0.0009832955928864352,0.13408819060550223,0.12607594531713204,0.12801952728100013,0.12914283744302202,1331.591796875,5.474190050020927,0.0016686139196004268,0.021792534743393016,0.07434330671071773,0.6298699865406728,0.33332693739600827,5.430617636728654,6.9843411938174675,75037.0723346582,0.9966454578942657,0.8129820243596813,1.2033987982219276,2.1821355833575793,0.012691239937930365,42691.67272727272,5.876507193316583e-20,3.946353142644158e-05,0.03853057507623708,2.966071465086677,42.96195945852653,-34.18720335346228,0.20030449749856416,0.019527193612763376,0.9964782033442401,0.0074670287044220325,77.0,3.9487898741394645,0.0,0.0,0.0
OSP_26.08.2024_20240826_232000.WAV,0.00032022601049979906,1.9939025160733543e-08,1.2012217571800061,4.051141315109398,14.0,44.95288348162681,-42.02651660509356,-45.67398522568201,3.647468620588448,0.9434294744294222,0.042734842695637765,0.29341935211435266,0.17145353703026678,0.002774085884931443,4.194370220419963,0.4957530716511778,302.52991275675674,0.5421590857267302,3.3683295608794537,0.054134458803198504,0.1823426978490245,0.846968037435255,1.1010771099211423,2.29388455368634,0.06370533496199063,0.13972941518766366,0.12915843054209947,0.12966009442778198,0.1304282516850936,1344.845703125,10.279291351006506,0.0026356106342740764,0.023567371802272877,0.10968568137730358,0.6292823971137826,0.33332612326762345,5.370710102163583,6.883546563541301,69029.362504571,0.9962617202049121,0.7794594752867183,1.2489969410740964,37.09630491707885,0.11660787023567065,42158.0,-4.6995235985553504e-20,6.729035441758228e-05,0.8174553578033964,1985.7096011768056,45.279528157330795,-34.1061636738498,3.8025746718962417,0.019710235636162036,0.6657517998285286,0.01687354538401862,174.0,19.12568177296738,0.004654771140418929,0.028444444444444442,0.16366016875181846
OSP_26.08.2024_20240826_232100.WAV,0.00027471190792104723,8.915968433203614e-09,1.4867517714546588,5.63056646686477,8.0,43.33462876448178,-43.6447713222386,-45.734963572057566,2.090192249818969,0.962633249738141,0.014626197402741181,0.39578184437397335,0.3040302737813222,0.0036759746144362504,7.6986869189782015,1.3333023378085693,298.48319959045745,0.37540296735118966,2.202064523935278,0.03947520660710246,0.08692695204451581,0.7194932280704982,0.6379289245137286,2.3017388837940893,0.020174668032448474,0.13605211263052402,0.12705778135051446,0.12797873970000279,0.12929911017360102,1333.203125,7.044449103612501,0.00181011177383377,0.022231288127758916,0.07988442273884577,0.6294521997567885,0.33332793511737,5.515414873737881,7.00363167367991,75492.38180437799,0.9968313531280532,0.8219169749582304,1.2165790360440258,12.001745708466686,0.05326532344098535,42519.61818181818,-2.4407559306993674e-19,4.3724267801283275e-05,0.634281816375509,241.86026583718416,43.407225455944,-34.14671347771995,1.2690818585432098,0.019618433472604464,0.8646761670185037,0.010861132660977503,112.0,14.660083020752817,0.0007757951900698216,0.021333333333333333,0.03636892638929299
OSP_26.08.2024_20240826_232200.WAV,0.0003755393516643297,6.104020018193198e-08,3.7117587716698184,26.891171902859114,19.0,47.12711821493525,-39.85228187178511,-45.72570420388776,5.873422332102649,0.8698529414959861,0.1350718809716973,0.5309980051435043,0.26773127302034516,0.013847363780974176,68.18019184658735,7.578136447823705,309.1890387612707,0.8544849041569459,12.744278477863961,0.045077504344474426,0.5744802684531046,0.9538453296109585,3.4998070333140956,0.9969054693496016,0.7333612821158606,0.13971325122037953,0.1314800428328469,0.13036073443024732,0.13083664442100668,1349.056640625,14.252611368431726,0.002681829478227136,0.022821704323382368,0.11227863951867119,0.6277900296062066,0.33316443594626743,3.793803457952338,6.420228567583091,55109.279349526674,0.9877806417233425,0.6831312380097562,1.2889811900386539,78.55688100087285,0.15640532562312093,42327.92727272727,3.241830204954233e-19,9.747649892114757e-05,1.1670443291968995,3087.647494097506,46.888999221691094,-34.14279841120142,5.478225742779628,0.019627278252803918,0.585549353202777,0.017552366175329712,181.0,21.560961704881123,0.0037820015515903803,0.018909090909090907,0.20002909514111145
OSP_26.08.2024_20240826_232300.WAV,0.0003218971969753095,3.5358070761525825e-08,3.0756936905417716,15.949530478981494,11.0,45.50149390403769,-41.47790618268268,-45.72465016081356,4.24674397813088,0.8939305737032761,0.13249175236762756,0.5139946873774024,0.3318966957665661,0.003940698936788833,4.333527194226942,0.597113339173003,302.04121255614433,0.5653201141476399,3.6010870645146533,0.08679168977893643,0.31254443137029664,0.9313087896699266,1.3175856906591008,1.9571752411183727,0.404625097001715,0.14045679371544953,0.12952836876241666,0.12975707823148674,0.13072166557559886,1347.87109375,11.429740689714949,0.002893413284356513,0.024356059100835176,0.11444535796556742,0.6283509411299094,0.33327850622672156,4.356356775719597,6.57261203596508,60139.52259988037,0.9920214973974802,0.8130478500103656,1.2466920175136396,36.00523712540006,0.10543200223062747,42366.27272727273,4.731064025391292e-19,7.50267068040061e-05,-1.2159115862911425,1915.1065309177961,45.75215884098622,-34.15607865562282,3.669353201428592,0.019597292160265373,0.6811073569680444,0.018910007757951902,195.0,18.404170054441764,0.0064003103180760275,0.058666666666666666,0.10910677916787898
OSP_26.08.2024_20240826_232400.WAV,0.0002889576489329498,1.4445323909366324e-08,1.9494515470293703,8.545555808086018,7.0,43.981782584407945,-42.99761750231242,-45.744567730254545,2.746950227942122,0.9454239532751599,0.05172305281296197,0.6629172048626712,0.3402178153288501,0.0029510130589465167,7.766101127351244,1.3737172451688995,301.68738040465695,0.4697845267814224,2.772051365946301,0.04009772619300728,0.1111529566646666,0.7252804059388497,0.9196102634455808,2.278843300071073,0.10579506590171484,0.13810493647560856,0.1287145046777188,0.1302918487378963,0.13034755812966733,1344.013671875,8.274829024916219,0.002310942197652992,0.02279756436231222,0.09878104919374395,0.629228926141308,0.33332202346256434,5.14561120274721,6.895830702971802,71017.24752937045,0.9959497368214195,0.7989689696565053,1.2362448098620218,38.187372708757636,0.12304820095044129,42464.21818181818,1.4242605411550185e-19,5.0085080226558834e-05,0.5486281432883386,466.89537023127605,43.997083737659146,-34.16035156528886,2.7321938103070735,0.01958765389991529,0.7547497663887838,0.016291698991466253,168.0,17.217410718908354,0.0031031807602792862,0.021333333333333333,0.14547570555717196
OSP_26.08.2024_20240826_232500.WAV,0.0002632957272161162,1.0230343346861151e-08,2.7034850382373183,15.172345747416477,2.0,43.078773586505044,-43.90062650021533,-45.75100578741445,1.850379287199118,0.9501912333352893,2.542158285123719e-05,0.06492655262819336,0.06001127086411495,0.0024193521128594853,3.299941764346573,0.3648221100596048,296.58822013051315,0.03953328767316892,1.0823209949200538,0.052073449297191744,0.056360187452255545,0.6083196353230559,0.5257634174932659,2.2979951849296243,0.04615609886258536,0.1384928716904277,0.12641888804569637,0.12827875501800545,0.12922883480021335,1332.478515625,5.562001808526675,0.0016458833406071188,0.021621929488335738,0.07352634729631427,0.6292014569402538,0.3333178303556392,4.987933077262117,6.9254971485200505,73268.84178844484,0.9958072181587851,0.8377570843852066,1.2030076724457723,0.0,0.008789157210745805,42603.67272727272,-1.60267422229033e-19,4.080672387812647e-05,0.041308126735445656,8.491082017586056,43.107317293294045,-34.20078083571966,0.2549800521297172,0.01949669322389545,0.9932542690714089,0.007370054305663305,76.0,6.057989805261377,0.0006788207913110938,0.03733333333333333,0.018184463194646495
OSP_26.08.2024_20240826_232600.WAV,0.0002626803283850249,8.934744760817535e-09,1.9595720925766729,7.991538595127319,3.0,42.98946408361226,-43.989936003108106,-45.754236432000035,1.7643004288919286,0.9577949093619048,0.0004869089643700919,0.29891967468894387,0.2777466948489443,0.004621607630936886,45.70079248698602,4.883790874070079,297.16558161698947,0.16919013010798423,1.4072896489060118,0.04094372104678488,0.057619674816835574,0.7068712716829435,0.5178798725426157,2.3025728230091147,0.0025194881133003832,0.13845246177221737,0.12728074411573267,0.12904012319662242,0.12990128109543206,1339.412109375,5.575793724248744,0.0017888965667733488,0.021863148133600643,0.07935162312075654,0.6291279972770439,0.33332578098914306,5.347520132726088,6.973290162088171,74642.2256440688,0.996516779989254,0.8166344066845242,1.2052679312656918,8.728542333430317,0.03839573634952963,42446.836363636365,2.0658979577541975e-20,4.028140618801315e-05,0.04455281925413511,3.401427812207271,43.05104622979769,-34.14664081079741,0.2816734593561563,0.019618597602844238,0.993066043674089,0.013188518231186967,136.0,5.305145657622471,0.0017455391776570986,0.024,0.07273785277858598
OSP_26.08.2024_20240826_232700.WAV,0.0002914533614063265,1.3000170573864885e-08,2.041847849376592,10.463727036865201,10.0,43.98193270912558,-42.99746737759479,-45.7364402020697,2.7389728244749136,0.9510438912666384,0.05840992314847537,0.5618114807270075,0.28555711053871846,0.003820536772472294,23.624067010104948,2.825345872950455,300.3724749320106,0.5690987896962388,3.6414350950421146,0.039061702947713384,0.14224065598591354,0.6881979863404273,0.9231726718188733,2.265932360421371,0.13098156284783258,0.13736139398053857,0.12824558298764108,0.12908906829381922,0.1296984106779168,1337.3203125,8.891713816475326,0.0021137544248860437,0.022756530738205126,0.09128633456595538,0.6281943634570908,0.33332202080503764,5.145493729496844,6.930967669319876,72597.81745165109,0.9961056837193961,0.8265974187725036,1.229666029115254,21.821355833575794,0.08681186960527593,42512.12727272727,-1.5034270125132329e-19,5.0554972170975684e-05,0.9932893670230016,891.9929740713727,44.03763875658466,-34.173831042939476,2.7180166429286885,0.01955727974284779,0.7226359306456996,0.01386733902249806,143.0,17.84943387058275,0.0018425135764158264,0.025333333333333333,0.07273785277858598
OSP_26.08.2024_20240826_232800.WAV,0.00035652883817324695,4.224092234029518e-08,2.1752643464517076,9.89762094155064,14.0,46.36004748311237,-40.61935260360801,-45.74955785224592,5.130205248637914,0.9043836488872359,0.09215721974187596,0.3879637803564523,0.2154354814614986,0.002307066486957332,3.9900480211952862,0.41820512324530257,307.47727620979424,0.5713553007619687,3.6658689668978672,0.09200422345047907,0.3372754275706482,0.9164841201436181,2.379499489230651,2.151687478718982,0.26717051155995736,0.13889697087253097,0.12879449131994955,0.12969181810189098,0.13040817300698282,1344.638671875,12.55098642298955,0.0024119038526816024,0.023095827620062147,0.1014450472841901,0.6277176205664768,0.3333028108193497,4.649216847296819,6.638660885907954,60055.791365632,0.9936750424171893,0.7667463646603997,1.279074347041575,31.6409659586849,0.11943025046067307,42377.67272727272,-2.804995293276437e-19,8.589186839984946e-05,0.4900417097066875,2227.576187342907,46.33952050021725,-34.173907577700184,5.13132261957508,0.019557107416788736,0.5984679216308897,0.01774631497284717,183.0,21.021580315031663,0.0076609775019394885,0.024784313725490198,0.3091358743089904
OSP_26.08.2024_20240826_232900.WAV,0.0002660209127755578,8.80672610988185e-09,1.7141457341425697,6.3278779374872745,4.0,43.079803522698526,-43.89959656402184,-45.761631447886344,1.8620348838645029,0.9600170651517725,0.009703961086655943,0.5416807461348807,0.4727055972055102,0.0026193820667607115,8.275624885943015,1.2133717234228993,297.0729727445838,0.278060879477437,1.7703166972754365,0.03933729357612016,0.06963946764343129,0.634741011046979,0.5457474504284683,2.30126195935576,0.025209079984156446,0.13524391426631754,0.12631890474290794,0.1278409683153007,0.12914586818688778,1331.623046875,6.1277695000598245,0.0017328278052565222,0.022136650621301355,0.07679418495392823,0.6288861163279916,0.3333271683350952,5.4490052092338495,6.98723834924128,75017.93916573432,0.9966866939128555,0.8277382838851015,1.2055551382078047,5.4553389583939484,0.02500363689263893,42581.07272727272,3.0672013750392343e-19,4.116548509852977e-05,-0.32026308751835625,111.31568088773311,43.14533237550852,-34.18320876847675,0.4387114513893593,0.019536176109313966,0.9645708509882016,0.007854926299456944,81.0,10.136181111712645,0.0004848719937936385,0.026666666666666665,0.018184463194646495
OSP_26.08.2024_20240826_233000.WAV,0.00026156982816245193,8.476871622970328e-09,1.8168184952648816,6.7235908523521175,3.0,42.931117229864114,-44.048282856856254,-45.773052581085736,1.724769724229482,0.9598395225703541,0.000485290885229972,0.2883974557251864,0.20750361404419593,0.004783624101441619,38.70359741400647,4.544354205309713,296.63473939579416,0.203961192851688,1.5124403258236818,0.038391770388011046,0.05806526171459141,0.6763195578996487,0.5058328092058422,2.3025847885686215,0.00040353250931133287,0.13667442537096305,0.12698879287159046,0.12758627253173954,0.1294603078629619,1334.865234375,5.524024863199956,0.0018281068155368055,0.021821448933739912,0.08134074169495635,0.6312318727770915,0.3333269504312663,5.431637702961934,6.986115296977716,75098.46790906753,0.9966559456378202,0.8163588865623226,1.204422273157049,5.4553389583939484,0.03231530646881971,42518.2,6.871607659990552e-20,3.956567245744338e-05,0.037648902154316356,2.950535687723551,42.973185513873034,-34.17400853582054,0.2039242888270394,0.019556880101290617,0.9965144656748977,0.008727695888285493,90.0,3.729400951829858,0.0,0.0,0.0
OSP_26.08.2024_20240826_233100.WAV,0.0002630084239535182,1.018766104311844e-08,2.7887141242821474,16.405505103467355,3.0,43.06817605301809,-43.91122403370229,-45.6778933009563,1.7666692672540094,0.9500832208185646,0.0002610284387302153,0.5513904612419046,0.5329784445364234,0.0027206558282772964,2.6398113169996025,0.1084776695234495,296.8108928598394,0.05279208584487435,1.1114688444974892,0.05167238791223616,0.05743224928523915,0.6194292148146735,0.5255973397003191,2.3025468408944754,0.004260365665608568,0.14063459735557496,0.12703778468995677,0.12809838327092835,0.12939912472117154,1334.234375,5.549811985395917,0.0016633101178353217,0.02176511042969376,0.07377498711808923,0.6279192287112475,0.33331657610818155,4.949034375842256,6.924791185601758,73301.52855248284,0.9957442051915028,0.8387532223039256,1.2039043212531602,3.273203375036369,0.016612264814276016,41880.72727272727,3.85213746422971e-20,4.072036994951214e-05,0.04189792232425072,3.493091278629952,43.09811714964799,-34.079746312008666,0.20497640653261584,0.019770273821281666,0.99514390169234,0.007854926299456944,81.0,4.96004732348995,0.0,0.0,0.0
OSP_26.08.2024_20240826_233200.WAV,0.00026842107851511224,9.320432164534928e-09,2.0124952567945193,9.298237977486549,6.0,43.17675927151569,-43.80264081520467,-45.7178081051282,1.9151672899235308,0.9578268201993199,0.00936298666452462,0.5618395303375598,0.415987324259942,0.00248429626134683,3.2041455870071394,0.2985987744228588,297.67489762703804,0.2480638748850415,1.6598003915481963,0.04318626260703518,0.07168057558466022,0.661495401685487,0.570519077137294,2.3013859505489376,0.02339805494110987,0.13869492128147934,0.12630490708051756,0.12869206917211182,0.1294133313330424,1334.380859375,6.316001725144962,0.0016545967292212202,0.021820287322631075,0.07366842719447139,0.6295846764658992,0.33332486231870856,5.290123988696262,6.973465328715408,74638.78899135134,0.996469906302781,0.8303185085383638,1.2087924057501893,5.4553389583939484,0.024321719522839687,42261.490909090906,-2.6663225499544126e-19,4.217833646106175e-05,-0.12890942403584618,107.69058109128063,43.25089446905877,-34.13299798820548,0.7347467230216225,0.019649436511415423,0.9306532241257485,0.008727695888285493,90.0,12.536216590563424,0.0007757951900698216,0.021333333333333333,0.03636892638929299
OSP_26.08.2024_20240826_233300.WAV,0.00027689238158684756,1.2666074211026828e-08,2.283646143315744,10.41762682844558,6.0,43.582338728750756,-43.39706135796962,-45.75506641444208,2.3580050564724573,0.9462007516661176,0.06743954774624383,0.6115637910625209,0.43837263435397766,0.0031575422608829395,8.054667836442652,1.2122357468506695,299.1564386546212,0.43458694603626297,2.5372370446336934,0.04491301257147688,0.11395495928244992,0.8188047323957535,0.6953048003571161,2.2948273038435043,0.060642999780619176,0.1400526945333463,0.12900345642277739,0.1292703464315852,0.13014033101784503,1341.876953125,7.704406834207092,0.002112617895936379,0.022033216334543672,0.09128633456595539,0.6257523332459023,0.3333210507228405,5.104356894161479,6.900624601364875,71754.23545191769,0.9958466705337939,0.8583833459043873,1.2219324817024173,27.276694791969742,0.0877968613616526,42419.81818181818,-3.7524697154281333e-19,4.5963662427287116e-05,0.8002694131181254,106.36492871537894,43.62414626382443,-34.16002527888503,1.1593670531084754,0.019588389726118607,0.9117896259480066,0.0160977501939488,166.0,12.555254732817488,0.004945694336695112,0.019428571428571427,0.2545824847250509
OSP_26.08.2024_20240826_233400.WAV,0.0002610319627719069,8.48408641816713e-09,1.8217328107877588,6.647256526572693,2.0,42.915621611978516,-44.06377847474186,-45.766442146045556,1.7026636713036964,0.9596218780375539,2.1390984835778504e-05,0.0033979425823271736,0.0028064166020080883,0.002442788873676327,5.1164843322576505,0.44628226167879653,296.5109820616083,0.1904124134365093,1.4703936092814005,0.038034676306592616,0.05592594497230048,0.6077460221053097,0.5046171501475788,2.3025850659202374,0.00012315932516102635,0.13349820579963148,0.12580099123446384,0.12863949851215972,0.12915230851760257,1331.689453125,5.459804263601946,0.0015725772233537,0.021790547213203462,0.0704361095113967,0.6258135035764798,0.3333269545576976,5.431961048492679,6.98475416251379,75049.72324853209,0.9966491467631721,0.8120035761828618,1.202497733207999,1.0910677916787896,0.00805041339346329,42623.38181818181,-2.91223274451864e-19,3.943188310004555e-05,0.04158598629304075,2.9391068189609286,42.95847517637021,-34.20111590550927,0.20364875144070282,0.01949594112743031,0.9967104839449175,0.009503491078355315,98.0,3.574045565371955,0.0,0.0,0.0
OSP_26.08.2024_20240826_233500.WAV,0.0002609459190717518,8.424774408574387e-09,1.81647317012946,6.626858011369914,2.0,42.9097100911494,-44.06968999557097,-45.773662326892044,1.7039723313210757,0.9598751800809343,2.3528071206313506e-05,0.003847746822221665,0.0032170832693205753,0.0027018731042256494,3.1085685290820413,0.2849758616671064,296.7367096944753,0.1947510825184811,1.4837040529717964,0.037827439370882,0.056124725108122525,0.6127703397199261,0.5050915509363445,2.3025850575880407,0.0001422130321035553,0.13711085248763458,0.12609494214466183,0.1276089322989603,0.12911423479778877,1331.296875,5.463826620154382,0.0016223950756473668,0.02153515483852755,0.07249626803467507,0.6259530743766889,0.3333270107492184,5.436385132876564,6.98633997593962,75116.52297566824,0.9966603562771829,0.8123554500499783,1.2030375920370424,0.0,0.00939530598390069,42639.29090909091,-1.9880982382255406e-19,3.935982177090632e-05,0.040744165833040295,2.9402803524990024,42.950531231920486,-34.2009488093244,0.20296106101620381,0.019496316187309497,0.996658802139631,0.009018619084561676,93.0,3.6134722125229612,0.0,0.0,0.0
OSP_26.08.2024_20240826_233600.WAV,0.0002618554596779444,8.504848368716208e-09,1.8092659432370923,6.683791091247897,3.0,42.94112966773119,-44.03827041898918,-45.774425361047776,1.7361549420585973,0.959822976554992,0.00036224190678868506,0.4636591389909406,0.44249733519660706,0.0028771285072326513,3.9746829296620123,0.28803764599388965,296.8940659145452,0.20336767444150372,1.5105684715942915,0.0384806836497306,0.05812770748667699,0.6488209616191444,0.5144653720518437,2.3025641071408303,0.0032228687524082033,0.13805644457375618,0.12572900325645617,0.12788356867767567,0.12899679347299,1330.0859375,5.583013501202231,0.0017468449956357288,0.022037086755836755,0.07775322426648884,0.6260174703784642,0.3333269702308653,5.433191100724994,6.986012763242379,75083.95250331264,0.9966572969448447,0.8155334478452797,1.2046478833320216,3.273203375036369,0.020116562409077682,42610.29090909091,3.8664357910620036e-19,3.9588291314637324e-05,0.06061241403322197,3.6158830207489694,42.975667574066996,-34.187392234189026,0.23465090565821356,0.019526768984939113,0.9939275275451518,0.008921644685802949,92.0,5.416799070037075,0.0007757951900698216,0.021333333333333333,0.03636892638929299
OSP_26.08.2024_20240826_233700.WAV,0.0002607710451185025,8.429286278671609e-09,1.83909956271092,6.8272604035002065,2.0,42.904785128083134,-44.07461495863724,-45.78499517458403,1.7103802159467918,0.9597506143831045,2.9158319922895082e-05,0.17927935227237934,0.16893031636190192,0.0025457882617478944,2.904344550269969,0.15558666799850135,296.7413713174584,0.1909748398952434,1.4721110030014766,0.03830236097519327,0.05638532703251637,0.654782315255311,0.5046469674236483,2.302581140116241,0.0014599102809356168,0.13755536158794815,0.12609394231163398,0.1277031969305986,0.1290403604160605,1330.53515625,5.484443649897649,0.0016369805305014064,0.02172020270704972,0.07317114755092144,0.6263486913782723,0.333326883614901,5.426430896670166,6.9855560381468695,75099.75376862976,0.9966467716457555,0.8144577449729379,1.2038555109563012,2.1821355833575793,0.01168730603239259,42640.56363636364,2.4202020858779453e-19,3.92971492220804e-05,0.044444494549185615,2.9720148289561688,42.94361045998171,-34.2240975218113,0.22068464404226518,0.019444425848758582,0.9964100037151138,0.008533747090768037,88.0,4.027353766076034,0.0,0.0,0.0
OSP_26.08.2024_20240826_233800.WAV,0.0002809968635925089,1.0011131208188163e-08,1.366561677277665,5.172035734264411,9.0,43.56455359271393,-43.41484649400644,-45.781517508407035,2.3666710144005947,0.960556799183937,0.026729952739224183,0.3570224985094914,0.2684950831146572,0.0022446044786449404,3.496504677945602,-0.12187590142012925,299.2733257839153,0.46550070308175817,2.7418197021612247,0.03945628453412223,0.10818201830973555,0.6079441546291677,0.730162463884414,2.2986209166990363,0.0427907891782052,0.13770891927714737,0.12682981942015684,0.12937639414217825,0.12952584769905925,1335.541015625,7.85029875032601,0.0017136962346038214,0.02206178574046376,0.07615482541222116,0.6290774937134438,0.33332782155775825,5.505005726058123,6.990654821666615,74690.62753500057,0.9967849083204368,0.8340437715281176,1.2191942338921793,2.1821355833575793,0.03648257928425953,42622.92727272727,-2.9856168042902647e-19,4.629510464169024e-05,0.9447731293163427,490.6106081989909,43.65535070078373,-34.1876070814641,1.6960441858089084,0.019526285992246685,0.8131874353755218,0.010764158262218774,111.0,16.28400646758311,0.00126066718386346,0.017333333333333333,0.07273785277858598
OSP_26.08.2024_20240826_233900.WAV,0.0002608970896035026,8.48079108812732e-09,1.856333333462298,6.982733580293717,2.0,42.91144285634809,-44.06795723037228,-45.77400018412362,1.7060429537513428,0.9595156233398782,2.5344231035728804e-05,0.004251704501971543,0.003520079596499248,0.00258000575915307,2.741023810154227,0.0744573564089028,296.6072810426682,0.183485483956704,1.4494359386183273,0.03848056281598013,0.055775110683741656,0.6469358208563578,0.5042267294334941,2.3025849704457126,0.0002709449002532338,0.13817767432838715,0.12584298422163498,0.12797783330931398,0.12904585363931725,1330.591796875,5.470258251114375,0.0016714552419745902,0.02178533168220668,0.07448538660887488,0.6266652228641015,0.333326747395873,5.41598079061685,6.984082027850508,75047.76037690144,0.9966307896099591,0.8141933173829069,1.2032025808532896,2.1821355833575793,0.014755934196489186,42655.145454545454,1.19517190756996e-19,3.935891513808694e-05,0.04436827343852798,2.9992196106076605,42.950431193315694,-34.210738241683785,0.23217665456594716,0.019474355241024133,0.9957067448046265,0.009212567882079132,95.0,4.217619606565785,0.0,0.0,0.0
OSP_26.08.2024_20240826_234000.WAV,0.0002605236014095792,8.492982426478157e-09,1.839418663906048,6.798759424271413,2.0,42.90107336007953,-44.078326726640846,-45.789570481254316,1.71124375461347,0.9593929949841274,3.0383870778472044e-05,0.3166738364590441,0.2984674137102169,0.0025717730742236267,2.891429523924674,0.04139920938880403,296.77781025181594,0.18434372903210847,1.4520132697891444,0.03858622203481603,0.05602770642558315,0.6080748008273018,0.5027359791618223,2.302573788433774,0.0023617888789971174,0.1378948049009149,0.12684581674860299,0.12785184500356664,0.1292814939748812,1333.021484375,5.479085782632568,0.001660468795461158,0.021672173323638168,0.07441434665979632,0.6296740647523486,0.3333268313959031,5.422399035307591,6.983318371884469,74999.02738953823,0.9966333834424433,0.8143086148701159,1.2026512547221744,0.0,0.00967943822131704,42628.454545454544,-1.0130785099704554e-19,3.924966630755636e-05,0.048665465720181475,2.9852204309391492,42.93835968816228,-34.214540773661795,0.20500775049919895,0.01946583157163678,0.9963464758756649,0.009503491078355315,98.0,3.954926711224201,0.0,0.0,0.0
OSP_26.08.2024_20240826_234100.WAV,0.0002639683908882025,8.613862948178489e-09,1.7393656784842826,6.3597650039537275,5.0,43.009338712038954,-43.97006137468142,-45.75385307918404,1.7837917045026188,0.96016591249749,0.00455687918430514,0.6785811022824468,0.5833055221395449,0.008879232994985942,72.89866195621968,7.425641094089392,297.0684386165341,0.2509152111035837,1.6699247263403725,0.03818356450070354,0.06376367849953732,0.7116776300320654,0.5224189264718105,2.3023106697045463,0.011433534673392564,0.13593896485953513,0.12810660619676514,0.12833041928726874,0.12970939712443025,1337.43359375,5.781012860486996,0.001815794418582097,0.02210111394851158,0.07888986345174587,0.6297257754597908,0.3333271832848372,5.450219150978516,6.98816785578626,75099.99995814204,0.9966885757873474,0.8225228244608169,1.2051669796603122,34.91416933372127,0.04095292648627679,42653.43636363636,-2.1258247687424872e-19,4.0391588789760234e-05,0.05219648817588423,10.01183773478131,43.06290936335502,-34.17183836796345,0.3150103815508416,0.019561767578125,0.9869882607037895,0.009212567882079132,95.0,7.307336936993645,0.0003878975950349108,0.021333333333333333,0.018184463194646495
OSP_26.08.2024_20240826_234200.WAV,0.0002622228622283109,8.536994332444913e-09,1.7241630456430619,6.054373808307094,3.0,42.95377236895664,-44.02562771776373,-45.78071217272956,1.755084454965825,0.9600152934275521,0.00400825513673464,0.6975929830333639,0.5697686100880484,0.016475111061100778,90.17404662408936,8.933684286052307,296.87387811324436,0.24212269712903492,1.6389495930590188,0.037280108841431896,0.06110021921486073,0.7157866471250863,0.5121558861487373,2.3025749416284773,0.0023003040905734905,0.13656127759997416,0.12773566814342005,0.12775214202779536,0.1293438136456212,1333.6640625,5.648329338522195,0.0018318952453690235,0.021452305456441258,0.08006202261154219,0.6274709683128349,0.3333273255349984,5.461919960745115,6.987230937998246,75056.89505233578,0.9966938173759485,0.8175427069902099,1.2057363850083092,54.553389583939484,0.0673393402676753,42513.21818181818,-4.634970858297789e-19,3.973809142861179e-05,0.04848550674145413,3.025999175957746,42.992070046478034,-34.17393088352229,0.23480808268609366,0.019557054941581956,0.9959415796601672,0.010764158262218774,111.0,4.228792018894378,0.0002909231962761831,0.016,0.018184463194646495
OSP_26.08.2024_20240826_234300.WAV,0.00026351743473779373,8.954993137645475e-09,1.7341276797699243,6.048536738110483,3.0,43.01506264550483,-43.96433744121555,-45.76721985753015,1.8028824163146027,0.9585558943255679,0.011593802245980389,0.7409297442155733,0.6507233392689895,0.008579240469521188,59.951003436252314,6.790152599229471,297.26975213811744,0.2636694970401204,1.7161715995201325,0.037671625895317126,0.06465097446929044,0.7539572194754391,0.5220901861985555,2.3025568582019385,0.0038195709958150914,0.1372401642259076,0.1275047067139788,0.12788266228698683,0.12943776670546017,1334.6328125,5.847667865690617,0.001914483015711376,0.02147831753427218,0.0846440993271096,0.6296182888459633,0.3333270855495972,5.442335735328966,6.978098087140373,74645.72598418758,0.9966367676886171,0.8204283451422852,1.2067171727786024,25.09455920861216,0.06266062942488604,42483.05454545454,-1.4220527112765026e-19,4.028373484869183e-05,0.05040726827699893,3.1368371156033197,43.051297287381715,-34.17388235696414,0.27113473967965973,0.019557164203759397,0.9950301201243222,0.014546159813809155,150.0,4.777765382762148,0.0008727695888285493,0.016,0.05455338958393949
OSP_26.08.2024_20240826_234400.WAV,0.00026228686830360987,8.591943758654807e-09,1.7732517923973021,6.413996802901723,3.0,42.95874305064938,-44.020657036070986,-45.76546368755675,1.7448066514857672,0.9596627176372293,0.0016965076900534726,0.6569468407882391,0.5436624738603639,0.0043775716583593915,16.979415640879257,2.7208735301789093,296.8957932265094,0.21828619256442489,1.5584810975272811,0.03771069679690676,0.05877140813256177,0.6784221634285484,0.511215447623723,2.302581084532454,0.0014998896477697698,0.13492063492063494,0.12664684997605397,0.12885159393334583,0.12967965795024733,1337.126953125,5.612006727535837,0.0018523527664630007,0.02200686601851526,0.08226426103297768,0.6296822225328884,0.3333270763047183,5.441596429502221,6.985016151747489,75002.7507190499,0.9966634609945236,0.8130635451321994,1.2050759305586665,26.185627000290953,0.06053910871884396,42570.65454545454,-3.300285129356846e-19,3.974967154371903e-05,0.04397102997253684,2.9710428886464286,42.99333544380169,-34.173723330679444,0.215441341806617,0.01955752227089622,0.9963823728652199,0.010376260667183864,107.0,3.744625656099258,0.0002909231962761831,0.016,0.018184463194646495
OSP_26.08.2024_20240826_234500.WAV,0.0002645253835218116,9.39465076938215e-09,1.807998348891632,6.424092962024099,3.0,43.06857208151289,-43.910828005207485,-45.77963040905419,1.8688024038467077,0.9567568117340031,0.022953471105124246,0.7451917804004833,0.6371608392179513,0.007165004344212411,94.4413750399493,8.388301820801075,297.0971308902219,0.28379178404087924,1.792484022710729,0.038503304070993526,0.06901655736882886,0.760330206602746,0.5232750185246725,2.302540166902231,0.004744965087868635,0.13850903565771186,0.12744671639836147,0.12767509881924485,0.12948625860731258,1335.1328125,6.077787856544486,0.0019070955775385512,0.021985610845558758,0.08393369983632396,0.6264483487640996,0.3333265945467525,5.404509196548836,6.966828417623785,74211.40431777698,0.9965444451568735,0.8274465300247387,1.2085674693604727,19.639220250218212,0.06997229900106683,42380.2,-3.0417587640582415e-19,4.0748770126695065e-05,0.05517272250789593,3.2394571791222573,43.10114505462494,-34.160188127097236,0.3115674731749394,0.019588022474809126,0.9943749021636263,0.019200930954228083,198.0,4.7922631974567995,0.0035880527540729248,0.016444444444444446,0.21821355833575795
OSP_26.08.2024_20240826_234600.WAV,0.0002617400686318914,8.53465372092315e-09,1.7455756882644677,6.271317074765644,3.0,42.93940433915023,-44.039995747570146,-45.79637020573678,1.7563744581666327,0.9598397767645656,0.0051266567491722315,0.663097871819656,0.49204233954523524,0.008655532510923436,75.56218602494097,7.6353672539177255,296.86343885849095,0.2351629938536892,1.6149362333775552,0.03767675499349921,0.06084555679509061,0.7535933803467006,0.5061781797830325,2.302584315826416,0.0006562800329238172,0.13817767432838715,0.12769667465533258,0.1278083382505028,0.12941011116768497,1334.34765625,5.6754081924106465,0.0018837967340704104,0.022007309255883817,0.08340090021823471,0.6290532167360126,0.33332717368892395,5.449439609583535,6.986128030110991,75023.03686659154,0.9966780149362755,0.8185093865006713,1.2056786916676063,19.639220250218212,0.05186360440306469,42460.163636363635,1.9622350882200684e-19,3.960435198962403e-05,0.048887315478060855,2.9623224826334114,42.97742911714145,-34.201029054541394,0.22401288811146003,0.01949613607002027,0.9963828985414902,0.010667183863460047,110.0,3.7315635152463273,0.0,0.0,0.0
OSP_26.08.2024_20240826_234700.WAV,0.0002625165408552311,8.649677865237701e-09,1.7651927738569142,6.387841503442023,3.0,42.968735945097265,-44.01066414162311,-45.78185816958202,1.771194027958913,0.9595058822971096,0.005656246137375587,0.6091434119683885,0.48641214021223567,0.008219814092602307,61.39076653759457,6.894753539779225,296.8554223270471,0.23282380647523754,1.6069630638707315,0.038309949903907174,0.06156267447431691,0.7322427928044459,0.5104758455604868,2.3025803971630268,0.0015412471472531664,0.13861410144505867,0.127545699868122,0.1277856784832821,0.12955179844340994,1335.80859375,5.711491168354068,0.0018762198744059742,0.02192681015085698,0.0830457004728419,0.6292124335489592,0.3333270593152316,5.440240637167342,6.984035584967248,74946.58309617764,0.9966591240429662,0.8201577699079845,1.2059016989550297,21.821355833575794,0.0585312409077684,42458.65454545454,-3.579943580635531e-19,3.9863742226353486e-05,0.04639161679535544,3.019515760982317,43.00578065863928,-34.17378490934878,0.21789592899224175,0.0195573836182103,0.9962133189541553,0.009406516679596586,97.0,3.979802536594199,0.0002909231962761831,0.016,0.018184463194646495
OSP_26.08.2024_20240826_234800.WAV,0.00026290506008632363,8.86557338016669e-09,1.730289514199736,6.026476919584052,3.0,42.99219063582109,-43.98720945089928,-45.77990068420125,1.7926912333019729,0.9587718567269442,0.009364430188058215,0.6752793461781552,0.47494277909059124,0.0116742358196944,95.78027375356508,8.864255931975418,296.92775177307874,0.259034789085868,1.6991820540840121,0.03755785891666587,0.06381763986101784,0.7819557465311937,0.5155580393653294,2.302584142775319,0.0007355630980724115,0.13649662173083765,0.12758169385712587,0.12783734275254538,0.12941674091989136,1334.416015625,5.793224051561214,0.0019048225196392204,0.021756334331191354,0.08435993953079535,0.6293194529936202,0.3333271342111972,5.446245289106872,6.9794500975993845,74704.33873507335,0.9966462524757305,0.8196279283567008,1.207077096277465,20.730288041897005,0.07315458006012995,42332.145454545454,-3.0205215433220405e-19,4.011130184994809e-05,0.049140356543689374,3.028515121722394,43.0326675764541,-34.17387659920231,0.2454423532389356,0.019557177167950253,0.9957557508268866,0.014158262218774243,146.0,3.977714412435796,0.0002909231962761831,0.016,0.018184463194646495
OSP_26.08.2024_20240826_234900.WAV,0.00026646887919159313,1.1452126758286075e-08,2.633522686448476,13.772169030363242,3.0,43.23441662255105,-43.744983464169316,-45.77374501487938,2.0287615507100654,0.9461128858486363,0.06196653844740918,0.7623620784394894,0.657453853036107,0.01864289983725964,116.7763100516135,10.084165521029375,297.5335554150147,0.39444789820363335,2.3027711307862893,0.03782413204277142,0.08710031931514266,0.9020937135951064,0.5457389325165614,2.30256530166344,0.0032063371571544154,0.13711893447127663,0.1288194871456467,0.12800865059273417,0.12951808141790322,1335.4609375,6.628325146397995,0.002150502194258559,0.021601034023665956,0.09235193380213386,0.6299607154629241,0.3333174886760218,4.977032951965589,6.899974373716215,72160.02239523125,0.9956461133614692,0.8424881171597826,1.2130579211844643,44.73377945883038,0.09306277882843565,42093.763636363634,-2.643928846900894e-19,4.2388171767539694e-05,0.0635210688547664,3.6122204076490196,43.27244685537516,-34.14687819797406,0.41139020062089315,0.01961806142980402,0.9920165217850684,0.02899534522885958,299.0,5.308863350985647,0.009794414274631498,0.016323232323232323,0.6000872854233343
OSP_26.08.2024_20240826_235000.WAV,0.0002630917336622373,8.705866594959167e-09,1.7196171925846673,6.029479417671839,3.0,42.9887634133251,-43.990636673395265,-45.77507647948397,1.784439806088706,0.9595493329201394,0.010052208141613228,0.728276278504478,0.6115257757239978,0.007323766390688324,86.11781931017536,7.685471183496869,297.2752096622654,0.26082597617327374,1.7057227872347833,0.03720502036410731,0.063461451034592,0.7209500256219122,0.5148473799607498,2.3025787659135233,0.0018224932163361629,0.13533281608638023,0.12822758599313913,0.12810200883368364,0.12934987513335272,1333.7265625,5.812889197337005,0.0018765987173891962,0.02188493462756057,0.08329434029461688,0.6291401203228277,0.3333272578771513,5.456320595595268,6.984315835114356,74915.02901272592,0.9966773054824435,0.8206173368699952,1.2060881009127618,17.457084666860634,0.049382182862961886,42518.490909090906,8.286721477363147e-20,4.006434765808141e-05,0.04650305534823778,3.048434609003126,43.02758075797833,-34.18332099275739,0.2531431616006614,0.019535923697731713,0.9956264836173766,0.015321955003878975,158.0,4.289697701726004,0.0017455391776570986,0.016,0.10910677916787898
OSP_26.08.2024_20240826_235100.WAV,0.00026657343006187737,1.0617431849740994e-08,2.192693660479774,9.759038992303273,3.0,43.19319453649971,-43.786205550220664,-45.77986551227595,1.9936599620552826,0.9511329526679747,0.037688036729526364,0.683556065872341,0.5360677896764817,0.027540531159640835,141.11132518022782,11.262824976431169,297.4666843375003,0.3885402224571057,2.2708610990519302,0.036770936502039275,0.08350168927818964,0.97174334772948,0.5366707145140641,2.3025654268061655,0.0032044891014379575,0.13589047295768272,0.12980532251114066,0.1284564075930161,0.13018010953108333,1342.287109375,6.403659418119519,0.002311321040636214,0.021784714094639345,0.10002424830261882,0.6291915324028801,0.333322898590889,5.185878705486626,6.931534621484296,73021.47660948947,0.9961275078396675,0.8363645042733695,1.213154818078523,77.46581320919407,0.12746172170497527,42159.87272727273,7.939776782167786e-20,4.19681476183024e-05,0.0660591670938608,3.868073781835371,43.229198008316146,-34.17374451313798,0.46458639518927214,0.01955747457562071,0.9897525077478531,0.02948021722265322,304.0,5.779456329748775,0.012800620636152055,0.017170731707317075,0.7455629909805063
OSP_26.08.2024_20240826_235200.WAV,0.00029027777697118967,1.5526499550185612e-08,1.5480533773326537,4.5295990624642,8.0,44.062869273249376,-42.916530813471,-45.748192237364876,2.831661423893877,0.943731087739891,0.012323480279228805,0.21834486697564182,0.1809448986086829,0.008201905931892961,109.57110942432266,9.26944002023054,300.93541457621893,0.3405146962109394,2.0326680344642054,0.03822020178557824,0.07768898244031663,0.6804148056928732,0.9224348699734011,2.300896252061447,0.028333279611219453,0.13822616623023956,0.1293563974816206,0.12896217359738307,0.1302429974662981,1342.935546875,7.736042876064043,0.0021037150858306663,0.022605867209213117,0.09139289448957323,0.6297405326130079,0.33332584789765296,5.3519695229929685,6.885383719269319,70068.48787120405,0.9961731827757181,0.731972953291052,1.2318523339940386,53.462321792260695,0.11213752303365339,42428.01818181818,-8.269899916383978e-20,5.248611720950425e-05,0.9431280843351759,1745.5283228849605,44.20044445946683,-34.173734925579154,3.1421530284696715,0.019557496163339325,0.6908599254839031,0.019491854150504268,201.0,17.29818855830611,0.004945694336695112,0.016999999999999998,0.2909514111143439
OSP_26.08.2024_20240826_235300.WAV,0.00026064201785292953,8.448395601456989e-09,1.8154695470040163,6.579926735504752,2.0,42.90204731456767,-44.07735277215271,-45.78597254515814,1.7086197730054309,0.959681258724116,2.321782361780489e-05,0.0030092267138365214,0.0024551004838637702,0.002579435914902506,3.0477963517085773,0.18110601169036447,296.47217533769435,0.19466466994451692,1.483437551239943,0.03761065341400637,0.05579305560100781,0.5565486861551214,0.5034591897770857,2.3025826616969276,0.0010649429295668256,0.1388161510361103,0.12615093279422337,0.1278717855987209,0.12926747678450198,1332.876953125,5.461778690603626,0.0015909511080399574,0.02185918296050769,0.07093338915494665,0.6287193185847779,0.33332700267530524,5.435747042329604,6.985127173029454,75062.2247648443,0.9966542471676606,0.8109101156731355,1.2026426459415018,0.0,0.006004661284065561,42677.63636363636,4.1321113197767544e-19,3.9257476739449594e-05,0.047786641218233235,3.0500962073218276,42.93922382035511,-34.20121933572117,0.19883908380929682,0.019495708974202473,0.9958585349530222,0.00882467028704422,91.0,4.234298878519321,0.0,0.0,0.0
OSP_26.08.2024_20240826_235400.WAV,0.0002607004402151293,8.466291356341199e-09,1.8344092438147885,6.763386663306958,2.0,42.90479573295975,-44.07460435376062,-45.77906180705712,1.7044574532964987,0.9595753003432839,2.2007657535461078e-05,0.0038359356211885576,0.0031951326525799795,0.0023823078216481663,2.962782512239882,0.3567476383263624,296.62751334894386,0.18575514584469457,1.4562636039926744,0.03836673983015022,0.05587208681850385,0.6172705065113859,0.5027534227391406,2.3025850652337017,0.0001113140639233734,0.13832315003394433,0.12656286400171168,0.12751376127663316,0.12909661859906896,1331.115234375,5.456431198285073,0.0015593177189409371,0.02162482042487083,0.06969019004607177,0.6265359383183194,0.3333268863420431,5.4266423569755595,6.984460129424164,75046.6885495586,0.9966422830385995,0.813282473075389,1.2027291637838835,1.0910677916787896,0.0070464794879255156,42663.763636363634,-2.614806519455707e-19,3.927808866481445e-05,0.0467187950711639,2.949451182396274,42.94150346158689,-34.18747095820044,0.1896897850331456,0.019526592006105365,0.9966135242859453,0.0068851823118696665,71.0,3.8279673317674883,0.0,0.0,0.0
OSP_26.08.2024_20240826_235500.WAV,0.0002607735960151266,8.452725427116044e-09,1.8373439650588133,6.779079881766065,2.0,42.90619235329607,-44.0732077334243,-45.7770707602731,1.7038630268488006,0.9596469858087542,2.0140834989690326e-05,0.0030604693428227803,0.0026460830134446,0.002213149626653421,4.562611734460183,0.41451631119419324,296.61158147682585,0.18672421010478857,1.4591903814789506,0.038294475800291806,0.05587893075156425,0.5807874633538269,0.5026810810397493,2.3025850700920323,0.00011280507541915341,0.1387191672324055,0.12582498722713306,0.12866034549800276,0.12935290587721848,1333.7578125,5.453477040669838,0.0016004221826205025,0.021715726876376545,0.07125306892580019,0.6286693648157152,0.333326892577925,5.427126218315225,6.98490834623667,75070.81660385193,0.9966443159826275,0.8141426202507545,1.2023189727650256,0.0,0.006383504267287363,42692.72727272727,-3.084864014067362e-19,3.930362057545292e-05,0.04212033076121132,2.9400753234908263,42.94432558607366,-34.18324239629137,0.1826903067523915,0.019536100474270908,0.9968028993541667,0.005915438324282389,61.0,3.5815933212803106,0.0,0.0,0.0
OSP_26.08.2024_20240826_235600.WAV,0.00026101411623544906,8.43513930717424e-09,1.8308046759149443,6.725313899672106,2.0,42.91231794480581,-44.06708214191457,-45.772525809387346,1.7054436674727782,0.9598096280553672,3.223920118378132e-05,0.02915100974488638,0.02726364589741792,0.0022828505809764366,3.122390321146755,0.37208696991456025,296.9360550460941,0.18663957181462568,1.458934478115742,0.03825435560203451,0.055810598325908234,0.6853967979627331,0.5051109012149673,2.3025832360021137,0.0010164145890447784,0.13627840817250184,0.12614693346211184,0.12829688283178203,0.12917769099747842,1331.951171875,5.471463593695704,0.001674107142857143,0.021901240079365076,0.07452090658341415,0.6308563826565753,0.3333269507126738,5.4316597472986095,6.985927403146305,75111.91980015769,0.9966531409077228,0.8139586845505647,1.2029176030680544,1.0910677916787896,0.008656562166618174,42676.799999999996,3.23815048849004e-19,3.938146701108878e-05,0.040919751684051625,2.946055813049269,42.95291890140188,-34.19686551696626,0.1965682881894253,0.01950548368511778,0.9967071573254369,0.0075640031031807605,78.0,3.6115627510756636,0.0,0.0,0.0
OSP_26.08.2024_20240826_235700.WAV,0.0002710491049464238,1.0550581299461147e-08,1.9849382365534416,8.423821794193545,5.0,43.315833353756304,-43.66356673296407,-45.761545907171666,2.0979791742075946,0.9535895561174959,0.04208354507782519,0.7004930532191327,0.5417752839399942,0.002354253545321594,2.9398526232141884,0.11711533679798487,297.58155634578577,0.4005298751070854,2.3362796859264114,0.039632655284263185,0.09259296743994813,0.6433815556651203,0.5833547168324813,2.22207624052308,0.19346359430929513,0.13501761872433968,0.12635389889888388,0.12853526358294426,0.1292659614125691,1332.861328125,6.929894046000918,0.0016047788769275532,0.02176553593975469,0.07135962884941804,0.625150402943614,0.3333245141631393,5.269985243006306,6.9469551997804455,73441.06066017128,0.9963168506673208,0.8485933214938267,1.2076131642946877,0.0,0.014983239986422267,42684.03636363636,-1.2839056417350768e-19,4.3938063422452916e-05,1.1061148485297765,370.7695307378367,43.42840911403863,-34.18737678770644,0.7710716270160347,0.019526803710243918,0.9232443953034597,0.008145849495733127,84.0,13.081918577832656,0.0004848719937936385,0.026666666666666665,0.018184463194646495
OSP_26.08.2024_20240826_235800.WAV,0.00026128217165123885,8.475085983199982e-09,1.812668019987449,6.528865262074691,2.0,42.92251340744375,-44.05688667927662,-45.7604858122932,1.7035991330165743,0.9597491960047417,2.565371302076791e-05,0.0043575882978789116,0.0035982367673024207,0.003106027768020825,4.640361213683865,0.6436645039861251,296.7505601085048,0.1927088907192008,1.4774210653474968,0.03777153577495521,0.05580446262444542,0.6974925646501583,0.5065001876513462,2.302583907038159,0.0008161589371026068,0.13593896485953513,0.1258679800473321,0.1275472977321199,0.1287655098317331,1327.701171875,5.462093805438023,0.0016062942488604404,0.021848423668811772,0.07135962884941804,0.628155575506442,0.3333270450494971,5.439105037921736,6.985553274763967,75081.3731049462,0.9966587781681703,0.8116003212636268,1.202025036893796,4.364271166715159,0.009073289448162157,42734.81818181818,1.8036918759914003e-19,3.943362500132341e-05,0.04022443174434301,2.9809943971740673,42.95866702148256,-34.18732511880479,0.2026507840341054,0.019526919867775657,0.9964974904753365,0.007757951900698216,80.0,3.9194602156251324,0.0,0.0,0.0
OSP_26.08.2024_20240826_235900.WAV,0.00026089100737853774,8.41646059518868e-09,1.8063742370502684,6.614905624908212,3.0,42.90761132949878,-44.0717887572216,-45.79046294017448,1.7186741829528813,0.9599356980754338,0.0003744945555370638,0.49513273044504635,0.426904033082514,0.0034033033998616125,11.885018338490882,1.8785668063497294,297.03174115964856,0.20309344943811808,1.50970455518259,0.03784816600816329,0.05713954862783099,0.6291497585062961,0.506031229154457,2.302580819901668,0.0015252371530305453,0.13699770471664566,0.12696979604406064,0.12807662989439642,0.12927372769372514,1332.94140625,5.524179543592158,0.0016695610270584813,0.02183120899365417,0.07452090658341416,0.6283959875915366,0.33332702908324113,5.437837122769161,6.98671942593664,75118.04489335752,0.9966641759942342,0.8138023346752795,1.2035366230020834,5.4553389583939484,0.015475735864610611,42637.781818181815,-7.629629251614357e-20,3.92996542212427e-05,0.04910524115012052,2.9955468070712796,42.94388729243954,-34.214830858214846,0.20373109843813353,0.019465181477864583,0.9962840770192606,0.009697439875872769,100.0,3.9277978727502227,0.0002909231962761831,0.016,0.018184463194646495
OSP_26.08.2024_20240827_000000.WAV,0.000261353659335921,8.430042747309355e-09,1.8098365746832246,6.57798811629545,3.0,42.92207870274294,-44.05732138397744,-45.77364969841479,1.7163283144373551,0.9599876078435168,0.0002834294801359327,0.4537560679750521,0.37412768167941857,0.002810765428977846,2.7833386235498248,0.1945465129205878,296.81357218002495,0.20149878938270038,1.5046925081727232,0.0378278105670381,0.0569192231607992,0.6122508816970322,0.5072969832495962,2.3025822485920044,0.0012341810722833913,0.13518734038082306,0.12644088437230983,0.12773038865126346,0.1291513614101445,1331.6796875,5.515524743345505,0.0016144393729997093,0.02168293328928519,0.07196346841658584,0.628649789172691,0.33332706306416887,5.440539493313016,6.987044645697676,75141.30906531047,0.9966669211301377,0.8135525899277217,1.2040548186133175,5.4553389583939484,0.01960512438172825,42668.63636363636,3.4736523421984066e-19,3.9434997083635447e-05,0.04575012891702645,3.0937759007892054,42.95881813044355,-34.20100260647233,0.220257398243227,0.019496195434801505,0.9956582099873229,0.009988363072148952,103.0,4.297951344419745,0.0,0.0,0.0
OSP_26.08.2024_20240827_000100.WAV,0.00026130484917711975,8.442815242429231e-09,1.8166396915062362,6.584980397568771,2.0,42.921357690820884,-44.058042395899484,-45.76553644109446,1.7074940451949772,0.9598915154657709,2.7378825791068984e-05,0.26691263293978607,0.25258983168845195,0.002566014196067723,3.092468347758155,0.47703798658243846,296.6325424416253,0.18910075480010993,1.466397658943426,0.03831670405474512,0.05618752512430632,0.6010705157124588,0.5054307729336922,2.3025837148623833,0.0008308491067086976,0.13719167232405519,0.12578199440693405,0.1282307163114975,0.12894375545533895,1329.5390625,5.469013929255561,0.0016924810275434003,0.021849689723044987,0.07558650581959263,0.6280314223647092,0.33332704302502464,5.438944092045869,6.986442814260326,75124.02843133821,0.9966621892987045,0.8140526810255371,1.2026890322136463,0.0,0.008580793569973814,42710.545454545456,-3.3737743238845902e-19,3.943540418512971e-05,0.03993296642967122,2.9451481278297034,42.95886296397544,-34.19686058043144,0.20380179229196926,0.019505494770859225,0.9966541135968403,0.008145849495733127,84.0,3.80070188933768,0.0,0.0,0.0
OSP_26.08.2024_20240827_000200.WAV,0.00026096578450675854,8.436369247949156e-09,1.8086562491557434,6.529448053606606,2.0,42.91095646835187,-44.0684436183685,-45.77546186767222,1.7070182493037223,0.9598457144448507,3.103344487120907e-05,0.005063028595044039,0.004113134848735545,0.002824608202070422,2.6910449535721397,0.22256260051180915,296.65612760662805,0.19382331083745274,1.4808457338025875,0.037804258703953666,0.05598227522131912,0.6235401834021959,0.5037913350946853,2.3025850445430827,0.00016375661186742718,0.13930107005463419,0.1259189715317542,0.12787087920803206,0.12910457430171662,1331.197265625,5.462774304490812,0.0015890568931238485,0.02152768500146972,0.0712175489512609,0.6273074810417372,0.3333270620864481,5.440461534576081,6.986157498860734,75102.60102617455,0.9966629825011969,0.8118851055488858,1.2023706130211549,0.0,0.009092231597323246,42683.781818181815,-7.241682001532271e-20,3.932526284014681e-05,0.043976245737913186,2.936462087823309,42.946716340198996,-34.20091646218573,0.19509161551526688,0.01949638879371412,0.9966199990579767,0.009600465477114042,99.0,3.634427055117302,0.0,0.0,0.0
OSP_26.08.2024_20240827_000300.WAV,0.00026225265381522053,8.404851958802598e-09,1.791112603876432,6.531880524180827,3.0,42.947220949327935,-44.03217913739244,-45.77162342572018,1.7394442883277392,0.9604156352532003,0.0015518719425751115,0.6785632197497422,0.6346132400707767,0.003117927617930394,4.1924971622445195,0.42800199685161583,297.0835975475918,0.21393879247462813,1.5443311295010644,0.03814707900832484,0.05891172161209265,0.6079723935938085,0.5171108563686717,2.3025077751691105,0.006221215166104343,0.1361086865160185,0.12644488370442136,0.12783281079910122,0.1294184457133159,1334.43359375,5.611753076385206,0.0016386853239259043,0.021785070240217294,0.07349082732177498,0.6261328944680469,0.3333271608869702,5.4484015083736805,6.989724994424899,75239.96363398705,0.9966871722422825,0.8173056825436529,1.2036211997621549,6.546406750072738,0.018108694598002135,42677.01818181818,3.9208955947320634e-19,3.964929180797559e-05,0.03998411031551025,3.6707336309440115,42.982354346136454,-34.18734833982064,0.23101474006474376,0.019526867664221563,0.9945187990057237,0.009309542280837859,96.0,5.0661450435605735,0.0,0.0,0.0
OSP_26.08.2024_20240827_000400.WAV,0.0002617507686270232,8.412369293454604e-09,1.771854853793973,6.441664279165013,3.0,42.932821840063056,-44.04657824665732,-45.78472813829939,1.738149891642074,0.9603025207927579,0.0014288617438461548,0.590532486812847,0.4974982241458291,0.005866923589672557,30.988296601756844,4.151605234029584,296.76084053180966,0.22071974779478548,1.5664707842145125,0.03773626305128353,0.059112753575269246,0.708832710823358,0.5071432079270026,2.3025822877935744,0.0012347500205564187,0.13594704684317718,0.12734273376346153,0.1282098693256544,0.12931596868635437,1333.376953125,5.596010626174585,0.0019629749175637673,0.0217742859083643,0.0838271399127061,0.6284105107358868,0.333327180322415,5.449978363531391,6.989019591232195,75184.07235016265,0.996687635707604,0.816159771400424,1.2046169161892852,41.46057608379401,0.05457233173310057,42597.90909090909,2.9343110433037994e-19,3.95302570525819e-05,0.04938373952107987,3.0928991001531987,42.969296384298644,-34.183264046546576,0.22725060789515084,0.01953605177908233,0.9950600090463,0.009309542280837859,96.0,5.054223325038202,0.0005818463925523662,0.016,0.03636892638929299
OSP_26.08.2024_20240827_000500.WAV,0.0002609647803872863,8.64419244029655e-09,1.9386009744881418,7.688624839352342,2.0,42.92270297199336,-44.056697114727015,-45.7762004077354,1.719503293008387,0.9586000208232398,2.46350818164931e-05,0.004600413207053067,0.003928395012059882,0.002452410869221877,3.552296338517374,0.48204164282713274,296.5569697930713,0.16061498947610023,1.3826968255624503,0.04045132205083886,0.05593191458949924,0.6467353078140365,0.5037498413380813,2.3025772519701846,0.002019701896141868,0.13660168751818447,0.1258369852234677,0.12836667491482193,0.12910305892978372,1331.181640625,5.474820768028784,0.00161462879449132,0.021667517060485808,0.07153722872211445,0.6306657702362805,0.33332615675607186,5.373037852213272,6.978335731639349,74861.34688054727,0.9965624457719882,0.8189263816072986,1.2028630208201705,0.0,0.012956430026185626,42471.181818181816,-3.1821136634781832e-19,3.973059776660122e-05,0.04963329629593305,2.9785914825984814,42.99125099280971,-34.17407134099377,0.21341394414582737,0.019556738691618947,0.9964587880217397,0.009406516679596586,97.0,3.7801603049772985,0.0007757951900698216,0.021333333333333333,0.03636892638929299
OSP_26.08.2024_20240827_000600.WAV,0.000261082423099881,8.52404558398902e-09,1.8666573597646683,7.037332792101652,2.0,42.91937818691509,-44.06002189980528,-45.769634376329584,1.7096124765243061,0.9593459691071662,1.8308347830675586e-05,0.05797994070301238,0.05719992516789052,0.002613768435068109,3.0906260182728524,-0.027441218938266693,296.62072285075783,0.1834217433209777,1.4492447400373936,0.03866812685136825,0.05603957944644414,0.5904530959118525,0.5049012005625213,2.3025835757209085,0.0008754621763502612,0.13745029580060134,0.12659685832465978,0.1276062131268938,0.12910173297934247,1331.16796875,5.471217583919039,0.0015994750751624478,0.021742565235690233,0.07157274869665373,0.6291089915103807,0.33332668364520995,5.411164157233225,6.983018823926269,75011.06906424534,0.996621162505214,0.8139546219194491,1.2028858144352501,1.0910677916787896,0.011782016778198042,42570.32727272727,-3.686024549560416e-19,3.9530538226816756e-05,0.04291747682236529,2.968311665794221,42.969327275062696,-34.20068136323757,0.21748507855954813,0.019496916505062217,0.9962126321807526,0.008921644685802949,92.0,4.150752111674166,0.0,0.0,0.0
OSP_26.08.2024_20240827_000700.WAV,0.00027918115021008177,1.2847918067530126e-08,2.7960453835471344,18.26806812667394,6.0,43.65248142167552,-43.32691866504486,-45.73397269080096,2.4070540257561035,0.9449558899769647,0.01614709895135047,0.43230795632147156,0.2614117827723017,0.003090905430245705,3.97646566131402,0.45336958955706497,298.98987191416705,0.1778252087171526,1.4325727584999053,0.05848250349229626,0.0837804413519392,0.6557383435010092,0.7153479767344264,2.30166153938021,0.020996864167863373,0.14212168234571493,0.12645288236864444,0.12912079196792828,0.12979842522548735,1338.3515625,7.157316030705754,0.0020343868199010767,0.02206670801074828,0.0856386586142095,0.6271812483721969,0.3333097610467009,4.7784132712626075,6.89260384519734,71845.39017170643,0.9953484173125217,0.8338189877298917,1.2183974246909872,3.273203375036369,0.047431141499369604,41967.69090909091,4.750198551005097e-19,4.9480737993418465e-05,0.7704194894425852,209.114600555881,43.94436168404116,-34.12948011430486,1.7722665563455422,0.01965739634542754,0.8341789087512563,0.019394879751745538,200.0,14.00372777925873,0.008630721489526766,0.023733333333333332,0.3636892638929299
OSP_26.08.2024_20240827_000800.WAV,0.0002613332121761808,8.754047641730544e-09,1.969873787730991,8.005506987560304,2.0,42.93977514027265,-44.039624946447724,-45.771146781909124,1.7315218354614004,0.9581458108490469,2.4350773335179987e-05,0.06414644120362023,0.0627651251448611,0.0021567183661033162,3.2641811417679825,0.1267344230485498,296.6321848404514,0.1618438721389244,1.3861902735280127,0.04041677397663636,0.05602533897379342,0.5931253633828447,0.5072226694550404,2.3025565676233546,0.003700225343136232,0.13565609543206283,0.12606394732079745,0.12830685312935916,0.1292902073634953,1333.111328125,5.491747729414977,0.001643420861216177,0.021746178965710215,0.07253178800921437,0.6294923878962084,0.3333258534452449,5.352340219430287,6.975485878719789,74759.01995840218,0.9965300655018895,0.8169162240686009,1.2037931314484895,0.0,0.008486082824168363,42481.781818181815,7.437495484805411e-20,3.989974508251392e-05,0.04392586493634801,3.02382970643512,43.00970121009776,-34.183821793711104,0.22024802793404064,0.019534797350565593,0.9960379321522722,0.008145849495733127,84.0,4.344890797884677,0.0002909231962761831,0.016,0.018184463194646495
OSP_26.08.2024_20240827_000900.WAV,0.00396868960458423,5.0060586096657025e-05,7.663163351620122,73.42583916265868,30.0,72.25509009150674,-14.72430999521363,-38.71401419095732,23.98970419574369,0.5295661341406825,0.04800233723064706,0.20905697122137523,0.05390535685834619,0.04741470317651497,30.34398591121641,4.877928924796387,352.31119723599045,-0.7645941298361868,0.1334051078282045,262.1124471188278,34.96713927100177,5.8476542108327045,379.01414570365984,1.982860896590588,0.41039261095342566,0.3410031358096532,0.22442652077103126,0.2511445448423198,0.19918844256134227,2053.83203125,29.564927066498072,0.08810921740131897,0.0558571029341862,1.5432718537827352,0.6195188565736411,0.3274382908980486,2.0175156289145075,4.248111975889304,14342.625570330618,0.8955440587690473,0.3206313640303163,3.6517586599808305,739.7439627582194,2.353675686160411,13216.981818181817,4.4173419131297896e-18,0.03396867001582822,-0.03673752360417069,18.28669158335512,72.31078543158098,-24.857594223308904,14.833044925845531,0.057163694404833244,0.8052129375845667,0.3647207137315749,3761.0,19.154284167809188,0.3277734678044996,0.08047619047619047,4.0733197556008145
OSP_26.08.2024_20240827_001000.WAV,0.003407419998314472,7.365693946565508e-05,7.8487436259859065,74.30110044685188,25.0,73.37993247457665,-13.599467612143721,-38.19542937837036,24.595961766226644,0.4442225436680689,0.136021468765542,0.34415435731825184,0.13204339611726812,0.0644930376393803,51.211675339182044,6.5633968147185096,376.2937668788903,-0.7443525396078507,0.1465572208526274,387.21257486763443,56.74879885179042,6.948469619504652,531.6226784064946,2.020300976578685,0.38989255121737953,0.3440338796754276,0.23501475253632645,0.21876464387456643,0.19717678632043448,2033.08984375,29.64071740350661,0.0826411872029871,0.05389910048393569,1.42871993589355,0.6114377926111176,0.3255095087407128,1.8759847384882098,3.7030318456621605,6645.2742878576355,0.8723764882599969,0.10085726826508648,3.6420116921762133,486.6162350887402,1.2760189360876733,10860.872727272726,8.4780667335011955e-19,0.04770325441211916,0.07800252458001522,13.831789348943126,73.78548008495302,-25.84124495247061,16.63333331773279,0.051043183430758386,0.8144501857672243,0.3633630721489527,3747.0,20.988995418936188,0.3248642358417378,0.08844884488448845,3.673261565318592
OSP_26.08.2024_20240827_001100.WAV,0.006503376527324207,4.097850662785714e-05,3.09272173775257,15.27613472075194,17.0,73.27711118514505,-13.702288901575333,-32.68426126875397,18.98197236717864,0.7877935678577139,0.03689376870371808,0.15060630600656422,0.07295609608065545,0.13389232879000967,172.22341545806938,12.66220988093216,428.5176931163931,-0.02686130247762707,0.9476827057114419,93.63686592812374,88.73803845710383,6.738785717405256,398.2634526610093,2.2203387732675814,0.22332174192773752,0.37692916501780765,0.3625973506745703,0.3412805254651632,0.31986576226751084,1616.6015625,24.97725705998659,0.19793495869608232,0.04289111529703124,4.576440898352464,0.0,0.33314394490280946,3.7365490876445455,5.906126839894941,35584.57264565868,0.9834233632019415,0.5559148812863557,4.661526177559798,2214.8298377522756,6.043905508013455,22510.05784205703,-3.248109246570268e-18,0.047898472551087944,0.054803960500795466,11.838578521003297,73.94682681370693,-14.884790094933448,8.287506117160149,0.18020236866544895,0.879127929674458,0.39248269040553907,1984.0,12.151875605784262,0.3382789317507418,0.046294416243654817,7.308567471309854
