filename,MEANf,VARf,SKEWf,KURTf,NBPEAKS,LEQf,ENRf,BGNf,SNRf,Hf,EAS,ECU,ECV,EPS,EPS_KURT,EPS_SKEW,ACI,NDSI,rBA,AnthroEnergy,BioEnergy,BI,ROU,ADI,AEI,LFC,MFC,HFC,ACTspFract,ACTspCount,ACTspMean,EVNspFract,EVNspMean,EVNspCount,TFSD,H_Havrda,H_Renyi,H_pairedShannon,H_gamma,H_GiniSimpson,RAOQ,AGI,nROI,aROI,ZCR,MEANt,VARt,SKEWt,KURTt,LEQt,BGNt,SNRt,MED,Ht,ACTtFraction,ACTtCount,ACTtMean,EVNtFraction,EVNtMean,EVNtCount
UoBBG_29.08.2024_20240828_202931.WAV,0.0035211087819521825,5.5026653119529994e-05,8.573107999300712,90.79870712461378,27.0,72.36030024130909,-14.61909984541128,-39.24352717777869,24.624427332367407,0.46522085884422554,0.08605140150109969,0.2956331493187804,0.09314781226918378,0.04183260740593475,39.020460160060956,5.331964921495915,356.0646835242777,-0.7408715324595971,0.14884985061148784,128.26217876504018,19.091806148280178,6.3150265411358575,151.73992877394318,1.8998985422696897,0.41454101340604427,0.34490997999555456,0.18948311537730037,0.18765540836696837,0.1810567278839742,814.57421875,30.104123717458013,0.06528968242942876,0.07364493941919191,0.926681389645398,0.611948392299056,0.3228757380697877,1.730907228215258,3.8257728759932244,10516.161765261646,0.8591542822000812,0.17590611524464841,3.610662490197969,407.5905756834852,1.0093388808624137,15619.208333333332,-6.177928539112069e-18,0.04159292643330863,0.01886981126556836,14.848615661748276,73.19019477929872,-26.707305582000128,16.77295775311218,0.04619922826025221,0.7873648497867537,0.39022222222222225,1756.0,20.8262974371404,0.3582222222222222,0.1146311111111111,3.125694598799733
UoBBG_29.08.2024_20240828_203000.WAV,0.002166175668470088,2.0978755103532624e-05,8.351672650532011,84.82527388261767,32.0,68.16653976632847,-18.81286032039191,-44.45089551081552,25.63803519042361,0.46783386464421745,0.09569905423875313,0.4242042740533718,0.17877592654754615,0.024969005308848047,36.44737164305313,5.4861558113673805,345.50624930979063,-0.7307590972989076,0.15556232125041589,112.52630867348026,17.504853778987396,4.311315857190348,157.8084801284304,1.7558967973813382,0.5194505218273733,0.2735104904147674,0.17099544376089193,0.1668012656839579,0.1566913520754534,1615.64453125,28.018177345477145,0.03403354881922219,0.054705261516208886,0.6653956830443745,0.6182197803996721,0.3245208009198733,1.8164840720296398,3.84714270393857,10399.772525052129,0.8671887583951684,0.170182684112609,2.3148925537877165,298.95257491998836,0.923581308796431,28772.745454545453,2.5131412102878542e-18,0.015128920180842468,-0.011806585319416496,42.502007699306795,68.79807931576588,-32.641449694024686,18.39420230112743,0.0233306884765625,0.71668402905972,0.33407680372381693,3445.0,23.11833871341078,0.31351823118696664,0.11729705215419502,2.6731160896130346
UoBBG_29.08.2024_20240828_203100.WAV,0.0027729740920694537,3.855179437476157e-05,8.687518858847781,90.11309670756117,28.0,70.72238874782309,-16.257011338897293,-42.16470666095408,25.90769532205679,0.445262087300867,0.07000599950303799,0.3078580002276863,0.11744880394400281,0.04453769407385011,56.04531344155716,6.9033106172966745,365.050971386093,-0.8007228301027914,0.11066509879581704,205.43121294755997,22.734065476586252,4.360191688764814,269.8300535584463,1.8410326815167388,0.48112128054351455,0.34983674393043024,0.20812324341834917,0.20385723621538382,0.18305901312918244,1887.521484375,27.51774261319339,0.0708737558796431,0.0529277549470038,1.2275703200775947,0.6092105469681774,0.32312999503901724,1.7432140199064843,3.69950405579363,9211.51194401723,0.8551979759684447,0.17330230723331572,2.9256888731322124,441.8824556299098,1.6938259201338377,22764.163636363635,4.414650463373122e-18,0.025023432358967052,0.04855360226241341,23.862066397219284,70.98346879790704,-29.95998450789498,18.471915907804927,0.031768798828125,0.7834786253943529,0.41049262994569435,4233.0,22.315483758689325,0.382854926299457,0.15831578947368422,2.4185336048879837
UoBBG_29.08.2024_20240828_203200.WAV,0.004013146221071911,6.998403440685722e-05,7.76355608062286,73.38386069362673,18.0,73.42159534626067,-13.557804740459698,-35.58931802952398,22.031513289064282,0.48731890971559205,0.047452073036087894,0.28236944574820977,0.10688565676419348,0.05160430723780607,34.97480137211319,4.994998370459076,368.53483302862537,-0.7791206080353108,0.12415088160246039,367.92609124446295,45.67834859254736,5.7585152925199194,519.4978142177569,2.0111661167199713,0.3884866742897353,0.38515501244625483,0.26410189498353775,0.2482975716887055,0.21723065021578897,2239.865234375,28.195385023501764,0.11363376339588788,0.06150316086025896,1.77365440864452,0.6034480272729243,0.326824158265667,1.9679651299196521,3.978683576450702,10225.710657040157,0.8844266523292876,0.22787179834308072,3.8786503903412517,705.920861216177,2.532603227136068,15174.41818181818,1.2178810148918384e-18,0.049702076745466055,-0.0011272830733857714,11.90780864931979,73.96374535619714,-22.08117451497756,13.726273618752572,0.07869393717447917,0.8445275053159019,0.4148564778898371,4278.0,17.501068424096637,0.386733902249806,0.09712024353120242,3.9823974396275825
UoBBG_29.08.2024_20240828_203300.WAV,0.001372079672121978,9.602960237750546e-06,7.71006327926964,70.81562070813243,49.0,64.6736225284574,-22.305777558262978,-45.27531970543347,22.96954214717049,0.4635510663514679,0.12002469264920124,0.27301637195368755,0.1391857950509272,0.006984875470591678,24.45662589329762,3.542905035599315,323.9954077065055,-0.7902394891723324,0.11716896655242727,52.889598193540714,6.19701956171029,2.8148628790937953,67.66533699393881,1.911413760101733,0.42681325794738517,0.17778747615814827,0.1351204348873738,0.13546462039904755,0.1340026352317913,1381.701171875,26.82563398478457,0.011238187675783145,0.053798359262642995,0.2173467242058681,0.6251386604917143,0.3267134772759958,1.959534682103057,3.8297404933233654,9024.987990387477,0.8832369016727721,0.13394480377091295,1.7209436436944783,65.46406750072738,0.1672212927941034,38350.2,-3.679968787607914e-18,0.0063293998076670065,0.6567425221667882,109.45257779313621,65.01362529515524,-33.656446118416206,15.225567776316357,0.020757626539288147,0.6002438969394864,0.10366563227307991,1069.0,24.948118086276555,0.08252521334367728,0.06876767676767677,1.2001745708466687
UoBBG_29.08.2024_20240828_203400.WAV,0.00026530877649654996,8.609093067518984e-09,1.9771340699272872,8.971009855894831,5.0,43.048251861402,-43.93114822531837,-45.65784352590951,1.726695300591146,0.9600318725746442,8.012839470017408e-05,0.017941713659515246,0.01407488797494505,0.004268733653863044,5.342998305461893,0.25912478752895624,297.33542245824117,0.14840738368398287,1.3485407948368364,0.04245949730957658,0.05725836425022892,0.626461814845187,0.5239524923417658,2.3025850220863457,0.00020638831346140308,0.13879998706882618,0.12652587017968,0.128978488629782,0.12942412835806422,1334.4921875,5.492096830808326,0.0016731600353990883,0.021799450582127212,0.07452090658341416,0.6281938447257636,0.33332565800389047,5.339443526295686,6.987276736148928,75245.45846447439,0.9965802510835537,0.8200595886632149,1.2040991758026602,4.364271166715159,0.018032926001357773,42220.836363636365,4.347111896041758e-19,4.065474249412163e-05,0.05082176284526499,2.967418248540798,43.091112146014616,-34.06611938548808,0.2251889967924967,0.019801314914587774,0.996125752379243,0.014449185415050426,149.0,3.8441428764433354,0.0002909231962761831,0.016,0.018184463194646495
UoBBG_29.08.2024_20240828_203500.WAV,0.000265796506669046,9.898503642224752e-09,2.8556943313160343,18.288786273072624,6.0,43.13255492721702,-43.846845159503346,-45.66485830695207,1.818013147448724,0.9523178624468879,6.019241785670815e-05,0.01098565367789961,0.008491337631181595,0.003147113365617571,15.809936981633198,1.6938679695592302,296.8346862582918,0.04652461238386632,1.0975895403030518,0.05199208078293623,0.057065964045942115,0.672474811106541,0.5276991506533181,2.301478447407488,0.02261238499358651,0.13961626741667474,0.1268568149119097,0.12798870999757994,0.12946068670594513,1334.869140625,5.536918387116997,0.001760104500048492,0.022167356084678687,0.07725594462293889,0.6260950956042391,0.33331593469099324,4.930253046276551,6.938757903269105,73876.36327708034,0.9957974637678954,0.8362505926481302,1.2045255396548429,2.1821355833575793,0.010626545679371546,42188.163636363635,1.956347541877359e-19,4.1264092311598723e-05,0.06668100319003482,3.5347792717417668,43.15572296351954,-34.09268953515432,0.27058611197741556,0.019740835212938714,0.9951035484081305,0.01774631497284717,183.0,4.33760568582831,0.0016485647788983709,0.04533333333333333,0.03636892638929299
UoBBG_29.08.2024_20240828_203600.WAV,0.0002647544967411526,8.488769649252584e-09,1.9522871746297892,8.735789272799517,6.0,43.02542515649833,-43.953974930222046,-45.67772505437542,1.7237501241533764,0.9604550126050116,5.898972141071823e-05,0.010438359190146684,0.00820333614021218,0.0038113762389970773,4.505043142021071,-0.15312248813080734,296.8482316109225,0.15396641755463647,1.363972354642505,0.04170667412540956,0.05688675051114252,0.6080335707575468,0.5185788979685685,2.302581577334328,0.0013604671021351321,0.13766850935893704,0.12630290741446176,0.12880808718028203,0.1295769915017942,1336.068359375,5.485873388886766,0.0017085818543303268,0.022116462894963683,0.07590618559044618,0.6268372897052652,0.3333258951960677,5.3551389096615765,6.989930304781346,75346.50257645681,0.996607778601152,0.8192828207059987,1.2043904298610002,3.273203375036369,0.011876727524003492,42308.12727272727,3.697799642245834e-19,4.039310675293669e-05,0.050268498662246267,2.965900939312465,43.063072573237015,-34.10276908251066,0.24168770119532468,0.019717940232248016,0.9960136535808597,0.014158262218774243,146.0,3.953567257690294,0.0,0.0,0.0
UoBBG_29.08.2024_20240828_203700.WAV,0.0002962853533599321,2.903745032099369e-08,3.593935934682277,23.347201924692875,8.0,44.74736320326876,-42.23203688345161,-45.59459464649102,3.362557763039405,0.8932263674369414,0.0038751677652419936,0.599438162694748,0.4582057430015538,0.003909587201803011,6.249980240713958,0.4559832871844465,299.76516116455116,-0.28005552829247155,0.5624322193802775,0.11133798590204794,0.06262007051221888,0.6513849572699015,1.134791155230696,2.2895652892964726,0.07746823747509293,0.14637280574144118,0.12653586850995885,0.12956129784269954,0.130258151185627,1343.091796875,7.435202146558457,0.0025147597226263217,0.023901815237884885,0.09775096993210475,0.6263755956206625,0.3332382939667558,4.08130353925131,6.567630526936757,60952.74149876573,0.9908862899379524,0.7857331155353126,1.2246891998624199,27.276694791969742,0.08620572083212104,41211.4,4.6337092412243515e-19,6.047674896924061e-05,0.5142794107718895,516.5414402202847,44.815884368802486,-33.95912220292472,2.845161882182815,0.02004674609791149,0.7615580912664848,0.03345616757176106,345.0,14.428456099326027,0.013770364623739333,0.03442424242424242,0.4000581902822229
UoBBG_29.08.2024_20240828_203800.WAV,0.00031428634567286294,4.368528474987031e-08,4.064648016867307,28.66776300123474,13.0,45.6090654296688,-41.37033465705157,-45.59198662391352,4.221651966861948,0.8620657669248085,0.07833765254871017,0.8220100557186097,0.6360797994316598,0.004147532142984911,10.446597702840817,1.6767357838296726,300.5772666100567,-0.17625161404800493,0.7003164766058092,0.1619428016707434,0.11341121227772838,0.7825084391019964,1.1656418818904002,1.7370246290733047,0.5144136500273973,0.14977532085475057,0.12782965244804118,0.13146562467993075,0.13173620708466688,1358.33203125,8.941861675553024,0.004126736616235089,0.025492879210110328,0.1484734935741998,0.6270274025305929,0.3331353290687692,3.7143048503154423,6.371160605871863,55182.79900707304,0.9868334828419482,0.8055056000678701,1.2377180168111699,78.55688100087285,0.16932387135098437,40993.90909090909,1.5979431582649388e-19,7.43668458722296e-05,0.268440860316145,269.22122983235096,45.713793621068916,-33.946098573998675,3.033475821000863,0.020076826748703466,0.7969409984017202,0.04198991466252909,433.0,13.86880900566419,0.02482544608223429,0.04015686274509804,0.6182717486179808
UoBBG_29.08.2024_20240828_203900.WAV,0.0003844716660966348,1.0559479540530706e-07,2.8137088059450472,12.188037059984811,24.0,48.110393011142975,-38.86900707557741,-45.577155037799734,6.708147962222327,0.8231340518239298,0.1004267507743195,0.67911683326342,0.42252174992420233,0.0037792477837713667,9.311305689604463,1.2849165808549412,302.9431794509086,-0.3276236565339418,0.506451011291443,0.1513820507796056,0.07666759270870382,0.7562583588686946,3.1317753000452444,1.0878354590676398,0.7319857668489597,0.14489380273494326,0.12806161371051034,0.13038611336953457,0.13152594922897876,1356.1640625,11.92016583335331,0.004289828520512074,0.02794718808657757,0.15014293237754606,0.624168846839678,0.33323389315134516,4.058670995982533,6.1288543377279865,43617.11962063036,0.9878549115324499,0.5675045836819532,1.2592696265578647,49.09805062554553,0.13772836655028609,41000.109090909085,2.8628194091423307e-19,0.00013016969923080934,0.07456946714327288,2174.3031047539566,48.145099013722614,-33.97272176308195,4.947180783042274,0.02001538332158869,0.6290458614236889,0.03917765709852599,404.0,17.353794043385896,0.014934057408844067,0.03422222222222222,0.4364271166715159
UoBBG_29.08.2024_20240828_204000.WAV,0.0002671565262531757,1.0916729296895475e-08,3.2276079679210876,21.881368144181693,6.0,43.225535424900634,-43.75386466181973,-45.659640133095074,1.9057754712753407,0.94713437401665,8.866514484173749e-05,0.17180183322106468,0.16595490895231768,0.0036216561219896137,9.132578955433493,1.007114077510245,297.12193096811563,-0.02416861274415661,0.9528034496597211,0.06000592496111258,0.05717385230297043,0.64645808913986,0.5465645968004693,2.2718624110241996,0.12017826283665922,0.1390990204635826,0.12622392060525892,0.1286675966235134,0.12979046952283968,1338.26953125,5.602652281403088,0.0017856764014159638,0.021900973560041604,0.07857018368089233,0.6277273181097128,0.33330955535914286,4.774069285648647,6.906169210527866,72901.50261673404,0.9952991364340176,0.8482344673412855,1.205029285309529,1.0910677916787896,0.01708581854330327,41930.61818181818,1.5515787308161041e-19,4.2494729405325775e-05,-0.03225190232648952,10.447064629471232,43.28335068117876,-34.05239607843023,0.31475525932946624,0.019832624811114686,0.9916366270027266,0.016291698991466253,168.0,5.281998826542874,0.0006788207913110938,0.03733333333333333,0.018184463194646495
UoBBG_29.08.2024_20240828_204100.WAV,0.0002664049536904627,1.0491946059129276e-08,3.0538637311099173,19.89000943733404,6.0,43.18173276925829,-43.79766731746209,-45.68175406288616,1.8840867454240637,0.9492611399158171,6.246802662568385e-05,0.1361115661894251,0.132532723675584,0.0037270622737560766,5.597241331618569,0.6570040787281805,296.89331614331957,-0.0016205199022980901,0.9967642038674365,0.05719232381056756,0.057007261110369,0.6692341157242767,0.53442790245318,2.28181893237181,0.09861745467685204,0.13706236058578217,0.12650387385306655,0.1286947883441783,0.12956619447677237,1335.95703125,5.58584065329483,0.001689639705169237,0.022090715329991645,0.0746629864815713,0.6294989674358136,0.333313007290494,4.852497653485009,6.919554983277559,73285.09410443842,0.9955322499414173,0.8446372759786523,1.2040698736837219,4.364271166715159,0.013411041606051789,42182.0,-4.116025702090424e-19,4.175050602384812e-05,-0.006113799682589291,9.263547647673192,43.20661743580894,-34.102445221877176,0.29713517977535275,0.019718675445787835,0.9927740051421967,0.015031031807602792,155.0,5.067665885795021,0.0011636927851047323,0.021333333333333333,0.05455338958393949
UoBBG_29.08.2024_20240828_204200.WAV,0.00026776135434512007,1.2763119017802232e-08,4.309401530910847,35.69764520035498,5.0,43.33857251392287,-43.640827572797505,-45.68065330926241,2.0398257364649055,0.9356727454468199,6.363474609283326e-05,0.18975759302044992,0.18340534503730832,0.004071851911039426,5.113685895183326,0.3392344410311959,296.93261345951163,-0.12154634566296973,0.783252210427165,0.07294746113189679,0.05713626017660786,0.633974321956897,0.555168942998666,2.269783584493076,0.12400848176667481,0.13762001745708463,0.1269787945413116,0.1280847874105959,0.1293981776137135,1334.224609375,5.672860245813256,0.0016955117714091746,0.02188298086462149,0.07405914691440349,0.6298471499335908,0.3332789013331017,4.359973024413342,6.833843366599031,71140.29683526255,0.9936815945478576,0.8656909994979342,1.2043501118912396,5.4553389583939484,0.01174413247987586,42076.43636363636,-4.419444608252186e-19,4.318794679207486e-05,-0.04718268310075887,12.22480503359166,43.35362557646296,-34.10623553680817,0.35396672780213123,0.019710072563633774,0.9905225395290135,0.019103956555469356,197.0,5.541988400323296,0.0032001551590380138,0.044,0.07273785277858598
UoBBG_29.08.2024_20240828_204300.WAV,0.0002661520927473922,1.0268722665769658e-08,2.968246944360914,19.0185600502487,6.0,43.162611277720764,-43.81678880899962,-45.687524974128586,1.8707361651289673,0.9504179085849511,7.240501518379627e-05,0.06275557299957402,0.05957373346888595,0.004184836053439223,7.45841486879473,0.5412889669681691,296.69841726027994,0.00959003644405197,1.0193657915346894,0.05581279932251318,0.05689365835916043,0.6432170921398944,0.5310866639534513,2.285151727750811,0.09079603217025926,0.13647237577991142,0.12674083428067512,0.1287038522510666,0.12950425364901563,1335.318359375,5.580763050843768,0.0017144539205702649,0.021964247216106052,0.07626138533583898,0.625522200852485,0.3333144413965294,4.8890815311943125,6.9268286814919175,73503.66497371886,0.9956455919045335,0.8435694282163188,1.2042857384311125,6.546406750072738,0.012596529192124915,42297.94545454545,3.6406063349166593e-19,4.1642703570551556e-05,0.007951717138536483,10.815840347220561,43.195389174681004,-34.119775416022684,0.30984024467641547,0.019679371723984228,0.9922367028548061,0.014546159813809155,150.0,5.271465013218028,0.0005818463925523662,0.032,0.018184463194646495
UoBBG_29.08.2024_20240828_204400.WAV,0.00026511595296393114,8.84863216394366e-09,2.132900958197939,10.528912260852547,5.0,43.05579128876574,-43.92360879795462,-45.664770480575385,1.7411616826207634,0.9585675328034395,9.11127723864924e-05,0.019603701904087778,0.015178402892107479,0.0038496738042200773,4.92937122207899,0.3293670906292477,296.8142242087979,0.12775288346255728,1.2929281875294643,0.0439000194602731,0.056759572593279115,0.670064346279522,0.5205741304244378,2.3025825008254484,0.0011635962479347838,0.1395112016293279,0.1275347017048153,0.12932835543567028,0.12981206357288333,1338.4921875,5.514187203198819,0.0018504585515468916,0.0222523497869201,0.08066586217871,0.627857342539455,0.3333243110932012,5.2586028071908,6.978077280360008,74959.94984330014,0.9964527582474082,0.8219740335093888,1.2059004281088588,9.819610125109106,0.022938942634080108,42190.01818181818,-2.4341850084418797e-19,4.0608096602051765e-05,0.05180288191443689,2.980876538593501,43.08612633553109,-34.08936937843491,0.264618301626264,0.01974838253368031,0.9958809952679151,0.016194724592707526,167.0,3.9190344961956396,0.0,0.0,0.0
UoBBG_29.08.2024_20240828_204500.WAV,0.0002650205118795485,8.833755631695809e-09,2.1500472918310694,10.672182862158651,6.0,43.05219661640883,-43.92720347031155,-45.667978077164825,1.7407746068532788,0.958559248227341,8.701177110681524e-05,0.022674270097967963,0.0175638621729185,0.0039580803594215785,5.539743477814028,0.08880999072898063,297.1254351942971,0.12646406147270262,1.289545182733774,0.044023882578605886,0.05677078570447854,0.6361550231995837,0.522390164685479,2.3025643233003503,0.0032568928545448016,0.13773316522807358,0.1274757115561701,0.12808116184784057,0.12954100141838812,1335.697265625,5.505817521749535,0.0016621735888856562,0.02195677400866827,0.07405914691440349,0.6276846816911201,0.33332423209406686,5.25424384096006,6.97802231084231,74973.62066653893,0.9964462629544488,0.8228046985580234,1.2047867185966195,3.273203375036369,0.017767735913102514,42225.145454545454,-4.806550780285313e-19,4.0629475506866175e-05,0.050072312598741585,2.9966308194749915,43.088412159778,-34.079292666372766,0.25799765712653766,0.01977130640781287,0.9958115308706194,0.016582622187742434,171.0,3.9811534533354145,0.0,0.0,0.0
UoBBG_29.08.2024_20240828_204600.WAV,0.00026452307655071836,8.596605911961722e-09,2.039738028754058,9.609382650810382,5.0,43.02461548703505,-43.954784599685325,-45.67519434288539,1.7204097432000651,0.9597176128481691,8.26228577444077e-05,0.01778097284434843,0.013603270347258722,0.003992897561434616,5.246394776602498,0.5391672699783172,296.5995000038429,0.14123878362017564,1.3289361022044728,0.04264759004804106,0.056675922086857955,0.6207675705520219,0.5176169166236891,2.3025850352202712,0.00017420107035963638,0.13819383829567128,0.12557902830227352,0.12826606554836187,0.12920572537823682,1332.240234375,5.492183456084941,0.0017146433420618759,0.02193581366851747,0.07611930543768186,0.6284770989568333,0.3333251976005957,5.31031623022532,6.98529668670005,75207.52088210253,0.9965415273826057,0.8211284901459428,1.2051233478174237,3.273203375036369,0.01560833090873824,42243.87272727273,3.420664425114024e-19,4.032912647151597e-05,0.051728571267241466,2.976174013177678,43.05618815295272,-34.09274793784231,0.24789392855726078,0.0197407024788134,0.9959883919224468,0.01600077579519007,165.0,3.8868085850982457,0.0,0.0,0.0
UoBBG_29.08.2024_20240828_204700.WAV,0.0002645423182246908,8.583570624365606e-09,2.013155053690038,9.296562723709904,6.0,43.024457662438365,-43.954942424281995,-45.68137739507809,1.7264349707960918,0.9598371692307431,7.37412290657824e-05,0.015865439964458106,0.012322533517321488,0.0036886802753223202,8.402234907886413,0.8209786726243838,296.9491713676194,0.14402867432005226,1.3365268671953279,0.04249377977789367,0.0567940783618364,0.6155091120315335,0.5187938488891863,2.3025792055654892,0.001758743401682672,0.13479132318236187,0.12568501060322926,0.12814732836812512,0.129319567694695,1333.4140625,5.489600460919057,0.0016059154058772186,0.021520354663972247,0.07107546905310377,0.6273817403295244,0.33332542173671925,5.324284330169589,6.986051172750354,75221.91101752046,0.9965586090364108,0.8206518387169548,1.2041260597319225,3.273203375036369,0.015115835030549897,42230.30909090909,-3.344126322658805e-19,4.037005874235293e-05,0.053821363233397757,2.9740132607579137,43.06059381351389,-34.11583550154834,0.26727332078841926,0.019688300300366952,0.9959483973737432,0.01590380139643134,164.0,3.918896599420491,0.0003878975950349108,0.021333333333333333,0.018184463194646495
UoBBG_29.08.2024_20240828_204800.WAV,0.0002671511860937883,1.081949204239875e-08,3.279879625793685,22.717595298439775,6.0,43.22024977932429,-43.759150307396084,-45.68284097222508,1.923690664828996,0.9474339778124875,6.550773430669121e-05,0.2623311588978495,0.2541662969762587,0.003380456057702208,5.295432680449805,0.6328707401911711,297.021098736941,-0.022258119636317412,0.9564530342997206,0.059791327652862956,0.05718759675838957,0.6213638049515177,0.5448974477432624,2.2547141425879893,0.1493136564138254,0.13580965312126209,0.12600395733912437,0.12807572350370758,0.12911177231839782,1331.271484375,5.6140601639610495,0.0016498611919309476,0.021662750033612708,0.07334874742361785,0.6271690548575358,0.33330869282095316,4.756253168099003,6.908029224476747,73018.26408125817,0.995282004875375,0.849619119194914,1.2042147783575476,2.1821355833575793,0.012066149015614392,42372.70909090909,-3.7968365825106916e-19,4.209177422664002e-05,-0.042819786795666455,14.340459152326341,43.24197232248369,-34.1159078882571,0.32646538315467666,0.019688136222145772,0.9909278835117583,0.01600077579519007,165.0,5.474288879778393,0.0008727695888285493,0.048,0.018184463194646495
UoBBG_29.08.2024_20240828_204900.WAV,0.00026689468671157513,1.0926992743168043e-08,3.4064107407916686,24.619532412113365,6.0,43.2186916616472,-43.760708425073176,-45.67853239002166,1.9178239649484823,0.9465367430703922,8.084016161979957e-05,0.278800813561472,0.2658958539818378,0.004232685209840326,8.98237351970613,0.9432646854098199,296.75537997475567,-0.027790752938202587,0.9459213796996021,0.06025930609264678,0.057000565958897076,0.6704642848313429,0.5416872564994464,2.2765946054772224,0.1102141729316994,0.13333656612679018,0.1262949087502387,0.12877908267823945,0.12942772736640482,1334.529296875,5.605166892848684,0.0017951474759965087,0.021980995406382403,0.07938714309529582,0.6283777122647255,0.3333056703376483,4.698401322527204,6.9023555174015625,72890.08714645931,0.9951321696940142,0.850134659246538,1.2041434830742714,2.1821355833575793,0.014320264765784114,42314.36363636363,-1.9447827187041804e-19,4.229193109991256e-05,-0.06724730184364258,14.92819638984267,43.26257516002623,-34.10240627122072,0.30998903688155366,0.01971876387162642,0.9909848743887465,0.015806826997672614,163.0,5.519571088359153,0.0014546159813809156,0.026666666666666665,0.05455338958393949
UoBBG_29.08.2024_20240828_205000.WAV,0.0002672891850433979,1.0913495851824147e-08,3.303112191118771,23.092172614204845,6.0,43.22910510572413,-43.750294980996244,-45.68354877088679,1.9332537898905429,0.9470034953229416,9.678504044452474e-05,0.2780015733284359,0.2672250948921384,0.003962927049724563,8.026131307071784,0.9953872967361501,297.248222759531,-0.02661868611482465,0.9481429931583236,0.06032502744027562,0.05719675207958093,0.6733911807292783,0.5543398392624908,2.2570682483041353,0.1454203712377929,0.13789480490091488,0.12654686667326556,0.12910447693552934,0.12980675977111822,1338.4375,5.640276018344559,0.0017741216904276986,0.021902777575433824,0.07835706383365665,0.6260956305417663,0.3333078040596892,4.7385362447594845,6.905320022831482,72928.44986602577,0.9952354923077619,0.850017099814896,1.2049123297783901,0.0,0.01755937227233052,42370.05454545454,-4.474955759483443e-19,4.220737163357557e-05,-0.03846956337010385,14.685376158130946,43.25388308312298,-34.115905080800225,0.33757805344489356,0.019688142585754395,0.9907270101685793,0.0171644685802948,177.0,5.407030576545272,0.0010667183863460048,0.029333333333333333,0.03636892638929299
UoBBG_29.08.2024_20240828_205100.WAV,0.00026728479144044997,1.0666906917781197e-08,3.224824625982064,22.487223114644994,5.0,43.21595795839821,-43.763442128322154,-45.66526749670591,1.9018253683837543,0.948369951883406,0.00010387570551217973,0.2244253842912538,0.21589744999024474,0.0042206532398333385,7.942250623396979,0.7162442903542119,297.19426319973945,-0.008135235044972884,0.9838608258849122,0.05795993900476948,0.057024513457471636,0.6946532931741364,0.5440652089310576,2.2780962955040804,0.10723102004513799,0.13391038696537674,0.1254580485058995,0.1293319809984256,0.129507473814373,1335.3515625,5.611955106209427,0.0016456939191155078,0.021614622072311216,0.07299354767822502,0.6270873986944367,0.33330933473566127,4.769451435493305,6.913906790375756,73187.70615557164,0.995358668755533,0.8460842028850405,1.2053262596535688,2.1821355833575793,0.019624066530889342,42362.781818181815,6.749651342891576e-20,4.229268217751986e-05,-0.05595812477073032,14.246790715922105,43.262652287259584,-34.1062171240016,0.324825586673235,0.019710114346128522,0.9911146031398698,0.017358417377812258,179.0,5.2869488607077075,0.0008727695888285493,0.048,0.018184463194646495
UoBBG_29.08.2024_20240828_205200.WAV,0.00026511143700761115,8.315440538088532e-09,1.84195163910556,7.649473171297507,4.0,43.02629833497983,-43.95310175174054,-45.676304943616906,1.7232031918763653,0.9615508136573807,8.84086047141519e-05,0.019677989919345218,0.015149317576452548,0.0038583106421350433,5.723139706295755,0.6109313510020175,297.0051970281212,0.17221062755791594,1.4160735406637865,0.04014270756172584,0.05684502602876407,0.6626436338972216,0.5196636847092817,2.302585079382891,8.241108947171227e-05,0.13697345876571948,0.12642188754478,0.12890688376536447,0.12964556208175734,1336.775390625,5.5091628079396795,0.0017002473086994473,0.02194984092082765,0.076012745514064,0.627452858489932,0.3333267346646482,5.415015177491476,6.99681051078708,75574.49881727381,0.9966954156864459,0.8170009424801797,1.2056971452871053,4.364271166715159,0.01898003345941228,42459.81818181818,-5.024600264477791e-19,4.039974250298046e-05,0.04755074384100517,2.986018851072879,43.063785970439945,-34.10610577434717,0.26106332279321265,0.019710367023583614,0.9958433418465337,0.016485647788983707,170.0,3.995862071201819,0.0,0.0,0.0
UoBBG_29.08.2024_20240828_205300.WAV,0.0002642347177734143,8.362849854887881e-09,1.88811785166966,8.05900796889239,6.0,43.00321389225083,-43.976186194469534,-45.6968483536889,1.7206621592193656,0.960999498830168,6.95666334442624e-05,0.013006827495708806,0.009867650241477954,0.0039796226704930104,14.799570372329155,1.470471121083519,296.69006592390593,0.15920480870707063,1.3787005690702252,0.0409512180332832,0.05645946760660642,0.596164096704979,0.5151777009085725,2.302584969468893,0.00027784492123803515,0.1367471632237416,0.12614093446394453,0.1283258873338246,0.1295127776161381,1335.40625,5.495877043482519,0.0016807368950635245,0.02153441652386965,0.07462746650703202,0.6280266305832706,0.33332640594126456,5.390707425887893,6.993351602542881,75453.41864155502,0.9966564932105737,0.8190864084515899,1.2045170688219482,5.4553389583939484,0.01600611604112113,42382.56363636364,-3.694014791025521e-19,4.014950136976617e-05,0.050113266789642084,2.9792994853417736,43.03680155998167,-34.10616331726185,0.237704529266189,0.019710236445340243,0.9959583128079655,0.01474010861132661,152.0,4.009270598840275,0.0,0.0,0.0
UoBBG_29.08.2024_20240828_205400.WAV,0.0002664782782644691,1.0609056774132048e-08,3.2113226564662396,22.21842751411915,6.0,43.19005121094783,-43.78934887577253,-45.701420289993216,1.9120714142206836,0.9483642241331055,5.9026170621812035e-05,0.150277712815295,0.14700679073766587,0.003482778800894093,6.877856395634097,0.0762879409134045,297.01445214734997,-0.010225706856031743,0.979755599591985,0.05805853888121003,0.056883178572994506,0.6108379880137479,0.5466491201379254,2.2683590152952084,0.126697548059043,0.13558335757928422,0.12650487368609442,0.12857242560118629,0.1296046470395694,1336.353515625,5.607924496336915,0.0017227884662011444,0.021962754633030365,0.07661658508123181,0.6287365688258107,0.33330963862839014,4.775823333117588,6.913876957871984,73180.04321605964,0.9953701557854792,0.8467769875537031,1.2048162583181474,0.0,0.012255570507225293,42345.145454545454,-2.3011895419503242e-19,4.199455394040382e-05,-0.06060797809215508,14.317239277664884,43.23192972612447,-34.10246402640721,0.31925524291744267,0.019718632755857526,0.9909236698362786,0.015709852598913887,162.0,5.545773145645038,0.0006788207913110938,0.03733333333333333,0.018184463194646495
UoBBG_29.08.2024_20240828_205500.WAV,0.0002664198817278929,1.0808830281697788e-08,3.347792509706998,23.721741024477467,6.0,43.199015952029136,-43.78038413469124,-45.7034188972596,1.9230347625683635,0.9470432349420002,6.822704868980622e-05,0.09931429872598252,0.0956162418579678,0.004164855171758575,10.2458884065389,1.0717373232750225,296.7403148707348,-0.022258484658911178,0.9564523356999322,0.05948827703570105,0.056897701517560906,0.7059602250498237,0.5326777689010611,2.2756955103287293,0.11238581859181043,0.13775741117899978,0.1270487828532635,0.1290229017735347,0.12976887547279603,1338.046875,5.6028068262723085,0.0017805620211424694,0.021894696178577755,0.07874778355358875,0.6275429337845233,0.33330720591311946,4.726956461768259,6.905554411581222,72972.13828969677,0.9952090639106189,0.849180283200781,1.2048903553220276,4.364271166715159,0.012255570507225293,42365.36363636363,-1.27675647831893e-19,4.196448277731555e-05,-0.04926837057625653,14.28819045967472,43.228818746946374,-34.11994903466747,0.3344868776786285,0.019678978365117852,0.9909354572716106,0.018328161365399536,189.0,5.2726786517749,0.0008727695888285493,0.048,0.018184463194646495
UoBBG_29.08.2024_20240828_205600.WAV,0.000264160763567315,8.310131871838176e-09,1.8914395760214555,8.118872068709942,5.0,42.998111812533075,-43.98128827418731,-45.70380614123178,1.7225178670444734,0.9612035842845562,6.920420962697182e-05,0.015337920845800213,0.011926941816579606,0.0032331701374176403,16.72096001103715,1.7764508251740119,296.94126771208056,0.16201922899919605,1.386689610563965,0.04079290303418222,0.05656709482224373,0.6055551407209276,0.5149442764397528,2.302584697807016,0.00047481650319785017,0.1360601946141661,0.12640089105119445,0.12874826539481923,0.12958816736979925,1336.18359375,5.4930199458290705,0.0016822522669964117,0.02199386105792356,0.07473402643064984,0.6279411814428667,0.3333264203651251,5.391749585591034,6.9946279676642575,75513.5239466754,0.9966629063973738,0.8189227315041854,1.2042287931110671,2.1821355833575793,0.014623339152361556,42410.07272727272,-2.0671595748276352e-19,4.011988506549907e-05,0.05077699241249013,2.976469070849874,43.033596801935694,-34.11984002674346,0.25477725270470586,0.01967922533786658,0.9958858960002681,0.016485647788983707,170.0,3.8689113739202305,0.0,0.0,0.0
UoBBG_29.08.2024_20240828_205700.WAV,0.00026668264857482993,1.0788219689184927e-08,3.3200418435735397,23.46635956673992,6.0,43.205355210627275,-43.7740448760931,-45.69582347399677,1.9217785979036677,0.9473229187802926,9.077101347132466e-05,0.08517461806380111,0.08154656713045894,0.004203763346419032,9.092590939462596,1.0971544021830635,296.97453206668183,-0.02047250022656175,0.9598764293559767,0.059136029713507544,0.056763281047690566,0.637504358456243,0.5360551384544799,2.2761052746976675,0.11181739986534059,0.13503378269162383,0.12586897988036,0.12887697287263308,0.1294589819125206,1334.8515625,5.611478247144351,0.0016549755722044418,0.0215723821528509,0.07366842719447139,0.6281320125539719,0.3333076477010792,4.735483244991211,6.907315202033645,73013.22270720146,0.9952406772305477,0.8484341181280912,1.2053125573251546,0.0,0.01818446319464649,42355.799999999996,2.4542657468607626e-19,4.2052051168555195e-05,-0.03769623220853789,14.106564242953318,43.237871841876554,-34.11961077017053,0.3141322704247642,0.019679744760917894,0.9908981953806856,0.014546159813809155,150.0,5.653782662417818,0.0006788207913110938,0.03733333333333333,0.018184463194646495
UoBBG_29.08.2024_20240828_205800.WAV,0.0002667905949613456,1.1160510599135976e-08,3.501060288566506,25.645775761512187,6.0,43.22808870633223,-43.751311380388145,-45.70691493159978,1.955603551211638,0.9451582684376905,0.00010903178557597482,0.28471754854626463,0.26322656718111015,0.0028756846160936655,7.679161121010639,0.5679437500463992,297.0007337852413,-0.04053304489697209,0.9220917680687681,0.06183997372097316,0.0570221307056983,0.6667362562140835,0.5398375820524297,2.256043573225038,0.14841941563938885,0.13656127759997413,0.12576799674454364,0.1289721438949602,0.12960995084133448,1336.408203125,5.643945506584127,0.001698921358258171,0.02206134601101513,0.07459194653249274,0.6274724679947801,0.3333033998168359,4.658959731803178,6.893680035774695,72635.08472450613,0.9949822711832123,0.851402373455382,1.205347033032547,5.4553389583939484,0.017957157404713413,42327.2,6.680262403852504e-20,4.214807053186222e-05,-0.03851249455091504,13.999830692899746,43.24777698141187,-34.119552895755795,0.34917320603029367,0.01967987588824648,0.9904295469269904,0.017552366175329712,181.0,5.4906287402696075,0.0014546159813809156,0.04,0.03636892638929299
UoBBG_29.08.2024_20240828_205900.WAV,0.00026399922155182507,8.263512749987314e-09,1.8602850936199,7.850103526079984,5.0,42.9907679604047,-43.98863212631567,-45.70338637248041,1.7147542461647376,0.9614370571013009,6.580665692090815e-05,0.01229453405427161,0.009563651365703252,0.0034309531717149344,5.3117192285212615,0.23904280236692363,296.84198623436384,0.16841624450442427,1.4050493853239303,0.040264630470212386,0.05657379429246711,0.6189629845782488,0.5144376301665605,2.3025850646055654,0.00012743641263064377,0.13569650535027317,0.12588097787669458,0.1281890223398113,0.12935915678644166,1333.822265625,5.488164804980361,0.001650808299389002,0.02136907707015532,0.07381050709262851,0.6260223184401797,0.3333266085645168,5.405550360559694,6.996094717625195,75553.99435265474,0.9966832575644189,0.817804292550763,1.2049221901929714,2.1821355833575793,0.011043272960915528,42400.67272727272,3.29786702996609e-19,4.0021599813325116e-05,0.051391263363961694,2.9814889826135977,43.02294445025137,-34.13303677735931,0.25791221237435025,0.019649348761818626,0.9958312669021651,0.013188518231186967,136.0,4.218851827499833,0.0,0.0,0.0
UoBBG_29.08.2024_20240828_210000.WAV,0.00026683978387830764,1.1051443741008878e-08,3.5313613875850858,26.07347592256901,5.0,43.223718222865344,-43.75568186385503,-45.69506165720093,1.9393797933458998,0.9455846828862906,6.263527480754316e-05,0.10997607855640967,0.10658623435973957,0.0035910923612009205,6.189550774336031,0.8081050726621608,297.03660825573786,-0.038396258445411266,0.9260470015504592,0.06127772419009099,0.0567460527480698,0.5892578272170605,0.5369009203580126,2.2829057462006173,0.09517104633115867,0.13572883328484142,0.12656886299987902,0.12951688469894684,0.12973648439773056,1337.712890625,5.612885578127212,0.0017718486325283677,0.02228957089538676,0.07821498393549953,0.6299695718467122,0.3333033738439325,4.658526076744065,6.896346188512645,72767.50336106565,0.9949943791492026,0.8527289461758886,1.2050985061149024,1.0910677916787896,0.014566512704878284,42318.07272727272,-3.968837043522695e-19,4.2263986998829514e-05,-0.0562852491739446,13.917986476575978,43.25970464082029,-34.106211767509805,0.33100950124629946,0.01971012650114117,0.9907775926759449,0.015321955003878975,158.0,5.65253998878866,0.0014546159813809156,0.04,0.03636892638929299
UoBBG_29.08.2024_20240828_210100.WAV,0.00026427015581807165,8.372040312337288e-09,1.9701547444053167,8.874437216740336,6.0,43.00476451132604,-43.97463557539432,-45.690942888450365,1.716307313056042,0.9607803746080784,7.052684826303057e-05,0.012380841466871906,0.009323534411634804,0.004096413311665326,13.124022281849207,1.548114696419124,296.7511098271451,0.15390774085184697,1.3638084125880114,0.04142524647908032,0.056496099641701644,0.6123358976328307,0.5154392375655217,2.3025849658994644,0.00028156097800966504,0.13749070571881164,0.12608194431529934,0.12841562001201873,0.12958381067549218,1336.138671875,5.4783105136956,0.0016754330932984194,0.02190072103099447,0.0748405863542677,0.6268443857426788,0.33332590839887316,5.356027205781847,6.9919640705940465,75457.1813822747,0.9966158694868062,0.8207140817045088,1.2033236923100439,1.0910677916787896,0.010740198574338085,42360.854545454546,2.5832660926197655e-19,4.022886741684728e-05,0.047489799419178434,2.962828747519388,43.0453780583655,-34.1063669415506,0.2245739065186072,0.01970977438146418,0.9962063045188773,0.011927851047323506,123.0,3.934217843443375,0.0,0.0,0.0
UoBBG_29.08.2024_20240828_210200.WAV,0.0002647398549171545,8.465292767178314e-09,1.974192033021066,8.945263554719872,6.0,43.02369890080003,-43.95570118592034,-45.67699261939577,1.7212914334754288,0.9604989201042474,8.179317382883688e-05,0.018074452344631897,0.01386011687505495,0.004106749313747882,11.437351571991474,1.1817053903380195,296.73701851423994,0.1532947584494051,1.3620971051712687,0.04162785717767405,0.05670118375619285,0.6008674292348128,0.5172862974017906,2.302584925167897,0.00031605362672149084,0.13531665211909613,0.12664485030999822,0.12917608179994688,0.12958400009698381,1336.140625,5.492536015583591,0.001658574580545049,0.021662828134751403,0.07391706701624637,0.6275607057361593,0.3333257831692716,5.347664488120926,6.990201002490826,75378.416630744,0.9966014693671736,0.8198531718433916,1.203322513412969,1.0910677916787896,0.0135815209485016,42333.50909090909,3.4361718016416956e-19,4.0386127006918704e-05,0.04706447929044046,2.9719159836373876,43.06232206718561,-34.09286794369227,0.24232152049832933,0.0197404297395186,0.9960266041295515,0.014061287820015516,145.0,3.924959183471092,0.0,0.0,0.0
UoBBG_29.08.2024_20240828_210300.WAV,0.0002668768491517847,1.0921369987431908e-08,3.400843606544119,24.18741770069041,6.0,43.21789108309788,-43.76150900362248,-45.682141363156234,1.920632359533755,0.9465343972327848,9.244520480000684e-05,0.12493380229594553,0.12140674204771207,0.004044311996763916,7.897034665013378,0.814078070714746,297.0689158295271,-0.0307809796341234,0.9402763918964645,0.060348338362621726,0.05674411785255295,0.623910171603064,0.537139942909549,2.26850288332368,0.12613323247705727,0.13593088287589306,0.1259049738693638,0.12845006285819427,0.12955047249296867,1335.794921875,5.61178154499732,0.0017188106148773154,0.021693357307150486,0.07629690531037828,0.6268717826062581,0.33330652496272667,4.7140920472385925,6.902350426461336,72897.93723839748,0.9951503722473961,0.8505050017261762,1.204815641375717,2.1821355833575793,0.01373305814179032,42308.65454545454,2.986668151851463e-19,4.209691650254816e-05,-0.04822628347210586,13.185647854212991,43.24250285978859,-34.11612225722581,0.33236039550629215,0.019687650322191642,0.9909785899670642,0.0160977501939488,166.0,5.442548946808649,0.0005818463925523662,0.032,0.018184463194646495
UoBBG_29.08.2024_20240828_210400.WAV,0.00026501492180424567,8.84848412225707e-09,2.2918246948487533,12.259218546658358,5.0,43.05284279808514,-43.92655728863524,-45.67698380855462,1.7504265199193796,0.9581587134470798,6.749589490095964e-05,0.012238886811477445,0.009484174946708501,0.0036204335202126847,6.2440058037360355,0.5998885718577402,297.00782780591777,0.11506393630866762,1.2600502816637433,0.0448586177433723,0.056524113922582456,0.6130906035236887,0.5208934827415723,2.3022905072291,0.01179904694528915,0.13666634338732098,0.12676183077426068,0.12833948319415706,0.12959062984919018,1336.208984375,5.504450623754737,0.0016636889608185434,0.02195436207311207,0.07416570683802134,0.6286314713955624,0.33332304485008774,5.192936565564008,6.9754826643160674,74976.7538948747,0.9963655087480967,0.8268037614829412,1.2046467031603092,2.1821355833575793,0.012861719280380176,42248.781818181815,-4.890868854693398e-19,4.072016629178449e-05,0.04891415592080752,3.0809494884425144,43.09809542891004,-34.08918956733348,0.26540053451469703,0.019748791359410142,0.9956309594349994,0.01726144297905353,178.0,4.107244459761581,0.0003878975950349108,0.021333333333333333,0.018184463194646495
UoBBG_29.08.2024_20240828_210500.WAV,0.0002669226628879321,1.1269793311557068e-08,3.573911120193661,26.240464697888612,6.0,43.237560382095054,-43.74183970462531,-45.67111434710935,1.9292746424840388,0.9444611487717048,6.365472336389288e-05,0.19601616597514726,0.19221507867625187,0.0038835835159458654,11.87026122654973,1.6875722321922197,296.8739543324366,-0.05217335449272664,0.900827455342888,0.0629953172731234,0.056747911357665624,0.5886028236346942,0.5397549363571988,2.257947560691254,0.14374667144225378,0.1384282158212912,0.1261089398070522,0.12824340578114107,0.12907786587139947,1330.921875,5.60940319088305,0.0017282816894578605,0.02172283866652453,0.07611930543768186,0.6276914625520962,0.33330245590060065,4.643436342245816,6.889290072135758,72543.23445237125,0.9949010152315395,0.8543413433436153,1.2040805558826944,0.0,0.013486810202696148,42204.81818181818,3.510239237328099e-19,4.229716054900082e-05,-0.03643097507071129,12.929713235076393,43.26311213727496,-34.092701800576314,0.3374859538329389,0.019740807336749454,0.9902182729786868,0.018425135764158263,190.0,5.440619375116793,0.0016485647788983709,0.04533333333333333,0.03636892638929299
UoBBG_29.08.2024_20240828_210600.WAV,0.0002634242405109162,8.383981998777205e-09,1.973986519489806,8.934015915507834,5.0,42.980573182782706,-43.99882690393766,-45.72164395421876,1.722817050281101,0.9604902698731455,7.541557503210061e-05,0.014848730844989166,0.011416817461618156,0.003546352036873035,7.743693008590371,1.1528287000630097,296.7458761164634,0.15289280649059736,1.3609762912228187,0.04145042435890328,0.05641304481359217,0.6396492586952619,0.512650680313788,2.3025850542327624,0.00015729427058541745,0.13535706203730644,0.12624191759976083,0.1288117127430373,0.1296186642299486,1336.498046875,5.489727608771391,0.0017697649961206478,0.021870237314768563,0.07892538342628515,0.6277177637375178,0.333325808148099,5.349321421550722,6.99014696145823,75374.38137951016,0.9966012873847229,0.820276193815772,1.204790027485722,0.0,0.012748066385413637,42319.799999999996,-9.487360392251337e-20,3.9976004288393335e-05,0.056901950834543004,2.9655332641092897,43.0179938302312,-34.13342932608674,0.2354013116101754,0.019648460752313787,0.996138928340373,0.013576415826221877,140.0,3.8533806281609815,0.0,0.0,0.0
UoBBG_29.08.2024_20240828_210700.WAV,0.0002663154391257553,1.0544689373522888e-08,3.253492368138156,22.821686969770756,6.0,43.182002361491186,-43.79739772522918,-45.69201288719672,1.8946151619675362,0.9484932352905333,6.426769771394891e-05,0.10954967482648381,0.10622648982222715,0.00391800607743964,6.936773947665034,0.5147824674702322,297.02550768823414,-0.008753292216712378,0.9826453260985603,0.05777279390538259,0.05677016590677959,0.6375244579691043,0.5401046533174774,2.2767618987735196,0.11079501767493198,0.139276824103708,0.12616393062358586,0.12887606648194425,0.1298861273761032,1339.255859375,5.587724411750347,0.001813521360682766,0.02205960424820201,0.08016858253516004,0.6265416183990993,0.33330918063215215,4.7662510226501205,6.914672369472109,73243.75197677224,0.9953518189223085,0.847482495569674,1.2040156075405803,2.1821355833575793,0.01189566967316458,42321.30909090909,3.1073628518770005e-19,4.1971621564165977e-05,-0.03200566848680681,12.603459256556471,43.22955748405322,-34.1062346402368,0.30700133200560487,0.019710074598138984,0.9913051263904544,0.014449185415050426,149.0,5.544548505469819,0.0006788207913110938,0.03733333333333333,0.018184463194646495
UoBBG_29.08.2024_20240828_210800.WAV,0.00026409974891396226,8.32979993856901e-09,1.8992393648744499,8.203362467670361,7.0,42.99741304786177,-43.981987038858605,-45.697950391925175,1.71596335306657,0.9610844279481401,9.736947050076328e-05,0.022796482372915983,0.01716975805381149,0.0041184804331836355,12.488550133794815,1.4788800605521084,296.7076163866992,0.16464734032532496,1.394198398528943,0.04054264249913569,0.056524487244426436,0.6448675319023447,0.5154729615497434,2.30258505186372,0.00015002455763486467,0.1373290660459703,0.12606494715382532,0.12886156423092296,0.12932335612452722,1333.453125,5.499701890501505,0.0016563015226457184,0.02172881807904786,0.07388154704170709,0.625573271676226,0.3333263417765315,5.386097509709223,6.993880546937811,75485.08807371136,0.9966548164086465,0.8179343667410295,1.2049740411506753,3.273203375036369,0.01522948792551644,42386.69090909091,-3.141426512859818e-20,4.0111951361127914e-05,0.0539446169397778,2.978012047543852,43.03273789998501,-34.106408103049574,0.2413727755386148,0.019709680979179613,0.9959225047728043,0.015612878200155158,161.0,3.9799680614705597,0.0,0.0,0.0
UoBBG_29.08.2024_20240828_210900.WAV,0.00026732711107459655,1.1301612129153558e-08,3.582636640097087,26.361075190878285,7.0,43.25058769303769,-43.728812393682695,-45.66539683307704,1.9365844393943448,0.9444461830164014,0.00010877959949795457,0.20299941176838132,0.1986131172157618,0.004042338892710107,7.8296483614858134,1.1747044260323338,296.9257869795348,-0.05363483851779801,0.8981908407788625,0.06334080851545719,0.056892134056111425,0.6002115636737716,0.5463634675629714,2.2522850862269594,0.1531670054496816,0.13862218342870075,0.12602895316482146,0.12889963263985385,0.12954024373242168,1335.689453125,5.6250677218875325,0.001769575574629037,0.022114389740064973,0.07839258380819593,0.6263875104683732,0.33330227375120053,4.640495452607294,6.889193232715347,72547.38950095365,0.994894246719731,0.8550422328810836,1.204783326755681,2.1821355833575793,0.016081884637765494,42138.6,-3.9686267740104554e-19,4.243518195083023e-05,-0.04348686793867587,13.731188196457689,43.277260686564716,-34.052566168334735,0.3127375984527845,0.019832236446033824,0.9911060728361542,0.015806826997672614,163.0,5.435788755783878,0.0006788207913110938,0.03733333333333333,0.018184463194646495
UoBBG_29.08.2024_20240828_211000.WAV,0.0002645825812466473,8.45079509163234e-09,1.9320717483129042,8.528363042308676,5.0,43.01829142689393,-43.96110865982644,-45.68014975324475,1.719041093418312,0.9606172946154776,8.591278168423866e-05,0.017838996404191176,0.013718658954489982,0.004275278700574314,5.914481393568122,0.5908936895484507,296.9272395508847,0.15537720645922729,1.3679209409158024,0.04127585403938182,0.0564621050946545,0.6800111914932804,0.5181527687281604,2.30258503922422,0.00018366648480885316,0.13626224420521774,0.1262139222749801,0.12795154797933794,0.12917447083212102,1331.91796875,5.494061744952889,0.0016561121011541072,0.021764021164021163,0.07377498711808923,0.628665042345827,0.33332604966167034,5.365631592457531,6.9909502071477805,75377.23819273013,0.9966226912192184,0.8186528955028737,1.2043283473787527,0.0,0.014452859809911746,42404.96363636363,-2.958912576235834e-19,4.031388383138406e-05,0.05046959790052382,2.9754419488199324,43.05454640010821,-34.09258880828837,0.23874939015716734,0.019741064141013405,0.9959528700511199,0.015321955003878975,158.0,3.9779079648713935,0.0,0.0,0.0
UoBBG_29.08.2024_20240828_211100.WAV,0.00026655809278494793,1.045469189119988e-08,3.1592184090063946,21.610821868320127,6.0,43.18409720068406,-43.79530288603632,-45.68904481407201,1.8937419280356949,0.9492334722619217,7.6985921468542e-05,0.15182575872331272,0.14877156013184434,0.003320892796035757,8.91886040374607,0.7446093001077344,296.85066924872103,-0.003210392303559306,0.9935997626655608,0.05721744017913136,0.05685123498231584,0.7067750073521535,0.5451335707464637,2.2699971963390526,0.12369239473960754,0.13711085248763458,0.12565201611330906,0.12891685406294157,0.12933453199253225,1333.568359375,5.602777098236414,0.0017328278052565222,0.021933698567362218,0.07682970492846751,0.6267060414911318,0.3333109297383527,4.8038384165523915,6.919343126693452,73354.65145497846,0.9954558704635895,0.8464641697504648,1.2054063737740357,0.0,0.010323471292794102,42444.98181818182,-1.528343949713627e-19,4.188956891039162e-05,-0.02068171529001353,12.540873288730989,43.221058910176666,-34.106248796905795,0.3046647592824314,0.01971004247376413,0.9914212689490733,0.015031031807602792,155.0,5.44522284032562,0.0010667183863460048,0.029333333333333333,0.03636892638929299
UoBBG_29.08.2024_20240828_211200.WAV,0.0002645938709794695,8.514686493787184e-09,2.0024549292520777,9.209934263712316,6.0,43.022157193407736,-43.95724289331263,-45.677162793758015,1.7199199004453831,0.9601777454059766,7.431985071448821e-05,0.015479053178154456,0.012194489446596846,0.0038966783957591344,5.342940532917961,0.4232561443921514,296.9779191291227,0.14648895078387117,1.3432619903829195,0.04206394161913372,0.05650289394266848,0.6398579599135406,0.5179800159058912,2.3025850745073813,9.145649209383322e-05,0.13564801344842078,0.12624791659792814,0.1289476713463618,0.12965427547037145,1336.865234375,5.489212335752514,0.0016983530937833384,0.021656938354571626,0.07565754576867119,0.6284748910391583,0.3333255628410404,5.333282374380424,6.988185095697878,75309.66627431741,0.9965770626395465,0.8205866965684533,1.203988952413376,2.1821355833575793,0.01365728954514596,42324.58181818182,3.897135139848987e-19,4.033145232863647e-05,0.04856311235387445,2.97616381437195,43.056438611585286,-34.10228683364403,0.24842773751078084,0.01971903502146403,0.9959527063948679,0.015612878200155158,161.0,3.973407053235578,0.0,0.0,0.0
UoBBG_29.08.2024_20240828_211300.WAV,0.0002657893919760608,1.0319432002221188e-08,3.102803816815877,21.021793084278233,6.0,43.15498883832821,-43.82441124839217,-45.70980352075959,1.885392272367426,0.9497408961283015,7.109062938948085e-05,0.1104947403253479,0.10709930294131442,0.0033812854667731873,6.942677926000722,0.8476848213234942,296.7788571461617,0.006234674929280328,1.0125475799406396,0.05600241609200982,0.05670511088479328,0.6227219903449502,0.5339231359947618,2.280881877787953,0.10041074875467668,0.13721591827498142,0.12647387886223002,0.12917154984650273,0.1297612986131316,1337.96875,5.58470735467022,0.001735290284647464,0.022119573423078055,0.07693626485208535,0.6299217501761132,0.3333118282526703,4.824304526086002,6.922538976575525,73429.62057663852,0.9955157036011939,0.8439961519938403,1.204314695210347,1.0910677916787896,0.013941421782562313,42358.96363636363,3.987340760599781e-19,4.1676506237967804e-05,-0.02935723342842709,12.37934009903071,43.19891304697207,-34.10234930820511,0.2908796291164677,0.019718893189863727,0.9916692297576624,0.015418929402637704,159.0,5.431252893792047,0.0008727695888285493,0.048,0.018184463194646495
UoBBG_29.08.2024_20240828_211400.WAV,0.0002639022289672395,8.276694845266503e-09,1.879298594557359,8.030970703489766,6.0,42.9886494019955,-43.99075068472487,-45.70121566031668,1.7104649755918047,0.9613083074106292,8.230357199323635e-05,0.01824723379769233,0.01409091350821512,0.003779687956468547,8.615997210965396,0.9208659243524472,296.707851065279,0.1663649014257385,1.3991312307033783,0.0402828405394953,0.056360980260252,0.609687328071887,0.5134084881022302,2.302585061722649,0.00011868285361362751,0.13469433937865707,0.1258239873941052,0.12840021137030863,0.12917466025361266,1331.919921875,5.489201173325507,0.0016926704490350113,0.021495965715921557,0.07579962566682832,0.6275489462846883,0.33332647978836966,5.396066118971986,6.995285351705966,75533.0738737289,0.9966710208751575,0.8174890449556427,1.2045989480267043,1.0910677916787896,0.016384959024342935,42417.67272727272,1.8234572101419237e-19,4.007197373438795e-05,0.05120810809122589,2.9737819232148426,43.028407340184984,-34.13295910724753,0.25800803473794787,0.01964952446908662,0.9958542335919488,0.015806826997672614,163.0,3.9934425304676435,0.0,0.0,0.0
UoBBG_29.08.2024_20240828_211500.WAV,0.0002663391670206528,1.0825596007163686e-08,3.3652145023235462,23.941208912359826,7.0,43.19762261529867,-43.78177747142171,-45.680525565326974,1.8987480939052617,0.9468961270452037,9.269751314389119e-05,0.09036814645015767,0.08684316051197993,0.003759966662311154,7.218105895047979,0.9095345132361001,297.0106767555121,-0.023909268587930563,0.9532980717697697,0.05941247258832287,0.05663779555752249,0.6390746714364707,0.5386870682115932,2.2855894438130817,0.08889700898110586,0.14027899007532407,0.12638189422366464,0.12846456510921553,0.12957206654301232,1336.017578125,5.592580043127663,0.0017536641693337214,0.021807354300717816,0.07754010441925316,0.6263311191461525,0.33330698735179526,4.722791254618199,6.904626080113668,72947.23453245494,0.9951880308823746,0.8486751371514122,1.2047072951631268,1.0910677916787896,0.015835636698671322,41977.43636363636,2.7242518005764256e-19,4.236639321788985e-05,-0.04792500212971359,11.906760413168175,43.27021492742021,-34.06240320046214,0.3244418478431186,0.019809788553642505,0.9918498804160382,0.018328161365399536,189.0,5.035450477835494,0.0007757951900698216,0.042666666666666665,0.018184463194646495
UoBBG_29.08.2024_20240828_211600.WAV,0.00026439345811033225,8.872411927081935e-09,2.2543776305153114,11.848228004849625,6.0,43.0360561803183,-43.94334390640208,-45.67276600995754,1.7294221035554642,0.9579598482008631,9.8567738775035e-05,0.019816730251489445,0.015067170593075385,0.0036963485687954156,10.849715122738289,1.2651504486902694,296.9277746193562,0.11553679229542209,1.2612585606478113,0.04458450786834744,0.056232592221222906,0.628784852034664,0.5196169089084441,2.3025848687805057,0.00034734779304628204,0.1378220670481363,0.12566501394267157,0.12884887476127938,0.12944060802783436,1334.662109375,5.497418873013436,0.0016837676389292989,0.021846471577833947,0.07480506637972842,0.6263963387778844,0.33332322595343905,5.201816214834099,6.974245414369032,74890.73993036071,0.9963719967165571,0.8246633506190566,1.2042402045785772,4.364271166715159,0.01924522354766754,41987.05454545454,-1.3545561978475867e-19,4.074288631325424e-05,0.05653717791872594,2.976898291855508,43.100517921044414,-34.089086021235794,0.27589737970392036,0.019749026789809717,0.9957677945151775,0.017067494181536073,176.0,4.0063912220934474,0.0,0.0,0.0
UoBBG_29.08.2024_20240828_211700.WAV,0.0002660503430580596,1.0813903426540738e-08,3.345238705837965,23.458755652230252,6.0,43.18882503287491,-43.79057505384546,-45.69495492552369,1.9043798716782305,0.9468742973958885,6.540652109676692e-05,0.1580959453595634,0.15357476376773094,0.0033960242429755816,8.830535455237024,0.4959655513580743,296.92545162302486,-0.026038910619944067,0.9492438145367975,0.05965542621046039,0.05662754433383587,0.6375311497119506,0.5353404174153014,2.2725145387964742,0.11912745076301015,0.13766850935893707,0.1266538488072492,0.12825518886009588,0.1294756510037824,1335.0234375,5.592487708812984,0.0017284711109494715,0.02182207386973012,0.07626138533583898,0.6292690731992697,0.33330768064566707,4.7361249604288185,6.904500121191112,72933.35831706463,0.9952077605989705,0.8498010650748843,1.2049958383158006,1.0910677916787896,0.013240562263601978,42034.163636363635,3.486268512932783e-19,4.212225608318044e-05,-0.04099408688949588,11.22840784609813,43.24511624105001,-34.07749880726821,0.3159138702501849,0.019775390625,0.9916005373618878,0.016970519782777346,175.0,5.237769758394027,0.0008727695888285493,0.024,0.03636892638929299
UoBBG_29.08.2024_20240828_211800.WAV,0.0002635440018928705,8.28599612575921e-09,1.8840867645320134,8.060381481783105,5.0,42.97862534001116,-44.00077474670921,-45.726500407105675,1.7257256603964635,0.9611570262100975,7.45134810753445e-05,0.01334563630390917,0.010342288812133615,0.003708447164230355,5.403993669417318,0.23181458255701368,296.9093290606756,0.16656976237279664,1.399720948083249,0.04018001968283087,0.056240815244455636,0.6072783530514565,0.513268544603712,2.302585019193344,0.0002062244359573029,0.13477515921507774,0.12644888303653287,0.12976704852906387,0.12983479415187665,1338.7265625,5.502549821467351,0.0017430565658035106,0.02174138353414669,0.07796634411372454,0.6282330906260253,0.3333264301248577,5.392455984652514,6.994337802729349,75494.08766286897,0.99666345557712,0.8178695324250098,1.2045412765225723,1.0910677916787896,0.014850644942294636,42403.69090909091,-4.160497703929102e-19,3.994667586602127e-05,0.05559730871781476,2.9767127983523003,43.01480645649793,-34.133212557095604,0.24891980464110475,0.019648951114307752,0.9958463630653734,0.014643134212567882,151.0,4.038736704612555,0.0,0.0,0.0
UoBBG_29.08.2024_20240828_211900.WAV,0.0002664441697349839,1.0423015253074406e-08,3.198856741274114,21.899032463931736,5.0,43.17917121834341,-43.80022886837696,-45.70139535941853,1.9011664910415647,0.9492087513340985,7.355269218711769e-05,0.1627750905718861,0.1589904160602149,0.004117138767992579,6.396259608270864,0.5992752534792715,297.1034153375262,-0.003985549439743807,0.9920605442140719,0.05718203924307787,0.05672804497075824,0.6206802111602204,0.5365873128555539,2.269450002193277,0.12398774536464181,0.13728865612776,0.12622292077223102,0.1285488594432767,0.12973118059596547,1337.658203125,5.625282183823868,0.0017390787144796818,0.02210957432751106,0.07736250454655674,0.6271463119675528,0.33331085193243404,4.80210496431428,6.9191810487512715,73389.42525374772,0.9954402242999785,0.8486783951050265,1.2058125523669108,1.0910677916787896,0.018752727669479198,42458.98181818182,3.701058819685548e-19,4.1750328444161135e-05,-0.02622946810146574,11.217702332545988,43.2065989636874,-34.092809186700386,0.30153805946457624,0.019740563277042274,0.9914105728190793,0.01474010861132661,152.0,5.518944519216849,0.0006788207913110938,0.03733333333333333,0.018184463194646495
UoBBG_29.08.2024_20240828_212000.WAV,0.0002637465576328348,8.273975297423588e-09,1.8695313894144507,7.899950784511829,5.0,42.983917174954414,-43.99548291176596,-45.725649687739356,1.7301667759733945,0.9612949230125406,7.404309304459566e-05,0.01831675848682135,0.014679741749241026,0.0036719475350087682,6.357528312223452,0.5985450128720745,297.1543653797801,0.16752453937263045,1.402473219442122,0.040015440296952566,0.05612058338066109,0.6032394223890511,0.5159593980776731,2.302584566299239,0.0005548820675212341,0.1354621278246533,0.1262329191025099,0.1286458432469815,0.12962112670933953,1336.5234375,5.533396998123477,0.0017415411938706236,0.02170202995307162,0.07782426421556742,0.6277016694452138,0.33332654723781513,5.401011263628251,6.995203950726276,75523.64272088061,0.9966751430094137,0.8180407325587452,1.2055621048059688,2.1821355833575793,0.026253818737270875,42418.27272727273,3.7474232471343825e-19,3.999300651100026e-05,0.056900255058913315,3.030451624200702,43.01984053847374,-34.11986624413396,0.2474891100226344,0.019679165938406278,0.9954166639069374,0.015321955003878975,158.0,4.24543402827095,0.0005818463925523662,0.032,0.018184463194646495
UoBBG_29.08.2024_20240828_212100.WAV,0.0002665812204569697,1.0328424971224208e-08,3.1016975354081335,20.876885807550103,7.0,43.17802212460915,-43.80137796211122,-45.681930619074514,1.880552656963296,0.9499663545354051,0.00011176474711838136,0.0721523972080006,0.06766871225871929,0.004098957253956259,14.149132266005356,1.5696190832911279,297.1500293044604,0.0064424585811149035,1.0129684659670832,0.0559591840899243,0.056684888864340234,0.6566143494461399,0.5349911769763172,2.2880464853044646,0.08283990714041405,0.1375715255552323,0.1263858935557762,0.1282588144228512,0.12944742720153235,1334.732421875,5.618252280944377,0.0016871772257782951,0.021564956746731697,0.07512474615058196,0.6275501380588432,0.33331228926371237,4.835139738540842,6.923955835039806,73491.58368754422,0.9955359801983958,0.8452136209791346,1.2058205114619724,5.4553389583939484,0.024549025312772768,42365.90909090909,4.491461916194254e-19,4.183255283434386e-05,-0.02505680013914569,10.928870557251306,43.215143682392345,-34.10598080218941,0.32600652370223315,0.019710650617426093,0.9917304214391972,0.016970519782777346,175.0,5.217390303214123,0.0005818463925523662,0.032,0.018184463194646495
UoBBG_29.08.2024_20240828_212200.WAV,0.0002644964477568548,8.904258393891987e-09,2.3241558659430837,12.650165316876606,5.0,43.0408122194845,-43.938587867235874,-45.69749133239818,1.7589034651623052,0.9576852056526818,8.053328212043187e-05,0.017413680739374993,0.01345275682298952,0.004371264776398598,6.641288780365332,0.45586588369401365,297.1411575144281,0.11169056390541109,1.2514676966541152,0.0449587237326387,0.05626439043419405,0.6317751719200203,0.521462462322507,2.3025842491692776,0.0006655804132444487,0.13998803866420975,0.1266968416274482,0.12913529421894956,0.1298829072107458,1339.22265625,5.550174716395673,0.0018642863204344877,0.022063110299193774,0.0822642610329777,0.6284991477779085,0.33332256982463415,5.170368340217046,6.972509448211869,74870.74792598808,0.9963273505820328,0.8275017855368771,1.2055081270558894,3.273203375036369,0.028034380758413347,42025.836363636365,3.4644004836598637e-19,4.078373890432245e-05,0.05780134092883846,3.042458477604429,43.10487037800188,-34.07927391701906,0.2752971623852005,0.01977134908618349,0.9951864761162567,0.01726144297905353,178.0,4.247143235907006,0.0004848719937936385,0.026666666666666665,0.018184463194646495
UoBBG_29.08.2024_20240828_212300.WAV,0.00026668144009096644,1.0228827863911935e-08,3.0955039468696595,20.698619900191588,5.0,43.17555879840225,-43.80384128831813,-45.70168625068136,1.89784496236323,0.9504505210601764,7.628339286369634e-05,0.15743450065548092,0.15314179443628007,0.0039029939926437107,5.175055389738469,0.19227080716485836,297.1131056852232,0.009813193793824133,1.019820893860266,0.05576060927959154,0.05686583439770608,0.6420551505387323,0.5361186306093939,2.271217991678071,0.12107928665322838,0.1387030032651214,0.12683481858529624,0.12782646606427941,0.12961525464309961,1336.462890625,5.640390297399453,0.0017233567306759773,0.021834671014186888,0.07661658508123181,0.6282715159173724,0.3333128633418496,4.848969142830473,6.926995881937214,73616.11258736315,0.9955747130386409,0.8472803713659259,1.2060262985081638,6.546406750072738,0.025022579041800018,42492.67272727272,9.186674989748691e-20,4.1712661116721016e-05,-0.025486748111966568,10.98318728509555,43.20267897144845,-34.11591986267005,0.33036752546451,0.019688109079996744,0.9913883573287411,0.017358417377812258,179.0,5.327291172516393,0.0010667183863460048,0.029333333333333333,0.03636892638929299
UoBBG_29.08.2024_20240828_212400.WAV,0.00026464956697855107,8.29961140495818e-09,1.9067178932195203,8.230033382481812,5.0,43.01188019205257,-43.967519894667795,-45.69656442466895,1.729044530001154,0.9613400959988416,7.531631489132717e-05,0.013266350297002738,0.0102898885427255,0.003928699415261305,4.56385920978153,0.2513972227902353,297.0934298200417,0.16104688806223957,1.3839234535771938,0.040812801394971975,0.05648179305668973,0.6637191040221484,0.5189397080818524,2.3025849338880033,0.0003045356194791182,0.13826657614844987,0.12640689004936176,0.12877183155272884,0.12973250654640675,1337.671875,5.533786380487797,0.0018097329308505482,0.022040890824831388,0.08038170238239573,0.6288982162506936,0.3333263905436113,5.389597299154031,6.9954800839295554,75568.87071620779,0.996663960574762,0.8219700693590396,1.2060933589374758,2.1821355833575793,0.02475738895354476,42464.090909090904,3.373353784860111e-19,4.028682491449196e-05,0.05225738004880694,2.9975843622603158,43.05163041117539,-34.133226193146726,0.27349011603092066,0.019648920267278498,0.9956165747704746,0.01764934057408844,182.0,4.063090296168462,0.0002909231962761831,0.016,0.018184463194646495
UoBBG_29.08.2024_20240828_212500.WAV,0.00026638094124454615,1.0275266467091233e-08,3.076492464645642,20.529039061294938,5.0,43.16948194938448,-43.809918137335885,-45.70290821365183,1.8929900763159466,0.950193263154052,6.980573335901852e-05,0.147628540664567,0.14397614940291725,0.0038896627482123414,12.18067099001016,1.2510194793003593,297.0260272742981,0.005081721366269456,1.0102153543168348,0.056090879442060995,0.05666386764950451,0.6057045370260968,0.5452849577652559,2.2741576827846,0.11564214789652479,0.13985064494229463,0.12645788153378384,0.1285697064291198,0.12971640571961982,1337.505859375,5.608341483973476,0.0017460873096692853,0.02192298353845229,0.07768218431741028,0.6278026801731084,0.33331274151581375,4.846002240097053,6.925386639562059,73532.56712666208,0.9955660703021656,0.8461080064226322,1.205482081033944,2.1821355833575793,0.019548297934244983,42427.98181818182,3.204086827507223e-19,4.170291207868333e-05,-0.02170972300179073,10.884666006672903,43.201663824448744,-34.129284257666306,0.3091621853630002,0.019657839601690118,0.9918960860382793,0.015806826997672614,163.0,5.301315186483899,0.0007757951900698216,0.042666666666666665,0.018184463194646495
UoBBG_29.08.2024_20240828_212600.WAV,0.0002644802825954923,8.448065809419488e-09,1.9840365503156059,9.016416165383392,5.0,43.01514320023354,-43.96425688648684,-45.70072001017539,1.7364631236885515,0.9604751988391683,8.74853729829761e-05,0.024113331004135263,0.018866552409881443,0.0036719138303146215,5.572898119592381,0.4847174935390457,297.376781257464,0.15095852242522576,1.3555975212340106,0.04148203428341173,0.05623294285033719,0.6244652614974309,0.5214575411295888,2.3025847604073317,0.0004191695607147494,0.1354378818737271,0.12688680990274623,0.12838298994722086,0.12969878952090003,1337.32421875,5.5521905312425925,0.0016885031762195715,0.021866204686159213,0.07540890594689621,0.6258679809418767,0.33332574402566756,5.345078949337469,6.9900509731261895,75381.34733444738,0.9965974120542427,0.8218296898735709,1.2064521218233546,6.546406750072738,0.02636747163223742,42340.92727272727,-3.141216243347578e-19,4.032285029494698e-05,0.05785922547188646,3.0236205466457218,43.05551223427939,-34.119271776533544,0.283226299520436,0.01968051283865264,0.9952993483274888,0.017843289371605897,184.0,4.212046377462498,0.0010667183863460048,0.019555555555555555,0.05455338958393949
UoBBG_29.08.2024_20240828_212700.WAV,0.00026387762827548197,8.396520619986558e-09,1.9294070042232654,8.519908315023631,6.0,42.99460018178071,-43.98479990493966,-45.7052178517057,1.7204179467660339,0.9606661771444104,8.293536385095557e-05,0.018043156869542942,0.014033790312084848,0.00351215782087988,5.661742684241873,0.4361789023556736,296.72438233634466,0.158172518434904,1.3757836894106503,0.04086018784902138,0.05621477998893886,0.6256065541623392,0.5147319909616799,2.30258506225411,0.00013643028536041156,0.13532473410273818,0.12608994297952242,0.1293836452676889,0.12968515117350404,1337.18359375,5.48689019297465,0.0016504294564057805,0.02192840986681447,0.07381050709262851,0.6292138151686911,0.3333260627472843,5.366530684514139,6.9912564522575495,75388.09146187331,0.9966252781270619,0.8179280595042968,1.204133599832986,0.0,0.012501818446319465,42391.145454545454,-4.2075980746707757e-19,4.01224549376033e-05,0.05094428094030063,2.9791409039334864,43.03387497958465,-34.09255360197094,0.23476353917232018,0.019741144157178474,0.9959589598845838,0.015612878200155158,161.0,3.909089030547592,0.0,0.0,0.0
UoBBG_29.08.2024_20240828_212800.WAV,0.000266137964597169,1.0151948368239612e-08,3.015965434825149,19.764348033775494,5.0,43.155950601764665,-43.8234494849557,-45.70052090044557,1.8770714154898656,0.9508206332360803,7.87609436314618e-05,0.11532891003829904,0.11216086426245198,0.0044246070742457455,11.980022725711462,1.237595327040614,297.0478879395916,0.011827697889383705,1.0239385335211708,0.05526342831450408,0.05658635374570565,0.6130840543892484,0.5428645393301251,2.278375968663103,0.10585861958213431,0.13653703164904796,0.12612593696852625,0.12883799807301338,0.12967170224759966,1337.044921875,5.617345388950329,0.001750444003976336,0.021823638334366197,0.07754010441925316,0.6278885391663791,0.3333139015567583,4.874994287723087,6.929337592183333,73644.39161101675,0.9956393146702881,0.8457256263988115,1.2060995536454544,4.364271166715159,0.02108261201629328,42406.98181818182,4.512488867418214e-19,4.1586921564474774e-05,-0.0367505190618321,10.252277580260275,43.189567732852645,-34.12948897124614,0.3255926411953993,0.019657376300927364,0.9916794927788781,0.018231186966640806,188.0,5.185057174167188,0.0006788207913110938,0.03733333333333333,0.018184463194646495
UoBBG_29.08.2024_20240828_212900.WAV,0.0002647901333529128,8.339745265633482e-09,1.9255484493502426,8.370188334752642,5.0,43.0182262499587,-43.96117383676167,-45.686699537296235,1.7255257005345683,0.9611545401752462,7.947980138378608e-05,0.01525403957375926,0.011649398321032733,0.0038583745437535955,13.762548520262305,1.5488553476329308,297.1741725497624,0.15983756250824022,1.3804920462414934,0.040880846983225985,0.05643568410395902,0.6055256598119657,0.5192768760511074,2.302584808495896,0.00040359478968081673,0.1375230336533799,0.12576299757940423,0.12870838420451075,0.12960938257685967,1336.40234375,5.532468091625654,0.0016464516050819513,0.021497979949414183,0.07359738724539283,0.6259070683698803,0.33332627174253343,5.381113958703564,6.99431570856825,75533.94961280377,0.9966504450255114,0.8214128986305408,1.2048862393359183,3.273203375036369,0.02379133934632916,42452.4,5.21047851329761e-19,4.032830875632976e-05,0.04782685392964516,2.992758092118847,43.05610009431507,-34.13325165891918,0.2550200726703906,0.019648862659569943,0.9958610953969578,0.014837083010085338,153.0,4.054748462183066,0.0,0.0,0.0
UoBBG_29.08.2024_20240828_213000.WAV,0.00026669888382968744,1.0249455846514954e-08,3.1356503136796356,21.09135785665889,5.0,43.177156501696444,-43.80224358502393,-45.69312848043861,1.890884895414679,0.9502466736269047,7.884612831743354e-05,0.12746617068675226,0.12452990453113788,0.0036432499968778176,5.296550344404561,0.4202588978778116,297.0489902171789,0.005861247569584408,1.0117916086768677,0.056081291452098884,0.056742580094995394,0.6458582687052017,0.5350293224740288,2.2742427145743855,0.11519463729994275,0.13770083729350532,0.12597996134645514,0.12908544273106393,0.1293686278610222,1333.919921875,5.64198071065015,0.0017324489622733005,0.02194855859242748,0.07718490467386033,0.6294372064990716,0.33331245845285334,4.839175862042896,6.9257086057030754,73601.65106268224,0.9955439042210729,0.8487169817062968,1.2066730661589808,2.1821355833575793,0.024871041848511296,42435.109090909085,2.017325700426847e-19,4.173556083108721e-05,-0.025551515636205873,10.237813897496606,43.20506253807309,-34.092840541176244,0.3170975296523295,0.019740492017341384,0.9916430955534552,0.016485647788983707,170.0,5.235059571029213,0.0005818463925523662,0.032,0.018184463194646495
UoBBG_29.08.2024_20240828_213100.WAV,0.00026387413228149754,8.254180057891322e-09,1.9089820368384187,8.259761947306776,7.0,42.986567553716284,-43.992832533004076,-45.71723115335136,1.72439862034728,0.9613220674781426,7.81703765011521e-05,0.016316216464102196,0.01236786323615513,0.0038688858877847787,12.596031407258687,1.4543415408815927,297.10456205442574,0.15961692926858156,1.3798670744989203,0.040639341452052474,0.05607688919900635,0.603086681081303,0.5151372986191973,2.302584795253261,0.0004140438638165378,0.13576116121940968,0.12666484697055594,0.12871382254864375,0.1297315594389487,1337.662109375,5.52019492885866,0.0017030886310736109,0.022067845957777155,0.07590618559044617,0.6278198173360263,0.33332636884759476,5.388037249942078,6.995366708722303,75565.16503800619,0.9966621676872723,0.8211956618102423,1.2041278841409024,2.1821355833575793,0.02369662860052371,42450.490909090906,-2.4592596477764538e-19,4.0025618899971586e-05,0.05380088369717825,2.981248475450979,43.0233805596334,-34.146813733839636,0.2562844555779549,0.019618207029862837,0.9958526012352249,0.016194724592707526,167.0,3.9790299970466343,0.0,0.0,0.0
UoBBG_29.08.2024_20240828_213200.WAV,0.00026570110683747845,8.652459597406089e-09,1.9108531635349706,8.171587331862415,4.0,43.062067074950576,-43.9173330117698,-45.687849548029334,1.7705165362595352,0.9600874733426232,9.155689200823769e-05,0.13018880166692648,0.12458003618765334,0.0037771095749048467,8.290501084971575,0.8073384487154931,297.09390098811855,0.15717947004531754,1.37298443609049,0.04106589384210636,0.05638283309935633,0.6167669602824617,0.5254132923597514,2.3025639234660202,0.0032607878622304296,0.13743413183331718,0.12516209792964575,0.12851260381572352,0.12930195149597518,1333.232421875,5.59623575645991,0.0016998684657162253,0.021702566267984464,0.0756575457686712,0.6270577011006472,0.3333261214890132,5.370586775207638,6.987640262779775,75217.84261862394,0.9966131233831692,0.8169455953121562,1.2059417562112675,3.273203375036369,0.030440033701871788,42483.21818181818,-1.5771264765532172e-19,4.071891996447756e-05,0.0678847526328212,5.283433217291025,43.09796250181152,-34.0930137367037,0.2952336211318425,0.019740098398382012,0.9920070286107462,0.014643134212567882,151.0,5.407258193319909,0.0004848719937936385,0.026666666666666665,0.018184463194646495
UoBBG_29.08.2024_20240828_213300.WAV,0.0002664499863120374,1.0070731800334924e-08,2.883851199540321,18.369721456045376,6.0,43.16050465877748,-43.81889542794289,-45.714398550950584,1.8955031230076926,0.95165682849192,0.00010835528987640508,0.1196158486010821,0.11343108277286762,0.0043686011199408625,10.237817494285899,1.1957551874431436,297.53584723339117,0.02950703901368819,1.060808352455643,0.053208312182540594,0.056443821983306414,0.6410280487797416,0.5436017006416256,2.2861944466084694,0.08750826479110803,0.1368199010765202,0.1269158050605549,0.12848541209505865,0.12947337794588304,1335.0,5.662768034727902,0.0016809263165551353,0.02211500161226724,0.07413018686348205,0.6256433715770944,0.3333155147662708,4.918328631119904,6.934611738893855,73743.15154747367,0.9957530508730975,0.8408703934496221,1.2064863648774522,2.1821355833575793,0.031140893220832123,42441.163636363635,2.522393068826397e-19,4.1673413243673024e-05,0.00845073349776332,9.934686284476516,43.19859072623949,-34.13128151108211,0.3489487211502009,0.0196533203125,0.9912014373678341,0.018231186966640806,188.0,5.429030457246626,0.00126066718386346,0.034666666666666665,0.03636892638929299
UoBBG_29.08.2024_20240828_213400.WAV,0.0002644353493331546,8.251307214026579e-09,1.8503947119671957,7.70719910767882,5.0,43.002909767579105,-43.97649031914126,-45.71777993285163,1.7412896137103644,0.9616222311225846,8.503172482809962e-05,0.017675655522138123,0.01365936530397438,0.003924821233056042,7.951077071483191,1.1019753559641814,297.54719753728386,0.16861747273699662,1.4056315046506995,0.040005270217766245,0.05623266817015658,0.6017608227796403,0.5211909574409067,2.3025845783041095,0.0005471374685846797,0.13722400025862347,0.12677482860362319,0.1290337784618006,0.13002592043691202,1340.697265625,5.560867228443095,0.0016782744156725827,0.021840870839078076,0.07494714627788554,0.6269163922339883,0.33332672358636456,5.414176448114793,6.99725623690922,75603.6721523338,0.9966958284847374,0.8195194697732463,1.2065649495367916,2.1821355833575793,0.027068331151197746,42529.05454545454,2.2598715827952403e-19,4.013636107816247e-05,0.05138060761108684,3.011052799927568,43.035379950744115,-34.13305186179314,0.2696953336008008,0.01964931463761763,0.9955212032424997,0.017552366175329712,181.0,4.162426449376813,0.0,0.0,0.0
UoBBG_29.08.2024_20240828_213500.WAV,0.00026356887730861523,8.19950402320784e-09,1.8461821133431562,7.6911078606103,5.0,42.97452410924153,-44.00487597747884,-45.726678507107685,1.721802529628846,0.9616252680854943,7.35589505252987e-05,0.013532097114670294,0.010458901483688776,0.003491825330247167,7.563640464594874,0.7592003029975152,297.1563857937226,0.17029550855963357,1.4104967740116743,0.03972477912213216,0.05603167280009372,0.6210183195784693,0.5135311240496959,2.3025850745179524,0.00010240307602202848,0.13353053373419974,0.1256390182839466,0.129478816290016,0.12965238125545533,1336.845703125,5.516334746358122,0.0016528919357967219,0.021751688678421015,0.07341978737269642,0.6256431301576606,0.3333267272393216,5.414452855582739,6.997275699459198,75599.80280232428,0.996696858878547,0.8182640015644755,1.204309918612847,4.364271166715159,0.02189712443022015,42510.74545454545,-1.8587824881981786e-20,3.990749447449385e-05,0.05549464601929739,2.985869697384679,43.010544621849434,-34.13309678055113,0.25494807735137215,0.019649213022174258,0.9958723464498053,0.015806826997672614,163.0,3.9812533921866193,0.0002909231962761831,0.016,0.018184463194646495
UoBBG_29.08.2024_20240828_213600.WAV,0.0002660158970822139,1.0232453210109364e-08,3.0901703910014757,20.67467386758321,6.0,43.15678424490214,-43.822615841818234,-45.69786699844069,1.8752511566224541,0.9502233860711758,7.19438204461742e-05,0.05017231662809363,0.047743799062082926,0.004184974201602465,5.006102109308627,0.028160482218029515,297.2511030827677,0.00992538544070045,1.0200497726024789,0.055353172792472455,0.05646299131978725,0.6113233957943024,0.5334772687924656,2.290760912232958,0.07400272456946447,0.13644812982898524,0.1263089064126291,0.12875007817619694,0.1295701723280962,1335.998046875,5.6200607257652555,0.0017474132601105617,0.021782684734247233,0.07757562439379244,0.6290672904814499,0.3333127211907154,4.845508959842498,6.925572167371192,73551.55951606458,0.9955613101030493,0.84584358371384,1.2057268241780275,2.1821355833575793,0.021972893026864514,42254.490909090906,1.0967657758418212e-19,4.180266493166871e-05,-0.010407783909363725,9.247326459223638,43.21203969053179,-34.10633520963212,0.30287646506148747,0.019709846386764988,0.9926133727504579,0.016582622187742434,171.0,5.08451903415764,0.0005818463925523662,0.032,0.018184463194646495
UoBBG_29.08.2024_20240828_213700.WAV,0.0002645852439770585,8.463148094107462e-09,2.03428917312596,9.521424783320509,5.0,43.01905317199274,-43.96034691472764,-45.6864029975434,1.7260560828157594,0.9603194333075911,7.771374004927889e-05,0.014885055813229076,0.011302267240012709,0.0036561135191590655,14.942903033730941,1.7114659913403765,296.86057005542705,0.14818889687652168,1.3479384016788056,0.041877977983155276,0.056448934708154534,0.6467461972811751,0.5176459428706813,2.302584926035947,0.0003161261183816322,0.14020625222254554,0.12526908006362936,0.12840111776099747,0.12931445331442148,1333.361328125,5.505029379246983,0.0017190000363689264,0.021770544143981642,0.0764389852085354,0.6287922088142571,0.33332540244210257,5.323066426364021,6.98906602254887,75379.27052903865,0.996571289526077,0.8224417953771553,1.2046368515419967,2.1821355833575793,0.0231473062748521,42227.2,-9.32335017270444e-20,4.053435971847094e-05,0.044975035891594614,2.9682506298074127,43.07823317283451,-34.10239375531381,0.2603388839152956,0.019718792285341204,0.9960488664429148,0.01474010861132661,152.0,3.9896744768936614,0.0,0.0,0.0
UoBBG_29.08.2024_20240828_213800.WAV,0.000265816099500373,9.950277666881482e-09,2.911741758350708,18.63147119158723,4.0,43.13590682285202,-43.84349326386835,-45.710602482941844,1.867109219073491,0.9519020831673066,7.243344997387435e-05,0.10472704129204424,0.10149219885086391,0.0030362649182822388,7.814762872349368,1.254066918965208,296.9821411009217,0.025826386386140533,1.0530221431277187,0.053746836298244526,0.05659660874511212,0.6170166257261045,0.5407423041295794,2.282338132789653,0.09629130332206515,0.13572075130119934,0.1264488830365329,0.1282098693256544,0.1294068910023276,1334.314453125,5.614545756918549,0.0016303507782950248,0.02168863011926899,0.07267386790737149,0.6243233919319128,0.3333155207401617,4.918496290296449,6.936143217530816,73832.98416862545,0.9957560446630165,0.8438706114193872,1.2057643832997245,2.1821355833575793,0.02297682693240229,42446.70909090909,-1.7542259732370312e-19,4.1405876111376874e-05,0.01249405253438198,9.279388050053093,43.17061978358983,-34.11971155323507,0.3151427065237371,0.019679516416607482,0.9925806950952474,0.01687354538401862,174.0,5.081659678204903,0.0007757951900698216,0.042666666666666665,0.018184463194646495
UoBBG_29.08.2024_20240828_213900.WAV,0.00026463314737180645,8.324715197390628e-09,1.8233401488752543,7.443696885378736,5.0,43.012790007822716,-43.96661007889766,-45.7186125635789,1.7520024846812419,0.9614200918180404,8.273215353982177e-05,0.033955501403324706,0.029492321915469022,0.0037820690978359606,6.862842694206175,0.6772787812071058,297.20970395317136,0.17361056334213834,1.4201664630280502,0.03953330611026881,0.05614387551042566,0.656695294491724,0.5207062205734428,2.3025837338895565,0.0008418381761524429,0.13648853974719558,0.12672383711920107,0.1285706128198086,0.12995280374115023,1339.943359375,5.579565437861874,0.0018497008655804484,0.02215367033225489,0.08148282159311349,0.62835864639694,0.33332680963653094,5.42072852990285,6.995996281936332,75523.36272295787,0.996697852575238,0.8165774388486858,1.206251958009744,4.364271166715159,0.03248578581126952,42520.145454545454,-2.39034381513992e-19,4.02675503518069e-05,0.05632288564574766,3.2268929606806336,43.04955210410708,-34.13323075638691,0.29892285437335886,0.019648909944476503,0.9943623348137138,0.01803723816912335,186.0,4.619026937558681,0.0013576415826221876,0.03733333333333333,0.03636892638929299
UoBBG_29.08.2024_20240828_214000.WAV,0.00026466006676341235,8.274339471476436e-09,1.881954537999402,8.003256412504301,5.0,43.01078713661059,-43.968612950109794,-45.7030741488318,1.734461198722009,0.9615090718555467,0.00010088182412137936,0.02110867992652521,0.015951949780867114,0.004623890020718502,9.679714352139893,1.1155766255054864,297.1492325884112,0.16611993778260942,1.3984264531781125,0.04025267528197194,0.056290405925498305,0.63207773070644,0.5202774650839906,2.302584614781343,0.000512684480453629,0.1362460802379336,0.12595596535378592,0.12923227802265433,0.12955672340219185,1335.859375,5.543711712762956,0.0017669236737464845,0.02179808843386146,0.07888986345174588,0.6280309874251391,0.3333265398172604,5.400464815344033,6.9965422159664294,75597.67163794488,0.9966798212415369,0.8198026846404229,1.2062135921528827,5.4553389583939484,0.032239537872175345,42495.74545454545,3.278311965327806e-19,4.028607025833e-05,0.050165444226408694,3.024337947770644,43.05154905800912,-34.11970931853071,0.26521823443796677,0.019679521479751126,0.9954778462434872,0.01600077579519007,165.0,4.240326258352309,0.0006788207913110938,0.018666666666666665,0.03636892638929299
UoBBG_29.08.2024_20240828_214100.WAV,0.00026626508965686447,9.872504574502246e-09,2.850100459357709,18.005296443570085,5.0,43.1445791543419,-43.83482093237848,-45.705934905562906,1.8711139731844284,0.9525704371450152,7.607289786737415e-05,0.08096387854684006,0.07837348817831769,0.003865486785752714,6.766875506588432,0.5868611276977255,297.16070366508495,0.036337795326221195,1.0754160434018938,0.05264330717017098,0.056613457108535825,0.6127415372733228,0.5374460982351982,2.2872710844680006,0.0843897754492712,0.13597937477774544,0.1262079232768128,0.12904284236868893,0.12987722456599748,1339.1640625,5.609021810534398,0.0017595362355736595,0.022005645745198567,0.07796634411372455,0.6266466759419566,0.3333163949029319,4.943656620358723,6.940346920726926,73951.96834837928,0.9958237435345726,0.8408202422824501,1.2056502711772188,8.728542333430317,0.02909514111143439,42499.89090909091,5.008199242523102e-19,4.1558856996777326e-05,0.0001586129998307686,9.253422975602582,43.18663594543978,-34.10641583868226,0.3142603206916661,0.019709663425792348,0.9918471115052089,0.01764934057408844,182.0,5.300971130372011,0.0011636927851047323,0.032,0.03636892638929299
UoBBG_29.08.2024_20240828_214200.WAV,0.00026456164166487414,8.32984666883564e-09,1.9318397712685722,8.468991021783637,4.0,43.01097669433675,-43.96842339238362,-45.70013761861412,1.7317142262305012,0.961125786733605,6.980741517592648e-05,0.012932244577223528,0.010268208074919016,0.004366154723756344,6.5488370404096585,0.33979335670067085,296.82527636170664,0.15886237124871433,1.3777321708566388,0.040851664479138586,0.05628265238595064,0.6115562478898829,0.5168450153817385,2.3025849285095745,0.0003140139729032043,0.136916884880225,0.12570400743075905,0.1284808801416145,0.12942374951508098,1334.48828125,5.5323372535509305,0.0017959051619629524,0.021821570256158385,0.08009754258608148,0.6282837608044672,0.33332620800517115,5.3766212431778095,6.9941340031006085,75528.37928811125,0.9966458453247441,0.8213218310470226,1.2056451277030291,5.4553389583939484,0.03165233124818155,42442.63636363636,4.481263844850632e-19,4.0260315389364145e-05,0.04999291572683777,2.997882704070277,43.048771727216376,-34.13316586968749,0.26403105594612697,0.01964905672940341,0.9957074265984853,0.014061287820015516,145.0,4.185869903918576,0.0004848719937936385,0.026666666666666665,0.018184463194646495
UoBBG_29.08.2024_20240828_214300.WAV,0.0002648429845768008,9.73837580343149e-09,2.8765606815964135,18.317685444259244,5.0,43.096490168881154,-43.88290991783922,-45.74644034257,1.8635304247307758,0.9526352496875822,6.834846865000355e-05,0.07167646511718173,0.06851938428456594,0.004021058879815409,10.318313396736558,0.997082824029643,297.3392310753873,0.036959095485130905,1.0767549858201486,0.05225132267466055,0.05626187220563813,0.6212129576375544,0.5268296425233889,2.2916143868016463,0.07106700015426722,0.1365612775999741,0.12606494715382532,0.12892863714189637,0.1297006837358161,1337.34375,5.593265715390504,0.001760104500048492,0.02186336283397751,0.07807290403734238,0.6276697837496792,0.33331620629623193,4.938119968698378,6.940746388580088,73989.72175270128,0.9958142278727143,0.8417596739129681,1.2048825937754661,2.1821355833575793,0.0195104136359228,42493.145454545454,-1.5267669283718298e-19,4.109763605182782e-05,-0.0012338512216883949,8.875684758098503,43.13816841847536,-34.1563136084236,0.2901675874482379,0.01959676206184156,0.9928678778321178,0.015224980605120248,157.0,5.089178382202889,0.0010667183863460048,0.029333333333333333,0.03636892638929299
UoBBG_29.08.2024_20240828_214400.WAV,0.000264674504048948,8.255103388145585e-09,1.8436363340652566,7.622908036019405,5.0,43.0101441849083,-43.96925590181206,-45.70658277983118,1.7373268780191182,0.9616827072018346,9.693160903867515e-05,0.023962676815510675,0.018552192731033035,0.0038157166770487194,6.7668601691005765,0.9382850501914203,297.22925076555606,0.16991635575336198,1.4093957444675917,0.040030032363307405,0.05641815726374543,0.6351818839763522,0.5203330799455899,2.3025848088569485,0.000402262740828796,0.13727249216047588,0.12624791659792817,0.129361891891157,0.12974349299292018,1337.78515625,5.545002421048357,0.0018008301207448358,0.021850963937682686,0.07988442273884577,0.6291019831713123,0.33332678083880046,5.418526223719361,6.997636274822609,75617.1510516312,0.9967013075530984,0.8188782339328267,1.2066437987789076,2.1821355833575793,0.028091207205896612,42525.52727272727,-2.879956374389859e-19,4.025214251072956e-05,0.04981697158590662,3.021284312963156,43.04789001618754,-34.11983011584045,0.26801270669921706,0.01967924779256185,0.9953910649517094,0.015806826997672614,163.0,4.2489571558934625,0.0004848719937936385,0.026666666666666665,0.018184463194646495
UoBBG_29.08.2024_20240828_214500.WAV,0.00026428581859322414,8.225774069016803e-09,1.830970427847798,7.520874717913367,5.0,42.997095466874846,-43.98230461984553,-45.71344496060778,1.731140340762252,0.961736711162587,9.632585502028501e-05,0.02114583603648834,0.016064268516976177,0.0038076624728219377,8.181924000849405,1.2086994291528579,297.08439945294083,0.173874560029784,1.420939851546159,0.039588769897277415,0.05625326082073242,0.6087670743087265,0.5167515446872958,2.3025850398595447,0.00017239839615079688,0.13694113083115117,0.12626191426031852,0.12899933561562507,0.12980732803559303,1338.443359375,5.526054130275638,0.001855572931820386,0.022119912344295566,0.08265498075290979,0.6245489535649532,0.3333268449063434,5.423439071195225,6.997976348336873,75621.0537033513,0.9967076012607903,0.817451264516272,1.2053989852317801,6.546406750072738,0.027769190670158084,42558.50909090909,1.5070015942213062e-19,4.0088440534879836e-05,0.050977199561196396,3.022581513917866,43.030191622552785,-34.14301606670176,0.2663396321471794,0.019626786428509336,0.9955067034133469,0.01638867339022498,169.0,4.149636904638965,0.0005818463925523662,0.016,0.03636892638929299
UoBBG_29.08.2024_20240828_214600.WAV,0.00026553447484584775,9.950418252712181e-09,2.876412293831246,18.14237745046879,4.0,43.12784468416463,-43.851555402555746,-45.72644160963413,1.874886207078383,0.9518947147665944,7.239502369460471e-05,0.06415668460951618,0.06138403832436756,0.0030681098019498254,7.12594488555115,0.4831751476851692,297.0733417395195,0.030534419867621957,1.062992272223739,0.052946844690821136,0.05628208674497338,0.5903413596938208,0.528786212192673,2.289232415687409,0.07904458002168901,0.1374260498496751,0.12629090941812718,0.12827875501800548,0.12946712703665988,1334.935546875,5.628468699812109,0.0017924955751139563,0.02204607902615715,0.07967130289161009,0.6258091859895653,0.33331599982541144,4.932128383508023,6.93610749977902,73802.95862192298,0.9957760513839048,0.8409766942069447,1.2060092583870503,1.0910677916787896,0.02290105833575793,42443.163636363635,3.8658049825252847e-19,4.132654495438299e-05,-0.000633571730832098,8.875226813243055,43.16229098241585,-34.146420433910116,0.32206766675957255,0.019619095368818805,0.9917241248542007,0.015806826997672614,163.0,5.435805497706333,0.0011636927851047323,0.032,0.03636892638929299
UoBBG_29.08.2024_20240828_214700.WAV,0.00026478111156573393,8.495448279837747e-09,2.060864526533232,9.7739371521946,5.0,43.02657298065641,-43.95282710606396,-45.6863632410294,1.7335361349654406,0.9601697695584094,6.774316346624953e-05,0.01704498560170109,0.014199510326540321,0.003762837162523902,4.088014701739666,0.06219138221678121,296.8433892085319,0.14383741850652015,1.336004916859627,0.042097799815119116,0.056242867541971435,0.6483185035592456,0.519515678822052,2.3025849317976945,0.0003027638352129713,0.13787055894998868,0.1266028573228271,0.12848994404850275,0.12919587546067307,1332.138671875,5.535983646213466,0.0016805474735719136,0.021973200917513973,0.0744498666343356,0.6282323009301406,0.3333252241459226,5.311950301075635,6.9881240456309675,75359.13098339048,0.9965548183475988,0.823676975956266,1.2050156620809949,1.0910677916787896,0.023336727766463002,42319.472727272725,-3.239306970807358e-19,4.0531698429916016e-05,0.05061279717715307,3.028655562181349,43.077948026878005,-34.10434853338569,0.26150593393216326,0.01971435546875,0.9955214113237251,0.016582622187742434,171.0,4.21523282509383,0.0004848719937936385,0.026666666666666665,0.018184463194646495
UoBBG_29.08.2024_20240828_214800.WAV,0.00026399676111483317,8.375501612927055e-09,2.0028982497580596,9.163463197981823,5.0,42.996929891051224,-43.98247019566916,-45.7034926529718,1.7210224573026451,0.9606084431724231,8.084887535908525e-05,0.014743146977099664,0.011217964368424704,0.004104785688825552,9.25204161166634,1.136569447072131,296.93074779125027,0.14949333378693924,1.3515394757634729,0.04157915076662353,0.05619586362981277,0.6399340446782736,0.5155116109835177,2.302584940413616,0.0003088611184768553,0.13587430899039862,0.12614593362908394,0.12840655610513044,0.12948095480554744,1335.078125,5.517747598061753,0.0017322595407816895,0.02163433771090021,0.07732698457201745,0.627508543495004,0.33332570790489857,5.3427048801087045,6.9908819915298395,75437.20726700385,0.9965970426409279,0.8230894967966973,1.20533898914522,0.0,0.020438578944816217,42403.145454545454,-3.563437423924721e-19,4.011596908296839e-05,0.05337657789863481,2.9798800208108824,43.03317287933308,-34.10246496587099,0.23828136574532266,0.019718630623094962,0.9958938400852069,0.015515903801396431,160.0,3.936742742405845,0.0,0.0,0.0
UoBBG_29.08.2024_20240828_214900.WAV,0.00026441005981017523,8.202637972733905e-09,1.849711006546312,7.69814876468027,5.0,42.99946173063978,-43.97993835608059,-45.71547521750262,1.735536861422034,0.9618259477080255,7.329000711553402e-05,0.014254930138140498,0.011139712959086556,0.003978379961504741,7.2334396790072075,0.8327726824733216,297.0629315486564,0.172651876196838,1.4173621024320213,0.039740758045661864,0.056327044375841566,0.642314918991452,0.5186578794301027,2.3025838240047536,0.0007951869743651585,0.135551029644716,0.12607594531713204,0.12874917178550807,0.12930195149597518,1333.232421875,5.57035194972555,0.001712749127145767,0.02191658815553743,0.07622586536129972,0.6266907089857336,0.3333267697391631,5.4176799622847565,6.998531418726898,75663.04872720949,0.9967044452357045,0.8205140219386002,1.2060276681756852,1.0910677916787896,0.027617653476869362,42529.96363636363,-1.1852892404946983e-19,4.015248580221797e-05,0.05457402141690053,3.096889306796075,43.03712437205437,-34.13295805206296,0.2711603594219696,0.019649526856162332,0.9949782183288136,0.0171644685802948,177.0,4.393800138212906,0.0007757951900698216,0.021333333333333333,0.03636892638929299
UoBBG_29.08.2024_20240828_215000.WAV,0.0002644534334056097,8.180405863010041e-09,1.8863326709205994,8.05859811502191,6.0,42.99950101509011,-43.97989907163026,-45.70515817159988,1.7252590999696196,0.9618520416617149,0.00010410614628508785,0.023280785253955494,0.017449383984701416,0.004798189175519552,12.712437356330813,1.7204556783072524,297.09461239928874,0.16693069706711947,1.400760648554515,0.0402227164776631,0.05634239841987575,0.6494021001481765,0.5176033607972037,2.3025848878903084,0.0003541061398376399,0.1332557462903695,0.12556403080685527,0.12879992966408252,0.1294695895160508,1334.9609375,5.54682028493546,0.0017280922679662497,0.02171681384604529,0.07686522490300679,0.6289951831498385,0.3333265916468989,5.404294081423012,6.998687862090312,75699.69055722479,0.9966919472699776,0.8219546631977975,1.2063054596933622,3.273203375036369,0.026878909659586846,42539.12727272727,3.8407829105687707e-19,4.014345319304426e-05,0.046244686476358064,2.9874295608064414,43.036147283452635,-34.14307064449534,0.2606418164124875,0.019626663103970616,0.9958677487621536,0.015418929402637704,159.0,4.000823000704807,0.0,0.0,0.0
UoBBG_29.08.2024_20240828_215100.WAV,0.0002662700560001403,9.817755043737984e-09,2.819585059646174,17.49704587852149,5.0,43.14177660002117,-43.837623486699194,-45.7075552902614,1.86993180356221,0.9528810847324424,8.718378387118086e-05,0.10082105019218535,0.09794965601711858,0.0038094082541332286,5.819394894478038,0.664114377146936,297.378281717478,0.03918882094824747,1.081574448346706,0.05228853355884338,0.056553941838764256,0.6438485526449272,0.5355276437428911,2.284933019251831,0.09078914741959601,0.13718359034041314,0.12664385047697035,0.12948153546208252,0.13006607779313353,1341.111328125,5.62915007141155,0.0018184463194646497,0.021941785703573385,0.08070138215324926,0.6299505570715008,0.3333171226797275,4.9656148066070145,6.942304581939832,74013.29494767466,0.9958624804689052,0.8412577618483928,1.2063461465896403,4.364271166715159,0.029852827077877994,42456.90909090909,-4.630134659516278e-19,4.142674259801993e-05,0.006041365871443002,7.550320718850219,43.17280785885261,-34.10242406492008,0.3254641722266598,0.019718723476294314,0.9922278518501272,0.017843289371605897,184.0,5.2476633099001795,0.0014546159813809156,0.04,0.03636892638929299
UoBBG_29.08.2024_20240828_215200.WAV,0.0002637793979409149,8.254096127461683e-09,1.8695792372957836,7.946700580729445,6.0,42.98377461092717,-43.995625475793204,-45.71665743666283,1.7210319608696238,0.9613964266857482,9.145350962924681e-05,0.01825302964652098,0.013699961152483064,0.003955106125444918,13.01493350236758,1.5649548143260825,297.09055792422464,0.16652980325948,1.3996058981130548,0.040235576343883646,0.05631394996487765,0.654028133117391,0.515636846255288,2.3025850608093066,0.00013428267537136663,0.13690072091294087,0.12594296752442344,0.12881261913372616,0.12942109761419843,1334.4609375,5.50317210094526,0.0017171058214528172,0.02180649563592272,0.07661658508123181,0.6244208891450597,0.33332654199189704,5.400624893332611,6.995838591932514,75550.1639061768,0.9966780051499717,0.8183905716380541,1.2050263046766045,1.0910677916787896,0.021745587236931433,42446.30909090909,-1.2344923063587677e-19,4.00139052769298e-05,0.053149839334844524,2.978006304966968,43.02210939718242,-34.14671938383735,0.250073281276876,0.019618420132723722,0.9959299812002745,0.015418929402637704,159.0,3.996795833793432,0.0002909231962761831,0.016,0.018184463194646495
UoBBG_29.08.2024_20240828_215300.WAV,0.00026408822401719325,8.253864243243069e-09,1.9046782540354423,8.267043796418033,5.0,42.99284829908114,-43.986551787639236,-45.71008690341508,1.7235351157758458,0.961396520908081,7.648303098906073e-05,0.012944370748939282,0.009890913035328186,0.004109665740420931,9.212609810858563,0.9778043684008789,297.02369978197294,0.16368463890194307,1.3914423828997475,0.04040188796196735,0.05621689925944847,0.6233032875238492,0.5159588926661749,2.3025850059548487,0.00022198950719616307,0.13433873209840622,0.12569800843259177,0.12887062813781128,0.12960919315536806,1336.400390625,5.521191124615269,0.0017070664823974398,0.02155226045773744,0.07590618559044618,0.6267688267865785,0.3333263697024211,5.38809862409236,6.995832878657039,75581.0254584072,0.9966655776664153,0.8203926457612412,1.2048852021639056,2.1821355833575793,0.020135504558238773,42466.32727272727,-2.3794098005034607e-19,4.008446557968549e-05,0.054241075071376314,2.9817271533904384,43.02976097803913,-34.133227690379805,0.2593976062084522,0.019648916880289715,0.9959089194170296,0.016582622187742434,171.0,3.889442785088372,0.0002909231962761831,0.016,0.018184463194646495
UoBBG_29.08.2024_20240828_215400.WAV,0.000265901863960207,9.929641716964257e-09,2.842979038899724,17.766270223206618,5.0,43.13725173821435,-43.84214834850602,-45.7080699422622,1.8659215937561768,0.9522029586050247,8.705727830338184e-05,0.09122668114551968,0.08815939025859365,0.003687721634201724,6.737817576691438,0.9389871526488108,297.25259955756496,0.032741598441611786,1.0676997964325985,0.05285723447005881,0.05643565848367192,0.6488114232032196,0.5350214219068571,2.2839829824839777,0.09364872737367982,0.1358743089903986,0.12603495216298877,0.12834582792897886,0.12941200538260111,1334.3671875,5.627234917695071,0.0017100972262632142,0.02173055041554529,0.07654554513215325,0.625446606050052,0.33331651457152367,4.947201615815656,6.938048001650129,73853.20239992098,0.9958106799701791,0.8410801584442723,1.2066040341464037,3.273203375036369,0.029417157647172922,42421.94545454545,3.5154959751340893e-19,4.131340503351874e-05,0.008484175314995778,7.667670551468275,43.160909908208296,-34.11924820621672,0.34469902336406477,0.019680566244414357,0.9909697481897899,0.0171644685802948,177.0,5.676185511289681,0.0010667183863460048,0.029333333333333333,0.03636892638929299
UoBBG_29.08.2024_20240828_215500.WAV,0.000264057266904002,8.239866502273084e-09,1.8838251705960867,8.041767835871212,6.0,42.99115817606577,-43.988241910654594,-45.705862729251464,1.7176208185968704,0.9614943399624736,7.76270623581432e-05,0.014045884926016772,0.010704757993959646,0.0035309352857708642,7.760590277823473,0.7179632737413356,296.88293513980807,0.16427104657001593,1.3931203912364591,0.040304964900317534,0.056149668470702116,0.6308119256279406,0.5152170158477507,2.3025850368601715,0.00017454951970190534,0.13490447095335079,0.12483015336438814,0.12935645354702402,0.12917295546018814,1331.90234375,5.5030537194387055,0.0016847147463873535,0.0215430284992785,0.07530234602327837,0.6275154158450513,0.3333265179823764,5.3988603538778825,6.996449363227178,75593.35681915043,0.9966779424788945,0.8197520599594142,1.2042876439090575,2.1821355833575793,0.01708581854330327,42486.27272727273,1.5377009430082898e-19,4.0055034566319095e-05,0.04834063852598426,2.9781997452582707,43.02657110856073,-34.11620786298448,0.24211738364090252,0.019687456287037244,0.9959895824399633,0.01687354538401862,174.0,3.833342452584265,0.0,0.0,0.0
UoBBG_29.08.2024_20240828_215600.WAV,0.0002634932217074577,8.332435489619885e-09,1.9146752175329833,8.38538477275611,6.0,42.979724397930525,-43.99967568878985,-45.72126569013484,1.7215900013449925,0.9608742377448724,0.00010587343217804968,0.02252411112384778,0.016973209892558017,0.004947662811581766,9.42099241886102,1.3465043902537777,297.1890282730967,0.1587433635438939,1.377395806855371,0.04077149514399766,0.0561584864505665,0.6226671505284161,0.5149362233679535,2.3025850468283813,0.00016319932197390586,0.13768467332622117,0.12616792995569742,0.12857695755463044,0.12956733100572204,1335.96875,5.4982000786511085,0.001727334581999806,0.021568960177553928,0.07697178482662465,0.6299547523390253,0.3333261875533548,5.375188149815782,6.992561510586614,75435.54242127342,0.9966393693109808,0.818769769856129,1.2052078726124804,3.273203375036369,0.014092958975851031,42422.07272727272,-3.4450556885338193e-19,3.991296641577933e-05,0.05802209116259631,2.9758718734474816,43.01114006664712,-34.12968500617038,0.24523827272236787,0.019656932651635373,0.9958780652564155,0.0160977501939488,166.0,3.9365813732061716,0.0,0.0,0.0
UoBBG_29.08.2024_20240828_215700.WAV,0.00026533173052223347,9.72738520755272e-09,2.7914254747205747,17.37395477961672,6.0,43.10995965873438,-43.86944042798598,-45.713560509680235,1.844120081694257,0.9530753032212911,9.660928977617278e-05,0.04682248815199208,0.04228632634462004,0.004334205810533565,8.828301034355057,1.1127705612501824,296.7766079981113,0.045741080710233605,1.09586723222724,0.05144672237535173,0.05637877725663992,0.641935903510868,0.5258070666142911,2.294772028690181,0.060114141073236385,0.1378220670481363,0.12598096117948304,0.1290673149172873,0.12950520075647365,1335.328125,5.567821055868157,0.0016824416884880225,0.021922390110586644,0.07508922617604268,0.6270796243062134,0.3333172303228266,4.968946013396157,6.943525156646369,74030.12084530479,0.995880326172179,0.8376038297607293,1.2053742975960846,2.1821355833575793,0.01551362016293279,42436.87272727273,-2.2824755553609988e-20,4.117952591989397e-05,-0.006505924411589757,7.755128131594148,43.14681342486986,-34.119551821790715,0.2882064537138973,0.019679878321560946,0.9929903917319994,0.017358417377812258,179.0,4.896038693887234,0.0006788207913110938,0.03733333333333333,0.018184463194646495
UoBBG_29.08.2024_20240828_215800.WAV,0.0002693126159228646,1.0249168377194477e-08,2.046627010883308,9.761653920135089,7.0,43.251272779813675,-43.72812730690669,-45.68140282899944,1.9532755220927456,0.9541688620719049,0.0006633081314053602,0.37310851668288747,0.355672290249219,0.004419892081122145,6.638081462180732,0.7268928194309384,298.38510828891424,0.10908520268176657,1.2448835803606066,0.045146773123691364,0.05620247656794891,0.6214560590314455,0.6046051197631646,2.3025461358228054,0.0043129378077569665,0.14070733520835355,0.12661685498521746,0.12926490808745222,0.12982816439967027,1338.658203125,5.850321443714867,0.0018243183857045875,0.021388190122702183,0.07988442273884577,0.6246815114949393,0.33332328953700585,5.204971553117563,6.950553444814366,73636.97873032156,0.99628679397584,0.8041073914957636,1.2122991605901543,5.4553389583939484,0.045366447240810785,42059.32727272727,-2.3879257157491647e-19,4.266829235485885e-05,0.20680092149078624,64.97072991117669,43.30105262130416,-34.07920990696952,1.264677695507821,0.019771494790279506,0.8964431937304012,0.021625290923196275,223.0,11.771350885263134,0.0015515903801396431,0.017066666666666667,0.09092231597323247
UoBBG_29.08.2024_20240828_215900.WAV,0.0002638627852358425,8.504582249201768e-09,1.9639476921420869,8.884672761492071,6.0,43.000175197481894,-43.97922488923848,-45.711321096860765,1.7320962076222841,0.96011419379566,8.456429270953247e-05,0.04393401456879242,0.03999584568726389,0.0036907421151284314,7.988880700780873,0.7376072771689893,297.15824199980875,0.15130139109114005,1.3565491671670409,0.041474384931580996,0.05626204233770147,0.6752483228670383,0.518715577356973,2.3025848136222704,0.00038317297687413544,0.1367067533055313,0.12557602880318985,0.12909450663795222,0.12968553001648725,1337.1875,5.510043181223586,0.0017059299534477744,0.02177038122106481,0.07658106510669252,0.6276151909531573,0.3333257117950919,5.342960025509285,6.987794071629905,75256.67884913996,0.9965877748759492,0.81854803714289,1.2049192876920545,6.546406750072738,0.024264893075356415,42358.96363636363,-3.7833793337273565e-19,4.008544886900874e-05,0.05883232822610452,3.2157869172528533,43.0298675110522,-34.129157020895384,0.321424979479616,0.01965812756509492,0.9929754177992569,0.018231186966640806,188.0,5.071982786559292,0.0,0.0,0.0
UoBBG_29.08.2024_20240828_220000.WAV,0.0002645584777055431,8.42377108993416e-09,1.834700633230101,7.6524107789757885,6.0,43.01608890561284,-43.96331118110752,-45.70621656596066,1.7429053848531382,0.9609617504537639,0.00010860616861085859,0.2341718753056028,0.22639087324587215,0.0036217694094597963,12.340646015998026,1.2827740420752776,297.2022872275928,0.1657171844348949,1.3972686032676955,0.040175300098693016,0.0561356854547613,0.6831273343901157,0.5254270388139853,2.302580147568675,0.001625026411018915,0.13690072091294087,0.12610494047494072,0.12910810249828467,0.1294502685239065,1334.76171875,5.536157834907446,0.0017400258219377365,0.021835686146301953,0.07722042464839962,0.6251748200673268,0.3333265898420521,5.404160242119492,6.993124109187069,75393.09029988939,0.9966722938417265,0.8150498308598821,1.2060395803885158,3.273203375036369,0.019737719425855883,42494.23636363636,-3.892719480091955e-19,4.0245037158386094e-05,0.0654651632911892,4.401836138610213,43.047123327134464,-34.11593017454998,0.3713367521714943,0.019688085706306226,0.9855621166785383,0.01726144297905353,178.0,6.328705543758325,0.0,0.0,0.0
UoBBG_29.08.2024_20240828_220100.WAV,0.00026575711438991116,9.966382804823203e-09,2.749061056548752,16.80229358316668,5.0,43.13508513307279,-43.84431495364758,-45.71649059115542,1.872175637507837,0.9522540301931542,8.465651491607051e-05,0.08943414369393032,0.08705402232793003,0.0038330486826240184,10.572566238988433,1.0227353347974586,297.36281882997514,0.03877626221436157,1.080681033332968,0.0522537860800894,0.056469675536590866,0.6003420008016525,0.5397374410850571,2.2865641878806735,0.08585972308345582,0.13622991627064943,0.12630490708051756,0.1286576263259363,0.1298757091940646,1339.1484375,5.611602814493421,0.001750254582484725,0.02169076014591697,0.07775322426648884,0.6264190360051952,0.33331724302065796,4.969340437789406,6.938389942654384,73780.41355721207,0.9958566185521819,0.8360622619477768,1.2067410254952187,6.546406750072738,0.02500363689263893,42373.50909090909,-4.253226558826772e-19,4.1350016389033314e-05,0.006668560188677034,8.46629044459917,43.164756860207376,-34.14670432171053,0.4298241728073009,0.01961845415288752,0.9847293898724532,0.01687354538401862,174.0,6.929163683690721,0.0006788207913110938,0.03733333333333333,0.018184463194646495
UoBBG_29.08.2024_20240828_220200.WAV,0.00026425732374620953,8.383008111060148e-09,1.8730028475487013,7.99420719907815,5.0,43.0049969315443,-43.97440315517607,-45.70830923049701,1.733906075320938,0.9609624611011596,0.00010581144964727507,0.03660541012842733,0.031364860746117995,0.003954944618624001,6.086666718334363,0.5919972986133131,297.1750547305576,0.16399301339526082,1.392324504514688,0.04036772389150335,0.05620497116562313,0.5813687574359434,0.5193871143026456,2.3025849431887013,0.00027889194755807977,0.1361006045323764,0.12606194765474169,0.1288951006864097,0.12957850687372707,1336.083984375,5.527078971383,0.0017006261516826693,0.022138509147102893,0.07579962566682832,0.6274217085081625,0.33332641264106927,5.391191233257625,6.993121559517441,75426.4159531353,0.996658507417167,0.8163447274390306,1.2059389994851772,1.0910677916787896,0.020987901270487826,42443.0,-2.992555698194172e-19,4.0171824960363875e-05,0.057674088029989835,3.1924107887640543,43.03921561684688,-34.106348688933465,0.3245275519967237,0.019709815799828733,0.992554303289203,0.018716058960434444,193.0,5.160410802422693,0.0005818463925523662,0.016,0.03636892638929299
UoBBG_29.08.2024_20240828_220300.WAV,0.0002649800266043499,9.467854526104059e-09,2.575813246394472,14.857945106316784,6.0,43.085716621713985,-43.89368346500639,-45.72886238147197,1.8351789164655798,0.9546664066231015,0.00011983734186693518,0.07596226913106774,0.07119253444894968,0.004469271893839721,13.627228035344235,1.8705981585876577,297.4180272851976,0.06251140502506153,1.133359286417202,0.04970626811928358,0.056335060566133355,0.6037378411734553,0.5295033375515269,2.2906854282478677,0.07412129799112374,0.1383958878867229,0.12699379203672986,0.12915795398617028,0.13006399415672582,1341.08984375,5.57785796353481,0.0017277134249830278,0.02195004441573481,0.07690074487754608,0.625536147891378,0.3333200487494163,5.065147005166409,6.953549936351285,74274.63973759998,0.9960753770176356,0.8347486497130426,1.2051153571323452,2.1821355833575793,0.02274952114246921,42482.03636363636,-2.8220271237678456e-19,4.082981392182347e-05,0.02110895807650369,5.98648269806099,43.10977400669766,-34.146601264811316,0.299820170698176,0.019618686924558697,0.993317828780159,0.018910007757951902,195.0,4.693960908349678,0.0005818463925523662,0.032,0.018184463194646495
UoBBG_29.08.2024_20240828_220400.WAV,0.00026617588672769746,1.1842105117173239e-08,4.217022301202673,35.840300070818344,5.0,43.24671930947203,-43.73268077724834,-45.722885287445514,1.9902045101971737,0.9397297514103502,9.088737732565466e-05,0.017887029490163853,0.013698170894287487,0.004112388946998613,10.483870018777907,1.1165013619748845,297.1714755852573,-0.07701708668170833,0.8569807524242756,0.06541687701110131,0.0560610044822199,0.6112003192577227,0.5265067205603572,2.2880138427580095,0.08273616195694551,0.139769825105874,0.12656386383473958,0.12949422493172613,0.12999693894869557,1340.3984375,5.671141382003395,0.0017809408641256913,0.02190466761248011,0.07771770429194956,0.6283260334606406,0.3332828670943044,4.39779684533206,6.859336536632647,71937.11026785774,0.9940461042556492,0.8579851370216663,1.2059565119869693,4.364271166715159,0.017123702841625447,42142.72727272727,4.124857021604488e-19,4.234687418586088e-05,0.01564667732074522,7.210223033727343,43.2682135861163,-34.11958037757266,0.3430264367904101,0.019679813621983382,0.9927596222844767,0.02026764934057409,209.0,4.998942791412753,0.0035880527540729248,0.02819047619047619,0.12729124236252545
UoBBG_29.08.2024_20240828_220500.WAV,0.0002646931499536962,9.696780577784205e-09,2.899008496917065,19.246805078838936,6.0,43.089909996443296,-43.889490090277086,-45.71221910159934,1.8227290113222523,0.9527779669131553,6.516814736334808e-05,0.012485815058125183,0.009713055378805846,0.0034077296787796696,8.735631471443424,0.776111145260698,297.0079476936029,0.049076179647353405,1.103217899472018,0.05088751353966862,0.05614001579658709,0.5957942452782669,0.5220214928050311,2.3021947255089175,0.013688389342638274,0.14065884330650114,0.12658486032832517,0.12901746342940168,0.12977512638201918,1338.111328125,5.5456508724794435,0.0018055656580351083,0.02168682686533222,0.07849914373181377,0.628396155309553,0.3333149750110022,4.903407632288946,6.941623352159883,74022.01768689706,0.9957887930459813,0.8369833923528905,1.204662725891164,5.4553389583939484,0.013903537484240131,42037.854545454546,-5.754025202437009e-20,4.154742657933103e-05,0.05899516873963751,3.3597170374825414,43.185441290345025,-34.09257688634114,0.3045452210451103,0.01974109123692368,0.9948548999063536,0.020655546935609,213.0,4.32031219718516,0.0031031807602792862,0.024380952380952378,0.12729124236252545
UoBBG_29.08.2024_20240828_220600.WAV,0.0002635404934269072,8.24185828134405e-09,1.8630705593913273,7.871266953167596,6.0,42.976055558051584,-44.003344528668784,-45.726695374146296,1.723350845477512,0.961398587625413,7.575856692465521e-05,0.013552374919497234,0.010431429930817915,0.004526123873161203,7.343715464098819,0.7585665132232295,296.924444458275,0.16987708451956368,1.4092817614154087,0.03996405014707813,0.056320606984567985,0.6596082014532716,0.5126293650012947,2.3025850782008157,9.549683037182177e-05,0.13628649015614394,0.12555203281052063,0.12873557592517565,0.12964594092474058,1336.779296875,5.488519595585623,0.001647019869556784,0.021714013481706495,0.07338426739815712,0.6276187815649634,0.3333265858029416,5.403860849624246,6.9958535097445695,75545.84360312064,0.9966808350388615,0.8170724176884558,1.2041224814415323,2.1821355833575793,0.014509686257395014,42488.36363636363,-2.448693604786413e-19,3.9890981970396556e-05,0.05542198047633928,2.974466615824911,43.0087472718664,-34.14272383053887,0.24709608364487679,0.01962744678150524,0.9959368364515304,0.013576415826221877,140.0,4.002671143152881,0.0,0.0,0.0
UoBBG_29.08.2024_20240828_220700.WAV,0.00026396241670995026,8.377531817015496e-09,1.9354172356388404,8.53342538029047,6.0,42.99603404709114,-43.98336603962923,-45.71270437372563,1.729338334096397,0.9607505490596107,6.860894657412242e-05,0.013062341007350264,0.010050743171359677,0.003907831177864307,11.157762716561493,1.2260610538208143,297.00463382702185,0.1580674335514523,1.37548715859327,0.040888127135817146,0.0562410938142455,0.6064000173165008,0.5150972959333879,2.30258495317733,0.0002837471186252216,0.138161510361103,0.12601695516848685,0.12828872531558255,0.12955293497235962,1335.8203125,5.4961651389592925,0.0016807368950635245,0.021507109707308847,0.07469850645611056,0.6274423308260768,0.33332607610551757,5.367450178468047,6.991784097384461,75420.98971393834,0.9966278761652622,0.8193583514777385,1.2034115154448746,3.273203375036369,0.014433917660750653,42415.854545454546,-2.7808142993688816e-20,4.0133151801533546e-05,0.050410568555359005,2.975733784598982,43.03503267789256,-34.11958721168877,0.22709061701906563,0.019679798137780393,0.9960517855420702,0.01347944142746315,139.0,3.96043125155096,0.0,0.0,0.0
UoBBG_29.08.2024_20240828_220800.WAV,0.0002654094786697764,9.736385533102776e-09,2.9090709588434316,19.232928678936613,7.0,43.11268313286164,-43.86671695385873,-45.69743212724034,1.8307151733816127,0.9527993396017947,0.00011931502280915218,0.028080902918642403,0.021140576159092483,0.004414381554201152,6.895859560513621,0.7564850636407378,296.9286528389897,0.04718014361460811,1.0990326624669435,0.05116252655166513,0.056229287774612224,0.6894178576550195,0.5231394144271584,2.301928318228242,0.017504575043328075,0.13983448097501053,0.12637489539246946,0.12939089639319953,0.1295646791048395,1335.94140625,5.565542785813245,0.0018076492944428281,0.021756940627617856,0.07878330352812803,0.6284298404086783,0.3333151351724309,4.907788864818581,6.94175719100737,74040.06347673126,0.9957896444153291,0.8372223164600876,1.2061873371325715,2.1821355833575793,0.021253091358743093,42112.74545454545,1.4790357490934378e-19,4.1249880044716196e-05,0.04215347586239283,3.261509554469113,43.15422689952766,-34.06602636431652,0.2840360380772182,0.019801526977076676,0.9950579763097823,0.021528316524437548,222.0,4.152262531576708,0.0018425135764158264,0.020266666666666665,0.09092231597323247
UoBBG_29.08.2024_20240828_220900.WAV,0.0002654214699197763,9.709547457199837e-09,2.7107948713500405,16.352959732425223,6.0,43.11157406636028,-43.867826020360084,-45.69858045931893,1.8307544389588486,0.9533817755679426,0.00010099154446474579,0.036408848644172376,0.03212030983203462,0.0037623289447412667,10.448474350834447,1.2840908819594787,297.2816389557246,0.04939896348127603,1.1039320631548732,0.051071171930547894,0.05637910419702699,0.6262591724136386,0.5303080805483205,2.2966957137690454,0.052087329313635244,0.1386302654123428,0.1269218040587222,0.12916701789305857,0.1298569564663951,1338.955078125,5.561969912314425,0.0018241289642129763,0.022152301918550124,0.08009754258608148,0.6276455610644857,0.3333182676842124,5.002240504815162,6.945467772830434,74047.78360177203,0.995940752007889,0.8362516171384053,1.2051015211094183,1.0910677916787896,0.017881388808069054,42142.03636363636,-3.4294957446280875e-20,4.1484169710554256e-05,0.014107161717647624,5.778645282570223,43.17882402279996,-34.07547251924243,0.2850505272661721,0.019780003952257562,0.9939037697148659,0.016776570985259892,173.0,4.730421347784763,0.0006788207913110938,0.03733333333333333,0.018184463194646495
UoBBG_29.08.2024_20240828_221000.WAV,0.00026396433123672224,8.210437133028019e-09,1.8433021014469448,7.665256228487961,5.0,42.98678321045081,-43.992616876269565,-45.708396539969684,1.7157796637001184,0.9616921097068949,8.562212039386896e-05,0.016412366040394977,0.01241762746871633,0.0038464549188884645,10.138938188578848,1.2104835315013251,297.09318779490854,0.1731047778409926,1.4186861241960484,0.03962819217944572,0.056219966371954005,0.6115220036575629,0.5147937778658077,2.302585055738291,0.00014749126866853146,0.1356884233666311,0.12624691676490027,0.12874101426930862,0.1294063227378528,1334.30859375,5.4902261259371485,0.0016695610270584813,0.021807825737210816,0.07441434665979632,0.6277145139867973,0.33332675793147265,5.416781286802304,6.997694539866022,75616.3649719878,0.9967005491534745,0.8165241027307883,1.204158066303183,0.0,0.01350575235185724,42530.89090909091,2.3163289468315764e-19,3.99985742441017e-05,0.0508804575089196,2.9900942303402305,43.020445111040935,-34.12937916164661,0.2531226790111134,0.01965762481689453,0.995800542769312,0.015128006206361521,156.0,4.115699713551468,0.0,0.0,0.0
UoBBG_29.08.2024_20240828_221100.WAV,0.0002647611454258063,9.240457740481714e-09,2.4861811307410013,13.862465458774746,4.0,43.06696264221789,-43.91243744450249,-45.72751611783539,1.8150786733329056,0.9558271854778131,7.014737727450981e-05,0.04192966398524478,0.03985643346874579,0.0038032462916067766,7.130513912884131,0.6370169341099081,297.02490823296273,0.07548059009778861,1.1632861123073066,0.048371825927692604,0.0562702733286313,0.6117516204946349,0.5301728404007414,2.295745565531546,0.0559062655320389,0.13693304884750915,0.12567301260689462,0.12877092516203997,0.1292972159586849,1333.18359375,5.582328789104408,0.0016993002012413928,0.021933724002372895,0.07523130607419981,0.6275825036043243,0.3333212751682759,5.113578120350728,6.9608434972818305,74516.41665974502,0.9961786225192026,0.8348382572658317,1.2048931276423906,0.0,0.015077950732227717,42453.69090909091,1.8749732406406288e-19,4.0737633484984894e-05,0.03152810231210214,5.516447113269424,43.09995796528061,-34.12963647333606,0.29884450042948174,0.0196570424860174,0.9938125710865788,0.01687354538401862,174.0,4.814621371688646,0.000969743987587277,0.026666666666666665,0.03636892638929299
UoBBG_29.08.2024_20240828_221200.WAV,0.0002637328822027399,8.308417312683855e-09,1.9024133691877438,8.23555616772464,6.0,42.98543614931066,-43.99396393740971,-45.71306470977072,1.7191007723610099,0.961068512816041,6.884393627515362e-05,0.012754760797650921,0.009917201660179176,0.0037398600380836866,7.42250359703318,1.0377141716470955,296.79367860193634,0.16256017683810045,1.3882313029354785,0.04053651042697164,0.05627405268649245,0.6426123992151864,0.5136600783025167,2.3025848114166223,0.0003777251476229537,0.13517117641353893,0.12600495717215227,0.1285352635829443,0.12936161926583262,1333.84765625,5.495857484796371,0.001767870781204539,0.021969281060499092,0.0788188235026673,0.6273155951848507,0.3333263156900658,5.384235412252542,6.993780327716266,75483.68579796731,0.9966529720058313,0.8185068570598744,1.2047866947908907,1.0910677916787896,0.012009322568131121,42400.61818181818,-4.790780566867342e-19,4.004054697068647e-05,0.05478316602524857,2.97846852003082,43.025000014928054,-34.14317144178503,0.2585248730922274,0.019626435343424477,0.9959447543921346,0.016679596586501165,172.0,3.9172592446015098,0.0,0.0,0.0
UoBBG_29.08.2024_20240828_221300.WAV,0.00026498039547540725,9.440467003299981e-09,2.5846983685952365,14.939835915400975,5.0,43.08423431370713,-43.895165773013254,-45.71579013075264,1.8206243577393835,0.9547622682010057,7.49485121470661e-05,0.08672616544726497,0.08278303416320698,0.0035182860533274907,12.271017664578498,1.5633267613392678,296.83477321169687,0.06546074158579167,1.140092010038979,0.049442161562515206,0.05636861335647991,0.6166195793957506,0.523496364598975,2.296704681784825,0.052100629167346924,0.13570458733391522,0.12602495383270995,0.12828691253420493,0.12933320604209098,1333.5546875,5.545853825219563,0.0017243038381340317,0.02182636614192946,0.07611930543768186,0.6266800275965696,0.33332003980701924,5.064810547933175,6.954148785887073,74309.44007987491,0.9960770539468139,0.8343253091687517,1.2042335100117176,1.0910677916787896,0.012444991998836193,42417.92727272727,3.561965537339044e-19,4.093891849072903e-05,0.020291216880791052,5.679929372952695,43.12136365446356,-34.13298823601299,0.27748080634896155,0.019649458573081275,0.9939127327526468,0.015224980605120248,157.0,4.8214430256658565,0.0005818463925523662,0.032,0.018184463194646495
UoBBG_29.08.2024_20240828_221400.WAV,0.0002636033011426499,8.19020289594695e-09,1.8049290389627681,7.33561188373966,7.0,42.97501872955066,-44.00438135716971,-45.73180469625186,1.7274233390821436,0.9617750544671256,0.0001075099560143844,0.023858565504559337,0.017940224282379402,0.0037567519001698857,7.566550000548823,1.1269741686844887,297.3102568788688,0.17585391418822707,1.4267542301435876,0.03937586160731871,0.05617967711379045,0.6373665129955892,0.5151201272742503,2.3025849666275104,0.0002646747922630865,0.13571266931755732,0.12627191259059736,0.12902199538284584,0.1298391508461837,1338.771484375,5.508125176638343,0.0017693861531374263,0.021767365526545214,0.07920954322259942,0.6273726731487574,0.3333269405790661,5.43086653301634,6.998220290785825,75606.9147454269,0.9967169934955238,0.8155122385611071,1.2052154681903737,1.0910677916787896,0.015930347444476772,42466.6,3.7829587947028773e-19,3.9940498129742506e-05,0.052480847055772044,2.9902460468483545,43.01413477000618,-34.146501748110936,0.2496656192561133,0.019618911702705154,0.995882356024069,0.016194724592707526,167.0,3.9128781716457874,0.0,0.0,0.0
UoBBG_29.08.2024_20240828_221500.WAV,0.0002637817323818915,8.34766528133542e-09,1.8831468521586503,8.052587847147237,5.0,42.98906106032825,-43.990339026392114,-45.72818558576984,1.7378465593777292,0.9609558611000087,9.585767217623609e-05,0.019935151348732583,0.015241123220207542,0.004028297559044214,8.557178035817692,1.109735955720488,296.876904225198,0.16494807821887297,1.3950606517186293,0.040286154563559336,0.05620162904067652,0.6132317743244964,0.5152793416430286,2.3025834609489237,0.0009361772133887669,0.13781398506449422,0.12639489205302712,0.12821802684185388,0.12947773464019008,1335.044921875,5.508173821704668,0.0017436248302783435,0.02199565376904431,0.07718490467386033,0.6266495786005627,0.3333263820776922,5.388987979125314,6.993078871254812,75435.41947543617,0.99665550775585,0.8167215318181019,1.204858730443262,1.0910677916787896,0.019832430171661333,42432.454545454544,-2.494847762723008e-19,4.008892747252853e-05,0.055737801901671526,3.0637473876258703,43.03024437418061,-34.15829834021699,0.29884593921867975,0.01959228515625,0.994615661547958,0.0171644685802948,177.0,4.597451830801912,0.0002909231962761831,0.016,0.018184463194646495
UoBBG_29.08.2024_20240828_221600.WAV,0.00026343108845248915,8.259955631938314e-09,1.84333333247857,7.644512656581166,5.0,42.97384393427186,-44.00555615244851,-45.722602466037195,1.717046313588682,0.9613303140131295,7.685321856765182e-05,0.015835728167685192,0.012249690731075957,0.0034066523712896757,12.219673985740979,1.1480233776572104,296.81446070283863,0.17133096271496542,1.4135087833770077,0.039695727512856015,0.056110259501962315,0.6158066121005837,0.5127683466616104,2.3025850819609404,8.210851789609563e-05,0.1366178514854686,0.12610294080888493,0.1285089782529682,0.1292223944694986,1332.412109375,5.48605593301934,0.0016290248278537484,0.021938983065545564,0.07274490785645005,0.6283254835717508,0.333326691617611,5.411763973635393,6.995430457165744,75512.31088334681,0.9966864485256541,0.8157418476059215,1.2046627721307988,2.1821355833575793,0.013164793666957619,42469.30909090909,-2.729298268870176e-20,3.989595627311258e-05,0.055850779737370085,2.9834052866025105,43.00928879213807,-34.1564649355844,0.26739743481345357,0.019596420646436286,0.9957523070205014,0.015612878200155158,161.0,4.167828932745675,0.0002909231962761831,0.016,0.018184463194646495
UoBBG_29.08.2024_20240828_221700.WAV,0.00026368782378696987,8.137059831508828e-09,1.8084516603152496,7.322994875450154,5.0,42.97453927026197,-44.004860816458404,-45.725940535329066,1.7210797188706621,0.9620131726224799,7.221553012537463e-05,0.012544309306801504,0.009744389724781644,0.0035626594760850283,9.68782234169208,0.8755581480656794,296.97369750943335,0.17718116221773345,1.430668706358954,0.03930902654564991,0.056238194156294746,0.6297964693029328,0.5136322621183637,2.30258507137027,0.00011047122248584174,0.13616526040151294,0.12559702529677544,0.12944346705315163,0.12992401167442535,1339.646484375,5.490977792499124,0.0017110443337212686,0.022005431973070616,0.07647450518307468,0.6269728653664566,0.33332700019188327,5.435550938306497,6.999710513388741,75682.52442073445,0.9967264617831275,0.8168565992759762,1.2041923672807648,1.0910677916787896,0.012369223402191834,42558.70909090909,4.125908369165686e-19,3.992637244997566e-05,0.04829041903576433,2.979252114993369,43.01259853732414,-34.146714990074585,0.2563995602393092,0.019618430056716457,0.9959535578847252,0.014546159813809155,150.0,4.061183759599502,0.0,0.0,0.0
UoBBG_29.08.2024_20240828_221800.WAV,0.00026397794168152387,8.196481024594089e-09,1.8069659915407452,7.320551766154784,5.0,42.98640567245688,-43.99299441426349,-45.71533699419932,1.7223425799358267,0.9618389512240013,7.41848455014793e-05,0.012858034559612985,0.010012582422253447,0.0039194038000641696,6.103536271674948,0.5001067012596241,296.83735574506164,0.17702417312835927,1.4302050372518893,0.03936658723149318,0.05630229135789745,0.6359922407630235,0.5141033278440857,2.302585068729658,0.00011488240355213008,0.13585814502311452,0.12623191926948202,0.1292014607392341,0.1296395005940258,1336.712890625,5.4948871183708015,0.0016845253248957426,0.021504383695008695,0.07526682604873908,0.6261574447589027,0.3333269640145831,5.432702876012377,6.998620282990201,75629.57724983442,0.9967197367712712,0.8159450365793482,1.203853772316413,2.1821355833575793,0.01365728954514596,42539.41818181818,-2.327052691955797e-19,4.00471027809296e-05,0.051418212933130404,2.982699024194488,43.02571102398581,-34.1158630557528,0.24180121247848518,0.019688237843368993,0.995841550535041,0.014546159813809155,150.0,4.065485311295584,0.0002909231962761831,0.016,0.018184463194646495
UoBBG_29.08.2024_20240828_221900.WAV,0.00026505033898660145,9.492872715484725e-09,2.599225887046035,15.009026607997706,5.0,43.08911008057553,-43.890290006144845,-45.720511990458796,1.8302219843139511,0.9545030588715268,9.397040894842945e-05,0.15857335253642824,0.15003732365217337,0.0039930530973443235,12.492821381144134,1.4970080370628946,297.1344519885856,0.05973304714594114,1.1270555068741472,0.05008273285380622,0.05644601986218907,0.6131808708599041,0.5246920700791035,2.2949258233317056,0.05968396147169486,0.13648853974719555,0.1271637636514702,0.12879539771063842,0.12978990125836487,1338.263671875,5.56180001685801,0.0017267663175249733,0.021882914837663754,0.07693626485208535,0.6260351215697539,0.33331990038303727,5.05959380167932,6.952522843483771,74256.77180808653,0.9960593739637763,0.8356301691101317,1.2045705704079888,0.0,0.014680165599844825,42447.781818181815,-3.553554756849459e-20,4.0933896800876686e-05,0.01538986606900263,6.385607353139878,43.12083090322307,-34.133096494394835,0.28908555566267324,0.019649213669516823,0.993360757335532,0.015321955003878975,158.0,4.98458311850093,0.0008727695888285493,0.024,0.03636892638929299
UoBBG_29.08.2024_20240828_222000.WAV,0.0002638647117038233,8.232967595849227e-09,1.8413737039023752,7.696786852382761,7.0,42.985107235038555,-43.99429285168182,-45.71352042628436,1.7192275746025416,0.9615776303713396,9.476193997060012e-05,0.022010041190313134,0.01673260875081528,0.003366518628999171,7.241198931690058,0.6466213350750192,297.067668689324,0.17173877157883416,1.414697116527362,0.03969593371003469,0.05615772295744739,0.594707484922976,0.5149166060765622,2.3025850694632033,9.803699388140074e-05,0.1350903565771183,0.12664984947513766,0.12944074788108517,0.12955672340219182,1335.859375,5.493671355542188,0.0017178635074192612,0.021793429420773662,0.07693626485208535,0.6264111001301168,0.333326704963861,5.412769713563129,6.996977734506862,75579.00269969762,0.9966953107160968,0.8162981459963123,1.2048285020740206,1.0910677916787896,0.014736992047328095,42481.763636363634,-2.646872620072248e-19,4.0055163488608646e-05,0.05206018599938087,2.9844182644501442,43.026585086865694,-34.14286272788137,0.26443165013868253,0.01962713291861794,0.9957849122573817,0.01803723816912335,186.0,3.9197021806442605,0.0005818463925523662,0.016,0.03636892638929299
UoBBG_29.08.2024_20240828_222100.WAV,0.00026388766689752963,8.156016696652649e-09,1.7898848115971344,7.185151531818582,7.0,42.98148912076594,-43.99791096595443,-45.721816154927765,1.7239051889733332,0.9620323350065129,0.00011283048274079999,0.024614864457033425,0.018456069690279908,0.004245561037180989,7.914298279938291,1.1639079612385328,296.99672296466315,0.17831212142769357,1.434014243309791,0.03923427835468478,0.05626251398659901,0.6105374081221303,0.5150715370029263,2.3025850516678696,0.0001414164677818519,0.13897779070895158,0.1259129725335869,0.12892591796982988,0.12963154489137813,1336.630859375,5.494554428148515,0.0016706975560081467,0.02174923412814038,0.07448538660887488,0.6270252385539722,0.33332707214118323,5.441263831498587,6.999833322055441,75670.33704030931,0.9967329239652991,0.8158488604434561,1.2045204600199628,0.0,0.015835636698671322,42533.472727272725,-3.014633996979331e-19,3.997370233103032e-05,0.04977709799109954,2.9846735457101747,43.01774374116324,-34.12948364124608,0.24991452503057587,0.019657388363462504,0.9958483547693175,0.01600077579519007,165.0,3.939434175524875,0.0,0.0,0.0
UoBBG_29.08.2024_20240828_222200.WAV,0.0002642088657115936,8.096585409544172e-09,1.7765065652433372,7.078835034365779,6.0,42.98763651067028,-43.99176357605009,-45.70942609452834,1.7176625184782495,0.962405394000885,8.53167946216482e-05,0.016138118934006074,0.012619146829826011,0.003766483228552331,5.1169515687316585,0.13827107176067857,297.1201555554487,0.184105826332842,1.4512982989089158,0.038835185061708584,0.05636143801787061,0.6235250198699418,0.5158559943066547,2.3025850767868743,9.575322844330713e-05,0.13701386868392976,0.1256260204545841,0.12885793866816764,0.12938094025797692,1334.046875,5.492772589151292,0.0016500506134225585,0.021667778361344536,0.07395258699078565,0.6264273952979182,0.33332719304991254,5.45101368423342,7.002170185280652,75768.432605401,0.9967520022463474,0.8155551942159129,1.20427239414699,0.0,0.013259504412763069,42588.98181818182,-4.013939853898092e-19,4.0014994806088715e-05,0.04673262907868069,2.9881085037566444,43.02222764858938,-34.106031283939416,0.22758002171673297,0.019710536060911235,0.9959074081146991,0.013576415826221877,140.0,4.061244272156545,0.0,0.0,0.0
UoBBG_29.08.2024_20240828_222300.WAV,0.00026359149885991494,8.140546246182884e-09,1.778737570375639,7.098294341998738,6.0,42.97189340328556,-44.00750668343481,-45.727936834007735,1.7204301505729234,0.962047071811271,7.733784358887608e-05,0.015124700447232908,0.011797529708895471,0.004014084560820863,6.489305467790335,0.7874273331878169,296.826189120046,0.18157731381674136,1.4437250259118137,0.03878414470939437,0.05599364032553792,0.6159025090667554,0.5132343977042999,2.302585051997709,0.00014883520149080453,0.13693304884750915,0.12602195433362628,0.1290546254476437,0.12955255612937638,1335.81640625,5.488274921729261,0.0016172806953738727,0.021463793172081913,0.07221210823836081,0.6263069209765711,0.33332711342162435,5.444571278670798,6.999927361165827,75664.87418547437,0.9967370945616842,0.8145531899971115,1.2041223154383935,1.0910677916787896,0.014055074677528853,42550.05454545454,3.600024319054414e-19,3.990982089942823e-05,0.05075960997435004,2.981164808258096,43.01079778834773,-34.173713026967086,0.2598432302248952,0.019557545471191408,0.9959067738372455,0.015224980605120248,157.0,4.013129805823835,0.0,0.0,0.0
UoBBG_29.08.2024_20240828_222400.WAV,0.0002636601669326828,8.111885417629952e-09,1.7908107964617817,7.21948697525024,6.0,42.97231550378311,-44.00708458293727,-45.72570240822206,1.7186178252847952,0.9621630646636723,8.378183966584185e-05,0.015985920043544488,0.012072453875735523,0.004023443574040719,11.565609666901238,1.1547383123750332,296.8459727764957,0.1810451201484454,1.442136983618101,0.03894847073938387,0.05616903010863293,0.6369104668314144,0.5131974766446086,2.3025850801900125,8.64751675441866e-05,0.1370785245530663,0.126179927952032,0.12903105928973413,0.12966886092522548,1337.015625,5.489262435553255,0.0016602793739695471,0.022092924321687097,0.07377498711808922,0.628864366145419,0.3333270760758123,5.44157813792779,7.000650953701351,75708.17933074564,0.9967371154072835,0.8156212742358125,1.2049333519106622,4.364271166715159,0.011156925855882068,42550.58181818182,2.0610617589726865e-19,3.9887255331615646e-05,0.05119340142140126,2.982964431174054,43.00834153247819,-34.13319059433463,0.23949074911839574,0.019649000797849713,0.9958926613521706,0.014643134212567882,151.0,4.096094648472313,0.0,0.0,0.0
UoBBG_29.08.2024_20240828_222500.WAV,0.00026488204373806707,9.344336818736063e-09,2.5148802585648804,14.248661747942403,6.0,43.076144291647964,-43.90325579507241,-45.72148925991296,1.8182334648405458,0.9553412759536869,7.160991387433757e-05,0.16005742889366692,0.1541732711059195,0.0032686225290130544,7.067723339008859,-0.001010050168149959,297.1184616188588,0.07027385908206082,1.1511710943454336,0.04907009279928897,0.056488072427389464,0.6201688520431382,0.530892581102411,2.2955329156016067,0.057507038712394376,0.13438722400025863,0.1263848937227483,0.1282325290928751,0.12933282719910777,1333.55078125,5.5582808033126945,0.0017030886310736109,0.021598943001443,0.07611930543768186,0.6284402121175721,0.3333207455069657,5.092084041837729,6.957791510748298,74404.58724708248,0.9961377111949821,0.8338831337262844,1.2056157760904864,7.637474541751527,0.016403901173504026,42471.12727272727,3.5388358909926862e-19,4.0865447978659576e-05,0.028672155445626298,6.46519893459649,43.11356264140503,-34.12924986509371,0.28377507499441634,0.01965791743885387,0.9936191284392122,0.01687354538401862,174.0,4.775858219836977,0.000969743987587277,0.026666666666666665,0.03636892638929299
UoBBG_29.08.2024_20240828_222600.WAV,0.00026411152175602926,8.641084331467568e-09,2.152900378286932,10.849209393127412,7.0,43.01503764507039,-43.96436244164998,-45.708487898169125,1.7441254565191429,0.9591435264249466,0.00011919427825879403,0.030621906594190507,0.02311898092269582,0.00444738656604593,13.993993714886098,1.6576629399386964,297.1295452668182,0.12873227703484197,1.295505672118167,0.04319555841739714,0.055960090940049625,0.6419969386088169,0.5185301804722584,2.302582023230149,0.001256821385027962,0.1366178514854686,0.1262559152621512,0.1284201519654629,0.1293631346377655,1333.86328125,5.514615730733929,0.001775637062360586,0.02200566467863778,0.07857018368089234,0.6260450670993567,0.33332423603034733,5.254460137433371,6.981678101741358,75136.2026172639,0.9964680090777808,0.8232915663269884,1.2051124385291856,4.364271166715159,0.023526149258073902,42081.090909090904,3.6778240385830706e-19,4.075142887032481e-05,0.05437863320569361,3.0025566430780426,43.10142841042083,-34.106193283435786,0.2809315006671085,0.019710168445471563,0.9955703147786497,0.01726144297905353,178.0,4.041826265994824,0.0002909231962761831,0.016,0.018184463194646495
UoBBG_29.08.2024_20240828_222700.WAV,0.00026371513012115244,8.148385479513529e-09,1.7892485126521087,7.2147643385487354,7.0,42.97597760208578,-44.0034224846346,-45.72883084410264,1.725408359468041,0.9620247429943978,0.00010786908239590609,0.025691224612653496,0.01966640483414117,0.004756676780764746,10.062072971682545,1.3838299056871708,297.01677945842647,0.18031235079166252,1.439953806711154,0.03900932158673611,0.05617162111604025,0.6451186238570075,0.5150797555918057,2.3025850730154533,0.00010963034120479165,0.13572883328484142,0.1266338521466915,0.12854614027121022,0.1296307872054117,1336.623046875,5.508665757035357,0.0017193788793521485,0.02151502976190476,0.07675866497938894,0.6292092829499957,0.33332704874008356,5.439398573482355,6.999785451441588,75665.76512570864,0.9967319294249523,0.8151012296127679,1.2058530702398382,0.0,0.01943464503927844,42545.145454545454,-3.1540426835941946e-20,3.9920270695006765e-05,0.05273088951991211,2.9917274080843317,43.01193477528889,-34.146572942482855,0.2637922916406481,0.019618750895875874,0.995617440695429,0.017067494181536073,176.0,4.116414363430094,0.0,0.0,0.0
UoBBG_29.08.2024_20240828_222800.WAV,0.00026310011521893,8.166311351354617e-09,1.8190791544770535,7.475939725974556,6.0,42.95883491503787,-44.02056517168249,-45.74429376657014,1.7237285948876462,0.9617117217128464,9.959280228732936e-05,0.019665594578011758,0.014509506054293908,0.00410162247717627,15.096762043107967,1.647068895716338,296.7394070351422,0.17563362754829503,1.426105754474075,0.03928096671762155,0.056018812677304713,0.6133912843409951,0.5110575104546333,2.3025850682774602,0.00012241402217316733,0.13875149516697377,0.12564001811697445,0.12899480366218094,0.12964783513965666,1336.798828125,5.49577408117937,0.001704225160023276,0.021949512080716126,0.0758351456413676,0.6279221309653856,0.3333268552222329,5.424234649136025,6.997821208965618,75599.54184111136,0.9967090967946369,0.8154018721863597,1.2045423246732547,2.1821355833575793,0.014490744108233925,42518.6,-3.5920340775893087e-19,3.975150135031161e-05,0.055835398491243644,2.989834193964963,42.99353535906767,-34.16002493033059,0.26327092891231985,0.01958839051217744,0.9955446609335722,0.016970519782777346,175.0,4.190600355354257,0.0,0.0,0.0
UoBBG_29.08.2024_20240828_222900.WAV,0.00026754652839227206,1.2845773183749926e-08,4.5142481639122565,39.826805394478576,6.0,43.336909055123485,-43.64249103159689,-45.47860300587453,1.8361119742776424,0.9346721756816447,0.00035615912762487767,0.7478324662258493,0.6823084583654851,0.003924302003308511,10.014871119248253,1.0996516702781154,296.86960691305933,-0.11379125650778783,0.7956686123312332,0.07063732781900825,0.05620390460453671,0.6466274460777378,0.5369320714340274,2.3024631794174457,0.007548527381381831,0.14484531083309085,0.12685981441099337,0.129106289716907,0.13003444440403453,1340.78515625,5.551746091521926,0.0019874102899815733,0.021931774499586488,0.08570969856328807,0.6299214300421904,0.33326787013941594,4.267705104759554,6.827436664560729,71053.87825835735,0.9933634306406736,0.8607439258080164,1.205336230733478,9.819610125109106,0.027712364222674812,41019.61818181818,-4.104040339892766e-19,4.28998255848831e-05,0.053289280000422344,3.0928490893517284,43.324555265046115,-33.893547361022804,0.24878842794601042,0.020198663399436257,0.9952473993846284,0.016291698991466253,168.0,4.1888789759302405,0.0008727695888285493,0.024,0.03636892638929299
UoBBG_29.08.2024_20240828_223000.WAV,0.0002670926657691578,1.2871385717170852e-08,4.555638398206199,39.68841233372688,6.0,43.32573006910131,-43.65367001761906,-45.50386851935067,1.8501985017316045,0.9341374559762959,7.378291791804159e-05,0.155916203685322,0.15208964424528992,0.003834387166375741,5.532871761697338,0.5414792288982578,296.68245122557306,-0.13098261038927572,0.7683737854392076,0.07332413491030862,0.05634034310508899,0.6241169755787801,0.5496921400962719,2.292870127891233,0.06704366969352726,0.1404163837972392,0.1258249872271331,0.12908091077761974,0.12924171546164293,1332.611328125,5.541334409819636,0.0018580354112113279,0.02200299425742138,0.08155386154219205,0.6269159970351137,0.33326877993134646,4.274702725132456,6.8240795447140705,70995.86915007156,0.9933197051780546,0.86748545397396,1.2044885025327607,7.637474541751527,0.022768463291630296,40897.63636363636,-2.911707070738041e-19,4.349217173802493e-05,0.03662894304269543,6.336812137749899,43.384110942666645,-33.94296189657879,0.3014945898509538,0.020084078268571334,0.9935178236466689,0.01474010861132661,152.0,4.962316680510159,0.0007757951900698216,0.042666666666666665,0.018184463194646495
UoBBG_29.08.2024_20240828_223100.WAV,0.0002638422697921163,8.18064700665347e-09,1.7878982969654267,7.1712758637231655,6.0,42.981526686597675,-43.9978734001227,-45.72188014660731,1.724006746484612,0.9619184780963714,9.72816217955641e-05,0.022008576348506947,0.01680057278645697,0.004464461569710143,6.258763641773758,0.6132279822532005,296.93475768512764,0.17988958915360687,1.4386960262288395,0.039048844795427376,0.05617941783600807,0.6514401023081139,0.5137666784696931,2.302585070380388,0.00011222317119283787,0.13808877250832444,0.12640589021633386,0.12916520511168092,0.1296135498496751,1336.4453125,5.500026917180073,0.0017174846644360392,0.021766228195823783,0.07611930543768186,0.6281022126756222,0.33332705140499413,5.439610637785798,6.999121087381252,75635.36429582797,0.9967290283465824,0.8146456586018296,1.2043552483131341,5.4553389583939484,0.018032926001357773,42531.92727272727,2.7149999420378827e-19,3.999426015703974e-05,0.05340518680209591,2.988096772461293,43.01997667303113,-34.13299006023679,0.26439391708362336,0.019649454446272415,0.9957995309785702,0.01764934057408844,182.0,3.893618969501516,0.0002909231962761831,0.016,0.018184463194646495
UoBBG_29.08.2024_20240828_223200.WAV,0.0002635820100982113,8.199668772905154e-09,1.8171378672519256,7.418316560624149,6.0,42.97492041289803,-44.004479673822345,-45.73259226079991,1.7281125869775664,0.961696099411881,0.00010968567206293134,0.02655276240075266,0.020343000677285783,0.003979322409061514,7.674322730838373,0.785167794394105,296.8954987055403,0.17618572839522165,1.4277316731889442,0.03935919598996507,0.05619437074612441,0.6350646736658231,0.5138852551335752,2.302585051822694,0.00015558051818072017,0.13688455694565677,0.12567101294083888,0.12849900795539107,0.12960521530404423,1336.359375,5.508659529898267,0.001756316070216274,0.02168850178603468,0.07796634411372454,0.6277784366943278,0.3333268856514506,5.426588800552756,6.997724341722228,75595.84129307144,0.9967102453805978,0.8154107959032552,1.204873710710791,3.273203375036369,0.01915051280186209,42511.472727272725,-2.616593810309744e-19,3.9900264014647385e-05,0.05395574914082672,2.992614296504235,43.009757693640715,-34.14677168693009,0.2675298071207095,0.01961830199848522,0.9956833954444918,0.016776570985259892,173.0,4.091308104585453,0.0002909231962761831,0.016,0.018184463194646495
UoBBG_29.08.2024_20240828_223300.WAV,0.00026416729491165835,8.26815666162079e-09,1.8141633644226258,7.411141365100854,7.0,42.995968786447605,-43.98343130027277,-45.71270982762443,1.72927852735166,0.9615668567076271,0.00010346279672424075,0.023629378210544227,0.01814020808796457,0.0037222425644312107,8.524047511286692,0.6981152355972847,297.1153358338713,0.1741773832693003,1.4218275928524235,0.03952507591756505,0.05619784354918081,0.633577203156362,0.5168698611926534,2.3025850753665718,0.00010519212959483326,0.13660168751818447,0.12648487702553673,0.12941990089524208,0.12997818622102608,1340.205078125,5.50394291896589,0.0017328278052565222,0.021730749760690015,0.07675866497938895,0.625556999010585,0.3333268552398798,5.424236011179748,6.996915756510543,75554.81010983784,0.9967056216578896,0.815106656768992,1.2048522648922009,7.637474541751527,0.02095001697216565,42539.43636363636,1.5509479222793852e-19,4.006484066531306e-05,0.049037801088317776,2.995326240798557,43.02763419925853,-34.14303196398028,0.25616933166555356,0.01962675050677675,0.9958087264004712,0.015709852598913887,162.0,4.059531083079957,0.0005818463925523662,0.032,0.018184463194646495
UoBBG_29.08.2024_20240828_223400.WAV,0.00026365084736222047,8.161672717815959e-09,1.7755029828670772,7.058147466156232,6.0,42.97482520620052,-44.00457488051985,-45.728386427240025,1.723811546720178,0.9619784110944678,9.053152329352443e-05,0.016680461962896298,0.012715278659607754,0.0036787645557238013,7.323431399028579,0.8949609869759872,296.77578745244693,0.17989245522927905,1.4387045488761403,0.03900601023334718,0.05611812435622587,0.6130020831206309,0.5126065717063824,2.302585063124968,0.00012737994925409167,0.13766850935893707,0.12589097620697345,0.12956039145201068,0.12943549364756085,1334.609375,5.496348659047516,0.0017080135898554943,0.02200134739817644,0.07562202579413191,0.6267119635851149,0.33332712272477033,5.44531969044581,6.999498387976109,75642.28006423716,0.996735794340355,0.8144192009848314,1.2042657938002672,5.4553389583939484,0.01356257879934051,42558.181818181816,4.0577810472000514e-19,3.9898035102581896e-05,0.05460914798236292,2.982730991835327,43.00951508089792,-34.142947021948586,0.2565286466093113,0.019626942443847658,0.9959088295752004,0.015128006206361521,156.0,4.0546642446190955,0.0002909231962761831,0.016,0.018184463194646495
UoBBG_29.08.2024_20240828_223500.WAV,0.00026421555591141157,8.85026857211586e-09,2.245454080367644,11.793032028723703,6.0,43.02964621508663,-43.949753871633746,-45.705187292389304,1.7554334207555584,0.9580275181278829,7.45128640581294e-05,0.014699750624118879,0.011460034741619496,0.0034585139338250137,5.84845120153855,0.37786992739427905,297.0970531216962,0.11833845325110436,1.2684441749500688,0.0441968844324865,0.05606128060932887,0.6368787442930061,0.5203950326808959,2.3025846103386627,0.0005067591275667027,0.13985872692593673,0.1259389681923119,0.12874554622275275,0.1296065412544855,1336.373046875,5.514082505591057,0.001742677722820289,0.021732568964204495,0.07654554513215325,0.6264159135555328,0.3333232498713566,5.203000807772318,6.974670573087761,74902.04942096367,0.9963779968128506,0.8243103122712128,1.2048680313327087,4.364271166715159,0.021253091358743093,41930.65454545454,-1.5307620491043824e-20,4.096710261353873e-05,0.05523692236607006,2.9963594904699247,43.124352496878714,-34.066146752004414,0.2677251906097453,0.019801252526947945,0.9956819338169041,0.01764934057408844,182.0,3.969974244208003,0.0010667183863460048,0.029333333333333333,0.03636892638929299
UoBBG_29.08.2024_20240828_223600.WAV,0.0002646673979738136,9.613365554004455e-09,2.6558613510271525,15.674383980724496,6.0,43.08462249841767,-43.89477758830269,-45.735686758035925,1.8409091697332371,0.9537020681058085,7.837372549679422e-05,0.17614348578986838,0.17046445789702291,0.0037371398204966155,6.460463873228986,0.35355572533336227,296.8390649551235,0.052008821735231345,1.1097242736592334,0.05077965665256538,0.056351417595433384,0.6150155941690272,0.526072801884057,2.288486107922196,0.0810364562515387,0.13757152555523225,0.12636989622733003,0.1284264967002847,0.12948265959897196,1335.095703125,5.567198027564055,0.001700436730191058,0.021707067871500348,0.07572858571774976,0.6244340264465315,0.3333189726844128,5.0262032586222425,6.947489488720178,74088.45437977569,0.9959872892080937,0.8362953332924191,1.204279978814008,2.1821355833575793,0.011554710988264959,42501.763636363634,3.3601068055890156e-20,4.0814750991599514e-05,0.005798286914112239,7.456723504631465,43.10817151238375,-34.156705301923886,0.30327517082311317,0.019595878358320756,0.9929127052436972,0.018619084561675717,192.0,4.820627818956948,0.000969743987587277,0.026666666666666665,0.03636892638929299
UoBBG_29.08.2024_20240828_223700.WAV,0.0002633115329416812,8.173534329639772e-09,1.7930281918407616,7.226285701882756,6.0,42.96548082492164,-44.013919261798726,-45.732951903833666,1.7190326420349393,0.961796121218211,8.292440933732603e-05,0.015618297839612438,0.012002467510305315,0.003781650244879531,11.3376713399531,1.385805060589173,296.93611064893054,0.1771833666765275,1.4306752185134102,0.03917212900485532,0.05604259422365687,0.5919775262301312,0.5117019456980023,2.3025850458114467,0.00016933685209270523,0.13597937477774547,0.1262639139263743,0.1290238081642235,0.12929778422315974,1333.189453125,5.4958582611195,0.001734911441664242,0.021908863933140732,0.07707834475024249,0.6252922550228266,0.33332699866043425,5.4354300453914535,6.998354303513833,75603.27014261771,0.9967221177371905,0.8149506850038452,1.2037343454742693,7.637474541751527,0.017729851614780332,42536.545454545456,1.6393662521761425e-19,3.980312811856726e-05,0.05594478016345927,2.9795181749841535,42.999172045171065,-34.1735196100209,0.271475697982261,0.019557980982462565,0.9957430987023371,0.018619084561675717,192.0,3.8981598667180966,0.0010667183863460048,0.029333333333333333,0.03636892638929299
UoBBG_29.08.2024_20240828_223800.WAV,0.00026364127342383685,8.184942778151889e-09,1.7794471311942688,7.127415722115972,7.0,42.97584391968071,-44.003556167039655,-45.73437360074519,1.730817433705532,0.9618707680214648,0.00011665635848667755,0.03080951252060582,0.024164783253312172,0.003637092991956248,13.389131989376216,1.8023094409612836,296.9142390632484,0.1813313020840237,1.4429906812013829,0.038884629016049575,0.05611015731213243,0.6353899761607038,0.5149920191684183,2.30258490982979,0.0003146956350736474,0.13311027058481234,0.12645088270258867,0.12932110431015964,0.12970826059548057,1337.421875,5.509397440162688,0.0017595362355736592,0.022062798746392494,0.0778597841901067,0.6291663861391917,0.33332706293947917,5.440529550481479,6.998823568071193,75611.89267622541,0.9967292398751427,0.8139843618228142,1.2050409886904012,7.637474541751527,0.024245950926195328,42533.81818181818,-1.5698721783809506e-19,3.989589599612623e-05,0.05520961617158449,3.09381001684599,43.00928223057526,-34.169960059578415,0.29195903753602437,0.019565997649684096,0.9948826703272788,0.017552366175329712,181.0,4.351266837080277,0.000969743987587277,0.026666666666666665,0.03636892638929299
UoBBG_29.08.2024_20240828_223900.WAV,0.0002639160609879625,8.323953770949193e-09,1.7986342977416125,7.290194100009959,6.0,42.99168923318645,-43.98771085353392,-45.730740748829916,1.7430298952959973,0.9612988347432914,0.00012659288193317408,0.3335093637414156,0.31023895282787195,0.0040360861534163295,5.6417242353213455,0.5053384439543716,297.18327362495285,0.17625131423620433,1.427924966151007,0.03928277714476386,0.05609285822475448,0.6315508591182143,0.5175731710321371,2.3025602346158265,0.0035074229653814016,0.1368037371092361,0.12639689171908292,0.12970903952497878,0.12992344340995055,1339.640625,5.525926400083904,0.00182488665017942,0.021849223679788372,0.08091450200048497,0.626460988268593,0.3333268612275493,5.42469837239707,6.995240903914957,75461.5661439047,0.9966999262015263,0.8127449453639979,1.205461768112304,8.728542333430317,0.025060463340122203,42477.72727272727,2.177551068753432e-19,4.005167045019006e-05,0.05866070636957684,3.0277025932520716,43.02620634082453,-34.160127964655786,0.2973950361947786,0.019588158150875206,0.9953995050448754,0.01900698215671063,196.0,4.112777966492883,0.0017455391776570986,0.024,0.07273785277858598
UoBBG_29.08.2024_20240828_224000.WAV,0.00026322878813989667,8.22863082905971e-09,1.8209351992849925,7.459651556727597,5.0,42.966126730164014,-44.01327335655636,-45.73453351020419,1.721260153647826,0.961467119065051,8.337104750810731e-05,0.01750656046018717,0.013415199453238325,0.003352755927570228,9.746270183616362,1.0466980719594268,296.6818026659033,0.17504072566347786,1.4243621015213273,0.0393632861957039,0.05606757304849826,0.6505779337772851,0.512008008060841,2.3025850592304384,0.00013964706254672167,0.13686031099473056,0.12562302095550043,0.1282497505159629,0.12933775215788962,1333.6015625,5.495108959502738,0.0016695610270584813,0.02202592074490052,0.07427226676163919,0.6291601964968966,0.3333268139638324,5.421060300175175,6.9962904813092806,75531.70334720892,0.9966995044544816,0.8150632506530703,1.2052692889803804,2.1821355833575793,0.015627273057899328,42493.27272727273,1.0650150794936397e-20,3.97996636234671e-05,0.05538134691989089,2.9908875191954944,42.99879401543804,-34.1431613737699,0.26452268031098924,0.019626458092891808,0.9956720607212716,0.01803723816912335,186.0,4.002883034792522,0.0003878975950349108,0.021333333333333333,0.018184463194646495
UoBBG_29.08.2024_20240828_224100.WAV,0.00026544534254720415,9.683248966448125e-09,2.6403429917998564,15.486242146181645,5.0,43.11083578819495,-43.86856429852543,-45.720464939453706,1.851900640928278,0.9536789649375849,7.676042418147677e-05,0.16376556604652004,0.15980885308678283,0.00347290464029848,7.345363731416955,0.5938161406081329,297.0484046405327,0.048613938710932704,1.1021960289076842,0.051120613668194245,0.056344937380407585,0.6252256725196921,0.5341791522821622,2.289654741805033,0.0779098199927816,0.13805644457375618,0.12654986617234923,0.1290917874658857,0.12964044770148384,1336.72265625,5.589046154035038,0.0017534747478421104,0.022017573979462565,0.07750458444471386,0.6277523900087345,0.3333190843122716,5.030105031180738,6.947348840202553,74071.05459813755,0.9959941291431376,0.8363196183399173,1.2051820062005034,10.910677916787897,0.018317058238774126,42502.490909090906,-1.8812813260078174e-19,4.110393450455262e-05,-0.011194298454579003,7.791530680676979,43.138833949133655,-34.133104264052584,0.2963070100229359,0.01964919609301018,0.9928487362654751,0.01813421256788208,187.0,4.869834090218001,0.0014546159813809156,0.026666666666666665,0.05455338958393949
UoBBG_29.08.2024_20240828_224200.WAV,0.00026366341278057705,8.153423302139582e-09,1.7835912836732346,7.121252957008386,6.0,42.974734431193866,-44.00466565552651,-45.728522489004824,1.7238568334783153,0.9619966674393574,8.006262101234451e-05,0.014314821652766319,0.011135450510904699,0.003893202474164026,8.12852563144335,0.7851474009815366,297.0793823664395,0.1822767493691553,1.4458152540692348,0.038771882264211674,0.05605697880657366,0.6064249409335398,0.5141495420844736,2.302585059069782,0.0001233767108372419,0.1351065205444024,0.12600495717215227,0.12978064438939632,0.1296429101808748,1336.748046875,5.502009366209415,0.0017358585491222967,0.021764851294372067,0.07729146459747818,0.6273593551063634,0.33332709389020254,5.443003666378922,6.9996113380700775,75655.39709668233,0.9967339457352874,0.8140304304350804,1.205869058813913,5.4553389583939484,0.015627273057899328,42552.181818181816,-2.2566124053555267e-19,3.9912178185620074e-05,0.05179139533719787,2.9843494184085237,43.01105429818148,-34.14477939015272,0.25851715238125905,0.019622802734375,0.995873324530446,0.015515903801396431,160.0,4.021821306439781,0.0004848719937936385,0.026666666666666665,0.018184463194646495
UoBBG_29.08.2024_20240828_224300.WAV,0.00026408633826245664,8.251040401496835e-09,1.8417689340062187,7.650101695478992,6.0,42.992635599649134,-43.98676448707123,-45.706792034983636,1.7200275479124087,0.9615525197896838,8.413138326179848e-05,0.01708423900463607,0.013090866212033703,0.0038451184881592715,6.575462672636862,0.8427436950778753,296.7267459377508,0.17041698583505635,1.410849747222941,0.03973394329475421,0.05605862385357465,0.620009302387656,0.5156763601119199,2.30258503017226,0.0001903876923503134,0.13496912682248732,0.12597296251525997,0.1283848027285985,0.1291409432281059,1331.572265625,5.489399000196084,0.0017606727645233247,0.02183159754019129,0.07839258380819593,0.6252420882417228,0.33332673407085195,5.414970185878031,6.996821189312579,75574.66852788029,0.996695486539991,0.8167097626647681,1.2045344270980924,0.0,0.014490744108233925,42518.92727272727,-7.407794916201566e-20,4.006355373676469e-05,0.04700319465943076,2.9818098481893758,43.02749469665863,-34.146639664386065,0.26488048564385025,0.019618600192214505,0.9959822035245208,0.015806826997672614,163.0,3.884786391137456,0.0,0.0,0.0
UoBBG_29.08.2024_20240828_224400.WAV,0.0002639943022166451,8.211304130889706e-09,1.8204866963240358,7.475068137562923,7.0,42.98771375485045,-43.99168633186992,-45.708703473255625,1.7170171413857034,0.9617525215051914,0.00013552017175277875,0.03330293544144769,0.024726870436691417,0.004415390484544535,17.564898378206355,2.1918742597851257,297.16106558593407,0.17421086928847823,1.4219257987529421,0.03954308302649886,0.056227329917608294,0.6787867662724977,0.5171278232251995,2.3025850751490484,9.657041849315817e-05,0.1354136359228009,0.1243612316743104,0.12935554715633518,0.12918621496460092,1332.0390625,5.506545504372932,0.0016623630103772672,0.02160881385742732,0.07413018686348205,0.6271625024893905,0.3333268671589222,5.425156808387147,6.998076489268554,75613.45148103361,0.9967106005922268,0.815966313640966,1.2046863693415937,2.1821355833575793,0.016820628455048007,42495.21818181818,1.9142936394294365e-19,3.9983268979157917e-05,0.05424983431289088,2.9925861594001133,43.018782985757895,-34.11937948145103,0.2519937308798603,0.01968026880206484,0.9958797227905564,0.016485647788983707,170.0,3.9300506238625763,0.0,0.0,0.0
UoBBG_29.08.2024_20240828_224500.WAV,0.00026382535075658423,8.223732162042222e-09,1.7907294374205578,7.196649641930991,7.0,42.983433168644176,-43.9959669180762,-45.71699827867717,1.7210313606009677,0.9617220216159327,0.00011978356524267042,0.028122433597358887,0.021124011805780052,0.0040199854438102145,9.686508158735815,1.1602717779917437,296.93810220357653,0.17973848757694955,1.4382467904558938,0.0390691490875397,0.05619107828099679,0.650893221429043,0.5142581122736974,2.302585074292362,0.00010160152820954948,0.13691688488022502,0.12560702362705428,0.12864040490284853,0.1292134916593929,1332.3203125,5.50759580125992,0.0016724023494326446,0.021985666009409478,0.07480506637972842,0.626682604815575,0.3333270002960082,5.435559159011035,6.997891094802976,75579.87111581245,0.9967202133239671,0.8141692760285849,1.2049479373349117,4.364271166715159,0.018336000387935213,42537.490909090906,-9.400098544671898e-20,3.993182883920836e-05,0.05259452977091858,2.996970794202384,43.01319200917807,-34.15639638843465,0.2817760532561522,0.01959657529773134,0.9956947389052311,0.017455391776570985,180.0,4.049462873610513,0.0,0.0,0.0
UoBBG_29.08.2024_20240828_224600.WAV,0.00026432005499976333,8.16722684700221e-09,1.7893277449653666,7.193803830472327,6.0,42.994844795434126,-43.98455529128625,-45.708167137154575,1.7236118458683265,0.96210147880477,0.00010027596361361635,0.01980776466628975,0.014796656889711879,0.00477184893885696,14.063464319611784,1.5581606154471017,297.1688722570702,0.18283589141893167,1.4474887956995803,0.03899685963597677,0.05644751739054559,0.6292780108269886,0.5162505687442571,2.3025850638516943,0.00012332805940680204,0.1368764749620147,0.12618492711717144,0.12918967766027933,0.1297802407622927,1338.1640625,5.4955260932126,0.001697595407816895,0.02201680346515772,0.07594170556498545,0.6245025742258615,0.33332707669925626,5.441627958080932,7.000265967596039,75689.74238186252,0.9967355276662949,0.815083987176538,1.203648199776152,3.273203375036369,0.015343140820482978,42568.545454545456,-3.533736855320876e-19,4.006670645475201e-05,0.04711478573365103,2.9916235193620397,43.027836442216994,-34.10615350600493,0.23957011325335742,0.019710258709300647,0.9958862980794952,0.014934057408844065,154.0,4.014188504555517,0.0,0.0,0.0
UoBBG_29.08.2024_20240828_224700.WAV,0.0002636600704865748,8.162682355733103e-09,1.7917305723506662,7.179971516658264,6.0,42.975153575201816,-44.00424651151856,-45.728333656092374,1.724087144573815,0.9619350029131001,7.670788072167145e-05,0.015011969944963899,0.011659445212470754,0.003530198612515467,8.44121002369451,0.7009924489818071,296.7868729731648,0.17836996739907843,1.4341856074428951,0.03911403181518521,0.05609678147840213,0.6263899427900874,0.5133353134021749,2.302585007694525,0.00021258954505327666,0.13457310962402613,0.12542805351506298,0.1293954283466437,0.12935025397633595,1333.73046875,5.493919604158491,0.0016822522669964115,0.022029251340605547,0.07498266625242483,0.6243133897746636,0.3333270552224539,5.439914574726615,6.999224172425993,75645.022929017,0.9967290201369169,0.8151565480603847,1.2038969641082127,1.0910677916787896,0.012179801910580932,42569.32727272727,3.738591927620319e-19,3.9897263997920415e-05,0.05243552302286284,2.985553048499816,43.00943114449984,-34.14686956894941,0.2611609570268456,0.019618080919439142,0.995739752669282,0.01590380139643134,164.0,4.061572019179562,0.0,0.0,0.0
UoBBG_29.08.2024_20240828_224800.WAV,0.0002648479508002348,9.911682751248598e-09,2.7875757224671336,17.046389436008198,6.0,43.10604506294446,-43.873355023775915,-45.730343131693445,1.8569881079175303,0.9520686317375269,8.373349164358945e-05,0.18538407395982848,0.17878198990893723,0.0040218704302189545,6.73208232501905,0.23579644856150994,297.0340995111328,0.029585795580949894,1.0609756028842587,0.05309751657749936,0.0563351696624693,0.5831028065182594,0.5306919271081809,2.2866748236490846,0.08601951847821834,0.13835547796851258,0.12636189756310698,0.12891232210949743,0.12954725232761127,1335.76171875,5.584917226444271,0.0017650294588303754,0.022002414720146787,0.0786412236299709,0.6283738703249049,0.3333170487554396,4.9633398754224975,6.9372217722948815,73773.85833477056,0.9958336252758261,0.8397681245045899,1.2047507207712056,4.364271166715159,0.01365728954514596,42382.799999999996,3.6313544763781164e-19,4.1008340839459546e-05,0.01427804670729853,8.039879483583515,43.12872198479297,-34.14250230483403,0.3140946443314476,0.01962794736804384,0.9926777580679973,0.017067494181536073,176.0,5.096810956095672,0.0006788207913110938,0.03733333333333333,0.018184463194646495
UoBBG_29.08.2024_20240828_224900.WAV,0.000263929882772973,8.351709353924158e-09,1.9255273402724247,8.456038480920386,7.0,42.99364102094565,-43.98575906577473,-45.705512100956796,1.719753035182066,0.9608810212011027,0.00010231005326644116,0.024318621938098417,0.01841127420174582,0.0036252493731142588,6.035254299841595,0.658585124063872,296.9304937480895,0.15820332180803312,1.3758706250726158,0.04088501493492242,0.056252491054614946,0.6193545143042388,0.5157297231487381,2.3025850700586483,0.00011369685474011959,0.13778973911356804,0.1257320027555398,0.12853798275501074,0.12914529992241294,1331.6171875,5.497407343503148,0.001675811936281641,0.021825735402792028,0.07487610632880698,0.6252321909574055,0.33332615684955685,5.373044365456844,6.9926023825401415,75448.39706776202,0.9966365094539341,0.8188230961309726,1.2040803258360615,4.364271166715159,0.019017917757734457,42420.23636363636,-3.696538025172396e-20,4.005993745161033e-05,0.05093143404378372,2.979498694584037,43.02710266863656,-34.142914726391666,0.25727855210627837,0.019627015420162316,0.9958789873339216,0.01638867339022498,169.0,3.9768319407647623,0.0,0.0,0.0
UoBBG_29.08.2024_20240828_225000.WAV,0.00026397502431197643,8.154943252013488e-09,1.7838216916537697,7.1374465344188,6.0,42.98400280702975,-43.99539727969061,-45.7187558312295,1.7233585515388938,0.96207503222454,0.0001258437550168967,0.029483715763267138,0.021975576266067498,0.0038707684605806536,8.480212275147633,1.3665256233485055,297.21581133802516,0.18073852799399448,1.4412230628921108,0.038906503784045574,0.056072950550065656,0.6737771396798687,0.5159400334198269,2.302585064727924,0.00012159176845703002,0.13593088287589306,0.1256620144435879,0.12921686938094423,0.12957130885704587,1336.009765625,5.505723311650467,0.0016600899524779362,0.02151145870911496,0.07427226676163919,0.6274231066386664,0.33332710246713404,5.443691454678121,7.000101518604269,75677.45397192061,0.9967365682278828,0.8150015459099879,1.2052318515614,4.364271166715159,0.021120496314615458,42605.36363636363,3.256654205567126e-19,3.997157000317689e-05,0.05274820452384833,2.991638289807603,43.01751206812155,-34.13331754272186,0.2698532172148731,0.019648713620503744,0.9956768620673606,0.01813421256788208,187.0,3.9972961149963906,0.0002909231962761831,0.016,0.018184463194646495
UoBBG_29.08.2024_20240828_225100.WAV,0.0002638759769129423,8.292927272299305e-09,1.81776421353888,7.410918210475181,6.0,42.98878189166847,-43.99061819505191,-45.71093156176416,1.7203133667122543,0.9613686574957446,8.322830639428958e-05,0.01704821712382154,0.013242627153981723,0.0037080148943756663,5.643214080699961,0.49494354319275363,296.885959540474,0.17161239570470094,1.4143287389016157,0.03968902847474441,0.05613333359091558,0.5829709902696897,0.5139690693300556,2.3025848453837847,0.00037723263214957116,0.13467009342773087,0.12650687335215022,0.12886065784023415,0.12944648009407428,1334.72265625,5.496467380674223,0.001624289290563476,0.021694330221100393,0.07231866816197866,0.6291977602950045,0.33332681896464655,5.421443982452948,6.995675128253115,75501.90729104172,0.9966972636446172,0.8152887872490663,1.2048126408169084,1.0910677916787896,0.014282380467461935,42545.781818181815,-1.0591275331509305e-19,4.001086256222527e-05,0.053730905851360575,2.993947702204196,43.0217791408774,-34.13301001941639,0.26593306777569126,0.01964940929412842,0.995641679718199,0.015612878200155158,161.0,4.228139457830224,0.0,0.0,0.0
UoBBG_29.08.2024_20240828_225200.WAV,0.0002642169290935653,8.400226005297318e-09,1.9115362245461436,8.320742482806269,6.0,43.00476762407105,-43.97463246264931,-45.70623483146452,1.73160236881521,0.9607812162911885,7.957515024703543e-05,0.01524071169348773,0.011810184489224884,0.003368177514779358,7.335720819936805,0.5583538574214532,296.9619947596834,0.159973534443158,1.380877367565113,0.040659939792496706,0.05614639062601884,0.6486408178031958,0.5172270529063154,2.302583996963949,0.000759651148171514,0.1383958878867229,0.12621092277589643,0.12949422493172613,0.12982740671370382,1338.650390625,5.49617861845107,0.0016866089613034622,0.021812402705235583,0.07512474615058196,0.6268170514524368,0.3333261993808162,5.376016419119412,6.991980362587661,75408.52438831968,0.996637657341882,0.8173475842334653,1.2056143253095222,1.0910677916787896,0.015475735864610611,42449.94545454545,4.462760127773546e-19,4.016541800490552e-05,0.05213360756506988,2.986064777787342,43.038522910623826,-34.11602296417057,0.2594287456035502,0.01968787538355047,0.9958850954977859,0.014934057408844065,154.0,3.9765612595626543,0.0,0.0,0.0
UoBBG_29.08.2024_20240828_225300.WAV,0.00026456030190144,8.318933796844526e-09,1.8335194306246678,7.554628215419672,5.0,43.01033222669126,-43.969067860029114,-45.695771894075925,1.7267040340468114,0.9614047574026772,8.66257840876905e-05,0.016453764319766417,0.012839048345180681,0.004001005551376835,7.053756792804565,0.5643656372471015,296.9577722251764,0.17189720270797149,1.4151590920115014,0.039820331145057106,0.05635210366683632,0.6283883144285788,0.5179079723094703,2.302585062502416,0.00013398086828573242,0.13625416222157566,0.1254650473370947,0.1287872401944389,0.12969651646300068,1337.30078125,5.496851049792006,0.0017729851614780331,0.02207125297163865,0.07931610314621726,0.6276269935369186,0.33332675319557814,5.416421294368528,6.9958981767870965,75525.82870322758,0.9966930214422075,0.8155030808032181,1.2052913106889784,4.364271166715159,0.01356257879934051,42556.30909090909,3.9816634837693113e-19,4.020545662140514e-05,0.04796657006815303,2.989269972469069,43.0428499884933,-34.102379439439964,0.2485853749100997,0.019718824785405938,0.9957718427064363,0.015709852598913887,162.0,4.097682599060201,0.0,0.0,0.0
UoBBG_29.08.2024_20240828_225400.WAV,0.00026391713745144564,8.188541902021007e-09,1.812977516097147,7.377992421478608,6.0,42.984172455170004,-43.99522763155037,-45.70946079906225,1.7142331675118783,0.9618429994565718,7.768488619042113e-05,0.01564009535108024,0.011940396274896514,0.004106377914028125,12.479818281978137,1.3532066327564638,296.81062008092147,0.17612374638092804,1.427549029620074,0.03934886371079222,0.05617243220699397,0.6332759119938532,0.5135278663471496,2.3025850584222045,0.00014378474362448658,0.13787864093363075,0.1269398010532241,0.12873195036242033,0.12949838158277566,1335.2578125,5.4815231907256265,0.0016881243332363496,0.02192670491409208,0.07576410569228903,0.6280235281498898,0.33332693403595587,5.430355034866997,6.9986445047621535,75635.80107801009,0.996717702328012,0.8159655245494482,1.203386056224592,2.1821355833575793,0.012539702744641645,42577.01818181818,-2.418309660267789e-19,3.9983261956391074e-05,0.05066942744980418,2.9827424603722967,43.01878222295154,-34.133241857896685,0.25110858574378625,0.01964888483105284,0.9958423927966432,0.013770364623739333,142.0,4.207724013610082,0.0,0.0,0.0
UoBBG_29.08.2024_20240828_225500.WAV,0.0002635679482906166,8.20978682793512e-09,1.8349173406370873,7.589726480225112,6.0,42.97507167214958,-44.00432841457079,-45.73002713206872,1.7256987174979272,0.9616080778220125,8.331490374635653e-05,0.018014414962203795,0.013865513657194906,0.003910837173316195,10.650111479622048,0.9640135210760866,297.11613856348947,0.17219453327806553,1.4160265671111032,0.03962627493447747,0.05611185806286889,0.6059608382289096,0.5131949881935298,2.3025850608974165,0.00014041947705614177,0.13468625739501505,0.12632190424199158,0.12950691440136974,0.12990506952526426,1339.451171875,5.500622286401718,0.0017316912763068568,0.021535139723196123,0.0774335444956353,0.6286285932124496,0.3333267790986513,5.418393456107203,6.99717010769414,75584.5810998242,0.996700099638864,0.8161503262028201,1.204789248253186,2.1821355833575793,0.013051140771991076,42522.38181818181,-4.1078251911130794e-19,3.98832061878378e-05,0.05594064027143979,2.9828764306552213,43.00790063724776,-34.16978141013419,0.28256571411630205,0.019566400082906086,0.9956927075773109,0.018231186966640806,188.0,3.971537743586819,0.0,0.0,0.0
UoBBG_29.08.2024_20240828_225600.WAV,0.000265502565532367,9.565368280560078e-09,2.6119824385245742,15.328358187481442,7.0,43.10609175950607,-43.8733083272143,-45.711631373415365,1.8383230462010616,0.9543088245739969,0.0001100867457319854,0.17122736380024495,0.16594984986964667,0.004340714694942349,15.330952503437361,2.2112779803061646,296.976592177841,0.058629821872715884,1.1245627346924272,0.05011002328675832,0.056351864822858144,0.6472405307613455,0.5345119233967323,2.29155613971191,0.07181511206522177,0.1366340154527527,0.12581298923079848,0.12876639320859584,0.129282062239356,1333.02734375,5.576792013273076,0.00169664830035884,0.021907195646216363,0.07562202579413191,0.6275869157363241,0.3333194331557732,5.04249832756622,6.9512997150236195,74209.33275448183,0.9960369885706972,0.8346825554684825,1.2043939136123707,2.1821355833575793,0.014983239986422267,42529.65454545454,3.3372399961329574e-19,4.115167815384265e-05,0.0173023649404096,7.774559994776257,43.143875503160416,-34.11962361192968,0.2986492196690662,0.019679715665181476,0.9930088086015368,0.016970519782777346,175.0,4.944827720538216,0.0007757951900698216,0.042666666666666665,0.018184463194646495
UoBBG_29.08.2024_20240828_225700.WAV,0.00026403491232145906,8.256437632242202e-09,1.792529060306146,7.150642335051094,6.0,42.99142364000666,-43.987976446713716,-45.72294696028219,1.73497051356847,0.961624228270233,9.952193308726542e-05,0.028729303982849563,0.02413588442311443,0.0037064548213490145,8.568301777431621,0.6804064345980438,297.30105909433365,0.17838318222010388,1.434224758694974,0.03908121183017835,0.0560512416066447,0.5860226643903764,0.5184919330835873,2.3025843394738206,0.000641230023797057,0.13862218342870075,0.125937968359284,0.1292494994457421,0.1301852239113568,1342.33984375,5.518199655478494,0.0017671130952380952,0.02202466930760516,0.07860570365543162,0.6271590008948256,0.33332700906208007,5.436251729096422,6.997279628777182,75557.05545112609,0.9967174054850193,0.8139112791961299,1.204784982442682,5.4553389583939484,0.020154446707399864,42522.58181818182,-2.6430877688519352e-19,4.0047890849462054e-05,0.05405624719336082,3.052060033724782,43.025796485960264,-34.133187004568015,0.28096371394000386,0.019649008918531014,0.9950209517769629,0.0160977501939488,166.0,4.5259559427111045,0.0006788207913110938,0.018666666666666665,0.03636892638929299
UoBBG_29.08.2024_20240828_225800.WAV,0.00026445627353757176,8.269684610458985e-09,1.8459602162283686,7.652243034910767,5.0,43.004545148122034,-43.974854938598334,-45.69781990260844,1.722964964010103,0.9615575915973894,7.787580837270713e-05,0.015720740135712896,0.012261134025805198,0.003828406650671412,6.969838053748942,0.6722216265423505,296.77140449041354,0.1709166300746921,1.412302637526284,0.039867511727749695,0.05630499196471095,0.6127622162371962,0.5165226641052625,2.3025846359734192,0.0005091398935972435,0.137660427375295,0.1263598978970512,0.1289105093281198,0.12951201993017164,1335.3984375,5.4912382686930785,0.00167770615119775,0.02173890078222833,0.07444986663433559,0.6243012785581815,0.3333267403781716,5.415448295039606,6.996852669169949,75581.7028620407,0.996695160594543,0.8166239085109642,1.2047583807459363,3.273203375036369,0.012748066385413637,42550.61818181818,2.6054495261610447e-19,4.0169786106166464e-05,0.04653179026007711,2.990658481302925,43.03899519230826,-34.115814625586566,0.2654792119810736,0.019688347619952577,0.9956143735285413,0.01638867339022498,169.0,4.143419058545693,0.0,0.0,0.0
UoBBG_29.08.2024_20240828_225900.WAV,0.0002640192586954253,8.249996275543206e-09,1.8254344919286638,7.437049683455638,6.0,42.99060437123978,-43.988795715480585,-45.71527994977519,1.7264842342946025,0.9615688153297904,8.075560830222983e-05,0.013726719172896917,0.010660439979018888,0.00393404154843402,5.319299239943377,0.1665997726724515,296.99903671835136,0.17330053941723123,1.4192588665657668,0.03952278170789284,0.05609305837027022,0.6400810746791183,0.515964569709196,2.3025848858728546,0.00034119919200410466,0.13679565512559402,0.12615793162541855,0.12882530860336977,0.1295633531543982,1335.927734375,5.49738312391794,0.0016875560687615169,0.021961155388388845,0.074627466507032,0.6266778431279848,0.33332685552565416,5.424258068643209,6.996927031002098,75569.54727068043,0.9967037330481299,0.8156604251667998,1.2051652032678275,1.0910677916787896,0.011270578750848609,42531.58181818182,-3.906912672168129e-19,4.003331332623809e-05,0.05142141826270114,2.9797230611923404,43.02421535639782,-34.133409958717294,0.25317268964930406,0.019648504563533897,0.9958255984512607,0.015224980605120248,157.0,4.071923304118954,0.0,0.0,0.0
UoBBG_29.08.2024_20240828_230000.WAV,0.00026450507589746665,8.310775555356037e-09,1.8788266369987818,7.966870513499984,6.0,43.00825892604652,-43.97114116067385,-45.68774142315305,1.7166002624791972,0.9613169505606247,7.083847481659244e-05,0.01462918111791811,0.011371763473435381,0.0039488903031463796,8.3765507833142,0.8297966205880275,296.84332480581645,0.16580172028439222,1.3975115372832387,0.04019299768434042,0.05617017798186423,0.6657980041477595,0.5167036897061213,2.3025848789152112,0.00035635321960736377,0.1366420974363948,0.12627491208968103,0.1288833176074549,0.12926709794151875,1332.873046875,5.488610135855845,0.0017131279701289885,0.02190548822577376,0.07640346523399613,0.6256672570135334,0.3333265188817983,5.398926343238362,6.995340390418321,75539.30622684785,0.9966732211131388,0.8174125486173957,1.203940946090468,2.1821355833575793,0.015835636698671322,42557.109090909085,4.620882800977735e-19,4.0194479242569215e-05,0.04744100173853156,2.9819736647723305,43.041664063397064,-34.11580698357425,0.2463437392576111,0.01968836494214607,0.9959712502213589,0.015128006206361521,156.0,4.0165709657715585,0.0,0.0,0.0
UoBBG_29.08.2024_20240828_230100.WAV,0.00026363000981148436,8.327821860538695e-09,1.9258364427138468,8.466186277185239,6.0,42.983492099217706,-43.995907987502676,-45.72661704462001,1.7307090571173376,0.9609009377574695,8.353662080273772e-05,0.01493009206870044,0.011302614724176707,0.0041625639480855625,14.607822555820574,1.6202006475567328,296.8017282024686,0.15985594982590134,1.3805441454778504,0.040580143444086704,0.05602267945438527,0.6267616113253546,0.5128298999135166,2.3025579653702977,0.0037321662171057924,0.13772508324443153,0.12595396568773018,0.12909178746588576,0.12947034720201725,1334.96875,5.495895417992119,0.0017405940864125692,0.02188256741774839,0.07736250454655674,0.6278488448772821,0.3333261466071822,5.372331267448418,6.992726919831835,75454.9303651764,0.9966371027538385,0.8186333840778435,1.2038225240942713,1.0910677916787896,0.014983239986422267,42450.72727272727,2.1069005126409222e-20,4.000004467684112e-05,0.05082193500341793,2.987865587863427,43.02060476400331,-34.129159906699286,0.23519530451758186,0.019658121033870813,0.9958929046802365,0.013770364623739333,142.0,4.107959676019654,0.0005818463925523662,0.016,0.03636892638929299
UoBBG_29.08.2024_20240828_230200.WAV,0.0002642587466935453,8.278061634158944e-09,1.8720483753143264,7.964243044040093,7.0,42.99920759881641,-43.98019248790395,-45.70150763986473,1.7213151519607806,0.9614159190806489,0.0001095977740366294,0.026254886877926098,0.019908220176213298,0.0036063143321954927,7.486345385404365,0.7824183901910042,297.12064377376896,0.16785392513116704,1.4034241828458422,0.040034156199752244,0.056184902950560105,0.6504530511178673,0.5170162341939407,2.302582004438976,0.0012905315793581452,0.13599553874502956,0.12568701026928503,0.12900658674113571,0.12932354554601883,1333.455078125,5.505463136497786,0.001727713424983028,0.021914321903774236,0.07722042464839962,0.6262416084515106,0.3333265347250752,5.400090172990193,6.99596021934058,75558.30554128179,0.9966780676554844,0.8171079146796618,1.2049120903641835,1.0910677916787896,0.013486810202696148,42511.58181818182,3.687338734011913e-19,4.0155553795753786e-05,0.04841355579160413,2.9898845992377105,43.037456197527995,-34.11959730088456,0.2577437799571882,0.01967977527849602,0.9957322225596629,0.01726144297905353,178.0,3.9805592941420564,0.0002909231962761831,0.016,0.018184463194646495
UoBBG_29.08.2024_20240828_230300.WAV,0.0002672256718428218,1.271168755467861e-08,4.615721127120028,40.925217469228414,6.0,43.321156728950115,-43.65824335777026,-45.68283214811947,2.0245887903492132,0.9348119376660462,9.368906384810138e-05,0.020590873194774817,0.015889900154545056,0.004055382363290616,7.049727747100862,0.8616238233940472,296.92039029681297,-0.11364656535192867,0.7959019155848343,0.07069560428631043,0.05626676687490189,0.6294000069493555,0.536046795594931,2.2939664227481265,0.06311776769417624,0.1412407461287298,0.1263518992328281,0.1287265120182873,0.12960710951896035,1336.37890625,5.6503164641202686,0.001897435081466395,0.02179071128240308,0.08190906128758486,0.6285468750796047,0.33326779643159,4.267142449951324,6.828286724732957,71181.24921067171,0.9933198180224054,0.8634638386663042,1.205107282404187,2.1821355833575793,0.021347802104548542,42020.56363636364,2.549307566393068e-19,4.3020468471347514e-05,0.04980287698505058,6.167263629717557,43.3367513532651,-34.06612371331664,0.33066838556020883,0.019801305048393482,0.9930216187279234,0.019588828549262995,202.0,5.06038460232531,0.002909231962761831,0.032,0.09092231597323247
UoBBG_29.08.2024_20240828_230400.WAV,0.00028885751674615824,1.3897880508914282e-08,2.1922552355879046,10.944835025489631,15.0,43.95485898555605,-43.024541101164324,-45.69134779531587,2.6668066941515463,0.9463903054223157,0.012694189732855521,0.34329459758892267,0.21061589843478634,0.0035288483213516963,11.685455436354873,1.2977486958601894,298.77882408295557,0.19089530902476007,1.4718680070799435,0.05610203399713551,0.08257478897249508,0.6966742717854811,0.7620109874750172,2.2913556312826073,0.0727401660624647,0.13897779070895164,0.12595596535378592,0.12942080728593092,0.12967170224759966,1337.044921875,7.624604961654747,0.0017896542527397925,0.02211952597560087,0.07803738406280311,0.6257901890766006,0.3333198037303082,5.056009083944228,6.90180396121638,71584.8235567301,0.995841674509257,0.796858283175652,1.2181670626745464,5.4553389583939484,0.029644463437106007,42291.63636363636,-5.261258600503477e-19,5.2555585775103114e-05,1.588375828460297,2186.16876674692,44.20618881018594,-34.10611360140413,1.6620385680795167,0.01971034926212195,0.8110088193072404,0.018716058960434444,193.0,13.805247895996198,0.0017455391776570986,0.024,0.07273785277858598
UoBBG_29.08.2024_20240828_230500.WAV,0.00026401919250173167,8.399669234979363e-09,1.9180173137325136,8.320856681086683,6.0,42.99893272709819,-43.980467359622175,-45.70992770339118,1.7294603437690057,0.9607055489313506,7.711636231022556e-05,0.014235499658988182,0.011066814653577617,0.0036907959644175703,5.9389455114741825,0.38147181915291056,296.94139978133904,0.15933354138511896,1.3790648235154854,0.040707949798960905,0.05613890160518126,0.6219832406557401,0.5156079963918185,2.3025846578813987,0.0004913828939681509,0.13879998706882615,0.12651787151545693,0.12885793866816764,0.1295091786077975,1335.369140625,5.5019004123034545,0.0017144539205702649,0.021443605176320928,0.0760482654886033,0.6273840965031826,0.33332618915203155,5.3753000239265605,6.99150638922759,75395.91326697731,0.9966337959047862,0.8178423253641878,1.2046945030147436,1.0910677916787896,0.015475735864610611,42440.38181818181,-2.1106853638612352e-19,4.0139540860227525e-05,0.05158147667442924,2.988298127813199,43.03572400463125,-34.119707333828,0.2717958002689187,0.019679525976470023,0.9957372735385102,0.017552366175329712,181.0,4.020203576992659,0.0,0.0,0.0
UoBBG_29.08.2024_20240828_230600.WAV,0.0002636974753371914,8.406099723132701e-09,1.9585751777132574,8.743391175307163,6.0,42.9898406850719,-43.98955940164847,-45.71813506467865,1.7285756630301776,0.9604957540098373,8.140070497708596e-05,0.016086352461299414,0.012306794540273502,0.003907101443886729,7.18969374667061,0.8768112423518348,296.93859456735197,0.15418306290349132,1.3645778563686977,0.04103017926576329,0.05598887406889866,0.6169667897651934,0.5133416622305179,2.3025830130573466,0.0010514729414062174,0.13827465813209194,0.12619092611533875,0.12880174244546022,0.12946333860682763,1334.896484375,5.497999612963338,0.0017837821864998544,0.021870606112148805,0.07931610314621726,0.6269937204175696,0.33332589620302644,5.355206603148968,6.990184947878769,75368.2533959823,0.9966087477531039,0.8188758526912246,1.2039978068148232,2.1821355833575793,0.015854578847832413,42444.69090909091,2.7522176457042945e-19,4.003363187480659e-05,0.054672860792420105,2.9856213776013765,43.02424991345134,-34.11979211777269,0.2635047179566641,0.019679333883343322,0.9956619787810783,0.017358417377812258,179.0,4.018115289954483,0.0002909231962761831,0.016,0.018184463194646495
UoBBG_29.08.2024_20240828_230700.WAV,0.00026528995004519213,9.360599631375253e-09,2.63914784820894,16.24282103667789,6.0,43.088827001694796,-43.890573085025586,-45.689925096212434,1.7993520111868477,0.9551387045147678,7.904940381997516e-05,0.016847185603740322,0.013041477386099398,0.0038610066164821433,6.133952294903832,0.5419144198356801,296.9423031270823,0.07919884318893593,1.1720215979380801,0.04799538241855723,0.05625162479584667,0.6422420837298667,0.5203120076269101,2.3022652495727223,0.012185315020534836,0.13987489089322083,0.12581998806199365,0.1286186515263166,0.12954876769954415,1335.77734375,5.534991074172735,0.001798746484337116,0.021735449641126996,0.07892538342628516,0.6289902553794894,0.3333187863038572,5.019755728118844,6.956483175587209,74432.94958461348,0.9960504581103121,0.8315192621798375,1.204833942457527,3.273203375036369,0.016214479681893122,42321.89090909091,2.4244074761227375e-19,4.1071413754550695e-05,0.05893749611235633,3.229632528877838,43.13539652335823,-34.092928992485454,0.2680723615152445,0.01974029099435517,0.9954027224033017,0.01687354538401862,174.0,4.260385231657685,0.0017455391776570986,0.024,0.07273785277858598
UoBBG_29.08.2024_20240828_230800.WAV,0.00026411627880906547,8.13906280603921e-09,1.7626285374898714,6.941297920921921,7.0,42.987277556094256,-43.99212253062612,-45.70775967418772,1.715637143561601,0.9622288309044168,0.00011492387842049201,0.028406569900119805,0.02125377356594982,0.004091028110261963,11.090648954103424,1.2455478064263645,296.79279910880985,0.1851773956635436,1.4545219896405333,0.03864400248852843,0.05620855138728809,0.6316777622121207,0.5148886269306863,2.3025850744966427,9.35362438598375e-05,0.1382100022629554,0.12640189088422232,0.12840655610513046,0.1291373442197653,1331.53515625,5.497984502629295,0.0017191894578605373,0.021939143521786185,0.07686522490300679,0.6267183227598654,0.33332722765976913,5.453839918945585,7.001067851279363,75705.45003631993,0.9967502148652918,0.8140327151122099,1.2049759389217285,4.364271166715159,0.01918839710018427,42585.23636363636,-8.478066733501196e-20,3.999385389149301e-05,0.047969388596179725,2.984666471618231,43.0199325567553,-34.14291897499244,0.27241522575161525,0.019627005819840865,0.9958554363563189,0.015806826997672614,163.0,4.045650084919073,0.0,0.0,0.0
UoBBG_29.08.2024_20240828_230900.WAV,0.00026411103820620283,8.148958208377688e-09,1.7784671460255732,7.081525360618631,7.0,42.98767489760938,-43.99172518911098,-45.71329090834196,1.7215657192309806,0.9621478142809111,0.00010215880493791296,0.023153049402006243,0.01784413480093172,0.0036133784749065034,4.845076166560301,0.28664987405661013,297.168340151058,0.18297479553426008,1.4479048982433997,0.03871132097629328,0.05605031125904751,0.6070370876669768,0.5160830286979763,2.302585071652786,0.00010053812620007818,0.1351550124462548,0.12600495717215224,0.12874463983206394,0.1295070949713898,1335.34765625,5.501673734368504,0.001670508134516536,0.021536359809361857,0.07501818622696413,0.6257912890569225,0.33332714315695927,5.4469673448084714,7.0005580672471845,75695.12848672419,0.9967415482331422,0.8140748436406685,1.2045658928011957,1.0910677916787896,0.01706687639414218,42613.490909090906,3.871587394111874e-19,4.000297884303741e-05,0.043673685243322276,2.996586203894126,43.02092332501076,-34.1429569464746,0.2668335153349588,0.01962692001805161,0.9957359353506702,0.014934057408844065,154.0,4.244284057068278,0.0,0.0,0.0
UoBBG_29.08.2024_20240828_231000.WAV,0.00026371461174728365,8.163198435687509e-09,1.824873826286329,7.468999426008057,6.0,42.976790258305996,-44.00260982841437,-45.7247300808509,1.7221202524365253,0.9618685555572741,7.6398307273573e-05,0.013694388605156704,0.010614601082637898,0.004066487145517272,5.98027455947681,0.196915792821251,296.94478862036027,0.1767387883032234,1.4293626027611752,0.03932487971372862,0.056209512420885274,0.6067404312328039,0.5141577397666345,2.3025850670111603,0.00011972479409756431,0.13631073610707012,0.12658785982740883,0.12864221768422615,0.12944022918485115,1334.658203125,5.500322070182495,0.0017441930947531764,0.02172841200757243,0.07771770429194956,0.6249364397270168,0.333326897968329,5.427544854063103,6.998802547225301,75654.23099123793,0.9967149691888086,0.8167102774574067,1.20516959213849,2.1821355833575793,0.017237355736591988,42531.163636363635,2.8878414810988447e-19,3.99330622807428e-05,0.05143001579972463,2.9859596698599344,43.01332615494467,-34.11967344089001,0.24654432868805998,0.019679602767481947,0.9958403151756356,0.015515903801396431,160.0,3.9974520014121113,0.0,0.0,0.0
UoBBG_29.08.2024_20240828_231100.WAV,0.00026380285710435986,8.263030807357754e-09,1.8494381173664196,7.704638607898939,6.0,42.98496357213462,-43.99443651458576,-45.72169795767295,1.727261443087194,0.9614046482817012,7.996590643311041e-05,0.01725927189909182,0.014223606677988943,0.003697999335722457,7.003809471031911,0.5663949892223434,296.9751800211297,0.1682865827419679,1.404674444947083,0.03985326237846256,0.05598085921079736,0.6323314959758092,0.51421121658212,2.3025837154645146,0.0008426498031544938,0.1367633271910258,0.1259389681923119,0.12872469923690968,0.1296379852220929,1336.697265625,5.501765218343412,0.0017741216904276986,0.02182588102764449,0.07888986345174587,0.6252960346934229,0.33332667936763977,5.410842623734349,6.995894510849619,75538.5933566869,0.9966871257047841,0.8165081609999345,1.2049842600967535,3.273203375036369,0.01610082678692658,42544.90909090909,-3.715567416030081e-19,4.0018208168952496e-05,0.0504540263158129,2.9901832608631067,43.02257639028881,-34.13317743612262,0.2676810045514415,0.019649030564048073,0.9956153927178065,0.017067494181536073,176.0,4.095711520290856,0.0,0.0,0.0
UoBBG_29.08.2024_20240828_231200.WAV,0.00026420991449690144,8.143681800163303e-09,1.7859399324527228,7.116981583994777,6.0,42.99029213176938,-43.98910795495099,-45.70664784519028,1.7175398902392942,0.9621742836084715,7.743361807766025e-05,0.015446300156768733,0.011777975633353477,0.003850467606120289,10.594762231297397,1.3343104664335936,296.80318842058296,0.18161838359397636,1.4438476621495124,0.038871012767910884,0.05612382091033198,0.6054882787167781,0.5143336217220813,2.3025850362517732,0.00017766038641706672,0.13867067533055316,0.12638989288788774,0.12791619874247356,0.12914113264959753,1331.57421875,5.486783721478663,0.0016756225147900301,0.022096026567862748,0.07437882668525703,0.6262993125473839,0.333327131070682,5.44599205002845,7.000722842730097,75711.71215224368,0.9967408629314546,0.815559638451611,1.2043311958799965,0.0,0.01532419867132189,42637.781818181815,-3.528637819649065e-19,4.006355829605055e-05,0.04546370831188069,2.9790729977138706,43.027495190891514,-34.11984610339538,0.2479426834816465,0.01967921157027736,0.9959298317771494,0.015224980605120248,157.0,4.013285943465803,0.0,0.0,0.0
UoBBG_29.08.2024_20240828_231300.WAV,0.00026429921060145583,8.210606547046822e-09,1.8030484967209426,7.3038025565420694,7.0,42.99664549400276,-43.98275459271761,-45.70701503423088,1.724260441513266,0.9618753833372714,0.00011394093484673462,0.028425549593330768,0.02151854953119403,0.003534652233732505,6.84952681637586,0.5470679617965767,296.9292009487443,0.17759228630527646,1.4318838049498122,0.03927044222204811,0.056230710230968005,0.6058639241379753,0.5167291988035918,2.3025850515005692,0.00016218015348901105,0.135672259399347,0.12625991459426275,0.12930025732431658,0.1297457660508195,1337.80859375,5.50113897282759,0.001750254582484725,0.022024114580741737,0.07789530416464598,0.6284422005066406,0.3333269771811523,5.433737539007351,6.998848739833339,75635.98351234783,0.9967220865020295,0.8152920008757721,1.205190308695801,1.0910677916787896,0.020059735961594414,42549.545454545456,2.5016815218707954e-19,4.009658547059216e-05,0.0505394578340426,2.985902704551093,43.03107390714474,-34.119908780915054,0.2560210362265565,0.019679069565281725,0.9957917975115477,0.016970519782777346,175.0,3.9810757349226855,0.0,0.0,0.0
UoBBG_29.08.2024_20240828_231400.WAV,0.0002661514270622541,9.704117518920795e-09,2.6358107325108575,15.371844102989405,6.0,43.132253675932574,-43.8471464107878,-45.70304753054373,1.8559011197559272,0.9538203606345573,0.00011339933761267407,0.20935383458759038,0.19941220668653858,0.00423345265973929,7.090136441346509,0.8325643439348175,297.01224558749544,0.04872245633548033,1.102435838331243,0.05129703542110128,0.05655169024836925,0.6594781614409879,0.5318316165282568,2.290041136918393,0.07612431053528201,0.13690072091294087,0.12661985448430113,0.12881533830579264,0.12957907513820194,1336.08984375,5.596705766077382,0.0016057259843856077,0.021662438747594995,0.07171482859481086,0.6277289089433512,0.33331929454923753,5.037537238655511,6.948237076513246,74107.21422943132,0.9960062424238194,0.8369997509649046,1.20590182921417,3.273203375036369,0.019472529337600623,42526.43636363636,-3.249925581175458e-19,4.1303242779005606e-05,0.010644818064736692,7.610549441376028,43.15984150100518,-34.11615425186819,0.3134556676706808,0.019687577802484684,0.9920328888504859,0.01638867339022498,169.0,5.335121329856076,0.0006788207913110938,0.03733333333333333,0.018184463194646495
UoBBG_29.08.2024_20240828_231500.WAV,0.0002639046507283585,8.212608974401897e-09,1.7916809845753714,7.182891099828281,6.0,42.98514739536156,-43.99425269135882,-45.72240744632527,1.7281547549664538,0.9617858126952814,0.00010251247170356415,0.022328811758368206,0.017114521326412002,0.0038639679980153607,6.357677726333089,0.2971901312387871,296.94224539488465,0.17976738934818082,1.4383327046831849,0.03906201926417586,0.056184179818628735,0.6088542117546883,0.5165193861802436,2.302585048536263,0.00014443545944242686,0.1361248504833026,0.1265438671741819,0.12892591796982988,0.12981736737464844,1338.546875,5.4972028958092185,0.001643420861216177,0.021651397579433573,0.07317114755092144,0.626323586455558,0.333327023455685,5.437390991524054,6.998290459572677,75600.9225011631,0.9967230204764314,0.8145322549908183,1.2051640266248103,0.0,0.014168727572495392,42554.41818181818,1.9660199394403813e-19,3.997187252101808e-05,0.055121300471905034,2.994051773937863,43.01754493681594,-34.15641431357608,0.28423005654901345,0.01959653485616048,0.9953932226619537,0.01764934057408844,182.0,4.2443724431556875,0.0,0.0,0.0
UoBBG_29.08.2024_20240828_231600.WAV,0.00026442189505746427,8.21851788882598e-09,1.7961327790159243,7.195991153328244,5.0,43.000692396410386,-43.97870769030999,-45.70830347697684,1.7295957866668488,0.9618838335267171,8.677832237202754e-05,0.016025077322344594,0.012384993552853052,0.0047872396824917285,10.540553342674572,1.2898591513549074,296.9491379572621,0.17677615765142515,1.4294728810261388,0.03923060856333575,0.05607909104744027,0.5839787072636521,0.5168461975846238,2.3025850777240673,9.055318668060863e-05,0.13704619661849804,0.12538706036091976,0.12894042022085117,0.12961790654398214,1336.490234375,5.5029107194429985,0.0016693716055668703,0.021662107458513706,0.07434330671071776,0.6291627696810902,0.33332703644801936,5.438421576377892,6.998903492751516,75635.6737164175,0.9967261022400506,0.8153426865829221,1.2048030178865228,1.0910677916787896,0.01600611604112113,42600.63636363636,3.436224369019755e-19,4.011964972530765e-05,0.04477981680320609,2.9970783817513165,43.03357132647729,-34.133285553781384,0.270940151932642,0.019648785984154902,0.9956756031514064,0.0160977501939488,166.0,4.179753587337975,0.0,0.0,0.0
UoBBG_29.08.2024_20240828_231700.WAV,0.0002638550681355748,8.263074322789324e-09,1.8449113209633505,7.614651664137177,6.0,42.986502510235766,-43.99289757648461,-45.718685450404394,1.725787873919785,0.961421746135318,7.640755480320394e-05,0.014345356249280572,0.01130358235033957,0.0042419574744935185,4.87149035443728,0.5801096536809339,297.14188239061866,0.17090277459824593,1.4122623242779082,0.03965833451140202,0.0560079716740634,0.6426338059875543,0.5150678418897559,2.302585054158717,0.00015007202559242928,0.1378948049009149,0.12654686667326556,0.12954407641961177,0.1298844225826787,1339.23828125,5.498882230888006,0.0016941858209678984,0.021969932218161785,0.07576410569228903,0.6285303201548802,0.3333267294997483,5.414623971335965,6.99600304592112,75543.30682949237,0.9966908212146023,0.8166743227857821,1.2039670334286523,2.1821355833575793,0.014282380467461935,42575.94545454545,2.316118677319337e-19,3.99834261481373e-05,0.05098962341182463,2.988033773828398,43.01880005727007,-34.146865082985954,0.2591841917031772,0.019618091051506272,0.9957154942984402,0.016194724592707526,167.0,4.099212046649949,0.0002909231962761831,0.016,0.018184463194646495
UoBBG_29.08.2024_20240828_231800.WAV,0.00026428385570943,8.363518205295427e-09,1.8409121172539802,7.605017101495615,7.0,43.00469337984141,-43.974706706878955,-45.707069648256734,1.7323629413777795,0.9611181041843448,9.237718104326831e-05,0.02109696732823718,0.016524311694990468,0.0031727081399047785,5.236242928700961,0.2851538064517044,296.923378233912,0.1698880550489826,1.409313601815493,0.03973553796290503,0.05599983412657794,0.6134297851758898,0.5176481996097847,2.3025850471167972,0.00014978332111965643,0.13559143956292632,0.1260149555024311,0.12865218798180333,0.12913469231888275,1331.5078125,5.516519051825521,0.0016653937542430415,0.021483737954871754,0.0742367467870999,0.6252704452808385,0.3333266669297184,5.409908871472624,6.994102993347021,75449.67140428933,0.9966792132789305,0.8148565346654502,1.2046655626183214,5.4553389583939484,0.02290105833575793,42523.67272727272,-1.9073547455255293e-19,4.016583864203323e-05,0.05478498712412378,3.0256407241442136,43.03856839239295,-34.13341592222724,0.29829251062768947,0.019648491073377204,0.9950698484984747,0.019103956555469356,197.0,4.4044331191802675,0.0017455391776570986,0.016,0.10910677916787898
UoBBG_29.08.2024_20240828_231900.WAV,0.0002637689975488773,8.157057714396326e-09,1.793554245014052,7.19279519117414,5.0,42.97805016693715,-44.00134991978323,-45.718932638395444,1.7175827186122135,0.9619833252060779,7.680219242844899e-05,0.01434454298905663,0.011028675265950638,0.0036086868548379503,8.938310614228062,0.8922834848700242,297.0004910864077,0.1780685952858516,1.4332930808204862,0.039049963939416815,0.055970043120655615,0.6124654632003879,0.5134579940738618,2.3025850680103437,0.00011062722480303933,0.135672259399347,0.12702778635967796,0.12911716640517298,0.12972909695955775,1337.63671875,5.494245360190608,0.001754611276791776,0.022005136601064772,0.07817946396096023,0.6272985045620193,0.3333270569252004,5.440050202900025,6.999526316301033,75661.14749259142,0.9967304059438566,0.8156485739876126,1.2039315696643962,0.0,0.01308902507031326,42611.34545454545,1.817990202823694e-19,3.9909546536407345e-05,0.05144194647799028,2.980237786985289,43.01076793234917,-34.1328706842476,0.2397910746923202,0.019649724503719445,0.9958992995815394,0.015321955003878975,158.0,4.07586736522291,0.0002909231962761831,0.016,0.018184463194646495
UoBBG_29.08.2024_20240828_232000.WAV,0.00026428931909847065,8.359425136298585e-09,1.8874481703761838,8.021991491482614,7.0,43.00462645120855,-43.97477363551182,-45.696860521006116,1.7220868854942921,0.961025170724096,9.685426158179133e-05,0.024168159709091697,0.01851027405385619,0.003626178889722498,5.973159843256064,0.5731158841068543,297.07123743352236,0.16434638956182487,1.3933361562948308,0.04022314990560985,0.05604436908355322,0.5697408638430216,0.517813078369183,2.3025849907688265,0.00025109318152143344,0.13570458733391522,0.1255300364839072,0.12929119341742826,0.12952603712055086,1335.54296875,5.4965981067707235,0.0016824416884880225,0.021844755514771396,0.07512474615058196,0.6260604744603777,0.33332643051105487,5.3924839577262365,6.993512877265507,75463.06879688846,0.9966587185764259,0.8171098107410474,1.2046689340754373,3.273203375036369,0.015456793715449519,42554.67272727272,4.9981063059356e-19,4.0123447110706615e-05,0.04894045555457121,2.989610773423819,43.033982373306415,-34.119498256356124,0.26545512659380677,0.01967999968673244,0.9956177886490502,0.015224980605120248,157.0,4.244547516876234,0.0,0.0,0.0
UoBBG_29.08.2024_20240828_232100.WAV,0.0002641675771835557,8.317044956184692e-09,1.8702324733006894,7.905910014718286,7.0,42.998696436818655,-43.98070364990172,-45.703674048663565,1.722970398761845,0.9612224723146415,0.00010456916195489274,0.023821616501855547,0.018065293107279667,0.00402505322791924,12.746410786006628,1.8684849163749597,297.02157308871176,0.16568666511129995,1.3971809107747344,0.040117394485042986,0.05605125776452167,0.6043693818378284,0.5165202124845653,2.3025850438523547,0.00016982245045138455,0.1356884233666311,0.12631490541079637,0.1289395138301623,0.1294828490204636,1335.09765625,5.50121456111644,0.0016890714406944043,0.021839656766647383,0.07533786599781764,0.6293502639661157,0.33332653476395047,5.4000930320605,6.994750344203589,75502.58675333393,0.9966718843080191,0.8169394983624122,1.2048348573877585,2.1821355833575793,0.014907471389777906,42534.29090909091,9.146723782423165e-21,4.006294204809509e-05,0.05159029972708514,2.9915819245791853,43.02742838825185,-34.106191337477966,0.25772545443354744,0.019710172861272638,0.9956441596478971,0.017358417377812258,179.0,4.067907822073716,0.0,0.0,0.0
UoBBG_29.08.2024_20240828_232200.WAV,0.0002644126921405163,8.25456698479847e-09,1.8194577642528253,7.443765415556429,6.0,43.002425187471054,-43.97697489924931,-45.696701307521586,1.7197264082722725,0.9616772035361747,9.22294202495566e-05,0.016657192549859978,0.012828224686055933,0.004416903404488082,8.816332437021234,0.7719335827230652,296.9900194917194,0.17535014688225856,1.425271759206201,0.0394125321326364,0.05617356900745361,0.6327169654765312,0.5171814279589219,2.3025850612970666,0.0001394400880762703,0.136916884880225,0.12568001143808982,0.1293691430166676,0.12954668406313646,1335.755859375,5.495931807223144,0.0017125597056541558,0.021788416797010546,0.07661658508123181,0.6281234163156154,0.3333268661493639,5.425078749911569,6.9976056127588055,75592.3332720246,0.9967085644389667,0.8153307244860941,1.2045494232478293,2.1821355833575793,0.01577881025118805,42575.090909090904,7.210141574696329e-20,4.013299266533345e-05,0.04644709391721725,2.9928908858440813,43.0350154571891,-34.10628033238257,0.24739618535919305,0.019709970913511333,0.9959442058797987,0.014643134212567882,151.0,4.018950216728411,0.0002909231962761831,0.016,0.018184463194646495
UoBBG_29.08.2024_20240828_232300.WAV,0.0002638163479779205,8.146368577149945e-09,1.8103543425656734,7.3423257963347694,6.0,42.97884862131026,-44.00055146541011,-45.72357354520957,1.7230220797994562,0.9620027998894815,8.06889217261908e-05,0.01495370675245733,0.01159820946789858,0.004113759399871797,6.662765615352117,0.7354541898729553,296.9492382173597,0.17652507759158187,1.4287321272038225,0.0392308963218393,0.056050441954014076,0.6704187459920523,0.5141311311219853,2.30258504436708,0.00017433428088597935,0.13470242136229918,0.12566801344175524,0.1289938972714921,0.129381887365435,1334.056640625,5.49413539496191,0.001689450283677626,0.021765360435296807,0.07537338597235693,0.6262994098781575,0.3333269879959088,5.4345889949764805,6.999645235250832,75681.1484049218,0.9967253347935556,0.8165234169869537,1.204362876683931,1.0910677916787896,0.013297388711085248,42621.29090909091,3.803775476414599e-19,3.9928229661995525e-05,0.05093432779992772,2.9878337955399563,43.01280054870752,-34.13330414669994,0.2475074484504063,0.019648743924227628,0.9958893182606874,0.015031031807602792,155.0,4.078966663099119,0.0,0.0,0.0
UoBBG_29.08.2024_20240828_232400.WAV,0.000263695306324188,8.208194249436982e-09,1.829135441325789,7.524814183545158,6.0,42.97873548935543,-44.00066459736493,-45.71783404105187,1.7171694436869416,0.9616600368637302,8.681567109447563e-05,0.016192916233433552,0.012441838575258046,0.003488037736218863,4.555656389543907,0.3296825960114873,296.52807870705146,0.17452666043531825,1.4228523250123521,0.0394055116197607,0.05606822382647777,0.6316843751262472,0.5121877414390403,2.302585077974112,9.447234184829511e-05,0.13556719361200012,0.12563401911880717,0.12883709168232457,0.1292712652143342,1332.916015625,5.4910303063801935,0.0017169163999612067,0.021781643304782092,0.0764389852085354,0.6285589215150066,0.33332681920411456,5.421462362776896,6.997496535596017,75596.29922752098,0.9967046402239754,0.8157470984721918,1.2045427760942058,2.1821355833575793,0.012179801910580932,42554.23636363636,1.035577347780094e-19,3.992600961531792e-05,0.05172971684004777,2.9832253781124334,43.012559070226075,-34.16978483545199,0.26355849153143396,0.01956639236681389,0.9958879912881377,0.015224980605120248,157.0,4.0093949197836025,0.0,0.0,0.0
UoBBG_29.08.2024_20240828_232500.WAV,0.0002654775625187173,9.608863879326217e-09,2.632295586700095,15.3048238161767,6.0,43.10773080254707,-43.8716692841733,-45.70848317860789,1.8368138944345915,0.9540304850100954,7.741231877500532e-05,0.22658812394724104,0.21691836435679268,0.004385041393387468,10.022691526697942,0.9801788222736314,297.1637171972318,0.052580324418076536,1.1109969019500903,0.050779687782419106,0.056416075808260475,0.593962564381061,0.5270780470505325,2.2914841746173438,0.07189179639671561,0.13650470371447967,0.12629290908418295,0.1281618306191464,0.1296324919988362,1336.640625,5.572738120770482,0.0016867983827950732,0.021815603814740327,0.07469850645611058,0.6268836028324969,0.3333194699122952,5.0438222389217096,6.949555103332984,74161.97639386004,0.9960204692955966,0.8367033017309559,1.2045482787481625,0.0,0.011384231645815148,42523.38181818181,-1.4056516893218129e-19,4.10416909277079e-05,0.013074042925540805,7.382888787262769,43.13225245511283,-34.133275520213864,0.30147479581675185,0.019648808681603635,0.9927513445304461,0.016970519782777346,175.0,4.982132176229271,0.0005818463925523662,0.032,0.018184463194646495
UoBBG_29.08.2024_20240828_232600.WAV,0.0002636343651215116,8.24167811406937e-09,1.8209019464761602,7.42749171451909,6.0,42.97881077802282,-44.00058930869754,-45.72342023240815,1.7228309237106103,0.9615164710796387,9.111283374751977e-05,0.01954824004801603,0.015177044440210397,0.0040974691484685355,6.127202531840436,0.39950904943947496,297.05565875791234,0.17215881250446258,1.415922317238874,0.039537334428472584,0.055981794181411214,0.6111395561969071,0.5140569466044608,2.3025850672255443,0.0001193518653677117,0.13650470371447967,0.1267558317760934,0.1286313409959602,0.1297925531592474,1338.291015625,5.500300913076963,0.0017277134249830278,0.021842256976472865,0.07736250454655674,0.6249537645003737,0.33332684686655706,5.4235901486304225,6.9965998003412295,75547.97528642627,0.9967023613602631,0.8155918979098112,1.204427913196389,2.1821355833575793,0.016309190427698572,42496.89090909091,-7.262708952756233e-20,3.992095667863439e-05,0.054675042657772774,2.99909287036029,43.01200940312565,-34.133346711014994,0.2738142052786543,0.019648647637800738,0.9955497990474129,0.018619084561675717,192.0,4.013681262221028,0.0,0.0,0.0
UoBBG_29.08.2024_20240828_232700.WAV,0.0002641207650451166,8.603020731783412e-09,2.0574327241190935,9.743478274502536,7.0,43.0131991102584,-43.96620097646198,-45.70434984042568,1.7381488639637013,0.9595270010578699,0.00012033210806261518,0.029401204221933153,0.022103460475928594,0.004382470438836106,10.223652574209666,1.3352490841472873,296.8982054755528,0.13843180486256293,1.3213484565559672,0.042247602484569255,0.055823804336175634,0.6486281594286392,0.5169827547470366,2.302584893964451,0.000343189917247777,0.13869492128147934,0.12711677149915962,0.1294833482434602,0.1297107230748715,1337.447265625,5.5097827830682835,0.0018048079720686646,0.021864490055440486,0.07974234284068865,0.6269352460794378,0.33332506803137907,5.302416002299375,6.984100450129087,75171.04879222916,0.9965273819255325,0.8205306785845496,1.2059758878687217,2.1821355833575793,0.01755937227233052,42451.27272727273,-1.5838551009448848e-19,4.01221828612897e-05,0.05077207325761633,2.993078380004073,43.0338455293323,-34.119509970418555,0.2686596085584867,0.01967997314568722,0.9956416446529834,0.01726144297905353,178.0,4.013275424969961,0.0,0.0,0.0
UoBBG_29.08.2024_20240828_232800.WAV,0.00026430104314193413,8.503628176384465e-09,1.9777117272973512,8.912574834431485,6.0,43.01297023336427,-43.966429853356104,-45.69092303242327,1.7244931790671671,0.9601945317949615,9.945267144573222e-05,0.022763262584210575,0.017316461511845627,0.003624329228915979,9.890714397220593,1.2049157425060204,296.74774231195477,0.15004941890873164,1.3530779841719274,0.04137238496067504,0.055980063242975144,0.6146242234749828,0.516578775469073,2.3025850800789436,8.800976924607795e-05,0.13818575631202923,0.12632690340713099,0.12854976583396557,0.1295216804262438,1335.498046875,5.49640305062343,0.0017644611943555427,0.021645815539102352,0.07853466370635306,0.6261901227975856,0.333325737810257,5.344669632238377,6.98829583921089,75297.48542268707,0.9965889343579609,0.8190068031377483,1.2044643121435898,3.273203375036369,0.016347074726020754,42451.25454545454,-1.172988474028681e-19,4.018356289586092e-05,0.048061405417742106,2.9963970228946906,43.04048441058618,-34.13301960045207,0.27872475939982166,0.019649387619712137,0.995586885267192,0.016970519782777346,175.0,4.147667916820855,0.0,0.0,0.0
UoBBG_29.08.2024_20240828_232900.WAV,0.0002636794154775386,8.266354978305628e-09,1.8756724506741014,7.959480582560625,6.0,42.98151545365557,-43.9978846330648,-45.71873283021888,1.7208481971540834,0.9612953519736247,8.46766609092775e-05,0.01620523642069982,0.01223339110419619,0.004338988956337775,13.119524410579881,1.5311274741245846,296.97096449733203,0.16772235485152967,1.4030442384923354,0.039960110185643175,0.05606580236548554,0.590777961022148,0.5132591923886383,2.3025850532979204,0.0001421934932894331,0.1366178514854686,0.1261359352988051,0.1289295435325852,0.12960275282465328,1336.333984375,5.496980904485119,0.0017165375569779848,0.021571931037013745,0.07654554513215325,0.6287387338671679,0.33332651361923904,5.398540359988424,6.995205473619974,75528.90414003211,0.9966728709124405,0.8172195760937162,1.204454176208303,2.1821355833575793,0.014623339152361556,42501.70909090909,2.9471374835504156e-19,3.994291676024034e-05,0.052932162594749255,2.9922322696453514,43.014397752724356,-34.14276365302368,0.2776169295554709,0.01962735679510868,0.9956804181377596,0.01638867339022498,169.0,4.148105507849662,0.0,0.0,0.0
UoBBG_29.08.2024_20240828_233000.WAV,0.0002634401595121358,8.250520219451044e-09,1.8425675718980574,7.635249088134562,6.0,42.97358352994935,-44.005816556771016,-45.72552005019701,1.719703493425996,0.9613744880297903,8.372997602867915e-05,0.016709830982097662,0.013009483628965923,0.003729140060017455,5.50728702730935,0.34310352542379885,296.71510093231365,0.17244196356337052,1.4167489311224284,0.039489909357265505,0.05594728687202749,0.6089055203547703,0.5127578007849256,2.3025850732498743,9.976580561961157e-05,0.1367067533055313,0.1262439172658166,0.12829416365971552,0.12921046091552713,1332.2890625,5.492194104388867,0.0017135068131122104,0.02195264589516234,0.0766521050557711,0.6267315727994235,0.3333267028418328,5.412609667519979,6.995707114299734,75525.07400304913,0.9966886078225063,0.8155020966937315,1.2046684466607083,3.273203375036369,0.014623339152361556,42537.163636363635,-3.821543250198846e-19,3.98676152470323e-05,0.05332395220407131,2.9892668826054125,43.006202583353414,-34.15613383815466,0.26681721760286337,0.019597167656638406,0.9956214909290091,0.015806826997672614,163.0,4.201853633856581,0.0,0.0,0.0
UoBBG_29.08.2024_20240828_233100.WAV,0.00026370179376030247,8.240577511227518e-09,1.85124063364231,7.720649977367652,6.0,42.98073517158343,-43.99866491513695,-45.72028176153345,1.7216168463965005,0.9614685757169749,7.657136757566185e-05,0.01488143787059093,0.011381095193983892,0.004316675448893692,9.549303279221537,0.9182059472230613,296.9601037964332,0.17011908996870267,1.409984343325326,0.039642583273896234,0.05589542174516413,0.6236998884738857,0.5136104688911087,2.302585065743674,0.00012006812593039484,0.1357611612194097,0.12659185915952034,0.1286938819534895,0.1297955839031132,1338.322265625,5.498023260782658,0.0016773273082145283,0.021726147699719638,0.07494714627788554,0.6280910135683094,0.33332667779543695,5.410724497406097,6.996294325377271,75559.6845994551,0.9966891563737474,0.8165883447579737,1.204126296381705,1.0910677916787896,0.013259504412763069,42564.74545454545,-1.3170756572908758e-19,3.993378598042912e-05,0.04938681709436098,2.9886474632562408,43.013404860637266,-34.11992821514526,0.2380637303425246,0.019679025534427526,0.9959097600435206,0.014934057408844065,154.0,4.007341195571835,0.0,0.0,0.0
UoBBG_29.08.2024_20240828_233200.WAV,0.00026403435448582504,8.350171374041207e-09,1.8936817601662657,8.13618017700902,7.0,42.99662504624096,-43.98277504047941,-45.71083209229772,1.7280570518183112,0.9609873093601891,0.0001285095912705314,0.02978478822956432,0.022347323206023728,0.004637485587154044,9.902092525165891,0.906324448112877,297.18085434996453,0.16156258643048627,1.3853897352759088,0.04030737391531395,0.05584142207820386,0.6014487391769785,0.5167655835043456,2.3025850537855947,0.00015120294134085555,0.13759577150615845,0.12633190257227042,0.12976070379424204,0.12974121993502086,1337.76171875,5.508739271647359,0.0017421094583454564,0.02188602203420218,0.0778242642155674,0.6266350353285335,0.33332634804328126,5.3865458762310645,6.993273953557201,75454.39802417748,0.9966533378943698,0.8170020037628785,1.2056886364368307,3.273203375036369,0.020154446707399864,42528.545454545456,-1.5126788710517758e-19,4.0028223086126954e-05,0.0537647897661868,2.9940247796782358,43.02366311538576,-34.11975103055596,0.2724620473226196,0.019679426973516292,0.9956263359626303,0.0171644685802948,177.0,4.0447614955389675,0.0,0.0,0.0
UoBBG_29.08.2024_20240828_233300.WAV,0.0002643118787710109,8.332475267333174e-09,1.8754251426239168,7.976125442130797,6.0,43.003792036352465,-43.975608050367896,-45.6994056457701,1.7237975954022033,0.961184752904123,0.00011419994135808409,0.025833030369262655,0.019486854318159996,0.0038060207272201385,10.612647857804614,1.4116366568744845,297.01485879365356,0.16581251614192546,1.3975425653116995,0.04005135882466684,0.05597347875604427,0.6266885612684946,0.5179284699741717,2.302585057708527,0.0001386688949084558,0.1358500630394724,0.12623491876856566,0.12919149044165698,0.1294603078629619,1334.865234375,5.511224354115289,0.00176806020269615,0.022054177129367417,0.07835706383365665,0.6276582575086216,0.333326480031302,5.396083842397433,6.994513006273964,75495.22282660766,0.9966678759132882,0.8167052852042576,1.205157824782943,2.1821355833575793,0.020476463243138395,42567.30909090909,3.8358415770311396e-19,4.0091870318748106e-05,0.05102312220847251,3.014441079535974,43.03056316918142,-34.10633868643404,0.2788088949428129,0.019709838497277463,0.9950820815623828,0.018425135764158263,190.0,4.334613381251073,0.0,0.0,0.0
UoBBG_29.08.2024_20240828_233400.WAV,0.0002635782453976657,8.178523429065426e-09,1.8021547095588033,7.252174610790849,6.0,42.97362698716515,-44.00577309955522,-45.73203640211475,1.7262633025595306,0.9618171654424759,9.529252607265448e-05,0.02161097236034515,0.016532868163426917,0.004016158913064172,10.266070113334214,1.117967156125812,296.90279422526623,0.17573858219577568,1.4264146747616337,0.039199058253380076,0.05591411192945747,0.6506247333871231,0.5141337837774758,2.3025850727821995,0.00010371360625676118,0.13660168751818447,0.12609294247860606,0.12842105835615172,0.1295872202623412,1336.173828125,5.510993599455296,0.001704225160023276,0.021833132902976653,0.0760482654886033,0.6238316275303982,0.33332699785039027,5.435366112162921,6.998485147873613,75620.76681500878,0.9967212457317837,0.8157876111967219,1.205404258111409,4.364271166715159,0.01922628139850645,42583.70909090909,-2.693131912764963e-19,3.986724299450832e-05,0.05370468936104711,2.9910286757507105,43.00616203215143,-34.156279508299406,0.2622293827505686,0.019596838997349594,0.9957236498523011,0.014546159813809155,150.0,4.214604063053842,0.0,0.0,0.0
UoBBG_29.08.2024_20240828_233500.WAV,0.00026356650227721224,8.211026021236057e-09,1.8418875470243108,7.649096485038494,6.0,42.97509833818608,-44.004301748534296,-45.726994487641534,1.722692739107238,0.9615842141822944,9.409986828934347e-05,0.01962327009191045,0.01518201259194596,0.003696668758626731,11.497820927551432,0.8772360666000438,296.983525486022,0.1735455431367832,1.4199760596499658,0.0394119337736487,0.05596400242309108,0.6283355228482647,0.5131794418014685,2.3025850543501485,0.00014761877945286274,0.1339992887854395,0.12646188086589538,0.12879358492926074,0.1296520024124721,1336.841796875,5.499094250689504,0.0016718340849578121,0.02152993846431346,0.07491162630334627,0.6248603956474601,0.3333267392263051,5.415360946810935,6.997019572194247,75584.44882782042,0.9966968073382185,0.8157752520009299,1.204228724184126,2.1821355833575793,0.016157653234409854,42565.50909090909,1.3530843112619095e-19,3.986094453607334e-05,0.05619229563099861,2.99183021280002,43.00547585431818,-34.119868231424064,0.2492507057102955,0.019679161435907536,0.9956420639368541,0.016194724592707526,167.0,4.206610556155605,0.0,0.0,0.0
UoBBG_29.08.2024_20240828_233600.WAV,0.000263960524585145,8.285603850661636e-09,1.8510475334157381,7.71134827750928,6.0,42.990860471447505,-43.98853961527287,-45.70664613468441,1.718106519411542,0.9613430365285386,9.01610057485458e-05,0.018282037882845326,0.014077391618389279,0.0038832043415120143,5.589304092986344,0.32397713699860153,296.6875118818075,0.17043763230106457,1.4109097493750338,0.03968633262162864,0.05599383361279629,0.6333178222549287,0.5158911609414306,2.3025850772518415,9.116094877139602e-05,0.13558335757928425,0.12539705869119858,0.12897576945771552,0.1292142493453593,1332.328125,5.497866561724937,0.0016750542503151974,0.02166103397221393,0.07480506637972842,0.6273971826271649,0.3333266548500137,5.409003677747595,6.995508749464364,75523.56654188325,0.9966843360976577,0.8162680758179961,1.204417568754189,2.1821355833575793,0.01579775240034914,42610.454545454544,4.1045660136733653e-19,4.000106201740481e-05,0.05318133094880518,2.9885851288869976,43.02071521882357,-34.14290591713815,0.27527055899378183,0.01962703532594623,0.9955085871634607,0.017067494181536073,176.0,4.260573444369846,0.0,0.0,0.0
UoBBG_29.08.2024_20240828_233700.WAV,0.00026413913717775216,8.235089475209084e-09,1.8080139767107533,7.310728765959793,6.0,42.993300349689946,-43.98609973703043,-45.712962506283475,1.7268627692530458,0.9617100751677808,9.49906993866767e-05,0.02075202845869628,0.015784480657697775,0.004094218132733363,9.791621861786169,1.168985618925088,296.9756403895594,0.17645347043493548,1.4285209495767652,0.03926435111087173,0.056089948133418,0.6104013352480047,0.5155693431021087,2.3025850713306437,0.00011253281962062545,0.13812918242653474,0.1262819109208762,0.12902924650835645,0.12984862192076424,1338.869140625,5.502005685257951,0.0017099078047716032,0.021686099853123836,0.07633242528491754,0.6265870876537202,0.3333269427832754,5.431038961778706,6.997813816265143,75594.33469740833,0.9967147660349944,0.8150412432247766,1.2046048228765693,2.1821355833575793,0.01591140529531568,42577.4,-4.574518373528901e-19,4.0034378523433406e-05,0.04674197514740599,2.9907029524291,43.02433091093759,-34.13320417925131,0.24890018983365536,0.01964897006641735,0.9957018841994171,0.014643134212567882,151.0,4.289250897462727,0.0002909231962761831,0.016,0.018184463194646495
UoBBG_29.08.2024_20240828_233800.WAV,0.0002652805559500948,9.438494326759616e-09,2.502178999229664,14.006607155249274,7.0,43.09279620164513,-43.886603885075246,-45.71339826913566,1.8267943840604133,0.9550689882864243,0.00012401322142840954,0.21403468475070964,0.20906766045302816,0.004240642647273529,13.522097267590302,1.7191555178151634,297.1700140585813,0.06530483681775168,1.1397350481528457,0.04939399229082016,0.056296064182039196,0.5976450892073781,0.5349186756663769,2.2933171204880782,0.06550578492164139,0.13658552355090034,0.12565901494450427,0.12892410518845224,0.1292727805862671,1332.931640625,5.585775170408365,0.0016809263165551353,0.02175322853718993,0.074627466507032,0.6253717683458649,0.33332083050763356,5.09547179727741,6.9560904168698485,74325.51216583986,0.9961326736708339,0.8340855446650965,1.2054941749837698,6.546406750072738,0.021859240131897974,42502.109090909085,-1.2984142380796102e-20,4.0960753243586144e-05,0.01988524611796549,7.000684322153136,43.12367934455204,-34.14689423795132,0.32709805471409936,0.019618025201739688,0.992670053824623,0.018425135764158263,190.0,4.9728475519099495,0.0006788207913110938,0.03733333333333333,0.018184463194646495
UoBBG_29.08.2024_20240828_233900.WAV,0.0002639663284628627,8.214566455035609e-09,1.7850425897571827,7.112083637677875,7.0,42.987072240470795,-43.99232784624957,-45.7173798977313,1.7250520514817254,0.9618080446367241,0.00010661692308933102,0.025086180280214032,0.01922409277243986,0.004104671364724144,10.368938459538372,1.269451225197576,296.9929919448711,0.1797110988848787,1.4381653796377714,0.038859743154857906,0.05588673726693251,0.6375610979704356,0.5156047538543762,2.302585071721145,0.00010565483296716138,0.134306404163838,0.12602395399968205,0.12887516009125544,0.12960767778343518,1336.384765625,5.499638046380843,0.0017587785496072158,0.021829088957236932,0.07846362375727449,0.6277684692816973,0.33332706480593083,5.440678403135049,6.998430937305514,75602.47859781531,0.9967265539553717,0.8137793895030148,1.2051618666183304,3.273203375036369,0.01960512438172825,42598.781818181815,-4.663567511962377e-19,3.9997099805990245e-05,0.05079233226653911,3.0049124109288226,43.02028501730001,-34.13304924807585,0.2938358566645931,0.01964932055039839,0.9954606874062916,0.020073700543056634,207.0,4.046019883151139,0.0,0.0,0.0
UoBBG_29.08.2024_20240828_234000.WAV,0.00026399865673787257,8.186333015334514e-09,1.8052224268848964,7.261328536852116,6.0,42.986449673116816,-43.99295041360355,-45.725459801237854,1.7325093876343018,0.9618864511693902,9.80880847256671e-05,0.01961626173305764,0.015095094522924124,0.003791812281809248,7.4803389547737025,0.5694250729487456,297.2343722278291,0.17854757935409246,1.434711919684163,0.038992634717970064,0.05594319780976217,0.6015201914594366,0.5166120978631712,2.302585073447956,0.00010630371464177557,0.13624608023793358,0.12674283394673092,0.12856245530360916,0.1301950738289206,1342.44140625,5.518971061758058,0.001790790781689458,0.02197666598699207,0.07995546268792433,0.6273782409344975,0.33332700962118206,5.436295933932182,6.99891846765003,75644.80474110394,0.9967234196775969,0.8155326449678982,1.2056222358616036,1.0910677916787896,0.018032926001357773,42608.69090909091,-1.0900371514501537e-19,3.997979395749165e-05,0.04919633399406558,3.003879761565527,43.018405515791216,-34.132834366413555,0.25964251257884285,0.019649806664206765,0.9955604700577435,0.016970519782777346,175.0,4.239002711436633,0.0,0.0,0.0
UoBBG_29.08.2024_20240828_234100.WAV,0.00026433973309827126,8.198909874198029e-09,1.782779803665245,7.097566613309741,6.0,42.99718649320652,-43.982213593513855,-45.70590782859731,1.7236942350834568,0.9619800552232657,8.903642809643397e-05,0.017105789308385355,0.013112767906209521,0.004014177937655461,8.68534579826674,0.8130038793892005,296.94402861938795,0.18035216621867628,1.4400723305438345,0.038880890441246346,0.05599129451134512,0.6074153168808167,0.5165946519425177,2.302585062939556,0.00012332746326002564,0.13496912682248732,0.12590097453725227,0.1289938972714921,0.12944079744932596,1334.6640625,5.508428748826705,0.0016794109446222481,0.021865662582726725,0.07523130607419981,0.6280791445883022,0.3333271020063091,5.443654476843041,6.999507760022801,75651.36071269617,0.9967340461987603,0.814435437053477,1.2046813437626653,2.1821355833575793,0.01600611604112113,42630.94545454545,4.697631172945193e-19,4.008007216605856e-05,0.04765026268555164,2.996333238171935,43.02928494827572,-34.14306878234254,0.2707325386554018,0.019626667311697297,0.9955098284857565,0.017552366175329712,181.0,4.237543004626571,0.0,0.0,0.0
UoBBG_29.08.2024_20240828_234200.WAV,0.00026361067507066046,8.161834032615606e-09,1.7974048726510452,7.237236166158684,6.0,42.97364975930905,-44.00575032741131,-45.72684298419653,1.721092656785217,0.9619129999310763,7.4469771151775e-05,0.013729020914881374,0.010809264376674954,0.003661256732229834,5.877660995416346,0.3820715494284037,297.3019529877132,0.17877219904923294,1.4353778545788671,0.03904355899053867,0.056042259938962835,0.6774664714315377,0.5145128773351204,2.3025850639517302,0.00013219519509313215,0.13535706203730644,0.1262639139263743,0.12880264883614903,0.12953020439336632,1335.5859375,5.497836924819486,0.0017091501188051597,0.02167166133789775,0.07629690531037828,0.6269752336515527,0.33332702170840817,5.437252555009496,6.99908537457806,75642.9954393815,0.9967259818331423,0.8154338668875869,1.2036604947814902,1.0910677916787896,0.014907471389777906,42586.90909090909,2.033621587625417e-19,3.98675489381903e-05,0.05479294750573007,2.989428502220888,43.00619536005,-34.14657787099127,0.26463908886324816,0.019618739763895672,0.995596048594376,0.018619084561675717,192.0,4.053304414307052,0.0,0.0,0.0
UoBBG_29.08.2024_20240828_234300.WAV,0.00026375034032984426,8.169273300047281e-09,1.798319717294332,7.227973415159302,6.0,42.97818277792851,-44.00121730879186,-45.727670322023414,1.7264530132315556,0.9619131382666941,7.738093220654996e-05,0.23195893011630742,0.21626734052156238,0.004521722467818123,8.685445582151184,0.9658413222335414,296.89560915868725,0.17965018142097278,1.4379843265697423,0.039073501481728196,0.05618708271492475,0.6604406729663563,0.5137690602714599,2.30258405129564,0.0007466050721060214,0.1356399314647787,0.12628091108784834,0.12885521949610115,0.1294502685239065,1334.76171875,5.509221452077026,0.0016536496217631658,0.021680364470598845,0.07405914691440349,0.6252876010899557,0.3333270253655351,5.43754235255755,6.999086328208351,75645.25447882016,0.9967261594569007,0.8157891757177765,1.20483174617334,2.1821355833575793,0.016081884637765494,42579.763636363634,3.1719155921345617e-19,3.993608836896636e-05,0.05155772148088452,2.997614142207811,43.013655246566955,-34.1467061948788,0.2630096361720433,0.01961844992204146,0.9956537875659337,0.0160977501939488,166.0,4.167726269795858,0.0,0.0,0.0
UoBBG_29.08.2024_20240828_234400.WAV,0.0002641760318338564,8.18956092417925e-09,1.811652498111301,7.3534212187975365,7.0,42.99185050967406,-43.987549577046316,-45.70821811623573,1.7206685391894112,0.9619096869019106,0.00010267009352959988,0.022920227467652987,0.017389794473354314,0.0035959263514648843,13.46669608668189,1.2510848035314457,296.9375594856547,0.17750076445045349,1.4316132022465837,0.03919439896736355,0.05611121901579753,0.6505894599467176,0.5159693733220816,2.3025850621359623,0.0001377352081100014,0.13535706203730644,0.12664585014302612,0.12893588826740698,0.12936029331539134,1333.833984375,5.504589891825217,0.0017383210285132383,0.021661142546146414,0.07750458444471386,0.6259329181182541,0.33332696399963724,5.432701702742335,6.999062266685637,75654.77948797062,0.996721159955332,0.8159265272518299,1.2050050583667682,1.0910677916787896,0.01907474420521773,42614.2,-3.773286397139855e-19,4.004010331754771e-05,0.04849367696079556,2.9908189567271157,43.02495189441221,-34.13308931238591,0.2521558216948776,0.01964922991665927,0.9957442064079819,0.018716058960434444,193.0,3.922506138337973,0.0,0.0,0.0
UoBBG_29.08.2024_20240828_234500.WAV,0.0002650132773873608,8.291314852167299e-09,1.7850621385090888,7.134983980482662,6.0,43.02208800349578,-43.9573120832246,-45.712937459715405,1.755625376490805,0.9617618660383622,0.00011309812443127676,0.07440919023498038,0.07148232359771822,0.0036754380194883307,8.146730659065158,0.6801345596671051,297.3148627224423,0.1806958671767825,1.4410959494470694,0.039247792747168,0.05655983515268187,0.6103120616658568,0.5252425424524481,2.302584193629382,0.0006965353391908735,0.13803219862283,0.126032952496933,0.12966915833467027,0.1297137538187373,1337.478515625,5.583683757471536,0.001792495575113956,0.021919838971923247,0.0798489027643065,0.6244543549734439,0.33332703995316865,5.438699977927042,6.998141627841865,75587.65930575308,0.9967241143934652,0.8137300726109139,1.2078746503665239,5.4553389583939484,0.03216376927553099,42583.94545454545,-1.215357780744963e-19,4.03526336717292e-05,0.0691567671947761,5.350087334562442,43.05871884826932,-34.13320931735492,0.37077688321678437,0.019648958443150375,0.9868342927167816,0.01929790535298681,199.0,5.831619228596687,0.0002909231962761831,0.016,0.018184463194646495
UoBBG_29.08.2024_20240828_234600.WAV,0.000264313735948584,8.236100178835824e-09,1.800629155997547,7.255770921375886,6.0,42.9984905436777,-43.980909543042664,-45.70134408299914,1.7204345399564787,0.9617710878839963,8.13783187296746e-05,0.017040940391958803,0.01336643852095254,0.0035686614766201608,9.174969674127649,0.9276331884154008,297.017595610822,0.17760777948793058,1.4319296196098295,0.03909772120534703,0.05598518505318374,0.6829035138386046,0.5166191030864885,2.302585066044413,0.00012629606870930842,0.13618950635243915,0.12524708373701593,0.12870657142313308,0.12913961727766463,1331.55859375,5.49733513893009,0.0016527025143051111,0.021908891243787077,0.07370394716901066,0.6248686314221279,0.3333269801037779,5.433967497139489,6.998196829146833,75605.41037012044,0.9967195198633875,0.8147595924504915,1.2040108765400328,2.1821355833575793,0.014168727572495392,42613.25454545454,1.7685768674473848e-19,4.0105051567323e-05,0.04818091617630925,3.002275343855922,43.031990790949834,-34.115822466497065,0.2586462228764219,0.019688329846931227,0.9954793733600613,0.016679596586501165,172.0,4.226223772095205,0.0,0.0,0.0
UoBBG_29.08.2024_20240828_234700.WAV,0.000264019053970447,8.24917510923052e-09,1.8150843219232051,7.3883008864957045,6.0,42.99055260127662,-43.988847485443756,-45.702555252780144,1.7137077673363876,0.9616021957452011,7.449632554668018e-05,0.014870346694572323,0.011622716685601775,0.003467994364345084,6.310067405503154,0.08711519950767088,296.7021709533549,0.17448183649917395,1.422720769120907,0.03938566625126516,0.05603480538133932,0.6898836964735658,0.5141502551014688,2.302585067722146,0.00012142004360633507,0.1354378818737271,0.12579999140143597,0.1283412959755347,0.1290990810784599,1331.140625,5.487647032074147,0.0016407689603336242,0.021863296950245033,0.07299354767822502,0.6290263516293496,0.3333268783597432,5.426023668190229,6.997137195941877,75567.96177420513,0.9967075642820927,0.8152510910935357,1.2045984059849622,2.1821355833575793,0.012615471341286004,42587.30909090909,3.5154959751340893e-19,4.004040645721642e-05,0.04882464713319032,2.9835133842769284,43.024984774294154,-34.13304978461599,0.26351517516854983,0.019649319336631083,0.9957420169440999,0.01764934057408844,182.0,3.9419884804566916,0.0,0.0,0.0
UoBBG_29.08.2024_20240828_234800.WAV,0.00026366335297858183,8.224722937489137e-09,1.81422088451615,7.397685264116751,6.0,42.97871749121852,-44.00068259550186,-45.720634257997204,1.7199516624953475,0.961615750147541,8.043724502138083e-05,0.01520439769160542,0.011897691009263855,0.004200297584779911,8.094556118788772,0.8710081550725295,296.90991900144024,0.1763076483889679,1.4280910173419328,0.039079667255555436,0.05580932176837038,0.6068236992565109,0.513832866761341,2.302585054743877,0.00015361496371077977,0.13626224420521774,0.12635089939980024,0.12793613933762782,0.12945822422655417,1334.84375,5.497899902534816,0.0017032780525652216,0.021802887000152628,0.07594170556498545,0.6264855505909002,0.3333268725576396,5.425574441141385,6.997221950937489,75570.39256693142,0.9967079667066991,0.8146313456442499,1.2039539655006792,1.0910677916787896,0.010077223353699932,42577.70909090909,-3.9586389721790735e-19,3.9942346876959276e-05,0.05011154778844835,2.993437989179969,43.01433578956544,-34.14666326820731,0.2606389102636797,0.019618546878930294,0.9956241956086732,0.016194724592707526,167.0,4.13975449102082,0.0,0.0,0.0
UoBBG_29.08.2024_20240828_234900.WAV,0.0002639538544934216,8.162404487608939e-09,1.8151653187551502,7.398123461997872,7.0,42.983795528567484,-43.99560455815289,-45.71059096430206,1.7149864061491655,0.9619605236137633,7.466946244816253e-05,0.014305188990296869,0.011023425232982054,0.0039931006739893915,15.453712562887624,1.4277382301085266,297.10234397507503,0.1760870601678368,1.4274409386110793,0.03928378213192891,0.05607527883859375,0.6164969644247634,0.5152145285620996,2.3025850691565903,0.00012110864157541812,0.1351954223644651,0.12587497887852728,0.1283693940868884,0.12958665199786634,1336.16796875,5.487824104326357,0.0017080135898554943,0.02194808220680175,0.07636794525945684,0.6262774831238982,0.33332695002677687,5.4316060185783845,6.999379631684003,75672.1493380961,0.996721632341564,0.816286274521637,1.2045194914455073,0.0,0.011933553971486762,42613.12727272727,-5.012825171792373e-20,3.997526385674943e-05,0.04875794354238034,2.980335670354931,43.01791338988682,-34.1562952889728,0.2595160311575029,0.019596803393508447,0.9957956375958519,0.017067494181536073,176.0,4.003145600074396,0.0002909231962761831,0.016,0.018184463194646495
UoBBG_29.08.2024_20240828_235000.WAV,0.0002644402579875287,8.215745194525445e-09,1.8182323865941905,7.3795772950261895,7.0,43.00107804158568,-43.978322045134696,-45.700301556312596,1.7219795111778993,0.9618469030622356,0.00010100196265083738,0.02378773799860645,0.018337022725093743,0.003951129240384876,6.178436590996556,0.3750895458661527,296.8868854704233,0.1739698994323769,1.4212192735175873,0.03937588684773513,0.05596176929984884,0.645498482000715,0.5167105207337448,2.3025850341619156,0.0001878120030490038,0.13561568551385253,0.1258359853904398,0.12846184593714904,0.12946977893754244,1334.962890625,5.508154546440037,0.001704604003006498,0.02178250849266474,0.0762258653612997,0.6273573156739345,0.33332693973360283,5.4308004107074375,6.998668637299619,75644.54519060944,0.9967172575944911,0.8168432738245748,1.2055820587404549,1.0910677916787896,0.01742677722820289,42638.12727272727,-2.4376544553938334e-19,4.0110075252534415e-05,0.0460532039045029,2.9957063309708345,43.032534767841845,-34.11588823607808,0.2525679410355721,0.019688180767406117,0.9958649064794403,0.015612878200155158,161.0,4.058288302772731,0.0002909231962761831,0.016,0.018184463194646495
UoBBG_29.08.2024_20240828_235100.WAV,0.0002641290171296907,8.146686847746516e-09,1.8167408981356648,7.386789443078328,7.0,42.988077702008326,-43.99132238471204,-45.715730200133315,1.724407815421273,0.9620679540897246,0.000103082262881804,0.02195882410679595,0.016784851221190666,0.004041912246356194,7.84021591232122,0.870981251204753,297.0203453381788,0.17848776216126228,1.4345346397537155,0.0390376323004699,0.0560008357889926,0.5970466586692978,0.5161661456324713,2.302585066356666,0.00012961385137675308,0.13697345876571942,0.1258409845555792,0.12820624376289907,0.12945538290418002,1334.814453125,5.515822436810126,0.0017915484676559014,0.021847281623437444,0.07988442273884577,0.6261325332088602,0.33332697946322276,5.433917087904699,7.000052050403497,75706.54870344691,0.9967260676901984,0.8169608419491831,1.2053793767112233,3.273203375036369,0.016176595383570944,42620.4,-2.137810130940145e-19,4.001907102992499e-05,0.044795608774876726,2.991211570594771,43.022670030593126,-34.146778964708155,0.25114429397793003,0.01961828556060791,0.9958519461759805,0.01474010861132661,152.0,4.091296513943129,0.0,0.0,0.0
UoBBG_29.08.2024_20240828_235200.WAV,0.0002638223495119649,8.203100286018622e-09,1.7970489892058739,7.219270324411944,6.0,42.98219332027509,-43.99720676644528,-45.722305293109414,1.7250985266641337,0.9617907996018775,9.731279610014631e-05,0.01841597327661737,0.014006377044744944,0.0043788961630256695,8.854532627050329,1.030585976680719,297.20182074883655,0.17721562626645002,1.4307705200143712,0.03918973180451127,0.05607151295316433,0.5994203313416556,0.5163306029060745,2.3025850658431124,0.00010856141702539902,0.13810493647560856,0.12616693012266952,0.1292893806360506,0.12948019711958103,1335.0703125,5.505788698992747,0.001689450283677626,0.021900078517821116,0.07533786599781765,0.6269113457176497,0.3333270092245734,5.436264576065277,6.9983208660858125,75607.55422932815,0.9967216279663621,0.815237041989256,1.2055262809397451,2.1821355833575793,0.015835636698671322,42546.25454545454,-1.0900371514501537e-19,3.9965547668049835e-05,0.05360916496238759,2.992469535347446,43.01685768702925,-34.16017314923993,0.28468375279800284,0.01958805625221946,0.9954776480931213,0.01764934057408844,182.0,4.19283038019001,0.0002909231962761831,0.016,0.018184463194646495
UoBBG_29.08.2024_20240828_235300.WAV,0.0002638919988232947,8.17882035156613e-09,1.8100647811088257,7.311451571471683,6.0,42.982889595456086,-43.99651049126429,-45.71730338884794,1.7207928975836495,0.9618791893136989,7.31523436674486e-05,0.014207820416049288,0.011195199536560896,0.0037045312523552587,7.179128254470247,0.31127126387272125,296.68019861227987,0.17760134872330788,1.4319106030818496,0.03907321515587816,0.05594935107820036,0.6468580036922141,0.5139558021065158,2.3025850790020153,9.082331415211087e-05,0.1374422138169592,0.12657986116318576,0.12916701789305857,0.12951713431044515,1335.451171875,5.4884086519555355,0.0016786532586558047,0.021887349422092067,0.07487610632880698,0.624865272707063,0.33332697944114337,5.433915350432023,6.998872079707747,75646.76043106134,0.9967212780271737,0.8155245929812359,1.2044073178687307,2.1821355833575793,0.008486082824168363,42605.32727272727,3.2420404744664726e-19,3.995952318922161e-05,0.05004246635666239,2.991407203420387,43.01620297433689,-34.13342093525805,0.26950942357382957,0.019648479733322607,0.9956658388257487,0.017067494181536073,176.0,4.041243253765953,0.0,0.0,0.0
UoBBG_29.08.2024_20240828_235400.WAV,0.00026349853221164946,8.251408584121448e-09,1.8346402128820363,7.575722386497136,6.0,42.97535316094148,-44.004046925778894,-45.721481615627965,1.717434689849071,0.961407417536578,8.509951812007976e-05,0.015275702948322478,0.01166277242125846,0.004216348085148813,8.313211638349838,0.9413140766641296,297.1254240672647,0.17148930766136075,1.413970053125802,0.03958024442131957,0.05596528030714546,0.6468133503999575,0.5137631029525056,2.3025850070510137,0.00022204611321363643,0.13618950635243912,0.12565401577936486,0.1286394985121597,0.12955501860876734,1335.841796875,5.4923408569813805,0.0016691821840752595,0.02187427253447232,0.07437882668525703,0.627622051445838,0.3333267406819273,5.415471331954602,6.995914467759782,75526.84243384271,0.9966924265460159,0.8156379928249573,1.204308450509263,1.0910677916787896,0.01382776888759577,42517.63636363636,4.0468470325635914e-19,3.989556458908577e-05,0.05455493850766668,2.98502486076293,43.00924615447191,-34.142651805737685,0.2608035283530583,0.01962760953614206,0.9956359089207931,0.016291698991466253,168.0,4.198308032554998,0.0,0.0,0.0
UoBBG_29.08.2024_20240828_235500.WAV,0.00026359314861061287,8.246291930241166e-09,1.8329600054288746,7.555701627371635,6.0,42.97785450897145,-44.00154557774893,-45.72081129001221,1.7192657122632795,0.9614579630690696,8.38286962903112e-05,0.018802558840205652,0.01435856991007034,0.0037831900641238647,8.864337735615322,1.0120790592097662,296.89252642519057,0.1745011529572351,1.4227774601560286,0.03935781012052014,0.05599740512057689,0.6036096036259917,0.5138118530427171,2.302585065355795,0.00012438835157517757,0.13750686968609577,0.12613393563274933,0.12855882974085384,0.12955823877412473,1335.875,5.494694729360844,0.0016852830108621862,0.02189601567924178,0.07498266625242483,0.6258462165258809,0.33332676070469136,5.416992209552087,6.996231197493201,75540.82069154165,0.9966952269222511,0.8150977749237732,1.2041575916688583,0.0,0.015456793715449519,42553.12727272727,-1.4541188118930436e-19,3.9910613895061395e-05,0.05528889148817946,2.987564777073097,43.01088408044287,-34.13335933547918,0.26383153612918164,0.019648619079589844,0.9957395667957623,0.016582622187742434,171.0,4.026811300085705,0.0,0.0,0.0
UoBBG_29.08.2024_20240828_235600.WAV,0.0002639295518782303,8.29829528405594e-09,1.8547924026797682,7.788985270685541,7.0,42.99065664933149,-43.988743437388884,-45.710756761354034,1.7220133239651503,0.9612774072464254,0.00013714164469891266,0.03119865683968448,0.023315264139510683,0.004197404739419097,8.267362294414093,0.9622572634892815,297.11983670138255,0.16908997703276954,1.406999488173073,0.03971238958411836,0.055875311818984204,0.6126269936106399,0.5172799852551265,2.3025850596011272,0.000143208319682131,0.1372401642259076,0.12519409258653805,0.12840655610513044,0.12917162950974687,1331.888671875,5.508342826691558,0.0016947540854427312,0.021681791005932954,0.07576410569228904,0.6244821294347837,0.333326596492371,5.404653577100473,6.9950966792859886,75504.55119903723,0.9966790883877161,0.8156843837265675,1.2043764135122401,1.0910677916787896,0.017767735913102514,42486.43636363636,-1.712960581460007e-19,4.008249960260387e-05,0.05279219261920606,2.9920899771686806,43.02954796935248,-34.13316770927853,0.26669922946459934,0.019649052567915482,0.9956003459252298,0.019685802948021722,203.0,3.9713971057221116,0.0,0.0,0.0
UoBBG_29.08.2024_20240828_235700.WAV,0.00026343436765699377,8.177317646461984e-09,1.7985455736539404,7.235383078523767,7.0,42.96931662702512,-44.01008345969524,-45.73614541489676,1.7260619552015228,0.9617945809298855,0.00013249923526503782,0.029233617255738142,0.02173613424972487,0.004363831173549881,13.712385382324559,1.7500059763709428,297.0789400773475,0.1763878806829475,1.4283275501803205,0.039004738337700406,0.05571154235531205,0.5998987383780124,0.5140421334914264,2.3025850698484813,0.00011826655089883787,0.13631073610707012,0.1262129224419522,0.1289603608160054,0.1296813627436718,1337.14453125,5.501477227618537,0.0016822522669964115,0.02176209612147112,0.07508922617604268,0.6262268365520052,0.33332699989778364,5.435527719751687,6.998344231072423,75609.93436449309,0.9967211891249841,0.8148864447690107,1.2048494039708264,3.273203375036369,0.016441785471826204,42594.836363636365,-3.5095032940352605e-19,3.982346655378844e-05,0.05272233264200259,2.98950785034842,43.00139061810277,-34.165066779610406,0.2678297095788835,0.0195770263671875,0.9956350078989248,0.017067494181536073,176.0,4.067583360255712,0.0,0.0,0.0
UoBBG_29.08.2024_20240828_235800.WAV,0.00026453971551137004,8.270063453743841e-09,1.8106626350260864,7.332487916973112,7.0,43.00701667100341,-43.97238341571696,-45.700971799206435,1.7285883834894733,0.9616608457328474,0.00011271373633803261,0.02281000533039368,0.01733467124534216,0.0039740257493442455,9.888035696275617,1.2522449589469258,297.01732300696796,0.1748503382910076,1.4238027267171625,0.03939118154458089,0.056085271691785045,0.641979685154919,0.5174522463043079,2.3025850617219676,0.00011976514934968208,0.13740988588239098,0.12548204449856876,0.12991388382065427,0.12963476505673555,1336.6640625,5.507836873895844,0.0016907762341189022,0.021821983871387833,0.07523130607419981,0.6285584966300776,0.33332692291687277,5.429487015011162,6.997505269127878,75582.25249483658,0.9967119101883523,0.8151397567677636,1.2049450166968958,7.637474541751527,0.0193209921443119,42600.763636363634,3.49341767634893e-19,4.01770320066846e-05,0.0490651665459694,2.9961830499170516,43.03977851010327,-34.129330431320156,0.27095525710321766,0.019657735102104418,0.9956256594363431,0.01687354538401862,174.0,4.129458357924528,0.0,0.0,0.0
UoBBG_29.08.2024_20240828_235900.WAV,0.00026521150464245505,9.285008496829898e-09,2.399714143075234,12.846083760058635,5.0,43.082438738788085,-43.89696134793229,-45.720593189710506,1.8236318417782158,0.9559755216356899,8.420212134807592e-05,0.17385847262153398,0.16968131673157405,0.0035225640046205875,5.86092237199516,0.7338936253461715,297.006300832679,0.07654849876280927,1.1657878051207966,0.048243956807221974,0.056242216516633824,0.6298690859328088,0.528871528892338,2.2945092970680214,0.06139005433972713,0.13593088287589308,0.12561402245824946,0.12869750751624479,0.1294659905077102,1334.923828125,5.582036557455875,0.001742677722820289,0.021792339691558443,0.07757562439379243,0.6267023586569777,0.33332204827845624,5.14670949810093,6.9617938404047575,74488.62867581732,0.9962277847635658,0.8327200383610276,1.2056917901286743,1.0910677916787896,0.01924522354766754,42550.58181818182,-1.5915299381416307e-19,4.084265449944005e-05,0.03290227766489367,6.231461816243673,43.111139605694994,-34.129183909984995,0.2929167041350311,0.019658066709113842,0.9934256511874471,0.01638867339022498,169.0,4.978105499524782,0.0005818463925523662,0.032,0.018184463194646495
UoBBG_29.08.2024_20240829_000000.WAV,0.0002642780747558321,8.28124085025271e-09,1.8810723658261477,7.954478984874598,7.0,42.99995228415207,-43.979447802568295,-45.7001829686152,1.7207351660469072,0.9613736439937545,9.730280743380781e-05,0.0304892941467656,0.02628700939968287,0.004436670954157118,6.035451637919345,0.8576995634363158,297.21625866185235,0.16608059114771712,1.398313288753628,0.040052126490053255,0.056005420713882675,0.6407411996640063,0.5179785051602399,2.3025850103495027,0.00021778148925832852,0.13728057414411796,0.12597296251525994,0.12860777483805064,0.1293216513311027,1333.435546875,5.501467964156941,0.0016305401997866358,0.021632125165739473,0.07285146778006789,0.6250790571848666,0.33332654488886027,5.400838222415302,6.995695283232177,75559.53177266661,0.9966756362351417,0.817936248275783,1.2051425120182837,2.1821355833575793,0.01577881025118805,42561.109090909085,5.127211786450723e-19,4.01121387640702e-05,0.04823840190856204,2.991520627766464,43.03275819016558,-34.11997501003154,0.26055405286614075,0.019678919514742765,0.9956273509531833,0.016291698991466253,168.0,4.138371462998345,0.0,0.0,0.0
UoBBG_29.08.2024_20240829_000100.WAV,0.00026374438640050074,8.275088733512273e-09,1.8654238563453107,7.852835852805207,6.0,42.983915396776375,-43.99548468994399,-45.71204007568155,1.716555385737557,0.9612959500683826,7.76383448499729e-05,0.016099911597777794,0.012333834956433698,0.004180129689088319,12.732639244074592,0.907713405351528,296.8206473322798,0.17104268911410064,1.412669474936674,0.039563071676000615,0.055889543691417784,0.651768519098816,0.5134132582562477,2.302585002110689,0.0002207901394402967,0.13789480490091488,0.1264928756897598,0.12886700257505596,0.12954630522015323,1335.751953125,5.492245924277173,0.0017587785496072155,0.021915046342336188,0.07835706383365665,0.6272346356285453,0.33332656344751455,5.402207024137475,6.995211298676104,75522.14978068515,0.9966770084597265,0.816220162049645,1.2040752759441704,1.0910677916787896,0.017047934244981088,42486.89090909091,-3.023885855517874e-19,4.005932984049446e-05,0.047286503337421966,2.983588056142612,43.02703679630305,-34.14275225030496,0.2587146011479078,0.019627382561654756,0.9958029187156449,0.015612878200155158,161.0,4.134399334263981,0.0,0.0,0.0
UoBBG_29.08.2024_20240829_000200.WAV,0.00026495603035471636,9.277944250089453e-09,2.4866706058820482,14.049498168477358,6.0,43.074658733813365,-43.904741352906996,-45.70217337897918,1.7974320260721868,0.9557325813080926,9.104492138622966e-05,0.020427043109151888,0.015826979270244235,0.004519459115317592,7.226181266899287,0.9351108275520131,296.7805684553043,0.08042609354729834,1.174920347310736,0.047440548668417695,0.055738865918109184,0.6321724166071361,0.520741018598355,2.30066469172147,0.029928101000014883,0.13829890408301812,0.1262369184346214,0.1280784426757741,0.12933301662059937,1333.552734375,5.551527820978546,0.0017682496241877607,0.021828797750090147,0.07800186408826382,0.6276405122151641,0.33332093559911524,5.099692268864229,6.960247840269743,74486.68636337765,0.996168001203631,0.8304387721916646,1.204723568139343,1.0910677916787896,0.014396033362428475,42448.98181818182,-1.4268889100580137e-19,4.0816522926495674e-05,0.07391392804046558,3.734259475924362,43.10836005324827,-34.10603170674441,0.27471840142501236,0.019710535101457077,0.994790590000664,0.01813421256788208,187.0,4.45148839406827,0.00126066718386346,0.034666666666666665,0.03636892638929299
UoBBG_29.08.2024_20240829_000300.WAV,0.0002638110061008996,8.171305209766907e-09,1.8159050447541438,7.400030227016313,7.0,42.980083987483795,-43.99931609923658,-45.7217735263088,1.7224574270722215,0.9618821709934684,0.00010572656638041522,0.024757336923029172,0.01878580007581787,0.003648570295549436,7.708958419626867,0.6216436120290432,297.0415437595616,0.17667273543317677,1.4291677028966836,0.03923484613063617,0.05607317491802613,0.595966536826232,0.5142716805205222,2.302585044384855,0.00016346583789204062,0.13707044256942427,0.12562402078852833,0.12875642291101871,0.129410111167685,1334.34765625,5.502558301026283,0.0017129385486373775,0.02167421550557554,0.07647450518307468,0.6249332762239037,0.33332693448178524,5.430389870322336,6.998889186109944,75649.70408790106,0.9967183350095753,0.8159210502139363,1.204808649464576,2.1821355833575793,0.016612264814276016,42579.12727272727,-4.510281037539699e-19,3.9941389358325084e-05,0.05128573536360616,2.987104553789199,43.01423167699415,-34.15667030359315,0.2623584867962947,0.01959595731677431,0.9957464093348407,0.017358417377812258,179.0,3.9886369089303346,0.0002909231962761831,0.016,0.018184463194646495
UoBBG_29.08.2024_20240829_000400.WAV,0.0002653201421341949,1.1355805991065563e-08,3.965618948899331,33.33738723175622,6.0,43.19700832459519,-43.78239176212517,-45.72752765488772,1.9451358927625506,0.9424959798381076,0.00010030584179310242,0.021305250312610435,0.016363749694154106,0.003508676829563684,7.376180603549221,0.7609332500713114,296.9489951598728,-0.0475747619146824,0.9091716149638263,0.061280155612213075,0.05571417804319034,0.6266115763700913,0.5300970918969843,2.2954335365983813,0.05796153890757587,0.14086897488119485,0.1268318190862126,0.12965012413020485,0.12991965498011832,1339.6015625,5.635151392560712,0.0019004658253321698,0.021679670838257215,0.08134074169495635,0.6279048004794032,0.33328883378356583,4.460709598879507,6.876778514881335,72339.21988992048,0.9944106953859855,0.8506456009970033,1.2061419993525684,2.1821355833575793,0.02076059548055475,41636.181818181816,-4.441102368012865e-19,4.5598107108007365e-05,0.10769355014171936,7.945884461951971,43.589468143835106,-34.07553374792654,0.4281144449677754,0.01977986451929266,0.9901583361518779,0.02909231962761831,300.0,5.33881260965021,0.008339798293250583,0.04586666666666667,0.18184463194646494
UoBBG_29.08.2024_20240829_000500.WAV,0.0033903618371546158,8.669475386529715e-05,8.765379151598342,92.47662901063474,21.0,73.99274165640114,-12.986658430319224,-40.902174686002624,27.9155162556834,0.4063229912665336,0.11011264727258196,0.3043158401770302,0.13006370152532232,0.06917581687422458,64.58771160555546,6.991091448922942,371.331037797961,-0.7942998418494477,0.11464090524498399,456.36604819476855,52.31821688812426,7.237837242722982,534.4704263960541,2.085524269600826,0.3556832653855347,0.372644101768338,0.27094875155848974,0.25142461956516815,0.21518129909805062,2218.734375,27.779999484975097,0.10299717837746095,0.046687121701622376,2.040338377485451,0.0,0.3208933355341116,1.6441130399572228,3.4470467623207828,5549.448977096789,0.8388308433890788,0.08552907940784112,3.4659931335046723,747.3814372999709,2.1483049049558725,18974.32727272727,1.3713272941438184e-17,0.05258341400766465,0.04589219388362,13.08228037369061,74.20848779498698,-26.30864549416918,17.361330298856764,0.04836906867171779,0.8170394103541335,0.3957525213343677,4081.0,21.36007431501024,0.36093871217998447,0.1017982905982906,3.5459703229560664
